{"type":"FeatureCollection","features":[{"type":"Feature","properties":{"kind":"trafic","road":"DN2","aadt":12774,"km":4.6},"geometry":{"type":"LineString","coordinates":[[27.0496,45.4107],[27.0575,45.4511]]}},{"type":"Feature","properties":{"kind":"trafic","road":"DN1A","aadt":11026,"km":19.9},"geometry":{"type":"LineString","coordinates":[[25.9511,44.5591],[25.9316,44.5866],[25.9158,44.5974],[25.9141,44.6148],[25.8953,44.652],[25.8924,44.6751],[25.8959,44.7163],[25.892,44.7284]]}},{"type":"Feature","properties":{"kind":"trafic","road":"CB","aadt":13416,"km":8.6},"geometry":{"type":"LineString","coordinates":[[26.0846,44.3424],[26.025,44.363],[25.9944,44.3826]]}},{"type":"Feature","properties":{"kind":"trafic","road":"DN5","aadt":14762,"km":28.1},"geometry":{"type":"LineString","coordinates":[[26.0372,44.239],[25.9963,44.1727],[25.9991,44.1548],[25.9951,44.1512],[25.973,44.0223],[25.9795,44.0087],[25.9907,43.9989]]}},{"type":"Feature","properties":{"kind":"trafic","road":"DN2","aadt":22819,"km":15.6},"geometry":{"type":"LineString","coordinates":[[26.4699,44.6284],[26.5002,44.6496],[26.5647,44.6814],[26.5755,44.6982],[26.6216,44.7088]]}},{"type":"Feature","properties":{"kind":"trafic","road":"DN6","aadt":15023,"km":14.6},"geometry":{"type":"LineString","coordinates":[[21.8849,45.711],[21.8661,45.7326],[21.855,45.7369],[21.7695,45.7488],[21.7569,45.7538],[21.7343,45.7561],[21.7266,45.763]]}},{"type":"Feature","properties":{"kind":"trafic","road":"DN1A","aadt":15647,"km":24.9},"geometry":{"type":"LineString","coordinates":[[26.0139,44.987],[26.0127,44.9943],[26.0185,45.0028],[26.0123,45.0128],[26.0191,45.0205],[26.0166,45.0366],[26.0204,45.0573],[26.0368,45.089],[26.0357,45.1259],[26.0298,45.1323],[26.0287,45.151],[26.0438,45.2]]}},{"type":"Feature","properties":{"kind":"trafic","road":"DN73","aadt":9372,"km":20.6},"geometry":{"type":"LineString","coordinates":[[25.2669,45.4388],[25.2742,45.4371],[25.2792,45.4436],[25.273,45.4468],[25.2762,45.4516],[25.2719,45.4541],[25.2939,45.4642],[25.295,45.4714],[25.3179,45.4889],[25.3166,45.4884],[25.315,45.4885],[25.3194,45.49],[25.3185,45.4865],[25.3427,45.5083],[25.3655,45.5125],[25.3668,45.5161],[25.3703,45.5161],[25.3724,45.5299],[25.3861,45.5496]]}},{"type":"Feature","properties":{"kind":"trafic","road":"DN28A","aadt":8819,"km":23.4},"geometry":{"type":"LineString","coordinates":[[27.0076,47.2044],[26.9823,47.2059],[26.9702,47.2096],[26.9115,47.2344],[26.8996,47.2425],[26.8568,47.2473],[26.834,47.2389],[26.8278,47.2412],[26.8134,47.2335],[26.7817,47.2462],[26.759,47.243],[26.7489,47.2496],[26.7394,47.2487]]}},{"type":"Feature","properties":{"kind":"trafic","road":"DN79","aadt":8410,"km":9.1},"geometry":{"type":"LineString","coordinates":[[21.3914,46.2763],[21.3944,46.2963],[21.4239,46.3546]]}},{"type":"Feature","properties":{"kind":"trafic","road":"DN1","aadt":11254,"km":23.4},"geometry":{"type":"LineString","coordinates":[[22.6552,46.9734],[22.6438,46.9831],[22.6283,46.9904],[22.5612,47.001],[22.5245,47.0029],[22.5187,47.0078],[22.5149,47.0205],[22.5005,47.0289],[22.491,47.0397],[22.471,47.0476],[22.4201,47.0532],[22.3998,47.0583]]}},{"type":"Feature","properties":{"kind":"trafic","road":"DN1","aadt":13000,"km":29.0},"geometry":{"type":"LineString","coordinates":[[24.5707,45.7628],[24.5486,45.7584],[24.5395,45.7595],[24.5361,45.7633],[24.5301,45.7583],[24.463,45.7566],[24.4477,45.7589],[24.3897,45.7368],[24.3801,45.7369],[24.3648,45.7266],[24.3366,45.7252],[24.3227,45.7155],[24.274,45.7012],[24.2712,45.6975],[24.2679,45.7004],[24.2614,45.6986],[24.2487,45.7005]]}},{"type":"Feature","properties":{"kind":"trafic","road":"DN5","aadt":15301,"km":3.8},"geometry":{"type":"LineString","coordinates":[[25.9907,43.9989],[25.9846,43.9654]]}},{"type":"Feature","properties":{"kind":"trafic","road":"DN6","aadt":13124,"km":26.6},"geometry":{"type":"LineString","coordinates":[[23.719,44.3944],[23.7101,44.4127],[23.682,44.4407],[23.6773,44.4518],[23.6114,44.4997],[23.5974,44.5015],[23.5374,44.5381],[23.5324,44.548],[23.5184,44.5553],[23.495,44.5597]]}},{"type":"Feature","properties":{"kind":"trafic","road":"DN6","aadt":9412,"km":16.1},"geometry":{"type":"LineString","coordinates":[[22.4118,44.7399],[22.3916,44.7502],[22.3973,44.7583],[22.3916,44.7652],[22.3957,44.7937],[22.3846,44.8107],[22.3881,44.8207],[22.385,44.8252],[22.3935,44.8327],[22.3829,44.843],[22.3875,44.8572]]}},{"type":"Feature","properties":{"kind":"trafic","road":"DN18","aadt":10224,"km":6.3},"geometry":{"type":"LineString","coordinates":[[23.6111,47.6623],[23.6313,47.6572],[23.6615,47.6561],[23.6911,47.6613]]}},{"type":"Feature","properties":{"kind":"trafic","road":"DN6","aadt":9236,"km":25.0},"geometry":{"type":"LineString","coordinates":[[25.5979,44.1015],[25.5902,44.0951],[25.426,44.0149],[25.3673,43.9893],[25.3434,43.9726]]}},{"type":"Feature","properties":{"kind":"trafic","road":"A1","aadt":10999,"km":7.8},"geometry":{"type":"LineString","coordinates":[[21.3063,46.1418],[21.2937,46.1503],[21.2766,46.1811],[21.2475,46.1866],[21.2403,46.1843]]}},{"type":"Feature","properties":{"kind":"trafic","road":"DN26","aadt":32760,"km":3.1},"geometry":{"type":"LineString","coordinates":[[28.0334,45.4833],[28.032,45.51]]}},{"type":"Feature","properties":{"kind":"trafic","road":"DN11","aadt":12601,"km":10.8},"geometry":{"type":"LineString","coordinates":[[25.7079,45.7117],[25.8122,45.7758]]}},{"type":"Feature","properties":{"kind":"trafic","road":"A1","aadt":13038,"km":30.1},"geometry":{"type":"LineString","coordinates":[[23.5574,45.975],[23.5418,45.9806],[23.5216,45.9772]]}},{"type":"Feature","properties":{"kind":"trafic","road":"DN73","aadt":28810,"km":5.7},"geometry":{"type":"LineString","coordinates":[[24.8818,44.8791],[24.8739,44.8994],[24.8794,44.9284]]}},{"type":"Feature","properties":{"kind":"trafic","road":"DN6","aadt":8519,"km":16.6},"geometry":{"type":"LineString","coordinates":[[22.3875,44.8572],[22.3832,44.8833],[22.3642,44.9037],[22.3528,44.9299],[22.3532,44.9747],[22.3468,44.9708],[22.3348,44.9706],[22.3367,44.9746]]}},{"type":"Feature","properties":{"kind":"trafic","road":"DN17","aadt":9775,"km":9.3},"geometry":{"type":"LineString","coordinates":[[25.6265,47.513],[25.6485,47.5277],[25.6449,47.5333],[25.6549,47.5382],[25.6593,47.5493],[25.687,47.5625],[25.6913,47.5723]]}},{"type":"Feature","properties":{"kind":"trafic","road":"DN1","aadt":19598,"km":8.5},"geometry":{"type":"LineString","coordinates":[[23.6302,46.6884],[23.6161,46.6993],[23.6168,46.7203],[23.6064,46.7209],[23.6033,46.7261],[23.5985,46.7268],[23.6006,46.7291],[23.5913,46.7382],[23.5922,46.7439]]}},{"type":"Feature","properties":{"kind":"trafic","road":"CB","aadt":10002,"km":6.2},"geometry":{"type":"LineString","coordinates":[[25.9944,44.3826],[25.9853,44.3903],[25.9708,44.4157],[25.9673,44.4336]]}},{"type":"Feature","properties":{"kind":"trafic","road":"DN6","aadt":10643,"km":17.2},"geometry":{"type":"LineString","coordinates":[[22.2967,45.2622],[22.2994,45.2639],[22.292,45.2774],[22.2929,45.2882],[22.2827,45.3],[22.2673,45.3336],[22.2427,45.3634],[22.2216,45.4087]]}},{"type":"Feature","properties":{"kind":"trafic","road":"DN1","aadt":11047,"km":14.1},"geometry":{"type":"LineString","coordinates":[[23.313,46.7782],[23.2903,46.7877],[23.2832,46.7956],[23.2643,46.8018],[23.2554,46.8084],[23.2339,46.8085],[23.2224,46.8168],[23.2004,46.822],[23.1887,46.8204],[23.1822,46.8139],[23.167,46.8218]]}},{"type":"Feature","properties":{"kind":"trafic","road":"DN1","aadt":34377,"km":17.5},"geometry":{"type":"LineString","coordinates":[[26.1132,44.7381],[26.0972,44.7897],[26.0858,44.7992],[26.0769,44.8512],[26.0471,44.8841]]}},{"type":"Feature","properties":{"kind":"trafic","road":"DN4","aadt":10679,"km":26.6},"geometry":{"type":"LineString","coordinates":[[26.2006,44.3596],[26.3055,44.302],[26.3727,44.2486],[26.4205,44.2304],[26.4504,44.23],[26.4642,44.2347]]}},{"type":"Feature","properties":{"kind":"trafic","road":"DN29B","aadt":8658,"km":7.2},"geometry":{"type":"LineString","coordinates":[[26.611,47.7635],[26.5834,47.7759],[26.5644,47.7792],[26.5427,47.7911],[26.5287,47.794]]}},{"type":"Feature","properties":{"kind":"trafic","road":"DN17","aadt":15592,"km":7.4},"geometry":{"type":"LineString","coordinates":[[24.4169,47.0638],[24.4302,47.0872],[24.4656,47.116]]}},{"type":"Feature","properties":{"kind":"trafic","road":"DN15","aadt":14714,"km":14.6},"geometry":{"type":"LineString","coordinates":[[24.0988,46.4875],[24.1052,46.4799],[24.1054,46.4817],[24.1088,46.4794],[24.1427,46.4788],[24.1506,46.464],[24.1866,46.4526],[24.212,46.4495],[24.2351,46.4505],[24.2511,46.445]]}},{"type":"Feature","properties":{"kind":"trafic","road":"A1","aadt":9957,"km":18.8},"geometry":{"type":"LineString","coordinates":[[21.2864,45.9668],[21.3048,46.052],[21.3341,46.097],[21.3311,46.1115],[21.3152,46.126]]}},{"type":"Feature","properties":{"kind":"trafic","road":"DN7","aadt":19862,"km":7.8},"geometry":{"type":"LineString","coordinates":[[24.3876,45.0783],[24.382,45.0977],[24.3861,45.1162],[24.3801,45.1217],[24.37,45.1205],[24.3655,45.1344]]}},{"type":"Feature","properties":{"kind":"trafic","road":"DN65","aadt":12534,"km":16.8},"geometry":{"type":"LineString","coordinates":[[24.3913,44.4518],[24.4338,44.4768],[24.4428,44.4849],[24.4428,44.49],[24.5392,44.5345],[24.5385,44.5408],[24.543,44.5431]]}},{"type":"Feature","properties":{"kind":"trafic","road":"DN2A","aadt":10327,"km":4.0},"geometry":{"type":"LineString","coordinates":[[27.3509,44.56],[27.3564,44.5532],[27.3849,44.5651],[27.3873,44.5706],[27.3927,44.5726]]}},{"type":"Feature","properties":{"kind":"trafic","road":"DN22","aadt":8637,"km":23.1},"geometry":{"type":"LineString","coordinates":[[28.7427,45.1044],[28.7348,45.0402],[28.7173,44.9968],[28.7188,44.9574],[28.7325,44.9033]]}},{"type":"Feature","properties":{"kind":"trafic","road":"DN67","aadt":8994,"km":21.1},"geometry":{"type":"LineString","coordinates":[[23.0308,44.9391],[23.0756,44.9651],[23.0932,44.9819],[23.1149,44.9918],[23.1539,44.9962],[23.254,45.0356]]}},{"type":"Feature","properties":{"kind":"trafic","road":"DN1","aadt":12525,"km":22.5},"geometry":{"type":"LineString","coordinates":[[24.9466,45.8387],[24.8871,45.8236],[24.8392,45.818],[24.8212,45.8125],[24.7606,45.8042],[24.7354,45.7966],[24.6732,45.7882]]}},{"type":"Feature","properties":{"kind":"trafic","road":"DN28","aadt":8990,"km":21.2},"geometry":{"type":"LineString","coordinates":[[27.6663,47.1388],[27.6979,47.1308],[27.7076,47.1207],[27.7489,47.1032],[27.7685,47.1029],[27.7899,47.0947],[27.8054,47.079],[27.8108,47.0618],[27.8238,47.0534],[27.8299,47.0439],[27.858,47.0357],[27.8643,47.0296]]}},{"type":"Feature","properties":{"kind":"trafic","road":"DN15","aadt":15108,"km":17.2},"geometry":{"type":"LineString","coordinates":[[24.2511,46.445],[24.2584,46.4458],[24.2689,46.4415],[24.2856,46.4486],[24.3026,46.4496],[24.3305,46.444],[24.3432,46.4497],[24.3727,46.4522],[24.4383,46.4691],[24.4523,46.4777]]}},{"type":"Feature","properties":{"kind":"trafic","road":"DN17","aadt":16039,"km":20.0},"geometry":{"type":"LineString","coordinates":[[24.517,47.15],[24.5441,47.1755],[24.5581,47.1806],[24.5654,47.1828],[24.5856,47.1815],[24.6741,47.2129],[24.7226,47.2207],[24.7408,47.2197]]}},{"type":"Feature","properties":{"kind":"trafic","road":"DN2","aadt":9281,"km":2.9},"geometry":{"type":"LineString","coordinates":[[27.1739,46.1079],[27.1563,46.1306]]}},{"type":"Feature","properties":{"kind":"trafic","road":"DN7","aadt":14865,"km":11.5},"geometry":{"type":"LineString","coordinates":[[24.319,45.2621],[24.3199,45.2652],[24.3063,45.2779],[24.3029,45.2862],[24.2906,45.295],[24.2904,45.2986],[24.2841,45.2996],[24.2879,45.3085],[24.2689,45.3085],[24.2844,45.3197],[24.275,45.3329]]}},{"type":"Feature","properties":{"kind":"trafic","road":"DN28","aadt":24681,"km":10.6},"geometry":{"type":"LineString","coordinates":[[27.4882,47.1775],[27.5169,47.1724],[27.5588,47.1721],[27.571,47.166],[27.574,47.153],[27.5825,47.1469],[27.6033,47.1479]]}},{"type":"Feature","properties":{"kind":"trafic","road":"DN7C","aadt":8246,"km":27.4},"geometry":{"type":"LineString","coordinates":[[24.8221,44.8909],[24.81,44.9083],[24.7935,44.924],[24.7801,44.9313],[24.7478,44.9667],[24.747,44.9843],[24.7098,45.0236],[24.6693,45.1047]]}},{"type":"Feature","properties":{"kind":"trafic","road":"DN65","aadt":13417,"km":17.5},"geometry":{"type":"LineString","coordinates":[[23.8888,44.3128],[23.9495,44.3171],[23.9686,44.3215],[23.9712,44.3248],[23.9901,44.3302],[23.9954,44.3356],[24.0546,44.3507],[24.0672,44.3532],[24.0925,44.352]]}},{"type":"Feature","properties":{"kind":"trafic","road":"DN17","aadt":9164,"km":24.9},"geometry":{"type":"LineString","coordinates":[[25.6913,47.5723],[25.6945,47.5745],[25.6996,47.5726],[25.7198,47.5741],[25.7375,47.5617],[25.761,47.554],[25.7654,47.548],[25.8,47.5385],[25.8646,47.5455],[25.8904,47.5548],[25.913,47.5522],[25.9219,47.5543],[25.9465,47.5449],[25.954,47.5509],[25.9539,47.565],[25.9595,47.5695]]}},{"type":"Feature","properties":{"kind":"trafic","road":"DN65B","aadt":13305,"km":6.2},"geometry":{"type":"LineString","coordinates":[[24.8738,44.8195],[24.8836,44.8181],[24.9145,44.8257],[24.9439,44.8157]]}},{"type":"Feature","properties":{"kind":"trafic","road":"DN1","aadt":8725,"km":36.0},"geometry":{"type":"LineString","coordinates":[[25.4542,45.7109],[25.4511,45.7266],[25.437,45.7353],[25.4337,45.7412],[25.4199,45.7415],[25.4117,45.7481],[25.3954,45.7517],[25.3995,45.7578],[25.3875,45.7582],[25.3506,45.7731],[25.3385,45.772],[25.2987,45.7444],[25.2887,45.7466],[25.2822,45.7547],[25.2752,45.7527],[25.2756,45.7552],[25.2725,45.7548],[25.2639,45.7508],[25.2463,45.7561],[25.2318,45.7634],[25.2312,45.771],[25.1825,45.7948],[25.1569,45.8236],[25.1408,45.8305]]}},{"type":"Feature","properties":{"kind":"trafic","road":"DN15","aadt":18038,"km":24.9},"geometry":{"type":"LineString","coordinates":[[24.589,46.5663],[24.6414,46.605],[24.6441,46.6132],[24.6362,46.621],[24.6345,46.6408],[24.6475,46.6656],[24.6444,46.6723],[24.665,46.6961],[24.7127,46.7391],[24.7147,46.7546]]}},{"type":"Feature","properties":{"kind":"trafic","road":"DN2A","aadt":40625,"km":9.2},"geometry":{"type":"LineString","coordinates":[[28.5569,44.2745],[28.5547,44.2625],[28.5886,44.2275],[28.6153,44.2081]]}},{"type":"Feature","properties":{"kind":"trafic","road":"DN72","aadt":14472,"km":8.7},"geometry":{"type":"LineString","coordinates":[[25.3999,44.831],[25.3975,44.8427],[25.4006,44.8534],[25.4154,44.8647],[25.4353,44.8898],[25.4451,44.8957]]}},{"type":"Feature","properties":{"kind":"trafic","road":"DN1","aadt":25272,"km":13.0},"geometry":{"type":"LineString","coordinates":[[25.5502,45.361],[25.5422,45.3692],[25.5378,45.3822],[25.5403,45.3896],[25.5354,45.3978],[25.5345,45.4126],[25.5396,45.4187],[25.5527,45.4249],[25.5548,45.4304],[25.5502,45.439],[25.5657,45.4548],[25.5651,45.4628]]}},{"type":"Feature","properties":{"kind":"trafic","road":"CORA","aadt":15966,"km":1.4},"geometry":{"type":"LineString","coordinates":[[21.9194,47.0826],[21.9127,47.0812],[21.9077,47.0751]]}},{"type":"Feature","properties":{"kind":"trafic","road":"DN1","aadt":32117,"km":12.3},"geometry":{"type":"LineString","coordinates":[[25.9531,44.9724],[25.822,45.031]]}},{"type":"Feature","properties":{"kind":"trafic","road":"DN1B","aadt":11205,"km":5.5},"geometry":{"type":"LineString","coordinates":[[25.9645,44.9639],[25.9769,44.965],[26.0022,44.9828],[26.0126,44.9864],[26.0157,44.9844]]}},{"type":"Feature","properties":{"kind":"trafic","road":"DN6","aadt":11138,"km":18.8},"geometry":{"type":"LineString","coordinates":[[22.0549,45.6087],[22.0439,45.6111],[22.027,45.6239],[21.9908,45.6431],[21.9084,45.6763],[21.8976,45.6873],[21.9034,45.6897],[21.9016,45.6949],[21.8849,45.711]]}},{"type":"Feature","properties":{"kind":"trafic","road":"DN39","aadt":15906,"km":17.8},"geometry":{"type":"LineString","coordinates":[[28.6289,44.0661],[28.6321,44.0585],[28.6414,44.0539],[28.6475,44.0297],[28.6391,44.0054],[28.6245,43.9877],[28.5828,43.919]]}},{"type":"Feature","properties":{"kind":"trafic","road":"DN65","aadt":10078,"km":11.9},"geometry":{"type":"LineString","coordinates":[[24.1537,44.3519],[24.1792,44.3614],[24.1882,44.3602],[24.1892,44.3666],[24.2001,44.374],[24.2189,44.3775],[24.272,44.3948],[24.2756,44.3982]]}},{"type":"Feature","properties":{"kind":"trafic","road":"DN1","aadt":9662,"km":5.0},"geometry":{"type":"LineString","coordinates":[[24.0743,45.7885],[24.0145,45.7863]]}},{"type":"Feature","properties":{"kind":"trafic","road":"DN1B","aadt":18315,"km":15.3},"geometry":{"type":"LineString","coordinates":[[26.0531,44.958],[26.0637,44.9673],[26.0902,44.974],[26.1211,44.9686],[26.1321,44.9633],[26.1594,44.9625],[26.1831,44.9567],[26.2327,44.9546]]}},{"type":"Feature","properties":{"kind":"trafic","road":"DN24","aadt":8483,"km":17.0},"geometry":{"type":"LineString","coordinates":[[27.2105,45.8453],[27.2558,45.8437],[27.3099,45.8593],[27.3075,45.8686],[27.3303,45.8729],[27.3784,45.8527],[27.3892,45.849],[27.397,45.8496]]}},{"type":"Feature","properties":{"kind":"trafic","road":"DN65","aadt":13055,"km":5.3},"geometry":{"type":"LineString","coordinates":[[24.0925,44.352],[24.1293,44.3431],[24.1537,44.3519]]}},{"type":"Feature","properties":{"kind":"trafic","road":"A1","aadt":17970,"km":16.1},"geometry":{"type":"LineString","coordinates":[[24.0715,45.8169],[24.0539,45.8032],[24.0316,45.8001],[24.0096,45.7885],[23.9785,45.7848],[23.9605,45.7792],[23.951,45.7815],[23.9356,45.7952],[23.8985,45.8106]]}},{"type":"Feature","properties":{"kind":"trafic","road":"DN1F","aadt":10334,"km":2.0},"geometry":{"type":"LineString","coordinates":[[23.006,47.2264],[22.9984,47.2301],[22.9923,47.2406]]}},{"type":"Feature","properties":{"kind":"trafic","road":"DN7","aadt":8952,"km":14.4},"geometry":{"type":"LineString","coordinates":[[25.7938,44.5889],[25.7185,44.6049],[25.666,44.6038],[25.6409,44.6063],[25.6206,44.6165]]}},{"type":"Feature","properties":{"kind":"trafic","road":"DN1C","aadt":12439,"km":6.9},"geometry":{"type":"LineString","coordinates":[[23.9104,47.0658],[23.9094,47.0849],[23.8929,47.1199],[23.8961,47.1252]]}},{"type":"Feature","properties":{"kind":"trafic","road":"DN2","aadt":13344,"km":27.9},"geometry":{"type":"LineString","coordinates":[[27.2105,45.8456],[27.2075,45.9326],[27.2043,45.9593],[27.1915,45.9878],[27.1867,46.0483],[27.1876,46.0567],[27.2027,46.0761],[27.1904,46.0884]]}},{"type":"Feature","properties":{"kind":"trafic","road":"CB","aadt":11523,"km":10.3},"geometry":{"type":"LineString","coordinates":[[26.201,44.3595],[26.1721,44.3443],[26.1335,44.3353],[26.0975,44.3366],[26.0846,44.3424]]}},{"type":"Feature","properties":{"kind":"trafic","road":"DN1","aadt":73522,"km":3.5},"geometry":{"type":"LineString","coordinates":[[26.0685,44.535],[26.0697,44.5669]]}},{"type":"Feature","properties":{"kind":"trafic","road":"DN65","aadt":12536,"km":17.1},"geometry":{"type":"LineString","coordinates":[[24.7025,44.653],[24.7128,44.6601],[24.72,44.661],[24.7301,44.67],[24.7399,44.6723],[24.7454,44.6692],[24.7827,44.7023],[24.794,44.716],[24.797,44.7295],[24.8278,44.7547],[24.8365,44.7563]]}},{"type":"Feature","properties":{"kind":"trafic","road":"DN1A","aadt":9726,"km":13.8},"geometry":{"type":"LineString","coordinates":[[26.0466,44.8849],[26.0516,44.8936],[26.0858,44.913],[26.1004,44.918],[26.1041,44.9323],[26.0994,44.9475],[26.0882,44.9535],[26.0656,44.9546],[26.057,44.9524],[26.0513,44.9555]]}},{"type":"Feature","properties":{"kind":"trafic","road":"DN79","aadt":11664,"km":10.4},"geometry":{"type":"LineString","coordinates":[[21.8381,46.9646],[21.8837,46.9946],[21.8859,47.0131],[21.896,47.024],[21.9018,47.042]]}},{"type":"Feature","properties":{"kind":"trafic","road":"DN64","aadt":15319,"km":9.5},"geometry":{"type":"LineString","coordinates":[[24.2867,45.0242],[24.3151,45.0488],[24.3298,45.0554],[24.3605,45.0896]]}},{"type":"Feature","properties":{"kind":"trafic","road":"A1","aadt":27181,"km":23.9},"geometry":{"type":"LineString","coordinates":[[25.3385,44.6568],[25.2837,44.6767],[25.2447,44.6973],[25.1752,44.7034],[25.1571,44.7078],[25.1184,44.7308],[25.0974,44.7487],[25.0816,44.7558]]}},{"type":"Feature","properties":{"kind":"trafic","road":"A1","aadt":13778,"km":22.8},"geometry":{"type":"LineString","coordinates":[[23.5216,45.9772],[23.4429,45.9582],[23.4046,45.9423],[23.3368,45.9211],[23.2889,45.8967],[23.2579,45.89]]}},{"type":"Feature","properties":{"kind":"trafic","road":"VO_ALBA","aadt":10970,"km":7.8},"geometry":{"type":"LineString","coordinates":[[23.5672,46.0482],[23.5956,46.0708],[23.5981,46.0875],[23.6093,46.1029],[23.6083,46.1072]]}},{"type":"Feature","properties":{"kind":"trafic","road":"DN74","aadt":8705,"km":2.8},"geometry":{"type":"LineString","coordinates":[[23.5204,46.122],[23.5369,46.1183],[23.5423,46.1076]]}},{"type":"Feature","properties":{"kind":"trafic","road":"DN72","aadt":8900,"km":14.8},"geometry":{"type":"LineString","coordinates":[[25.4638,44.9444],[25.4785,44.9515],[25.4923,44.9398],[25.5329,44.9358],[25.5411,44.9197],[25.5705,44.9094],[25.6074,44.9127],[25.615,44.9107]]}},{"type":"Feature","properties":{"kind":"trafic","road":"A2","aadt":13755,"km":19.0},"geometry":{"type":"LineString","coordinates":[[28.3234,44.1743],[28.3682,44.1418],[28.3919,44.1336],[28.4095,44.1328],[28.4567,44.1402],[28.5514,44.145],[28.5615,44.1426],[28.5701,44.1347]]}},{"type":"Feature","properties":{"kind":"trafic","road":"DN5","aadt":13126,"km":3.5},"geometry":{"type":"LineString","coordinates":[[26.0514,44.2664],[26.0427,44.2623],[26.0356,44.2501],[26.0372,44.239]]}},{"type":"Feature","properties":{"kind":"trafic","road":"DN1","aadt":17148,"km":10.9},"geometry":{"type":"LineString","coordinates":[[24.2487,45.7005],[24.2438,45.711],[24.2356,45.7144],[24.2086,45.7384],[24.1978,45.7587],[24.1706,45.7786]]}},{"type":"Feature","properties":{"kind":"trafic","road":"DN1","aadt":10854,"km":12.6},"geometry":{"type":"LineString","coordinates":[[25.1408,45.8305],[25.1258,45.8311],[25.1029,45.8251],[25.0716,45.8219],[25.0463,45.8223],[24.9885,45.8399]]}},{"type":"Feature","properties":{"kind":"trafic","road":"CB","aadt":16686,"km":6.6},"geometry":{"type":"LineString","coordinates":[[26.2335,44.4065],[26.2226,44.3976],[26.226,44.3803],[26.2166,44.3775],[26.2075,44.3632],[26.201,44.3595]]}},{"type":"Feature","properties":{"kind":"trafic","road":"DN15","aadt":10764,"km":9.4},"geometry":{"type":"LineString","coordinates":[[23.9041,46.5262],[23.9175,46.5138],[23.9206,46.502],[23.9583,46.4642],[23.9712,46.4651]]}},{"type":"Feature","properties":{"kind":"trafic","road":"DN15","aadt":15160,"km":11.1},"geometry":{"type":"LineString","coordinates":[[23.9712,46.4651],[24.0235,46.4663],[24.0403,46.4639],[24.0527,46.4692],[24.0653,46.4685],[24.0725,46.4747],[24.0834,46.474],[24.0988,46.4875]]}},{"type":"Feature","properties":{"kind":"trafic","road":"DN56A","aadt":9006,"km":9.7},"geometry":{"type":"LineString","coordinates":[[22.7729,44.5388],[22.7579,44.5715],[22.711,44.6118]]}},{"type":"Feature","properties":{"kind":"trafic","road":"DN4","aadt":20323,"km":4.7},"geometry":{"type":"LineString","coordinates":[[26.1461,44.3835],[26.1697,44.3797],[26.1979,44.3611]]}},{"type":"Feature","properties":{"kind":"trafic","road":"DN1","aadt":13414,"km":19.9},"geometry":{"type":"LineString","coordinates":[[25.5657,45.4872],[25.5741,45.5004],[25.5713,45.5134],[25.5771,45.5112],[25.5766,45.5176],[25.5797,45.5178],[25.5751,45.5181],[25.5759,45.5205],[25.573,45.5188],[25.5741,45.5224],[25.5705,45.524],[25.5882,45.5379],[25.5885,45.5511],[25.6245,45.5859],[25.6587,45.6102]]}},{"type":"Feature","properties":{"kind":"trafic","road":"DN2","aadt":11831,"km":6.5},"geometry":{"type":"LineString","coordinates":[[26.3234,47.3983],[26.323,47.4064],[26.2982,47.4292],[26.2948,47.449]]}},{"type":"Feature","properties":{"kind":"trafic","road":"DN39","aadt":33179,"km":7.6},"geometry":{"type":"LineString","coordinates":[[28.6166,44.1296],[28.608,44.0988],[28.6122,44.0876],[28.6274,44.0737],[28.6289,44.0661]]}},{"type":"Feature","properties":{"kind":"trafic","road":"DN6","aadt":12923,"km":14.8},"geometry":{"type":"LineString","coordinates":[[22.5994,44.6301],[22.5823,44.6372],[22.5545,44.6647],[22.5214,44.6818],[22.5062,44.6975],[22.4705,44.7208]]}},{"type":"Feature","properties":{"kind":"trafic","road":"DN59","aadt":9883,"km":21.9},"geometry":{"type":"LineString","coordinates":[[21.1749,45.6472],[21.1872,45.6336],[21.1954,45.6172],[21.2039,45.572],[21.2146,45.5647],[21.2212,45.554],[21.2385,45.5062],[21.233,45.4815],[21.2348,45.458]]}},{"type":"Feature","properties":{"kind":"trafic","road":"DN5","aadt":18613,"km":9.3},"geometry":{"type":"LineString","coordinates":[[26.0823,44.344],[26.0773,44.3295],[26.0631,44.3111],[26.0584,44.2709],[26.0514,44.2664]]}},{"type":"Feature","properties":{"kind":"trafic","road":"DN1","aadt":14219,"km":14.2},"geometry":{"type":"LineString","coordinates":[[22.3998,47.0583],[22.3574,47.0586],[22.3414,47.0645],[22.285,47.0667],[22.2202,47.0795]]}},{"type":"Feature","properties":{"kind":"trafic","road":"DN13","aadt":8788,"km":12.2},"geometry":{"type":"LineString","coordinates":[[25.3242,45.982],[25.2951,45.9984],[25.2896,46.0059],[25.262,46.0224],[25.2508,46.035],[25.2411,46.0372],[25.2165,46.0301],[25.2064,46.031]]}},{"type":"Feature","properties":{"kind":"trafic","road":"DN65","aadt":18052,"km":9.7},"geometry":{"type":"LineString","coordinates":[[24.8365,44.7563],[24.8367,44.7664],[24.8577,44.7897],[24.868,44.8111],[24.8846,44.8326]]}},{"type":"Feature","properties":{"kind":"trafic","road":"A1","aadt":9989,"km":13.1},"geometry":{"type":"LineString","coordinates":[[21.3148,45.8605],[21.2894,45.8745],[21.2767,45.8941],[21.2864,45.9668]]}},{"type":"Feature","properties":{"kind":"trafic","road":"A2","aadt":18477,"km":42.4},"geometry":{"type":"LineString","coordinates":[[26.8624,44.4258],[26.8889,44.4297],[26.9697,44.4228],[27.0298,44.4278],[27.1068,44.4284],[27.15,44.4245],[27.2651,44.4237],[27.3894,44.405]]}},{"type":"Feature","properties":{"kind":"trafic","road":"DN7","aadt":10979,"km":9.3},"geometry":{"type":"LineString","coordinates":[[21.3514,46.2101],[21.3312,46.216],[21.3085,46.2163],[21.291,46.2152],[21.2457,46.2031],[21.234,46.2038]]}},{"type":"Feature","properties":{"kind":"trafic","road":"DN2B","aadt":8325,"km":3.8},"geometry":{"type":"LineString","coordinates":[[26.7777,45.0902],[26.8031,45.12]]}},{"type":"Feature","properties":{"kind":"trafic","road":"DN10","aadt":11319,"km":5.0},"geometry":{"type":"LineString","coordinates":[[26.7702,45.1756],[26.7525,45.1802],[26.7381,45.2002],[26.7292,45.2068]]}},{"type":"Feature","properties":{"kind":"trafic","road":"DN22","aadt":9862,"km":8.9},"geometry":{"type":"LineString","coordinates":[[28.791,45.1636],[28.7844,45.1597],[28.7857,45.1489],[28.7776,45.1386],[28.7725,45.1406],[28.759,45.1374],[28.7427,45.1044]]}},{"type":"Feature","properties":{"kind":"trafic","road":"CORA","aadt":22599,"km":5.3},"geometry":{"type":"LineString","coordinates":[[21.906,47.0458],[21.9108,47.0443],[21.9144,47.0372],[21.9381,47.0306],[21.9468,47.0247],[21.9613,47.0267]]}},{"type":"Feature","properties":{"kind":"trafic","road":"A2","aadt":13979,"km":32.0},"geometry":{"type":"LineString","coordinates":[[28.0272,44.3315],[28.0376,44.3103],[28.038,44.2936],[28.0538,44.2788],[28.069,44.2579],[28.0826,44.2479],[28.1018,44.2415],[28.1293,44.2443],[28.2032,44.2169],[28.268,44.2075],[28.2848,44.1999],[28.3234,44.1743]]}},{"type":"Feature","properties":{"kind":"trafic","road":"DN65","aadt":11957,"km":6.6},"geometry":{"type":"LineString","coordinates":[[24.2756,44.3982],[24.2836,44.4021],[24.2894,44.4009],[24.3199,44.4185],[24.3326,44.4175],[24.3457,44.4222]]}},{"type":"Feature","properties":{"kind":"trafic","road":"CORA","aadt":17119,"km":4.5},"geometry":{"type":"LineString","coordinates":[[21.9077,47.0751],[21.8863,47.0506],[21.906,47.0458]]}},{"type":"Feature","properties":{"kind":"trafic","road":"DN76","aadt":9653,"km":4.8},"geometry":{"type":"LineString","coordinates":[[22.8751,45.9069],[22.8774,45.915],[22.8734,45.9244],[22.8532,45.9299],[22.8551,45.9344]]}},{"type":"Feature","properties":{"kind":"trafic","road":"VO_GHERLA","aadt":13361,"km":5.0},"geometry":{"type":"LineString","coordinates":[[23.8863,47.0265],[23.8981,47.037],[23.9009,47.0535],[23.9101,47.0662]]}},{"type":"Feature","properties":{"kind":"trafic","road":"DN79","aadt":13640,"km":8.2},"geometry":{"type":"LineString","coordinates":[[21.3511,46.2104],[21.3754,46.237],[21.3914,46.2763]]}},{"type":"Feature","properties":{"kind":"trafic","road":"DN1","aadt":63079,"km":5.0},"geometry":{"type":"LineString","coordinates":[[26.0789,44.4898],[26.0821,44.5092],[26.0685,44.535]]}},{"type":"Feature","properties":{"kind":"trafic","road":"DN1","aadt":13217,"km":8.6},"geometry":{"type":"LineString","coordinates":[[23.415,46.7511],[23.3941,46.7518],[23.3844,46.7583],[23.313,46.7782]]}},{"type":"Feature","properties":{"kind":"trafic","road":"DN7","aadt":11618,"km":17.0},"geometry":{"type":"LineString","coordinates":[[25.0826,44.8094],[25.0441,44.8239],[25.0198,44.8284],[24.9872,44.8446],[24.9441,44.8602],[24.8893,44.8677]]}},{"type":"Feature","properties":{"kind":"trafic","road":"DN1","aadt":17600,"km":2.9},"geometry":{"type":"LineString","coordinates":[[25.5651,45.4628],[25.5607,45.4692],[25.5657,45.4872]]}},{"type":"Feature","properties":{"kind":"trafic","road":"DN56","aadt":16461,"km":5.0},"geometry":{"type":"LineString","coordinates":[[23.7975,44.2833],[23.7884,44.2719],[23.7871,44.2612],[23.779,44.2559],[23.7795,44.2429]]}},{"type":"Feature","properties":{"kind":"trafic","road":"A4","aadt":12856,"km":3.9},"geometry":{"type":"LineString","coordinates":[[28.5497,44.1639],[28.5532,44.153],[28.5716,44.1331]]}},{"type":"Feature","properties":{"kind":"trafic","road":"DN59","aadt":13425,"km":4.2},"geometry":{"type":"LineString","coordinates":[[21.1693,45.6849],[21.1749,45.6472]]}},{"type":"Feature","properties":{"kind":"trafic","road":"A11","aadt":8570,"km":2.3},"geometry":{"type":"LineString","coordinates":[[21.2587,46.1834],[21.2375,46.1878],[21.2297,46.1981],[21.2312,46.2029]]}},{"type":"Feature","properties":{"kind":"trafic","road":"DN7","aadt":8952,"km":16.1},"geometry":{"type":"LineString","coordinates":[[21.1849,46.2057],[21.1604,46.1999],[21.1004,46.1739],[21.0503,46.1702],[21.0183,46.1754],[20.9931,46.1691]]}},{"type":"Feature","properties":{"kind":"trafic","road":"DN13","aadt":11869,"km":10.7},"geometry":{"type":"LineString","coordinates":[[24.6998,46.4089],[24.6719,46.4124],[24.6671,46.425],[24.6491,46.439],[24.6329,46.4795]]}},{"type":"Feature","properties":{"kind":"trafic","road":"DN24","aadt":9744,"km":4.4},"geometry":{"type":"LineString","coordinates":[[27.655,47.0899],[27.6445,47.0922],[27.6511,47.0939],[27.6494,47.1002],[27.6323,47.1158]]}},{"type":"Feature","properties":{"kind":"trafic","road":"CB","aadt":24329,"km":12.4},"geometry":{"type":"LineString","coordinates":[[26.0685,44.5345],[26.1001,44.5394],[26.1447,44.5352],[26.1754,44.5212],[26.2038,44.4991]]}},{"type":"Feature","properties":{"kind":"trafic","road":"DN1","aadt":23291,"km":17.2},"geometry":{"type":"LineString","coordinates":[[22.2202,47.0795],[22.2035,47.0813],[22.1953,47.0735],[22.1822,47.0704],[22.1712,47.0624],[22.0952,47.054],[22.0759,47.0543],[22.0447,47.0488],[22.0302,47.0414],[22.0143,47.0377]]}},{"type":"Feature","properties":{"kind":"trafic","road":"VO_BV1","aadt":9315,"km":4.2},"geometry":{"type":"LineString","coordinates":[[25.6585,45.6135],[25.6548,45.6192],[25.6554,45.6496]]}},{"type":"Feature","properties":{"kind":"trafic","road":"DN24","aadt":8793,"km":8.1},"geometry":{"type":"LineString","coordinates":[[27.8111,46.4481],[27.8167,46.4684],[27.8118,46.4825],[27.8122,46.4965],[27.829,46.5024],[27.8305,46.5127]]}},{"type":"Feature","properties":{"kind":"trafic","road":"DN1","aadt":10655,"km":21.8},"geometry":{"type":"LineString","coordinates":[[23.0255,46.8647],[22.9343,46.8805],[22.896,46.884],[22.8952,46.8877],[22.8873,46.8916],[22.8727,46.8951],[22.8515,46.9324],[22.8386,46.9367],[22.8219,46.9356],[22.8195,46.9449],[22.8125,46.952]]}},{"type":"Feature","properties":{"kind":"trafic","road":"DN3","aadt":19504,"km":11.6},"geometry":{"type":"LineString","coordinates":[[28.4123,44.1734],[28.4733,44.1646],[28.555,44.1673]]}},{"type":"Feature","properties":{"kind":"trafic","road":"CB","aadt":25001,"km":2.6},"geometry":{"type":"LineString","coordinates":[[25.9953,44.4975],[26.0142,44.5155]]}},{"type":"Feature","properties":{"kind":"trafic","road":"DN7","aadt":29259,"km":1.9},"geometry":{"type":"LineString","coordinates":[[26.0002,44.4964],[25.9823,44.5081]]}},{"type":"Feature","properties":{"kind":"trafic","road":"VO_CJ_EST","aadt":14298,"km":3.6},"geometry":{"type":"LineString","coordinates":[[23.717,46.7974],[23.7337,46.8069],[23.7436,46.8216]]}},{"type":"Feature","properties":{"kind":"trafic","road":"DN1","aadt":31658,"km":20.1},"geometry":{"type":"LineString","coordinates":[[26.0697,44.5669],[26.0724,44.6109],[26.0685,44.6422],[26.0741,44.6487],[26.0746,44.676],[26.0872,44.7002],[26.1127,44.7315],[26.1132,44.7381]]}},{"type":"Feature","properties":{"kind":"trafic","road":"DN3","aadt":8413,"km":3.0},"geometry":{"type":"LineString","coordinates":[[27.2528,44.2489],[27.2692,44.2437],[27.2834,44.2331]]}},{"type":"Feature","properties":{"kind":"trafic","road":"DN15","aadt":10472,"km":22.0},"geometry":{"type":"LineString","coordinates":[[26.0883,46.9117],[26.1173,46.9016],[26.1254,46.8915],[26.1349,46.8932],[26.1618,46.8878],[26.1956,46.9281],[26.2176,46.9315],[26.2377,46.9281],[26.2701,46.941],[26.3001,46.9436],[26.317,46.9408]]}},{"type":"Feature","properties":{"kind":"trafic","road":"DN1","aadt":12409,"km":3.0},"geometry":{"type":"LineString","coordinates":[[25.5517,45.3404],[25.5486,45.3468],[25.5559,45.3566],[25.5502,45.361]]}},{"type":"Feature","properties":{"kind":"trafic","road":"DN14","aadt":10728,"km":12.4},"geometry":{"type":"LineString","coordinates":[[24.15,45.8182],[24.1526,45.8357],[24.149,45.8422],[24.1573,45.8508],[24.1704,45.8545],[24.1574,45.8707],[24.1651,45.8915],[24.1539,45.9128],[24.1552,45.9185]]}},{"type":"Feature","properties":{"kind":"trafic","road":"DN6","aadt":17333,"km":53.5},"geometry":{"type":"LineString","coordinates":[[23.7532,44.3539],[23.719,44.3944]]}},{"type":"Feature","properties":{"kind":"trafic","road":"DN7","aadt":8884,"km":22.5},"geometry":{"type":"LineString","coordinates":[[25.3232,44.7184],[25.3023,44.7263],[25.2679,44.7597],[25.2585,44.7635],[25.1983,44.7792],[25.1379,44.7888],[25.1106,44.7963],[25.0826,44.8094]]}},{"type":"Feature","properties":{"kind":"trafic","road":"DN28","aadt":17951,"km":16.4},"geometry":{"type":"LineString","coordinates":[[27.2852,47.2145],[27.3064,47.2189],[27.3234,47.2183],[27.3816,47.2031],[27.3988,47.1958],[27.4161,47.1951],[27.4882,47.1775]]}},{"type":"Feature","properties":{"kind":"trafic","road":"CB","aadt":20021,"km":6.1},"geometry":{"type":"LineString","coordinates":[[26.2038,44.4991],[26.2306,44.4741],[26.2358,44.4514]]}},{"type":"Feature","properties":{"kind":"trafic","road":"DN1","aadt":10976,"km":3.0},"geometry":{"type":"LineString","coordinates":[[23.7827,46.5325],[23.7831,46.5396],[23.7752,46.5431],[23.7707,46.554]]}},{"type":"Feature","properties":{"kind":"trafic","road":"A2","aadt":13581,"km":37.1},"geometry":{"type":"LineString","coordinates":[[27.3894,44.405],[27.4654,44.3976],[27.5282,44.3967],[27.6253,44.4014],[27.7126,44.4177],[27.7609,44.4168],[27.7766,44.4141],[27.8187,44.3968],[27.8424,44.3933]]}},{"type":"Feature","properties":{"kind":"trafic","road":"DN1","aadt":18983,"km":15.1},"geometry":{"type":"LineString","coordinates":[[23.7538,46.5902],[23.7155,46.6269],[23.6859,46.6387],[23.6616,46.6637],[23.6302,46.6884]]}},{"type":"Feature","properties":{"kind":"trafic","road":"A3","aadt":15905,"km":53.8},"geometry":{"type":"LineString","coordinates":[[26.1839,44.5368],[26.176,44.5974],[26.1866,44.6225],[26.187,44.6478],[26.2042,44.6736],[26.2209,44.6889],[26.2272,44.7049],[26.2528,44.7279],[26.2562,44.7391],[26.2544,44.7621],[26.2395,44.7921],[26.216,44.8216],[26.2055,44.8497],[26.1963,44.8582],[26.1818,44.8624],[26.161,44.8601],[26.1512,44.8619],[26.1418,44.8695],[26.1326,44.8836],[26.1222,44.8883],[26.1035,44.8884],[26.0709,44.8808],[26.049,44.8792],[26.0372,44.8804],[26.0323,44.8849]]}},{"type":"Feature","properties":{"kind":"trafic","road":"DN67","aadt":12660,"km":4.2},"geometry":{"type":"LineString","coordinates":[[24.3469,45.0728],[24.3583,45.0738],[24.3655,45.0696],[24.3875,45.0785]]}},{"type":"Feature","properties":{"kind":"trafic","road":"DN11","aadt":10172,"km":9.2},"geometry":{"type":"LineString","coordinates":[[26.6372,46.2079],[26.6763,46.2143],[26.6812,46.2112],[26.6901,46.2121],[26.7393,46.235]]}},{"type":"Feature","properties":{"kind":"trafic","road":"DN2","aadt":13989,"km":26.2},"geometry":{"type":"LineString","coordinates":[[26.8441,45.1942],[26.908,45.2884],[26.9211,45.2969],[26.9241,45.3039],[27.0295,45.3711],[27.034,45.3807]]}},{"type":"Feature","properties":{"kind":"trafic","road":"DN2A","aadt":11288,"km":13.5},"geometry":{"type":"LineString","coordinates":[[26.6586,44.7125],[26.7122,44.6784],[26.7864,44.6629],[26.8056,44.6559]]}},{"type":"Feature","properties":{"kind":"trafic","road":"DN71","aadt":13756,"km":29.1},"geometry":{"type":"LineString","coordinates":[[25.6527,44.6739],[25.6411,44.6811],[25.6351,44.6942],[25.6153,44.7124],[25.5705,44.8167],[25.4921,44.9063]]}},{"type":"Feature","properties":{"kind":"trafic","road":"DN3B","aadt":8765,"km":2.6},"geometry":{"type":"LineString","coordinates":[[27.8318,44.4034],[27.8226,44.4157]]}},{"type":"Feature","properties":{"kind":"trafic","road":"DN6","aadt":8366,"km":17.8},"geometry":{"type":"LineString","coordinates":[[24.004,44.1879],[23.9912,44.1891],[23.9703,44.2123],[23.9353,44.2313],[23.9277,44.2448],[23.9085,44.2596],[23.8859,44.2667],[23.8478,44.2919]]}},{"type":"Feature","properties":{"kind":"trafic","road":"DN7","aadt":15671,"km":25.1},"geometry":{"type":"LineString","coordinates":[[24.8232,44.8913],[24.8066,44.886],[24.7848,44.8855],[24.7428,44.8947],[24.7211,44.9133],[24.721,44.9207],[24.6992,44.9463],[24.6913,44.9611],[24.6306,44.9955],[24.6124,45.0018],[24.6072,44.9973],[24.6053,45.0012],[24.601,44.9984]]}},{"type":"Feature","properties":{"kind":"trafic","road":"A1","aadt":35913,"km":19.9},"geometry":{"type":"LineString","coordinates":[[25.9731,44.4358],[25.9259,44.4409],[25.8845,44.46],[25.8566,44.4666],[25.7864,44.4707],[25.7326,44.4622]]}},{"type":"Feature","properties":{"kind":"trafic","road":"DN22","aadt":14926,"km":18.9},"geometry":{"type":"LineString","coordinates":[[28.5663,45.1855],[28.5854,45.1743],[28.5915,45.1782],[28.613,45.1779],[28.6218,45.1824],[28.6338,45.1823],[28.661,45.1902],[28.675,45.1786],[28.6945,45.1739],[28.7095,45.164],[28.7217,45.1682],[28.7334,45.1662],[28.7349,45.1694],[28.7634,45.1777]]}},{"type":"Feature","properties":{"kind":"trafic","road":"DN3","aadt":20247,"km":3.4},"geometry":{"type":"LineString","coordinates":[[26.1979,44.4425],[26.2049,44.4481],[26.236,44.4511]]}},{"type":"Feature","properties":{"kind":"trafic","road":"DN3","aadt":28808,"km":1.6},"geometry":{"type":"LineString","coordinates":[[28.555,44.1673],[28.5758,44.1686]]}},{"type":"Feature","properties":{"kind":"trafic","road":"DN28","aadt":19955,"km":24.4},"geometry":{"type":"LineString","coordinates":[[27.0071,47.204],[27.0372,47.2178],[27.0843,47.2217],[27.1176,47.2188],[27.1546,47.223],[27.175,47.2221],[27.1823,47.2254],[27.2101,47.218],[27.2379,47.2179],[27.2667,47.2108],[27.2852,47.2145]]}},{"type":"Feature","properties":{"kind":"trafic","road":"DN2","aadt":19609,"km":21.8},"geometry":{"type":"LineString","coordinates":[[26.2776,44.5193],[26.3131,44.5124],[26.3756,44.5469],[26.3744,44.5616],[26.4004,44.5901],[26.4412,44.6163],[26.4699,44.6284]]}},{"type":"Feature","properties":{"kind":"trafic","road":"DN6","aadt":14719,"km":9.8},"geometry":{"type":"LineString","coordinates":[[21.4221,45.7975],[21.3841,45.7801],[21.3577,45.7778],[21.3453,45.7824],[21.3062,45.7761]]}},{"type":"Feature","properties":{"kind":"trafic","road":"CB","aadt":19266,"km":5.1},"geometry":{"type":"LineString","coordinates":[[26.2358,44.4514],[26.2335,44.4065]]}},{"type":"Feature","properties":{"kind":"trafic","road":"DN1","aadt":20630,"km":6.1},"geometry":{"type":"LineString","coordinates":[[26.0471,44.8841],[26.015,44.8853],[25.9917,44.9115]]}},{"type":"Feature","properties":{"kind":"trafic","road":"DN6","aadt":15863,"km":11.0},"geometry":{"type":"LineString","coordinates":[[22.7108,44.6118],[22.693,44.6176],[22.6933,44.6232],[22.6827,44.6323],[22.6406,44.6305],[22.637,44.6238],[22.6138,44.6244],[22.5994,44.6301]]}},{"type":"Feature","properties":{"kind":"trafic","road":"DN7","aadt":13662,"km":11.9},"geometry":{"type":"LineString","coordinates":[[24.601,44.9984],[24.5964,45.0016],[24.5967,44.9997],[24.5894,45.001],[24.5707,45.0141],[24.5548,45.0043],[24.5438,45.0129],[24.5456,45.0169],[24.5416,45.0138],[24.5222,45.0198],[24.5215,45.024],[24.5005,45.0275]]}},{"type":"Feature","properties":{"kind":"trafic","road":"DN1","aadt":12765,"km":29.6},"geometry":{"type":"LineString","coordinates":[[23.7152,46.3251],[23.7008,46.3407],[23.7037,46.3507],[23.7334,46.3715],[23.7601,46.3824],[23.7878,46.3893],[23.796,46.3963],[23.8085,46.3967],[23.8113,46.4035],[23.8012,46.4243],[23.8042,46.4371],[23.8014,46.4473],[23.7773,46.4729],[23.7828,46.4944],[23.7778,46.5048],[23.7827,46.5325]]}},{"type":"Feature","properties":{"kind":"trafic","road":"DN15","aadt":13172,"km":22.8},"geometry":{"type":"LineString","coordinates":[[26.4852,46.8514],[26.5191,46.8307],[26.5391,46.823],[26.5561,46.811],[26.5888,46.7985],[26.6339,46.7683],[26.6999,46.7122]]}},{"type":"Feature","properties":{"kind":"trafic","road":"DN1A","aadt":13857,"km":7.2},"geometry":{"type":"LineString","coordinates":[[26.0146,44.5161],[25.9941,44.535],[25.9679,44.5452],[25.9511,44.5591]]}},{"type":"Feature","properties":{"kind":"trafic","road":"DN19","aadt":13272,"km":6.4},"geometry":{"type":"LineString","coordinates":[[21.8943,47.1043],[21.8996,47.1265],[21.9063,47.1288],[21.9158,47.1407],[21.922,47.1567]]}},{"type":"Feature","properties":{"kind":"trafic","road":"DN21","aadt":11662,"km":6.5},"geometry":{"type":"LineString","coordinates":[[27.939,45.2343],[27.8915,45.1861]]}},{"type":"Feature","properties":{"kind":"trafic","road":"DN22","aadt":17169,"km":19.5},"geometry":{"type":"LineString","coordinates":[[28.5406,44.4339],[28.5396,44.4196],[28.5308,44.4149],[28.5237,44.4017],[28.5279,44.3903],[28.519,44.3719],[28.519,44.3566],[28.555,44.3017],[28.557,44.2744]]}},{"type":"Feature","properties":{"kind":"trafic","road":"DN2","aadt":18528,"km":14.7},"geometry":{"type":"LineString","coordinates":[[27.1984,45.715],[27.2045,45.7708],[27.2158,45.7926],[27.2103,45.8173],[27.2105,45.8456]]}},{"type":"Feature","properties":{"kind":"trafic","road":"A1","aadt":14465,"km":11.1},"geometry":{"type":"LineString","coordinates":[[23.7213,45.9189],[23.6947,45.9236],[23.6466,45.9208],[23.6297,45.9224],[23.6086,45.9308],[23.5928,45.9452]]}},{"type":"Feature","properties":{"kind":"trafic","road":"DN13","aadt":9297,"km":10.4},"geometry":{"type":"LineString","coordinates":[[25.5837,45.8188],[25.5578,45.8356],[25.5356,45.885],[25.5338,45.8994]]}},{"type":"Feature","properties":{"kind":"trafic","road":"DN17","aadt":9669,"km":19.9},"geometry":{"type":"LineString","coordinates":[[23.9032,47.1662],[23.9723,47.1852],[24.009,47.1917],[24.021,47.1972],[24.0623,47.2019],[24.1466,47.1785]]}},{"type":"Feature","properties":{"kind":"trafic","road":"DN61","aadt":10335,"km":8.8},"geometry":{"type":"LineString","coordinates":[[25.3391,44.658],[25.3427,44.6667],[25.336,44.6669],[25.3289,44.673],[25.3111,44.6798],[25.3138,44.6856],[25.3093,44.711],[25.3178,44.7205]]}},{"type":"Feature","properties":{"kind":"trafic","road":"DN1","aadt":21415,"km":11.9},"geometry":{"type":"LineString","coordinates":[[23.6084,46.1074],[23.6449,46.1456],[23.643,46.1571],[23.6713,46.2014]]}},{"type":"Feature","properties":{"kind":"trafic","road":"DN1","aadt":13475,"km":8.5},"geometry":{"type":"LineString","coordinates":[[24.6732,45.7882],[24.6531,45.7872],[24.6217,45.7795],[24.5707,45.7628]]}},{"type":"Feature","properties":{"kind":"trafic","road":"DN2","aadt":25689,"km":6.8},"geometry":{"type":"LineString","coordinates":[[26.2069,44.5003],[26.252,44.5256],[26.2776,44.5193]]}},{"type":"Feature","properties":{"kind":"trafic","road":"A1","aadt":27743,"km":13.6},"geometry":{"type":"LineString","coordinates":[[24.9565,44.8116],[24.8959,44.8535],[24.8748,44.8738],[24.8382,44.8971]]}},{"type":"Feature","properties":{"kind":"trafic","road":"DN19","aadt":9752,"km":14.4},"geometry":{"type":"LineString","coordinates":[[22.919,47.8096],[22.9526,47.8294],[22.9676,47.8468],[22.9909,47.8629],[23.0167,47.8705],[23.0562,47.8768],[23.0706,47.8762]]}},{"type":"Feature","properties":{"kind":"trafic","road":"DN67","aadt":18994,"km":16.0},"geometry":{"type":"LineString","coordinates":[[23.8341,45.1254],[23.859,45.1311],[23.8949,45.1186],[23.9245,45.1258],[23.9629,45.1273],[23.9687,45.1362],[23.9817,45.1412],[23.98,45.1435],[23.9995,45.1444]]}},{"type":"Feature","properties":{"kind":"trafic","road":"DN2","aadt":11791,"km":21.1},"geometry":{"type":"LineString","coordinates":[[27.0162,46.3212],[27.0029,46.335],[26.9892,46.3613],[26.9549,46.3864],[26.9141,46.4497],[26.9218,46.4891]]}},{"type":"Feature","properties":{"kind":"trafic","road":"DN1","aadt":14985,"km":4.8},"geometry":{"type":"LineString","coordinates":[[21.8485,47.1003],[21.7916,47.1191]]}},{"type":"Feature","properties":{"kind":"trafic","road":"DN11","aadt":8986,"km":22.6},"geometry":{"type":"LineString","coordinates":[[25.9181,45.8536],[25.9562,45.8634],[25.9714,45.8711],[26.0349,45.945],[26.0353,45.9494],[26.1156,45.9921]]}},{"type":"Feature","properties":{"kind":"trafic","road":"DN1B","aadt":10006,"km":18.1},"geometry":{"type":"LineString","coordinates":[[26.2327,44.9546],[26.4505,45.0044]]}},{"type":"Feature","properties":{"kind":"trafic","road":"DN1","aadt":11494,"km":13.0},"geometry":{"type":"LineString","coordinates":[[23.167,46.8218],[23.1583,46.8238],[23.1518,46.8293],[23.1444,46.8266],[23.1128,46.8397],[23.0877,46.8436],[23.0782,46.8518],[23.0516,46.8529],[23.0255,46.8647]]}},{"type":"Feature","properties":{"kind":"trafic","road":"DN21","aadt":10202,"km":14.8},"geometry":{"type":"LineString","coordinates":[[27.3809,44.5578],[27.3884,44.5351],[27.3903,44.5078],[27.3764,44.4262]]}},{"type":"Feature","properties":{"kind":"trafic","road":"DN2","aadt":35345,"km":3.3},"geometry":{"type":"LineString","coordinates":[[26.821,45.1709],[26.8336,45.1873],[26.8441,45.1942]]}},{"type":"Feature","properties":{"kind":"trafic","road":"A1","aadt":9137,"km":15.9},"geometry":{"type":"LineString","coordinates":[[23.0463,45.8496],[23.0331,45.8545],[23.0198,45.8688],[22.9853,45.8844],[22.9416,45.8953],[22.9159,45.9086],[22.8824,45.9107],[22.8736,45.9156]]}},{"type":"Feature","properties":{"kind":"trafic","road":"DN59A","aadt":9406,"km":24.7},"geometry":{"type":"LineString","coordinates":[[21.1903,45.7656],[21.166,45.7606],[21.1401,45.7627],[21.106,45.7599],[21.0999,45.7526],[21.088,45.7521],[21.0636,45.7566],[21.0193,45.7594],[21.0197,45.7683],[21.0129,45.7745],[20.9804,45.7853],[20.9048,45.7873]]}},{"type":"Feature","properties":{"kind":"trafic","road":"DN67","aadt":11636,"km":15.5},"geometry":{"type":"LineString","coordinates":[[23.2838,45.0362],[23.3461,45.0429],[23.3682,45.0391],[23.3786,45.0327],[23.4055,45.0337],[23.4675,45.0168]]}},{"type":"Feature","properties":{"kind":"trafic","road":"DN7","aadt":12913,"km":19.2},"geometry":{"type":"LineString","coordinates":[[22.891,45.8991],[22.8407,45.9202],[22.801,45.9051],[22.7886,45.9036],[22.7771,45.9059],[22.7585,45.9157],[22.7321,45.9157],[22.7032,45.9204],[22.6988,45.9241],[22.6725,45.9225]]}},{"type":"Feature","properties":{"kind":"trafic","road":"DN65","aadt":10812,"km":19.2},"geometry":{"type":"LineString","coordinates":[[24.543,44.5431],[24.5842,44.5665],[24.5935,44.5679],[24.6049,44.5745],[24.6081,44.5976],[24.6272,44.6035],[24.6345,44.6015],[24.6646,44.6273],[24.6728,44.6288],[24.7025,44.653]]}},{"type":"Feature","properties":{"kind":"trafic","road":"A1","aadt":24204,"km":21.3},"geometry":{"type":"LineString","coordinates":[[25.5298,44.5339],[25.5082,44.5479],[25.4709,44.5794],[25.4546,44.6064],[25.4414,44.6183],[25.3904,44.6446],[25.3385,44.6568]]}},{"type":"Feature","properties":{"kind":"trafic","road":"DN79","aadt":10711,"km":20.1},"geometry":{"type":"LineString","coordinates":[[21.4239,46.3546],[21.4502,46.4243],[21.4865,46.4585],[21.5039,46.49],[21.5098,46.5188]]}},{"type":"Feature","properties":{"kind":"trafic","road":"DN1F","aadt":13910,"km":11.3},"geometry":{"type":"LineString","coordinates":[[23.5494,46.7856],[23.5409,46.7838],[23.5193,46.7963],[23.5041,46.8003],[23.49,46.7957],[23.4599,46.8009],[23.4511,46.8053],[23.4317,46.8071],[23.4256,46.8134]]}},{"type":"Feature","properties":{"kind":"trafic","road":"DN1","aadt":30008,"km":15.9},"geometry":{"type":"LineString","coordinates":[[25.822,45.031],[25.7603,45.1003],[25.7386,45.1099],[25.7231,45.1235],[25.7141,45.1369],[25.7001,45.1431]]}},{"type":"Feature","properties":{"kind":"trafic","road":"VO_BAIA_MARE","aadt":9773,"km":1.4},"geometry":{"type":"LineString","coordinates":[[23.519,47.6532],[23.5179,47.6465],[23.5223,47.642]]}},{"type":"Feature","properties":{"kind":"trafic","road":"DN1B","aadt":8622,"km":28.1},"geometry":{"type":"LineString","coordinates":[[26.4505,45.0044],[26.5274,45.0373],[26.7585,45.125]]}},{"type":"Feature","properties":{"kind":"trafic","road":"DN19","aadt":12102,"km":1.0},"geometry":{"type":"LineString","coordinates":[[22.7161,47.7447],[22.7736,47.7762],[22.7991,47.782],[22.8343,47.7836]]}},{"type":"Feature","properties":{"kind":"trafic","road":"DN5","aadt":15321,"km":3.9},"geometry":{"type":"LineString","coordinates":[[25.9846,43.9654],[25.9759,43.9312]]}},{"type":"Feature","properties":{"kind":"trafic","road":"DN2H","aadt":8462,"km":5.1},"geometry":{"type":"LineString","coordinates":[[25.9942,47.7949],[25.9886,47.8011],[25.9475,47.8176],[25.9437,47.8224]]}},{"type":"Feature","properties":{"kind":"trafic","road":"DN73","aadt":16888,"km":12.1},"geometry":{"type":"LineString","coordinates":[[25.4488,45.5813],[25.4855,45.6292],[25.5095,45.6417],[25.549,45.6541]]}},{"type":"Feature","properties":{"kind":"trafic","road":"DN2B","aadt":10058,"km":5.5},"geometry":{"type":"LineString","coordinates":[[27.9312,45.2412],[27.9191,45.27],[27.9199,45.2789],[27.9276,45.2902]]}},{"type":"Feature","properties":{"kind":"trafic","road":"DN6","aadt":27286,"km":12.2},"geometry":{"type":"LineString","coordinates":[[25.9893,44.3818],[25.9677,44.3598],[25.9412,44.342],[25.9444,44.3265],[25.9254,44.317],[25.9094,44.3254],[25.9031,44.3194]]}},{"type":"Feature","properties":{"kind":"trafic","road":"DN17","aadt":9687,"km":3.8},"geometry":{"type":"LineString","coordinates":[[25.4605,47.5242],[25.4805,47.527],[25.4967,47.5351],[25.5049,47.5351]]}},{"type":"Feature","properties":{"kind":"trafic","road":"DN15","aadt":14834,"km":7.3},"geometry":{"type":"LineString","coordinates":[[26.4178,46.8982],[26.4482,46.874],[26.4852,46.8514]]}},{"type":"Feature","properties":{"kind":"trafic","road":"DN11","aadt":18425,"km":6.4},"geometry":{"type":"LineString","coordinates":[[25.6469,45.6746],[25.7079,45.7117]]}},{"type":"Feature","properties":{"kind":"trafic","road":"DN1C","aadt":17672,"km":26.8},"geometry":{"type":"LineString","coordinates":[[23.7446,46.8223],[23.747,46.838],[23.7794,46.8894],[23.7735,46.907],[23.7957,46.9498],[23.7956,46.958],[23.8058,46.9804],[23.8126,46.9884],[23.8392,47.0043],[23.8565,47.0096]]}},{"type":"Feature","properties":{"kind":"trafic","road":"A2","aadt":21316,"km":28.7},"geometry":{"type":"LineString","coordinates":[[26.514,44.4489],[26.5562,44.4445],[26.6189,44.4493],[26.6583,44.4392],[26.7171,44.4469],[26.7519,44.4422],[26.8108,44.441],[26.8246,44.438],[26.846,44.4278],[26.8624,44.4258]]}},{"type":"Feature","properties":{"kind":"trafic","road":"C65F","aadt":11692,"km":7.0},"geometry":{"type":"LineString","coordinates":[[23.8685,44.3123],[23.866,44.3218],[23.8478,44.3244],[23.8262,44.3509],[23.8163,44.3539]]}},{"type":"Feature","properties":{"kind":"trafic","road":"DN6","aadt":13256,"km":23.8},"geometry":{"type":"LineString","coordinates":[[21.2096,45.7788],[21.1824,45.7987],[21.1712,45.7987],[21.1141,45.8104],[21.0524,45.8344],[21.0396,45.8329],[20.9656,45.8752],[20.9613,45.8848]]}},{"type":"Feature","properties":{"kind":"trafic","road":"A4","aadt":12112,"km":5.1},"geometry":{"type":"LineString","coordinates":[[28.5716,44.1331],[28.5952,44.1109],[28.6044,44.1079],[28.6189,44.1096]]}},{"type":"Feature","properties":{"kind":"trafic","road":"A1","aadt":15604,"km":5.6},"geometry":{"type":"LineString","coordinates":[[23.5928,45.9452],[23.5961,45.9628],[23.5932,45.9686],[23.5574,45.975]]}},{"type":"Feature","properties":{"kind":"trafic","road":"DN6","aadt":8841,"km":37.9},"geometry":{"type":"LineString","coordinates":[[22.3367,44.9746],[22.3372,44.9866],[22.321,45.0023],[22.3214,45.0331],[22.3068,45.0677],[22.3177,45.0834],[22.3115,45.086],[22.3158,45.0955],[22.3106,45.0995],[22.3145,45.1047],[22.3113,45.1043],[22.313,45.1065],[22.3067,45.1114],[22.3103,45.1157],[22.3108,45.1332],[22.3152,45.1378],[22.3025,45.1563],[22.3057,45.1688],[22.3013,45.1709],[22.302,45.178],[22.3087,45.1814],[22.3035,45.183],[22.3035,45.1908],[22.3096,45.1946],[22.3109,45.2056],[22.3089,45.2122],[22.2959,45.2178],[22.3057,45.2252],[22.2941,45.2568],[22.2967,45.2622]]}},{"type":"Feature","properties":{"kind":"trafic","road":"DN7","aadt":16814,"km":17.5},"geometry":{"type":"LineString","coordinates":[[24.3655,45.1344],[24.3755,45.154],[24.3629,45.1757],[24.3759,45.2006],[24.3694,45.2089],[24.3436,45.2216],[24.3394,45.2307],[24.3415,45.2399],[24.335,45.2544],[24.319,45.2621]]}},{"type":"Feature","properties":{"kind":"trafic","road":"CORA","aadt":12278,"km":2.9},"geometry":{"type":"LineString","coordinates":[[21.9613,47.0267],[21.9937,47.0323],[21.9963,47.0367]]}},{"type":"Feature","properties":{"kind":"trafic","road":"CB","aadt":19885,"km":5.2},"geometry":{"type":"LineString","coordinates":[[26.0142,44.5155],[26.0477,44.5293],[26.0685,44.5345]]}},{"type":"Feature","properties":{"kind":"trafic","road":"VO_DROBETA","aadt":8320,"km":8.3},"geometry":{"type":"LineString","coordinates":[[22.6838,44.6537],[22.6618,44.6585],[22.6075,44.6356],[22.589,44.6347]]}},{"type":"Feature","properties":{"kind":"trafic","road":"A2","aadt":21732,"km":23.4},"geometry":{"type":"LineString","coordinates":[[26.2344,44.4073],[26.2741,44.4086],[26.2977,44.4133],[26.38,44.4376],[26.4165,44.4402],[26.4552,44.455],[26.4835,44.4549],[26.514,44.4489]]}},{"type":"Feature","properties":{"kind":"trafic","road":"DN73","aadt":8451,"km":3.5},"geometry":{"type":"LineString","coordinates":[[25.0692,45.2936],[25.0839,45.2906],[25.1087,45.2958]]}},{"type":"Feature","properties":{"kind":"trafic","road":"DN2","aadt":16428,"km":9.5},"geometry":{"type":"LineString","coordinates":[[26.7581,45.0466],[26.7672,45.0572],[26.7786,45.0944],[26.7587,45.125]]}},{"type":"Feature","properties":{"kind":"trafic","road":"DN1","aadt":26249,"km":26.6},"geometry":{"type":"LineString","coordinates":[[25.7001,45.1431],[25.6787,45.1875],[25.6388,45.2276],[25.6191,45.2853],[25.574,45.3076],[25.5636,45.3189],[25.5641,45.3299],[25.5525,45.3363],[25.5517,45.3404]]}},{"type":"Feature","properties":{"kind":"trafic","road":"DN15","aadt":16226,"km":5.5},"geometry":{"type":"LineString","coordinates":[[24.4523,46.4777],[24.463,46.4879],[24.5043,46.5084]]}},{"type":"Feature","properties":{"kind":"trafic","road":"DN7","aadt":13131,"km":19.4},"geometry":{"type":"LineString","coordinates":[[24.2663,45.5495],[24.2658,45.5601],[24.2558,45.5614],[24.2505,45.5675],[24.2513,45.5791],[24.262,45.5966],[24.2598,45.6124],[24.2664,45.6187],[24.2602,45.6372],[24.2675,45.6496],[24.261,45.6543],[24.2645,45.6578],[24.2599,45.667],[24.2628,45.674],[24.2487,45.7005]]}},{"type":"Feature","properties":{"kind":"trafic","road":"DN2","aadt":9299,"km":23.8},"geometry":{"type":"LineString","coordinates":[[27.1563,46.1306],[27.0814,46.2514],[27.0162,46.3212]]}},{"type":"Feature","properties":{"kind":"trafic","road":"DN2A","aadt":12023,"km":10.5},"geometry":{"type":"LineString","coordinates":[[28.4755,44.3487],[28.5569,44.2745]]}},{"type":"Feature","properties":{"kind":"trafic","road":"DN1A","aadt":13099,"km":4.6},"geometry":{"type":"LineString","coordinates":[[26.0513,44.9555],[26.0187,44.9744],[26.0139,44.987]]}},{"type":"Feature","properties":{"kind":"trafic","road":"DN25","aadt":10279,"km":18.6},"geometry":{"type":"LineString","coordinates":[[27.7463,45.4933],[27.7562,45.4861],[27.7551,45.4808],[27.7706,45.4635],[27.8131,45.4423],[27.8611,45.423],[27.8945,45.4206],[27.9072,45.4152],[27.9358,45.4095]]}},{"type":"Feature","properties":{"kind":"trafic","road":"DN1C","aadt":15241,"km":8.4},"geometry":{"type":"LineString","coordinates":[[23.4417,47.6001],[23.5291,47.6447]]}},{"type":"Feature","properties":{"kind":"trafic","road":"A1","aadt":13543,"km":18.6},"geometry":{"type":"LineString","coordinates":[[23.2579,45.89],[23.1679,45.8728],[23.1239,45.8417],[23.1127,45.8374],[23.0989,45.8373],[23.0463,45.8496]]}},{"type":"Feature","properties":{"kind":"trafic","road":"DN2","aadt":16658,"km":2.0},"geometry":{"type":"LineString","coordinates":[[26.7587,45.125],[26.7808,45.1331]]}},{"type":"Feature","properties":{"kind":"trafic","road":"DN73D","aadt":9234,"km":11.7},"geometry":{"type":"LineString","coordinates":[[24.8797,44.9289],[24.8886,44.9279],[24.8956,44.9351],[24.9074,44.9351],[24.9091,44.9415],[24.9603,44.9692],[24.9609,44.9795],[24.9697,44.9758],[24.9841,44.981]]}},{"type":"Feature","properties":{"kind":"trafic","road":"DN71","aadt":9891,"km":17.9},"geometry":{"type":"LineString","coordinates":[[25.4516,44.9508],[25.4016,44.9994],[25.4051,45.0126],[25.4393,45.0436],[25.4345,45.0761],[25.4226,45.0831]]}},{"type":"Feature","properties":{"kind":"trafic","road":"DN7","aadt":22725,"km":12.2},"geometry":{"type":"LineString","coordinates":[[21.5315,46.1386],[21.5108,46.1449],[21.4722,46.1464],[21.3828,46.1706]]}},{"type":"Feature","properties":{"kind":"trafic","road":"DN2","aadt":13277,"km":8.1},"geometry":{"type":"LineString","coordinates":[[26.9138,46.958],[26.9051,46.9866],[26.882,47.028]]}},{"type":"Feature","properties":{"kind":"trafic","road":"DN2","aadt":10372,"km":15.6},"geometry":{"type":"LineString","coordinates":[[26.2288,47.6856],[26.1581,47.7142],[26.1144,47.7419],[26.0952,47.7465],[26.0654,47.7691]]}},{"type":"Feature","properties":{"kind":"trafic","road":"DN1","aadt":12286,"km":4.5},"geometry":{"type":"LineString","coordinates":[[25.5135,45.6635],[25.466,45.6832]]}},{"type":"Feature","properties":{"kind":"trafic","road":"DN65","aadt":25549,"km":3.8},"geometry":{"type":"LineString","coordinates":[[23.842,44.3131],[23.8888,44.3128]]}},{"type":"Feature","properties":{"kind":"trafic","road":"DN7","aadt":9595,"km":13.6},"geometry":{"type":"LineString","coordinates":[[21.6849,46.0934],[21.6537,46.1049],[21.6418,46.1027],[21.6365,46.1066],[21.602,46.1094],[21.5883,46.1201],[21.5315,46.1386]]}},{"type":"Feature","properties":{"kind":"trafic","road":"DN1","aadt":37366,"km":7.5},"geometry":{"type":"LineString","coordinates":[[25.9917,44.9115],[25.9798,44.9249],[25.9615,44.9367],[25.9644,44.9642],[25.9531,44.9724]]}},{"type":"Feature","properties":{"kind":"trafic","road":"DN1","aadt":17463,"km":1.8},"geometry":{"type":"LineString","coordinates":[[25.5335,45.6619],[25.5135,45.6635]]}},{"type":"Feature","properties":{"kind":"trafic","road":"DN2","aadt":14719,"km":11.2},"geometry":{"type":"LineString","coordinates":[[27.0575,45.4511],[27.0581,45.4725],[27.0752,45.4949],[27.0846,45.5173],[27.1065,45.5381],[27.106,45.5416]]}},{"type":"Feature","properties":{"kind":"trafic","road":"DN6","aadt":9508,"km":6.6},"geometry":{"type":"LineString","coordinates":[[22.4705,44.7208],[22.453,44.7216],[22.4285,44.7156],[22.4118,44.7399]]}},{"type":"Feature","properties":{"kind":"trafic","road":"DN13","aadt":14599,"km":3.6},"geometry":{"type":"LineString","coordinates":[[25.5802,45.7176],[25.5773,45.7308],[25.5817,45.7495]]}},{"type":"Feature","properties":{"kind":"trafic","road":"DN7","aadt":8833,"km":29.3},"geometry":{"type":"LineString","coordinates":[[21.9913,46.1061],[21.9556,46.1135],[21.9462,46.1041],[21.9279,46.1027],[21.9132,46.0972],[21.8798,46.0991],[21.8659,46.108],[21.8514,46.1094],[21.8449,46.1132],[21.8225,46.1118],[21.8147,46.1087],[21.8115,46.0953],[21.7991,46.0897],[21.7885,46.0944],[21.7896,46.1012],[21.7843,46.1049],[21.77,46.1084],[21.7515,46.1036],[21.7323,46.1091],[21.6995,46.1028],[21.6895,46.0989],[21.6849,46.0934]]}},{"type":"Feature","properties":{"kind":"trafic","road":"DN2","aadt":11408,"km":9.9},"geometry":{"type":"LineString","coordinates":[[26.8848,46.7702],[26.8911,46.7829],[26.8829,46.8472],[26.8879,46.8573]]}},{"type":"Feature","properties":{"kind":"trafic","road":"DN72","aadt":13359,"km":28.1},"geometry":{"type":"LineString","coordinates":[[25.615,44.9107],[25.6237,44.9071],[25.6464,44.9135],[25.6998,44.9091],[25.7121,44.9125],[25.7317,44.9075],[25.7637,44.9173],[25.7791,44.9169],[25.8177,44.9238],[25.8851,44.9301],[25.9387,44.9424],[25.9634,44.9405]]}},{"type":"Feature","properties":{"kind":"trafic","road":"DN7","aadt":11352,"km":3.5},"geometry":{"type":"LineString","coordinates":[[21.234,46.2038],[21.2241,46.2015],[21.1907,46.2059]]}},{"type":"Feature","properties":{"kind":"trafic","road":"DN13","aadt":11227,"km":8.1},"geometry":{"type":"LineString","coordinates":[[24.6329,46.4795],[24.6337,46.487],[24.6209,46.4944],[24.6241,46.4972],[24.6216,46.4987],[24.6322,46.501],[24.6244,46.5027],[24.6006,46.5255]]}},{"type":"Feature","properties":{"kind":"trafic","road":"CB","aadt":30622,"km":9.0},"geometry":{"type":"LineString","coordinates":[[25.9673,44.4336],[25.9653,44.4493],[25.9565,44.4555],[25.9528,44.4656],[25.9953,44.4975]]}},{"type":"Feature","properties":{"kind":"trafic","road":"DN7","aadt":14865,"km":31.9},"geometry":{"type":"LineString","coordinates":[[24.275,45.3329],[24.2759,45.3425],[24.2631,45.3491],[24.264,45.3537],[24.2691,45.3559],[24.2902,45.3508],[24.2969,45.3562],[24.2911,45.3684],[24.2959,45.3759],[24.2945,45.3826],[24.3028,45.3904],[24.2901,45.4203],[24.295,45.433],[24.3054,45.4453],[24.2897,45.4558],[24.2866,45.4643],[24.2933,45.4736],[24.2922,45.4832],[24.3043,45.496],[24.3003,45.4999],[24.2872,45.5016],[24.2823,45.5164],[24.2725,45.5207],[24.267,45.5434],[24.2692,45.5488]]}},{"type":"Feature","properties":{"kind":"trafic","road":"DN2B","aadt":13641,"km":3.3},"geometry":{"type":"LineString","coordinates":[[27.9349,45.4095],[27.9657,45.4042],[27.977,45.408]]}},{"type":"Feature","properties":{"kind":"trafic","road":"DN2","aadt":15340,"km":7.2},"geometry":{"type":"LineString","coordinates":[[26.8879,46.8573],[26.9224,46.917]]}},{"type":"Feature","properties":{"kind":"trafic","road":"DN69","aadt":13756,"km":3.1},"geometry":{"type":"LineString","coordinates":[[21.2163,45.7878],[21.2072,45.7939],[21.194,45.8113]]}},{"type":"Feature","properties":{"kind":"trafic","road":"DN11","aadt":9332,"km":19.2},"geometry":{"type":"LineString","coordinates":[[26.7612,46.2819],[26.7559,46.2835],[26.7515,46.2912],[26.7508,46.315],[26.7359,46.343],[26.7421,46.352],[26.7304,46.394],[26.7423,46.422],[26.7361,46.4417]]}},{"type":"Feature","properties":{"kind":"trafic","road":"DN1","aadt":18575,"km":9.9},"geometry":{"type":"LineString","coordinates":[[23.5389,46.7561],[23.4786,46.7437],[23.4543,46.7445],[23.4385,46.7506],[23.415,46.7511]]}},{"type":"Feature","properties":{"kind":"trafic","road":"A2","aadt":15751,"km":17.4},"geometry":{"type":"LineString","coordinates":[[27.8424,44.3933],[27.8488,44.3824],[28.0019,44.3453],[28.0228,44.3378],[28.0272,44.3315]]}},{"type":"Feature","properties":{"kind":"trafic","road":"DN1C","aadt":15116,"km":28.3},"geometry":{"type":"LineString","coordinates":[[23.5335,47.655],[23.519,47.6532],[23.506,47.661],[23.4913,47.6604],[23.4708,47.6683],[23.4525,47.664],[23.4332,47.6665],[23.3806,47.702],[23.3613,47.7123],[23.3468,47.716],[23.3003,47.7436],[23.2843,47.7488],[23.2768,47.746],[23.2413,47.7648],[23.2267,47.7679]]}},{"type":"Feature","properties":{"kind":"trafic","road":"DN55","aadt":9001,"km":9.1},"geometry":{"type":"LineString","coordinates":[[23.8054,44.2816],[23.8464,44.2523],[23.8608,44.2308],[23.8639,44.2146]]}},{"type":"Feature","properties":{"kind":"trafic","road":"DN2","aadt":50623,"km":3.7},"geometry":{"type":"LineString","coordinates":[[26.1699,44.4813],[26.2069,44.5003]]}},{"type":"Feature","properties":{"kind":"trafic","road":"DN6","aadt":30238,"km":2.6},"geometry":{"type":"LineString","coordinates":[[26.0202,44.3908],[25.9893,44.3818]]}},{"type":"Feature","properties":{"kind":"trafic","road":"DN21","aadt":9822,"km":30.1},"geometry":{"type":"LineString","coordinates":[[27.5243,44.8209],[27.5139,44.8111],[27.5099,44.7934],[27.4844,44.7807],[27.4238,44.7265],[27.4193,44.7139],[27.4181,44.6713],[27.3852,44.6108],[27.391,44.5946],[27.3883,44.5828]]}},{"type":"Feature","properties":{"kind":"trafic","road":"DN2","aadt":10035,"km":16.6},"geometry":{"type":"LineString","coordinates":[[27.106,45.5416],[27.1053,45.5681],[27.0995,45.5788],[27.0987,45.5922],[27.1286,45.6323],[27.1601,45.6562],[27.1648,45.6696],[27.1718,45.6716]]}},{"type":"Feature","properties":{"kind":"trafic","road":"DN1","aadt":10987,"km":18.4},"geometry":{"type":"LineString","coordinates":[[22.8125,46.952],[22.8091,46.9578],[22.8032,46.9582],[22.7706,46.9507],[22.7257,46.9622],[22.7204,46.9468],[22.688,46.9487],[22.6781,46.9586],[22.6799,46.964],[22.6755,46.9659],[22.6738,46.963],[22.6735,46.97],[22.6682,46.9714],[22.665,46.9692],[22.6552,46.9734]]}},{"type":"Feature","properties":{"kind":"trafic","road":"A1","aadt":33017,"km":12.1},"geometry":{"type":"LineString","coordinates":[[25.0816,44.7558],[25.0436,44.7634],[25.0045,44.7797],[24.9565,44.8116]]}},{"type":"Feature","properties":{"kind":"trafic","road":"DN73A","aadt":10530,"km":15.5},"geometry":{"type":"LineString","coordinates":[[25.4553,45.5895],[25.4428,45.5897],[25.3996,45.577],[25.3842,45.5781],[25.354,45.5715],[25.3261,45.5861],[25.3174,45.5869],[25.3171,45.5892],[25.3139,45.5871],[25.3065,45.5982],[25.3076,45.6046],[25.3007,45.6084]]}},{"type":"Feature","properties":{"kind":"trafic","road":"DN7","aadt":17380,"km":14.5},"geometry":{"type":"LineString","coordinates":[[24.5005,45.0275],[24.4955,45.0231],[24.4837,45.0263],[24.4759,45.033],[24.472,45.0489],[24.4683,45.0518],[24.4604,45.0511],[24.4537,45.0563],[24.4548,45.0523],[24.452,45.0526],[24.4511,45.0577],[24.4427,45.0646],[24.4375,45.0663],[24.4308,45.062],[24.4192,45.0622],[24.3876,45.0783]]}},{"type":"Feature","properties":{"kind":"trafic","road":"VO_CJ_EST","aadt":10887,"km":2.3},"geometry":{"type":"LineString","coordinates":[[23.7042,46.7822],[23.7167,46.7883],[23.717,46.7974]]}},{"type":"Feature","properties":{"kind":"trafic","road":"DN6","aadt":16000,"km":25.2},"geometry":{"type":"LineString","coordinates":[[21.7266,45.763],[21.6875,45.7776],[21.6233,45.7739],[21.5756,45.7906],[21.5221,45.7965],[21.5124,45.8006],[21.4986,45.7982],[21.468,45.8021],[21.4471,45.7973],[21.4221,45.7975]]}},{"type":"Feature","properties":{"kind":"trafic","road":"DN2","aadt":9688,"km":3.8},"geometry":{"type":"LineString","coordinates":[[26.5921,47.233],[26.5677,47.2502],[26.5541,47.255]]}},{"type":"Feature","properties":{"kind":"trafic","road":"DN2","aadt":16509,"km":39.6},"geometry":{"type":"LineString","coordinates":[[26.6216,44.7088],[26.6309,44.7321],[26.6458,44.7457],[26.6867,44.8549],[26.6876,44.9137],[26.7038,44.9561],[26.7187,44.9907],[26.7581,45.0466]]}},{"type":"Feature","properties":{"kind":"trafic","road":"DN76","aadt":20838,"km":3.8},"geometry":{"type":"LineString","coordinates":[[21.981,47.0009],[21.9688,47.0089],[21.9555,47.0296]]}},{"type":"Feature","properties":{"kind":"trafic","road":"DN5","aadt":20648,"km":2.8},"geometry":{"type":"LineString","coordinates":[[26.0888,44.3675],[26.0823,44.344]]}},{"type":"Feature","properties":{"kind":"trafic","road":"DN67","aadt":9692,"km":14.2},"geometry":{"type":"LineString","coordinates":[[24.2188,45.0762],[24.2231,45.0697],[24.246,45.0609],[24.2534,45.0458],[24.2595,45.0419],[24.27,45.0452],[24.3146,45.0713],[24.3384,45.0746],[24.3525,45.0802]]}},{"type":"Feature","properties":{"kind":"trafic","road":"DN2","aadt":15977,"km":19.3},"geometry":{"type":"LineString","coordinates":[[26.9308,46.6014],[26.9175,46.6245],[26.8941,46.692],[26.8813,46.765],[26.8848,46.7702]]}},{"type":"Feature","properties":{"kind":"trafic","road":"DN1","aadt":18014,"km":5.9},"geometry":{"type":"LineString","coordinates":[[23.5487,45.9952],[23.5381,46.0088],[23.5409,46.0218],[23.5619,46.0409]]}},{"type":"Feature","properties":{"kind":"trafic","road":"A1","aadt":16205,"km":16.8},"geometry":{"type":"LineString","coordinates":[[24.2003,45.7469],[24.2072,45.7632],[24.198,45.7916],[24.1599,45.8201],[24.146,45.8243],[24.0958,45.827],[24.0822,45.8241],[24.0715,45.8169]]}},{"type":"Feature","properties":{"kind":"trafic","road":"A1","aadt":25330,"km":18.7},"geometry":{"type":"LineString","coordinates":[[25.7326,44.4622],[25.7134,44.4652],[25.6833,44.4778],[25.6447,44.4872],[25.5964,44.4948],[25.5298,44.5339]]}},{"type":"Feature","properties":{"kind":"trafic","road":"DN12","aadt":9454,"km":8.3},"geometry":{"type":"LineString","coordinates":[[25.8123,45.7758],[25.8063,45.7809],[25.8047,45.8013],[25.7988,45.8157],[25.8048,45.8467]]}},{"type":"Feature","properties":{"kind":"trafic","road":"DN15","aadt":11424,"km":6.0},"geometry":{"type":"LineString","coordinates":[[23.7799,46.5649],[23.8038,46.557],[23.8239,46.5614],[23.8443,46.5582],[23.8584,46.5593]]}},{"type":"Feature","properties":{"kind":"trafic","road":"DN79","aadt":8245,"km":25.2},"geometry":{"type":"LineString","coordinates":[[21.6438,46.799],[21.6483,46.804],[21.6625,46.8024],[21.6602,46.8098],[21.6648,46.8168],[21.6963,46.8282],[21.781,46.9203],[21.7812,46.9267],[21.8381,46.9646]]}},{"type":"Feature","properties":{"kind":"trafic","road":"DN7","aadt":15888,"km":17.7},"geometry":{"type":"LineString","coordinates":[[25.9823,44.5081],[25.9708,44.515],[25.9695,44.52],[25.8456,44.5629],[25.7938,44.5889]]}},{"type":"Feature","properties":{"kind":"trafic","road":"DN2","aadt":11172,"km":16.4},"geometry":{"type":"LineString","coordinates":[[26.2917,47.4853],[26.2816,47.496],[26.2853,47.5199],[26.2698,47.5402],[26.2748,47.5694],[26.2418,47.6195]]}},{"type":"Feature","properties":{"kind":"trafic","road":"DN1","aadt":18550,"km":9.9},"geometry":{"type":"LineString","coordinates":[[23.6713,46.2014],[23.7048,46.2864]]}},{"type":"Feature","properties":{"kind":"trafic","road":"A1","aadt":8412,"km":1.9},"geometry":{"type":"LineString","coordinates":[[21.3152,46.126],[21.3063,46.1418]]}},{"type":"Feature","properties":{"kind":"trafic","road":"VO_BV1","aadt":16684,"km":3.8},"geometry":{"type":"LineString","coordinates":[[25.6554,45.6496],[25.6357,45.6658],[25.6472,45.6748]]}},{"type":"Feature","properties":{"kind":"trafic","road":"DN13","aadt":10491,"km":8.4},"geometry":{"type":"LineString","coordinates":[[25.5817,45.7495],[25.5979,45.7951],[25.591,45.8151],[25.5837,45.8188]]}},{"type":"Feature","properties":{"kind":"trafic","road":"DN1C","aadt":11838,"km":4.9},"geometry":{"type":"LineString","coordinates":[[23.6985,46.782],[23.7206,46.785],[23.7461,46.7932],[23.7544,46.7996]]}},{"type":"Feature","properties":{"kind":"trafic","road":"DN6","aadt":14107,"km":16.1},"geometry":{"type":"LineString","coordinates":[[25.9031,44.3194],[25.887,44.3003],[25.8641,44.2863],[25.8634,44.2813],[25.8506,44.2678],[25.8343,44.2573],[25.8299,44.2462],[25.8175,44.2387],[25.7916,44.2034]]}},{"type":"Feature","properties":{"kind":"trafic","road":"DN7","aadt":8874,"km":14.1},"geometry":{"type":"LineString","coordinates":[[25.4902,44.6838],[25.4438,44.7048],[25.4216,44.705],[25.3232,44.7184]]}},{"type":"Feature","properties":{"kind":"trafic","road":"DN2","aadt":24135,"km":5.7},"geometry":{"type":"LineString","coordinates":[[27.1718,45.6716],[27.1871,45.6763],[27.2026,45.6909],[27.2032,45.7043],[27.1984,45.715]]}},{"type":"Feature","properties":{"kind":"trafic","road":"DN71","aadt":9277,"km":15.0},"geometry":{"type":"LineString","coordinates":[[25.7933,44.5891],[25.7797,44.6019],[25.7693,44.6053],[25.7635,44.6152],[25.7116,44.6388],[25.6527,44.6739]]}},{"type":"Feature","properties":{"kind":"trafic","road":"DN1C","aadt":10507,"km":5.5},"geometry":{"type":"LineString","coordinates":[[23.8748,47.1544],[23.8695,47.1768],[23.851,47.1988]]}},{"type":"Feature","properties":{"kind":"trafic","road":"DN66A","aadt":8396,"km":3.8},"geometry":{"type":"LineString","coordinates":[[23.3658,45.371],[23.3206,45.3782]]}},{"type":"Feature","properties":{"kind":"trafic","road":"DJ797","aadt":9074,"km":7.4},"geometry":{"type":"LineString","coordinates":[[21.8855,47.0499],[21.8688,47.0549],[21.8553,47.0659],[21.8396,47.0726],[21.8142,47.0737],[21.8063,47.0765],[21.7858,47.0747]]}},{"type":"Feature","properties":{"kind":"trafic","road":"DJ592","aadt":16000,"km":11.7},"geometry":{"type":"LineString","coordinates":[[21.4251,45.6796],[21.4123,45.6797],[21.3914,45.7001],[21.3712,45.71],[21.2847,45.7254]]}},{"type":"Feature","properties":{"kind":"trafic","road":"DJ691","aadt":21447,"km":7.6},"geometry":{"type":"LineString","coordinates":[[21.2939,45.8378],[21.2484,45.8009]]}},{"type":"Feature","properties":{"kind":"trafic","road":"DJ200B","aadt":20934,"km":3.2},"geometry":{"type":"LineString","coordinates":[[26.1263,44.4924],[26.134,44.499],[26.1424,44.5185]]}},{"type":"Feature","properties":{"kind":"ocolire","rank":1,"road":"DN1","km":5.79,"aadt":63079,"costRon":161545228,"ronPerVehicleHour":219.7},"geometry":{"type":"LineString","coordinates":[[26.1049,44.4531],[26.11,44.4698],[26.1064,44.4769],[26.0874,44.4929],[26.0793,44.4946]]}},{"type":"Feature","properties":{"kind":"ocolire","rank":2,"road":"DN1","km":0.77,"aadt":63079,"costRon":21517496,"ronPerVehicleHour":219.7},"geometry":{"type":"LineString","coordinates":[[26.0791,44.4946],[26.0795,44.4981],[26.079,44.4947]]}},{"type":"Feature","properties":{"kind":"ocolire","rank":3,"road":"DN1","km":0.97,"aadt":63079,"costRon":27008359,"ronPerVehicleHour":219.7},"geometry":{"type":"LineString","coordinates":[[26.0793,44.4944],[26.0899,44.4908]]}},{"type":"Feature","properties":{"kind":"ocolire","rank":4,"road":"DN2","km":4.2,"aadt":50623,"costRon":117011217,"ronPerVehicleHour":273.7},"geometry":{"type":"LineString","coordinates":[[26.1433,44.4688],[26.1869,44.4899]]}},{"type":"Feature","properties":{"kind":"ocolire","rank":5,"road":"DN2","km":4.34,"aadt":50623,"costRon":120941301,"ronPerVehicleHour":273.7},"geometry":{"type":"LineString","coordinates":[[26.1868,44.49],[26.1417,44.4683]]}},{"type":"Feature","properties":{"kind":"ocolire","rank":6,"road":"DN2A","km":0.65,"aadt":40625,"costRon":18253060,"ronPerVehicleHour":341.1},"geometry":{"type":"LineString","coordinates":[[28.5982,44.2208],[28.5923,44.2249]]}},{"type":"Feature","properties":{"kind":"ocolire","rank":7,"road":"DN2A","km":0.54,"aadt":40625,"costRon":15158907,"ronPerVehicleHour":341.1},"geometry":{"type":"LineString","coordinates":[[28.5922,44.2247],[28.5972,44.2214]]}},{"type":"Feature","properties":{"kind":"ocolire","rank":8,"road":"DN2A","km":0.7,"aadt":40625,"costRon":19587723,"ronPerVehicleHour":341.1},"geometry":{"type":"LineString","coordinates":[[28.5557,44.2615],[28.5609,44.2564]]}},{"type":"Feature","properties":{"kind":"ocolire","rank":9,"road":"DN2A","km":1.76,"aadt":40625,"costRon":48964620,"ronPerVehicleHour":341.1},"geometry":{"type":"LineString","coordinates":[[28.5988,44.2202],[28.6143,44.209]]}},{"type":"Feature","properties":{"kind":"ocolire","rank":10,"road":"DN2A","km":0.63,"aadt":40625,"costRon":17564793,"ronPerVehicleHour":341.1},"geometry":{"type":"LineString","coordinates":[[28.6155,44.2081],[28.6108,44.2036]]}},{"type":"Feature","properties":{"kind":"ocolire","rank":11,"road":"DN2A","km":0.59,"aadt":40625,"costRon":16353596,"ronPerVehicleHour":341.1},"geometry":{"type":"LineString","coordinates":[[28.5671,44.2502],[28.5711,44.2457]]}},{"type":"Feature","properties":{"kind":"ocolire","rank":12,"road":"DN2A","km":0.8,"aadt":40625,"costRon":22171979,"ronPerVehicleHour":341.1},"geometry":{"type":"LineString","coordinates":[[28.6106,44.2032],[28.6165,44.2071]]}},{"type":"Feature","properties":{"kind":"ocolire","rank":13,"road":"DN2A","km":1.65,"aadt":40625,"costRon":45966650,"ronPerVehicleHour":341.1},"geometry":{"type":"LineString","coordinates":[[28.6144,44.209],[28.5998,44.2196]]}},{"type":"Feature","properties":{"kind":"ocolire","rank":14,"road":"A1","km":0.59,"aadt":35913,"costRon":16337993,"ronPerVehicleHour":385.8},"geometry":{"type":"LineString","coordinates":[[25.9662,44.4361],[25.9589,44.4364]]}},{"type":"Feature","properties":{"kind":"ocolire","rank":15,"road":"DN2","km":2.16,"aadt":35345,"costRon":60346721,"ronPerVehicleHour":392.0},"geometry":{"type":"LineString","coordinates":[[26.8407,45.1906],[26.8336,45.1874],[26.8254,45.1752]]}},{"type":"Feature","properties":{"kind":"ocolire","rank":16,"road":"DN2","km":2.21,"aadt":35345,"costRon":61502118,"ronPerVehicleHour":392.0},"geometry":{"type":"LineString","coordinates":[[26.825,45.1744],[26.8336,45.1873],[26.8404,45.1901]]}},{"type":"Feature","properties":{"kind":"ocolire","rank":17,"road":"DN39","km":1.8,"aadt":33179,"costRon":50186950,"ronPerVehicleHour":417.6},"geometry":{"type":"LineString","coordinates":[[28.6274,44.0732],[28.6336,44.0584]]}},{"type":"Feature","properties":{"kind":"ocolire","rank":18,"road":"DN39","km":1.12,"aadt":33179,"costRon":31115482,"ronPerVehicleHour":417.6},"geometry":{"type":"LineString","coordinates":[[28.608,44.0996],[28.6116,44.0901]]}},{"type":"Feature","properties":{"kind":"ocolire","rank":19,"road":"DN39","km":5.41,"aadt":33179,"costRon":150867820,"ronPerVehicleHour":417.6},"geometry":{"type":"LineString","coordinates":[[28.6113,44.0901],[28.5895,44.0587],[28.5781,44.0483]]}},{"type":"Feature","properties":{"kind":"ocolire","rank":20,"road":"DN6","km":0.83,"aadt":30238,"costRon":23078645,"ronPerVehicleHour":458.2},"geometry":{"type":"LineString","coordinates":[[26.0207,44.391],[26.011,44.3883]]}},{"type":"Feature","properties":{"kind":"ocolire","rank":21,"road":"DN6","km":0.66,"aadt":30238,"costRon":18345227,"ronPerVehicleHour":458.2},"geometry":{"type":"LineString","coordinates":[[26.0099,44.388],[26.0022,44.3858]]}},{"type":"Feature","properties":{"kind":"ocolire","rank":22,"road":"DN6","km":0.83,"aadt":30238,"costRon":23078256,"ronPerVehicleHour":458.2},"geometry":{"type":"LineString","coordinates":[[26.011,44.3882],[26.0207,44.391]]}},{"type":"Feature","properties":{"kind":"ocolire","rank":23,"road":"DN6","km":0.66,"aadt":30238,"costRon":18351517,"ronPerVehicleHour":458.2},"geometry":{"type":"LineString","coordinates":[[26.0022,44.3858],[26.0099,44.3879]]}},{"type":"Feature","properties":{"kind":"ocolire","rank":24,"road":"DN73","km":3.61,"aadt":28810,"costRon":100509125,"ronPerVehicleHour":481.0},"geometry":{"type":"LineString","coordinates":[[24.8792,44.9279],[24.8743,44.8958]]}},{"type":"Feature","properties":{"kind":"ocolire","rank":25,"road":"DN73","km":6.57,"aadt":28810,"costRon":183174583,"ronPerVehicleHour":481.0},"geometry":{"type":"LineString","coordinates":[[24.8835,44.8707],[24.874,44.8993],[24.8795,44.9285]]}},{"type":"Feature","properties":{"kind":"ocolire","rank":26,"road":"A1","km":0.82,"aadt":27743,"costRon":22779849,"ronPerVehicleHour":499.4},"geometry":{"type":"LineString","coordinates":[[24.8377,44.8971],[24.829,44.8931]]}},{"type":"Feature","properties":{"kind":"ocolire","rank":27,"road":"DN6","km":0.77,"aadt":27286,"costRon":21569685,"ronPerVehicleHour":507.8},"geometry":{"type":"LineString","coordinates":[[25.966,44.3587],[25.971,44.3646]]}},{"type":"Feature","properties":{"kind":"ocolire","rank":28,"road":"DN6","km":1.93,"aadt":27286,"costRon":53887641,"ronPerVehicleHour":507.8},"geometry":{"type":"LineString","coordinates":[[25.9592,44.3543],[25.9417,44.3424]]}},{"type":"Feature","properties":{"kind":"ocolire","rank":29,"road":"DN6","km":0.81,"aadt":27286,"costRon":22675853,"ronPerVehicleHour":507.8},"geometry":{"type":"LineString","coordinates":[[25.9712,44.3649],[25.9659,44.3588]]}},{"type":"Feature","properties":{"kind":"ocolire","rank":30,"road":"DN6","km":1.08,"aadt":27286,"costRon":30195798,"ronPerVehicleHour":507.8},"geometry":{"type":"LineString","coordinates":[[25.9411,44.3421],[25.9447,44.333]]}},{"type":"Feature","properties":{"kind":"ocolire","rank":31,"road":"DN6","km":1.55,"aadt":27286,"costRon":43110361,"ronPerVehicleHour":507.8},"geometry":{"type":"LineString","coordinates":[[25.9797,44.3734],[25.9932,44.383]]}},{"type":"Feature","properties":{"kind":"ocolire","rank":32,"road":"DN6","km":1.07,"aadt":27286,"costRon":29852549,"ronPerVehicleHour":507.8},"geometry":{"type":"LineString","coordinates":[[25.9713,44.365],[25.9789,44.3727]]}},{"type":"Feature","properties":{"kind":"ocolire","rank":33,"road":"DN6","km":1.55,"aadt":27286,"costRon":43205685,"ronPerVehicleHour":507.8},"geometry":{"type":"LineString","coordinates":[[25.9931,44.383],[25.9796,44.3734]]}},{"type":"Feature","properties":{"kind":"ocolire","rank":34,"road":"DN6","km":1.08,"aadt":27286,"costRon":30056110,"ronPerVehicleHour":507.8},"geometry":{"type":"LineString","coordinates":[[25.9447,44.3331],[25.9413,44.3421]]}},{"type":"Feature","properties":{"kind":"ocolire","rank":35,"road":"DN6","km":3.08,"aadt":27286,"costRon":85962981,"ronPerVehicleHour":507.8},"geometry":{"type":"LineString","coordinates":[[25.9215,44.3185],[25.9087,44.3254],[25.8969,44.3119]]}},{"type":"Feature","properties":{"kind":"ocolire","rank":36,"road":"DN6","km":1.92,"aadt":27286,"costRon":53546109,"ronPerVehicleHour":507.8},"geometry":{"type":"LineString","coordinates":[[25.9415,44.3422],[25.9589,44.354]]}},{"type":"Feature","properties":{"kind":"ocolire","rank":37,"road":"DN6","km":1.02,"aadt":27286,"costRon":28366482,"ronPerVehicleHour":507.8},"geometry":{"type":"LineString","coordinates":[[25.9786,44.3726],[25.9714,44.3653]]}},{"type":"Feature","properties":{"kind":"ocolire","rank":38,"road":"DN2","km":1.54,"aadt":25689,"costRon":42881328,"ronPerVehicleHour":539.4},"geometry":{"type":"LineString","coordinates":[[26.2518,44.5256],[26.238,44.5161]]}},{"type":"Feature","properties":{"kind":"ocolire","rank":39,"road":"DN2","km":0.68,"aadt":25689,"costRon":19089501,"ronPerVehicleHour":539.4},"geometry":{"type":"LineString","coordinates":[[26.238,44.5161],[26.2309,44.5126]]}},{"type":"Feature","properties":{"kind":"ocolire","rank":40,"road":"DN2","km":0.68,"aadt":25689,"costRon":19092585,"ronPerVehicleHour":539.4},"geometry":{"type":"LineString","coordinates":[[26.2311,44.5125],[26.238,44.5161]]}},{"type":"Feature","properties":{"kind":"ocolire","rank":41,"road":"DN2","km":1.39,"aadt":25689,"costRon":38845767,"ronPerVehicleHour":539.4},"geometry":{"type":"LineString","coordinates":[[26.2533,44.5252],[26.2697,44.5214]]}},{"type":"Feature","properties":{"kind":"ocolire","rank":42,"road":"DN65","km":1.15,"aadt":25549,"costRon":31955456,"ronPerVehicleHour":542.3},"geometry":{"type":"LineString","coordinates":[[23.8708,44.3122],[23.8852,44.3126]]}},{"type":"Feature","properties":{"kind":"ocolire","rank":43,"road":"DN65","km":2.46,"aadt":25549,"costRon":68642809,"ronPerVehicleHour":542.3},"geometry":{"type":"LineString","coordinates":[[23.8377,44.3134],[23.8684,44.3123]]}},{"type":"Feature","properties":{"kind":"ocolire","rank":44,"road":"DN28","km":0.51,"aadt":24681,"costRon":14095491,"ronPerVehicleHour":561.4},"geometry":{"type":"LineString","coordinates":[[27.582,47.1471],[27.5881,47.146]]}},{"type":"Feature","properties":{"kind":"ocolire","rank":45,"road":"CB","km":0.71,"aadt":24329,"costRon":19776642,"ronPerVehicleHour":569.5},"geometry":{"type":"LineString","coordinates":[[26.1958,44.506],[26.1899,44.5108]]}},{"type":"Feature","properties":{"kind":"ocolire","rank":46,"road":"DN2","km":0.71,"aadt":24135,"costRon":19736466,"ronPerVehicleHour":574.1},"geometry":{"type":"LineString","coordinates":[[27.1975,45.6869],[27.1919,45.6819]]}},{"type":"Feature","properties":{"kind":"ocolire","rank":47,"road":"DN2","km":1.41,"aadt":24135,"costRon":39251914,"ronPerVehicleHour":574.1},"geometry":{"type":"LineString","coordinates":[[27.1893,45.6783],[27.174,45.6722]]}},{"type":"Feature","properties":{"kind":"ocolire","rank":48,"road":"DN1","km":3.09,"aadt":23291,"costRon":86222603,"ronPerVehicleHour":594.9},"geometry":{"type":"LineString","coordinates":[[22.0461,47.0491],[22.0301,47.0414],[22.0104,47.0372]]}},{"type":"Feature","properties":{"kind":"ocolire","rank":49,"road":"DN2","km":2.29,"aadt":22819,"costRon":63958900,"ronPerVehicleHour":607.2},"geometry":{"type":"LineString","coordinates":[[26.5552,44.6765],[26.5651,44.6817],[26.5725,44.6923]]}},{"type":"Feature","properties":{"kind":"ocolire","rank":50,"road":"DN2","km":3.71,"aadt":22819,"costRon":103415470,"ronPerVehicleHour":607.2},"geometry":{"type":"LineString","coordinates":[[26.4667,44.6264],[26.5002,44.6496]]}},{"type":"Feature","properties":{"kind":"ocolire","rank":51,"road":"DN7","km":2.09,"aadt":22725,"costRon":58130408,"ronPerVehicleHour":609.7},"geometry":{"type":"LineString","coordinates":[[21.4562,46.1502],[21.4307,46.1564]]}},{"type":"Feature","properties":{"kind":"ocolire","rank":52,"road":"DN7","km":1.06,"aadt":22725,"costRon":29604835,"ronPerVehicleHour":609.7},"geometry":{"type":"LineString","coordinates":[[21.3907,46.1679],[21.4033,46.1639]]}},{"type":"Feature","properties":{"kind":"ocolire","rank":53,"road":"DJ691","km":0.59,"aadt":21447,"costRon":16434671,"ronPerVehicleHour":646.1},"geometry":{"type":"LineString","coordinates":[[21.2574,45.8089],[21.2621,45.813]]}},{"type":"Feature","properties":{"kind":"ocolire","rank":54,"road":"DN76","km":2.04,"aadt":20838,"costRon":56829743,"ronPerVehicleHour":664.9},"geometry":{"type":"LineString","coordinates":[[21.9675,47.0105],[21.9808,47.0017],[21.9794,46.9967]]}},{"type":"Feature","properties":{"kind":"ocolire","rank":55,"road":"DN76","km":1.65,"aadt":20838,"costRon":45861136,"ronPerVehicleHour":664.9},"geometry":{"type":"LineString","coordinates":[[21.9436,47.0374],[21.958,47.0266]]}},{"type":"Feature","properties":{"kind":"ocolire","rank":56,"road":"DN5","km":0.66,"aadt":20648,"costRon":18298123,"ronPerVehicleHour":671.1},"geometry":{"type":"LineString","coordinates":[[26.0872,44.3613],[26.0887,44.3671]]}},{"type":"Feature","properties":{"kind":"ocolire","rank":57,"road":"DN5","km":0.66,"aadt":20648,"costRon":18310831,"ronPerVehicleHour":671.1},"geometry":{"type":"LineString","coordinates":[[26.0886,44.3672],[26.087,44.3614]]}},{"type":"Feature","properties":{"kind":"ocolire","rank":58,"road":"DN5","km":0.94,"aadt":20648,"costRon":26287307,"ronPerVehicleHour":671.1},"geometry":{"type":"LineString","coordinates":[[26.0824,44.344],[26.0848,44.3523]]}},{"type":"Feature","properties":{"kind":"ocolire","rank":59,"road":"DN1","km":1.2,"aadt":20630,"costRon":33446118,"ronPerVehicleHour":671.7},"geometry":{"type":"LineString","coordinates":[[25.9808,44.9035],[25.9916,44.9108]]}},{"type":"Feature","properties":{"kind":"ocolire","rank":60,"road":"DN4","km":0.63,"aadt":20323,"costRon":17646948,"ronPerVehicleHour":681.8},"geometry":{"type":"LineString","coordinates":[[26.1933,44.3635],[26.1996,44.36]]}},{"type":"Feature","properties":{"kind":"ocolire","rank":61,"road":"DN4","km":1.54,"aadt":20323,"costRon":43037887,"ronPerVehicleHour":681.8},"geometry":{"type":"LineString","coordinates":[[26.15,44.3821],[26.1688,44.3799]]}},{"type":"Feature","properties":{"kind":"ocolire","rank":62,"road":"DN4","km":2.66,"aadt":20323,"costRon":74157558,"ronPerVehicleHour":681.8},"geometry":{"type":"LineString","coordinates":[[26.1209,44.3938],[26.15,44.3821]]}},{"type":"Feature","properties":{"kind":"ocolire","rank":63,"road":"DN4","km":2.63,"aadt":20323,"costRon":73354857,"ronPerVehicleHour":681.8},"geometry":{"type":"LineString","coordinates":[[26.1691,44.3799],[26.1932,44.3638]]}},{"type":"Feature","properties":{"kind":"ocolire","rank":64,"road":"DN4","km":2.67,"aadt":20323,"costRon":74528716,"ronPerVehicleHour":681.8},"geometry":{"type":"LineString","coordinates":[[26.15,44.3821],[26.121,44.3941]]}},{"type":"Feature","properties":{"kind":"ocolire","rank":65,"road":"DN3","km":1.29,"aadt":20247,"costRon":36018099,"ronPerVehicleHour":684.4},"geometry":{"type":"LineString","coordinates":[[26.1974,44.4421],[26.2045,44.4479],[26.2097,44.4477]]}},{"type":"Feature","properties":{"kind":"ocolire","rank":66,"road":"CB","km":4.26,"aadt":20021,"costRon":118647507,"ronPerVehicleHour":692.1},"geometry":{"type":"LineString","coordinates":[[26.2306,44.5124],[26.1871,44.4902]]}},{"type":"Feature","properties":{"kind":"ocolire","rank":67,"road":"CB","km":4.26,"aadt":20021,"costRon":118636465,"ronPerVehicleHour":692.1},"geometry":{"type":"LineString","coordinates":[[26.1872,44.49],[26.2307,44.5124]]}},{"type":"Feature","properties":{"kind":"ocolire","rank":68,"road":"DN28","km":0.91,"aadt":19955,"costRon":25279401,"ronPerVehicleHour":694.4},"geometry":{"type":"LineString","coordinates":[[27.0487,47.2181],[27.0605,47.2193]]}},{"type":"Feature","properties":{"kind":"ocolire","rank":69,"road":"DN28","km":0.55,"aadt":19955,"costRon":15307511,"ronPerVehicleHour":694.4},"geometry":{"type":"LineString","coordinates":[[27.0247,47.2123],[27.0295,47.216]]}},{"type":"Feature","properties":{"kind":"ocolire","rank":70,"road":"DN28","km":1.27,"aadt":19955,"costRon":35533125,"ronPerVehicleHour":694.4},"geometry":{"type":"LineString","coordinates":[[27.262,47.2121],[27.278,47.2128]]}},{"type":"Feature","properties":{"kind":"ocolire","rank":71,"road":"DN28","km":1.08,"aadt":19955,"costRon":30179211,"ronPerVehicleHour":694.4},"geometry":{"type":"LineString","coordinates":[[27.0335,47.2173],[27.0476,47.218]]}},{"type":"Feature","properties":{"kind":"ocolire","rank":72,"road":"DN28","km":0.85,"aadt":19955,"costRon":23785973,"ronPerVehicleHour":694.4},"geometry":{"type":"LineString","coordinates":[[27.1132,47.2189],[27.1241,47.22]]}},{"type":"Feature","properties":{"kind":"ocolire","rank":73,"road":"DN28","km":0.89,"aadt":19955,"costRon":24684534,"ronPerVehicleHour":694.4},"geometry":{"type":"LineString","coordinates":[[27.171,47.2225],[27.1811,47.2252]]}},{"type":"Feature","properties":{"kind":"ocolire","rank":74,"road":"DN28","km":0.57,"aadt":19955,"costRon":15871925,"ronPerVehicleHour":694.4},"geometry":{"type":"LineString","coordinates":[[27.2536,47.2146],[27.2605,47.2126]]}},{"type":"Feature","properties":{"kind":"ocolire","rank":75,"road":"DN7","km":1.31,"aadt":19862,"costRon":36418250,"ronPerVehicleHour":697.6},"geometry":{"type":"LineString","coordinates":[[24.3642,45.1321],[24.3693,45.1216]]}},{"type":"Feature","properties":{"kind":"ocolire","rank":76,"road":"DN7","km":2.13,"aadt":19862,"costRon":59395930,"ronPerVehicleHour":697.6},"geometry":{"type":"LineString","coordinates":[[24.3847,45.1038],[24.382,45.0978],[24.3854,45.0854]]}},{"type":"Feature","properties":{"kind":"ocolire","rank":77,"road":"DN7","km":2.2,"aadt":19862,"costRon":61305970,"ronPerVehicleHour":697.6},"geometry":{"type":"LineString","coordinates":[[24.385,45.104],[24.3861,45.1161],[24.3797,45.1218]]}},{"type":"Feature","properties":{"kind":"ocolire","rank":78,"road":"DN7","km":0.59,"aadt":19862,"costRon":16352771,"ronPerVehicleHour":697.6},"geometry":{"type":"LineString","coordinates":[[24.3848,45.104],[24.3775,45.1052]]}},{"type":"Feature","properties":{"kind":"ocolire","rank":79,"road":"DN7","km":2.41,"aadt":19862,"costRon":67263278,"ronPerVehicleHour":697.6},"geometry":{"type":"LineString","coordinates":[[24.3648,45.1328],[24.3751,45.1529]]}},{"type":"Feature","properties":{"kind":"ocolire","rank":80,"road":"DN7","km":0.91,"aadt":19862,"costRon":25271956,"ronPerVehicleHour":697.6},"geometry":{"type":"LineString","coordinates":[[24.3787,45.1218],[24.3733,45.1195],[24.3692,45.1213]]}},{"type":"Feature","properties":{"kind":"ocolire","rank":81,"road":"DN2","km":3.4,"aadt":19609,"costRon":94702063,"ronPerVehicleHour":706.6},"geometry":{"type":"LineString","coordinates":[[26.3708,44.5443],[26.3772,44.5488],[26.3743,44.5616],[26.3837,44.5693]]}},{"type":"Feature","properties":{"kind":"ocolire","rank":82,"road":"DN2","km":0.86,"aadt":19609,"costRon":23950775,"ronPerVehicleHour":706.6},"geometry":{"type":"LineString","coordinates":[[26.3104,44.5123],[26.319,44.5162]]}},{"type":"Feature","properties":{"kind":"ocolire","rank":83,"road":"DN1","km":4.69,"aadt":19598,"costRon":130633718,"ronPerVehicleHour":707.0},"geometry":{"type":"LineString","coordinates":[[23.6164,46.7206],[23.6169,46.7175],[23.6149,46.7142],[23.6142,46.7093],[23.6161,46.7001],[23.6143,46.7093],[23.6169,46.7175],[23.6166,46.7207]]}},{"type":"Feature","properties":{"kind":"ocolire","rank":84,"road":"DN1","km":0.5,"aadt":19598,"costRon":13967684,"ronPerVehicleHour":707.0},"geometry":{"type":"LineString","coordinates":[[23.5947,46.7333],[23.5924,46.7373]]}},{"type":"Feature","properties":{"kind":"ocolire","rank":85,"road":"DN3","km":0.74,"aadt":19504,"costRon":20622820,"ronPerVehicleHour":710.4},"geometry":{"type":"LineString","coordinates":[[28.4223,44.1716],[28.4132,44.1729]]}},{"type":"Feature","properties":{"kind":"ocolire","rank":86,"road":"DN3","km":0.67,"aadt":19504,"costRon":18816379,"ronPerVehicleHour":710.4},"geometry":{"type":"LineString","coordinates":[[28.4786,44.1647],[28.4702,44.165]]}},{"type":"Feature","properties":{"kind":"ocolire","rank":87,"road":"DN3","km":0.62,"aadt":19504,"costRon":17214378,"ronPerVehicleHour":710.4},"geometry":{"type":"LineString","coordinates":[[28.4439,44.1689],[28.4514,44.1678]]}},{"type":"Feature","properties":{"kind":"ocolire","rank":88,"road":"DN3","km":0.55,"aadt":19504,"costRon":15423799,"ronPerVehicleHour":710.4},"geometry":{"type":"LineString","coordinates":[[28.4913,44.165],[28.4844,44.1648]]}},{"type":"Feature","properties":{"kind":"ocolire","rank":89,"road":"CB","km":4.33,"aadt":19266,"costRon":120654001,"ronPerVehicleHour":719.2},"geometry":{"type":"LineString","coordinates":[[26.2852,44.4561],[26.2317,44.4507]]}},{"type":"Feature","properties":{"kind":"ocolire","rank":90,"road":"DN67","km":2.68,"aadt":18994,"costRon":74840660,"ronPerVehicleHour":729.5},"geometry":{"type":"LineString","coordinates":[[23.9729,45.1375],[23.9817,45.1412],[23.9801,45.1436],[23.9963,45.1446]]}},{"type":"Feature","properties":{"kind":"ocolire","rank":91,"road":"DN67","km":2.1,"aadt":18994,"costRon":58472526,"ronPerVehicleHour":729.5},"geometry":{"type":"LineString","coordinates":[[23.9991,45.1445],[24.0067,45.1266]]}},{"type":"Feature","properties":{"kind":"ocolire","rank":92,"road":"DN67","km":1.12,"aadt":18994,"costRon":31137250,"ronPerVehicleHour":729.5},"geometry":{"type":"LineString","coordinates":[[23.9991,45.1445],[24.0121,45.1421]]}},{"type":"Feature","properties":{"kind":"ocolire","rank":93,"road":"DN1","km":0.99,"aadt":18983,"costRon":27550612,"ronPerVehicleHour":729.9},"geometry":{"type":"LineString","coordinates":[[23.6981,46.6322],[23.7102,46.629]]}},{"type":"Feature","properties":{"kind":"ocolire","rank":94,"road":"DN1","km":1.13,"aadt":18983,"costRon":31428987,"ronPerVehicleHour":729.9},"geometry":{"type":"LineString","coordinates":[[23.7116,46.6287],[23.6979,46.6323]]}},{"type":"Feature","properties":{"kind":"ocolire","rank":95,"road":"DN1","km":2.98,"aadt":18983,"costRon":83133423,"ronPerVehicleHour":729.9},"geometry":{"type":"LineString","coordinates":[[23.6339,46.6853],[23.6397,46.679],[23.6433,46.6768],[23.6462,46.6752],[23.6339,46.6853]]}},{"type":"Feature","properties":{"kind":"ocolire","rank":96,"road":"DN1","km":0.8,"aadt":18983,"costRon":22349298,"ronPerVehicleHour":729.9},"geometry":{"type":"LineString","coordinates":[[23.6845,46.6403],[23.6795,46.6461]]}},{"type":"Feature","properties":{"kind":"ocolire","rank":97,"road":"DN1","km":0.79,"aadt":18983,"costRon":21909017,"ronPerVehicleHour":729.9},"geometry":{"type":"LineString","coordinates":[[23.6849,46.6396],[23.6898,46.6335]]}},{"type":"Feature","properties":{"kind":"ocolire","rank":98,"road":"DN5","km":1.95,"aadt":18613,"costRon":54276593,"ronPerVehicleHour":744.4},"geometry":{"type":"LineString","coordinates":[[26.06,44.2849],[26.0562,44.2678]]}},{"type":"Feature","properties":{"kind":"ocolire","rank":99,"road":"DN5","km":0.9,"aadt":18613,"costRon":25218765,"ronPerVehicleHour":744.4},"geometry":{"type":"LineString","coordinates":[[26.0715,44.3227],[26.0775,44.3296]]}},{"type":"Feature","properties":{"kind":"ocolire","rank":100,"road":"DN5","km":2.05,"aadt":18613,"costRon":57253618,"ronPerVehicleHour":744.4},"geometry":{"type":"LineString","coordinates":[[26.0641,44.3131],[26.0611,44.2949]]}},{"type":"Feature","properties":{"kind":"ocolire","rank":101,"road":"DN5","km":4.38,"aadt":18613,"costRon":122122700,"ronPerVehicleHour":744.4},"geometry":{"type":"LineString","coordinates":[[26.0517,44.2661],[26.0791,44.2471],[26.0921,44.2439]]}},{"type":"Feature","properties":{"kind":"ocolire","rank":102,"road":"DN5","km":1.95,"aadt":18613,"costRon":54386076,"ronPerVehicleHour":744.4},"geometry":{"type":"LineString","coordinates":[[26.0562,44.2678],[26.0601,44.2849]]}},{"type":"Feature","properties":{"kind":"ocolire","rank":103,"road":"DN5","km":1.43,"aadt":18613,"costRon":39726763,"ronPerVehicleHour":744.4},"geometry":{"type":"LineString","coordinates":[[26.0777,44.3299],[26.0818,44.3424]]}},{"type":"Feature","properties":{"kind":"ocolire","rank":104,"road":"DN5","km":1.91,"aadt":18613,"costRon":53349001,"ronPerVehicleHour":744.4},"geometry":{"type":"LineString","coordinates":[[26.0612,44.2949],[26.0636,44.3119]]}},{"type":"Feature","properties":{"kind":"ocolire","rank":105,"road":"DN5","km":1.07,"aadt":18613,"costRon":29774550,"ronPerVehicleHour":744.4},"geometry":{"type":"LineString","coordinates":[[26.0601,44.2851],[26.0612,44.2946]]}},{"type":"Feature","properties":{"kind":"ocolire","rank":106,"road":"DN5","km":1.07,"aadt":18613,"costRon":29790787,"ronPerVehicleHour":744.4},"geometry":{"type":"LineString","coordinates":[[26.0611,44.2947],[26.06,44.2851]]}},{"type":"Feature","properties":{"kind":"ocolire","rank":107,"road":"DN5","km":0.79,"aadt":18613,"costRon":21939795,"ronPerVehicleHour":744.4},"geometry":{"type":"LineString","coordinates":[[26.0774,44.3298],[26.0722,44.3238]]}},{"type":"Feature","properties":{"kind":"ocolire","rank":108,"road":"DN1","km":1.42,"aadt":18550,"costRon":39636898,"ronPerVehicleHour":747.0},"geometry":{"type":"LineString","coordinates":[[23.68,46.1925],[23.6771,46.2008],[23.6714,46.2014]]}},{"type":"Feature","properties":{"kind":"ocolire","rank":109,"road":"DN1","km":2.91,"aadt":18550,"costRon":81185435,"ronPerVehicleHour":747.0},"geometry":{"type":"LineString","coordinates":[[23.7047,46.2861],[23.7166,46.3101]]}},{"type":"Feature","properties":{"kind":"ocolire","rank":110,"road":"DN1","km":1.0,"aadt":18550,"costRon":27959969,"ronPerVehicleHour":747.0},"geometry":{"type":"LineString","coordinates":[[23.6885,46.2504],[23.694,46.2585]]}},{"type":"Feature","properties":{"kind":"ocolire","rank":111,"road":"DN2","km":0.91,"aadt":18528,"costRon":25487555,"ronPerVehicleHour":747.9},"geometry":{"type":"LineString","coordinates":[[27.2111,45.8205],[27.2116,45.8124]]}},{"type":"Feature","properties":{"kind":"ocolire","rank":112,"road":"DN2","km":1.99,"aadt":18528,"costRon":55563868,"ronPerVehicleHour":747.9},"geometry":{"type":"LineString","coordinates":[[27.2143,45.7881],[27.2047,45.7715]]}},{"type":"Feature","properties":{"kind":"ocolire","rank":113,"road":"DN1B","km":2.92,"aadt":18315,"costRon":81468804,"ronPerVehicleHour":756.6},"geometry":{"type":"LineString","coordinates":[[26.0645,44.9675],[26.0853,44.9739],[26.0993,44.9724]]}},{"type":"Feature","properties":{"kind":"ocolire","rank":114,"road":"DN1B","km":2.61,"aadt":18315,"costRon":72805323,"ronPerVehicleHour":756.6},"geometry":{"type":"LineString","coordinates":[[26.1508,44.9628],[26.1314,44.9634],[26.1204,44.9688]]}},{"type":"Feature","properties":{"kind":"ocolire","rank":115,"road":"DN1B","km":1.59,"aadt":18315,"costRon":44421197,"ronPerVehicleHour":756.6},"geometry":{"type":"LineString","coordinates":[[26.0505,44.9562],[26.0633,44.967]]}},{"type":"Feature","properties":{"kind":"ocolire","rank":116,"road":"DN1B","km":2.93,"aadt":18315,"costRon":81675926,"ronPerVehicleHour":756.6},"geometry":{"type":"LineString","coordinates":[[26.0993,44.9725],[26.0853,44.974],[26.0645,44.9676]]}},{"type":"Feature","properties":{"kind":"ocolire","rank":117,"road":"DN1B","km":4.99,"aadt":18315,"costRon":138996570,"ronPerVehicleHour":756.6},"geometry":{"type":"LineString","coordinates":[[26.1511,44.9626],[26.2121,44.9547]]}},{"type":"Feature","properties":{"kind":"ocolire","rank":118,"road":"DN1B","km":1.59,"aadt":18315,"costRon":44395846,"ronPerVehicleHour":756.6},"geometry":{"type":"LineString","coordinates":[[26.0632,44.967],[26.0504,44.9563]]}},{"type":"Feature","properties":{"kind":"ocolire","rank":119,"road":"DN1B","km":4.86,"aadt":18315,"costRon":135357615,"ronPerVehicleHour":756.6},"geometry":{"type":"LineString","coordinates":[[26.2122,44.9548],[26.1528,44.9623]]}},{"type":"Feature","properties":{"kind":"ocolire","rank":120,"road":"DN1B","km":2.57,"aadt":18315,"costRon":71735472,"ronPerVehicleHour":756.6},"geometry":{"type":"LineString","coordinates":[[26.1203,44.9687],[26.1313,44.9634],[26.1503,44.9627]]}},{"type":"Feature","properties":{"kind":"ocolire","rank":121,"road":"DN1B","km":0.77,"aadt":18315,"costRon":21520061,"ronPerVehicleHour":756.6},"geometry":{"type":"LineString","coordinates":[[26.2368,44.949],[26.2297,44.9538]]}},{"type":"Feature","properties":{"kind":"ocolire","rank":122,"road":"DN65","km":3.0,"aadt":18052,"costRon":83673835,"ronPerVehicleHour":767.6},"geometry":{"type":"LineString","coordinates":[[24.8606,44.7955],[24.8412,44.7725]]}},{"type":"Feature","properties":{"kind":"ocolire","rank":123,"road":"DN65","km":1.73,"aadt":18052,"costRon":48193386,"ronPerVehicleHour":767.6},"geometry":{"type":"LineString","coordinates":[[24.8739,44.8199],[24.8848,44.8329]]}},{"type":"Feature","properties":{"kind":"ocolire","rank":124,"road":"DN65","km":1.05,"aadt":18052,"costRon":29359363,"ronPerVehicleHour":767.6},"geometry":{"type":"LineString","coordinates":[[24.8455,44.7492],[24.8369,44.7563]]}},{"type":"Feature","properties":{"kind":"ocolire","rank":125,"road":"DN15","km":0.66,"aadt":18038,"costRon":18298283,"ronPerVehicleHour":768.2},"geometry":{"type":"LineString","coordinates":[[24.7126,46.7466],[24.7131,46.7408]]}},{"type":"Feature","properties":{"kind":"ocolire","rank":126,"road":"DN15","km":2.16,"aadt":18038,"costRon":60113529,"ronPerVehicleHour":768.2},"geometry":{"type":"LineString","coordinates":[[24.6736,46.7035],[24.6584,46.6874]]}},{"type":"Feature","properties":{"kind":"ocolire","rank":127,"road":"DN15","km":3.12,"aadt":18038,"costRon":87046096,"ronPerVehicleHour":768.2},"geometry":{"type":"LineString","coordinates":[[24.6034,46.5755],[24.5992,46.5734],[24.5894,46.5665],[24.605,46.5765]]}},{"type":"Feature","properties":{"kind":"ocolire","rank":128,"road":"DN15","km":2.66,"aadt":18038,"costRon":74055544,"ronPerVehicleHour":768.2},"geometry":{"type":"LineString","coordinates":[[24.6529,46.6815],[24.6443,46.6722],[24.6475,46.668],[24.6453,46.6603]]}},{"type":"Feature","properties":{"kind":"ocolire","rank":129,"road":"DN15","km":2.66,"aadt":18038,"costRon":74248062,"ronPerVehicleHour":768.2},"geometry":{"type":"LineString","coordinates":[[24.6386,46.6496],[24.6345,46.6413],[24.6356,46.6262]]}},{"type":"Feature","properties":{"kind":"ocolire","rank":130,"road":"DN15","km":0.76,"aadt":18038,"costRon":21216537,"ronPerVehicleHour":768.2},"geometry":{"type":"LineString","coordinates":[[24.6383,46.6188],[24.6441,46.6133]]}},{"type":"Feature","properties":{"kind":"ocolire","rank":131,"road":"DN1","km":1.36,"aadt":18014,"costRon":37813778,"ronPerVehicleHour":769.2},"geometry":{"type":"LineString","coordinates":[[23.5594,46.0375],[23.5673,46.0484]]}},{"type":"Feature","properties":{"kind":"ocolire","rank":132,"road":"DN1","km":2.18,"aadt":18014,"costRon":60711163,"ronPerVehicleHour":769.2},"geometry":{"type":"LineString","coordinates":[[23.5578,45.9784],[23.5477,45.9961]]}},{"type":"Feature","properties":{"kind":"ocolire","rank":133,"road":"DN28","km":0.76,"aadt":17951,"costRon":21266931,"ronPerVehicleHour":771.9},"geometry":{"type":"LineString","coordinates":[[27.2816,47.2136],[27.2911,47.2158]]}},{"type":"Feature","properties":{"kind":"ocolire","rank":134,"road":"DN1C","km":2.13,"aadt":17672,"costRon":59443728,"ronPerVehicleHour":784.1},"geometry":{"type":"LineString","coordinates":[[23.8545,47.009],[23.8313,46.9989]]}},{"type":"Feature","properties":{"kind":"ocolire","rank":135,"road":"DN7","km":3.34,"aadt":17380,"costRon":93093598,"ronPerVehicleHour":797.3},"geometry":{"type":"LineString","coordinates":[[24.4212,45.0621],[24.3874,45.0784]]}},{"type":"Feature","properties":{"kind":"ocolire","rank":136,"road":"DN7","km":4.8,"aadt":17380,"costRon":133747468,"ronPerVehicleHour":797.3},"geometry":{"type":"LineString","coordinates":[[24.4376,45.0666],[24.4535,45.0747],[24.4777,45.0954]]}},{"type":"Feature","properties":{"kind":"ocolire","rank":137,"road":"DN7","km":1.39,"aadt":17380,"costRon":38776162,"ronPerVehicleHour":797.3},"geometry":{"type":"LineString","coordinates":[[24.4832,45.0267],[24.4752,45.0367]]}},{"type":"Feature","properties":{"kind":"ocolire","rank":138,"road":"DN6","km":1.27,"aadt":17333,"costRon":35315089,"ronPerVehicleHour":799.4},"geometry":{"type":"LineString","coordinates":[[23.7591,44.3452],[23.7524,44.3556]]}},{"type":"Feature","properties":{"kind":"ocolire","rank":139,"road":"DN6","km":0.97,"aadt":17333,"costRon":26974895,"ronPerVehicleHour":799.4},"geometry":{"type":"LineString","coordinates":[[23.7465,44.3631],[23.7524,44.3556]]}},{"type":"Feature","properties":{"kind":"ocolire","rank":140,"road":"DN1","km":0.52,"aadt":17148,"costRon":14570995,"ronPerVehicleHour":808.0},"geometry":{"type":"LineString","coordinates":[[24.1785,45.7717],[24.174,45.7752]]}},{"type":"Feature","properties":{"kind":"ocolire","rank":141,"road":"CORA","km":0.75,"aadt":17119,"costRon":20991138,"ronPerVehicleHour":809.4},"geometry":{"type":"LineString","coordinates":[[21.905,47.0753],[21.9143,47.0734]]}},{"type":"Feature","properties":{"kind":"ocolire","rank":142,"road":"DN73","km":2.9,"aadt":16888,"costRon":80885854,"ronPerVehicleHour":820.5},"geometry":{"type":"LineString","coordinates":[[25.4751,45.615],[25.4854,45.6291],[25.4968,45.6354]]}},{"type":"Feature","properties":{"kind":"ocolire","rank":143,"road":"DN73","km":2.04,"aadt":16888,"costRon":56803757,"ronPerVehicleHour":820.5},"geometry":{"type":"LineString","coordinates":[[25.459,45.5933],[25.4697,45.6096]]}},{"type":"Feature","properties":{"kind":"ocolire","rank":144,"road":"DN73","km":1.23,"aadt":16888,"costRon":34422878,"ronPerVehicleHour":820.5},"geometry":{"type":"LineString","coordinates":[[25.4551,45.589],[25.4476,45.5793]]}},{"type":"Feature","properties":{"kind":"ocolire","rank":145,"road":"DN7","km":1.18,"aadt":16814,"costRon":32779117,"ronPerVehicleHour":824.1},"geometry":{"type":"LineString","coordinates":[[24.3388,45.2479],[24.3323,45.2571]]}},{"type":"Feature","properties":{"kind":"ocolire","rank":146,"road":"DN7","km":0.54,"aadt":16814,"costRon":15096026,"ronPerVehicleHour":824.1},"geometry":{"type":"LineString","coordinates":[[24.374,45.1565],[24.3711,45.1606]]}},{"type":"Feature","properties":{"kind":"ocolire","rank":147,"road":"DN7","km":2.32,"aadt":16814,"costRon":64605535,"ronPerVehicleHour":824.1},"geometry":{"type":"LineString","coordinates":[[24.3646,45.181],[24.376,45.1995]]}},{"type":"Feature","properties":{"kind":"ocolire","rank":148,"road":"DN7","km":2.01,"aadt":16814,"costRon":55996769,"ronPerVehicleHour":824.1},"geometry":{"type":"LineString","coordinates":[[24.3579,45.2138],[24.3438,45.2215],[24.3407,45.2264]]}},{"type":"Feature","properties":{"kind":"ocolire","rank":149,"road":"DN7","km":1.47,"aadt":16814,"costRon":40962742,"ronPerVehicleHour":824.1},"geometry":{"type":"LineString","coordinates":[[24.3667,45.1686],[24.3629,45.1752],[24.3645,45.1806]]}},{"type":"Feature","properties":{"kind":"ocolire","rank":150,"road":"DN7","km":0.54,"aadt":16814,"costRon":15156540,"ronPerVehicleHour":824.1},"geometry":{"type":"LineString","coordinates":[[24.3711,45.1606],[24.3739,45.1564]]}},{"type":"Feature","properties":{"kind":"ocolire","rank":151,"road":"CB","km":1.1,"aadt":16686,"costRon":30753855,"ronPerVehicleHour":830.4},"geometry":{"type":"LineString","coordinates":[[26.2262,44.388],[26.2226,44.3975]]}},{"type":"Feature","properties":{"kind":"ocolire","rank":152,"road":"DN2","km":0.85,"aadt":16509,"costRon":23797975,"ronPerVehicleHour":839.3},"geometry":{"type":"LineString","coordinates":[[26.6259,44.7157],[26.6282,44.7232]]}},{"type":"Feature","properties":{"kind":"ocolire","rank":153,"road":"DN2","km":0.78,"aadt":16509,"costRon":21694534,"ronPerVehicleHour":839.3},"geometry":{"type":"LineString","coordinates":[[26.6259,44.7155],[26.6329,44.7112]]}},{"type":"Feature","properties":{"kind":"ocolire","rank":154,"road":"DN2","km":0.84,"aadt":16509,"costRon":23316069,"ronPerVehicleHour":839.3},"geometry":{"type":"LineString","coordinates":[[26.6216,44.7088],[26.6256,44.7155]]}},{"type":"Feature","properties":{"kind":"ocolire","rank":155,"road":"DN2","km":0.88,"aadt":16509,"costRon":24631925,"ronPerVehicleHour":839.3},"geometry":{"type":"LineString","coordinates":[[26.688,44.9153],[26.691,44.923]]}},{"type":"Feature","properties":{"kind":"ocolire","rank":156,"road":"DN2","km":1.04,"aadt":16509,"costRon":29045953,"ronPerVehicleHour":839.3},"geometry":{"type":"LineString","coordinates":[[26.7152,44.9827],[26.7193,44.9916]]}},{"type":"Feature","properties":{"kind":"ocolire","rank":157,"road":"DN2","km":0.63,"aadt":16509,"costRon":17701144,"ronPerVehicleHour":839.3},"geometry":{"type":"LineString","coordinates":[[26.6256,44.7157],[26.6181,44.7176]]}},{"type":"Feature","properties":{"kind":"ocolire","rank":158,"road":"DN2","km":0.57,"aadt":16509,"costRon":15796161,"ronPerVehicleHour":839.3},"geometry":{"type":"LineString","coordinates":[[26.758,45.0466],[26.7629,45.0428]]}},{"type":"Feature","properties":{"kind":"ocolire","rank":159,"road":"DN2","km":0.72,"aadt":16509,"costRon":20163237,"ronPerVehicleHour":839.3},"geometry":{"type":"LineString","coordinates":[[26.6571,44.7733],[26.6594,44.7796]]}},{"type":"Feature","properties":{"kind":"ocolire","rank":160,"road":"DN2","km":0.71,"aadt":16509,"costRon":19681857,"ronPerVehicleHour":839.3},"geometry":{"type":"LineString","coordinates":[[26.6223,44.7089],[26.6312,44.7098]]}},{"type":"Feature","properties":{"kind":"ocolire","rank":161,"road":"DN2","km":1.07,"aadt":16509,"costRon":29729947,"ronPerVehicleHour":839.3},"geometry":{"type":"LineString","coordinates":[[26.7013,44.9498],[26.7051,44.959]]}},{"type":"Feature","properties":{"kind":"ocolire","rank":162,"road":"DN56","km":0.64,"aadt":16461,"costRon":17715742,"ronPerVehicleHour":841.8},"geometry":{"type":"LineString","coordinates":[[23.7962,44.2812],[23.7995,44.2864]]}},{"type":"Feature","properties":{"kind":"ocolire","rank":163,"road":"DN56","km":1.29,"aadt":16461,"costRon":35979643,"ronPerVehicleHour":841.8},"geometry":{"type":"LineString","coordinates":[[23.7879,44.2659],[23.7932,44.2762]]}},{"type":"Feature","properties":{"kind":"ocolire","rank":164,"road":"DN56","km":2.71,"aadt":16461,"costRon":75521314,"ronPerVehicleHour":841.8},"geometry":{"type":"LineString","coordinates":[[23.7788,44.2429],[23.779,44.256],[23.7876,44.2638]]}},{"type":"Feature","properties":{"kind":"ocolire","rank":165,"road":"DN2","km":2.33,"aadt":16428,"costRon":64946531,"ronPerVehicleHour":843.5},"geometry":{"type":"LineString","coordinates":[[26.7725,45.0709],[26.778,45.0914]]}},{"type":"Feature","properties":{"kind":"ocolire","rank":166,"road":"DN2","km":1.14,"aadt":16428,"costRon":31742514,"ronPerVehicleHour":843.5},"geometry":{"type":"LineString","coordinates":[[26.758,45.0466],[26.7659,45.0551]]}},{"type":"Feature","properties":{"kind":"ocolire","rank":167,"road":"DN15","km":2.2,"aadt":16226,"costRon":61410107,"ronPerVehicleHour":854.0},"geometry":{"type":"LineString","coordinates":[[24.4543,46.481],[24.4755,46.4941]]}},{"type":"Feature","properties":{"kind":"ocolire","rank":168,"road":"A1","km":0.63,"aadt":16205,"costRon":17685843,"ronPerVehicleHour":855.1},"geometry":{"type":"LineString","coordinates":[[24.2047,45.7443],[24.2013,45.7495]]}},{"type":"Feature","properties":{"kind":"ocolire","rank":169,"road":"DN17","km":0.71,"aadt":16039,"costRon":19929779,"ronPerVehicleHour":863.9},"geometry":{"type":"LineString","coordinates":[[24.5097,47.1545],[24.5167,47.1502]]}},{"type":"Feature","properties":{"kind":"ocolire","rank":170,"road":"DN17","km":3.82,"aadt":16039,"costRon":106514656,"ronPerVehicleHour":863.9},"geometry":{"type":"LineString","coordinates":[[24.5549,47.1793],[24.5653,47.1827],[24.5856,47.1815],[24.6009,47.1874]]}},{"type":"Feature","properties":{"kind":"ocolire","rank":171,"road":"DN17","km":12.56,"aadt":16039,"costRon":350140477,"ronPerVehicleHour":863.9},"geometry":{"type":"LineString","coordinates":[[24.7198,47.2198],[24.7425,47.2199],[24.7778,47.2294],[24.7926,47.2304],[24.8046,47.2294],[24.8568,47.2106],[24.8742,47.2105]]}},{"type":"Feature","properties":{"kind":"ocolire","rank":172,"road":"DN17","km":2.48,"aadt":16039,"costRon":69053220,"ronPerVehicleHour":863.9},"geometry":{"type":"LineString","coordinates":[[24.5172,47.1502],[24.5372,47.1673]]}},{"type":"Feature","properties":{"kind":"ocolire","rank":173,"road":"DN6","km":1.07,"aadt":16000,"costRon":29884445,"ronPerVehicleHour":866.0},"geometry":{"type":"LineString","coordinates":[[21.5916,45.7844],[21.5795,45.7891]]}},{"type":"Feature","properties":{"kind":"ocolire","rank":174,"road":"DN6","km":1.54,"aadt":16000,"costRon":42951481,"ronPerVehicleHour":866.0},"geometry":{"type":"LineString","coordinates":[[21.6301,45.7747],[21.6231,45.7739],[21.6117,45.7776]]}},{"type":"Feature","properties":{"kind":"ocolire","rank":175,"road":"DN6","km":2.18,"aadt":16000,"costRon":60763478,"ronPerVehicleHour":866.0},"geometry":{"type":"LineString","coordinates":[[21.5173,45.7986],[21.4912,45.8002]]}},{"type":"Feature","properties":{"kind":"ocolire","rank":176,"road":"DN6","km":1.98,"aadt":16000,"costRon":55133342,"ronPerVehicleHour":866.0},"geometry":{"type":"LineString","coordinates":[[21.4469,45.7973],[21.4709,45.8021]]}},{"type":"Feature","properties":{"kind":"ocolire","rank":177,"road":"DN2","km":1.9,"aadt":15977,"costRon":52907025,"ronPerVehicleHour":867.3},"geometry":{"type":"LineString","coordinates":[[26.9034,46.6653],[26.8976,46.6819]]}},{"type":"Feature","properties":{"kind":"ocolire","rank":178,"road":"DN2","km":2.49,"aadt":15977,"costRon":69527072,"ronPerVehicleHour":867.3},"geometry":{"type":"LineString","coordinates":[[26.8874,46.73],[26.8835,46.7523]]}},{"type":"Feature","properties":{"kind":"ocolire","rank":179,"road":"DN2","km":5.0,"aadt":15977,"costRon":139493155,"ronPerVehicleHour":867.3},"geometry":{"type":"LineString","coordinates":[[26.93,46.5789],[26.9307,46.6019],[26.9188,46.6223]]}},{"type":"Feature","properties":{"kind":"ocolire","rank":180,"road":"CORA","km":1.72,"aadt":15966,"costRon":48049110,"ronPerVehicleHour":867.9},"geometry":{"type":"LineString","coordinates":[[21.9346,47.0712],[21.9194,47.0825]]}},{"type":"Feature","properties":{"kind":"ocolire","rank":181,"road":"DN39","km":4.16,"aadt":15906,"costRon":116068346,"ronPerVehicleHour":871.1},"geometry":{"type":"LineString","coordinates":[[28.645,44.0419],[28.6476,44.03],[28.6392,44.0055]]}},{"type":"Feature","properties":{"kind":"ocolire","rank":182,"road":"DN7","km":1.77,"aadt":15888,"costRon":49453894,"ronPerVehicleHour":872.1},"geometry":{"type":"LineString","coordinates":[[25.9683,44.52],[25.9709,44.5149],[25.9817,44.5083]]}},{"type":"Feature","properties":{"kind":"ocolire","rank":183,"road":"DN7","km":0.93,"aadt":15888,"costRon":25853517,"ronPerVehicleHour":872.1},"geometry":{"type":"LineString","coordinates":[[25.9348,44.5329],[25.9243,44.5363]]}},{"type":"Feature","properties":{"kind":"ocolire","rank":184,"road":"DN7","km":2.32,"aadt":15888,"costRon":64753073,"ronPerVehicleHour":872.1},"geometry":{"type":"LineString","coordinates":[[25.9818,44.5084],[25.9708,44.5152],[25.9698,44.5199],[25.9623,44.5211]]}},{"type":"Feature","properties":{"kind":"ocolire","rank":185,"road":"DN7","km":0.82,"aadt":15888,"costRon":22878091,"ronPerVehicleHour":872.1},"geometry":{"type":"LineString","coordinates":[[25.9255,44.5355],[25.9348,44.5329]]}},{"type":"Feature","properties":{"kind":"ocolire","rank":186,"road":"DN6","km":0.55,"aadt":15863,"costRon":15370797,"ronPerVehicleHour":873.5},"geometry":{"type":"LineString","coordinates":[[22.6099,44.6261],[22.6161,44.6243]]}},{"type":"Feature","properties":{"kind":"ocolire","rank":187,"road":"DN6","km":0.99,"aadt":15863,"costRon":27614458,"ronPerVehicleHour":873.5},"geometry":{"type":"LineString","coordinates":[[22.7109,44.6118],[22.6994,44.6145]]}},{"type":"Feature","properties":{"kind":"ocolire","rank":188,"road":"DN6","km":0.91,"aadt":15863,"costRon":25430082,"ronPerVehicleHour":873.5},"geometry":{"type":"LineString","coordinates":[[22.6992,44.6145],[22.7098,44.612]]}},{"type":"Feature","properties":{"kind":"ocolire","rank":189,"road":"DN6","km":3.08,"aadt":15863,"costRon":85780893,"ronPerVehicleHour":873.5},"geometry":{"type":"LineString","coordinates":[[22.6408,44.6304],[22.6792,44.6323]]}},{"type":"Feature","properties":{"kind":"ocolire","rank":190,"road":"DN6","km":1.82,"aadt":15863,"costRon":50779282,"ronPerVehicleHour":873.5},"geometry":{"type":"LineString","coordinates":[[22.6792,44.6326],[22.6563,44.6326]]}},{"type":"Feature","properties":{"kind":"ocolire","rank":191,"road":"DN6","km":1.35,"aadt":15863,"costRon":37541307,"ronPerVehicleHour":873.5},"geometry":{"type":"LineString","coordinates":[[22.6164,44.6243],[22.6334,44.624]]}},{"type":"Feature","properties":{"kind":"ocolire","rank":192,"road":"DN7","km":0.89,"aadt":15671,"costRon":24882245,"ronPerVehicleHour":884.2},"geometry":{"type":"LineString","coordinates":[[24.6167,44.9988],[24.6125,45.0018],[24.6084,45.0]]}},{"type":"Feature","properties":{"kind":"ocolire","rank":193,"road":"DN7","km":1.4,"aadt":15671,"costRon":38940592,"ronPerVehicleHour":884.2},"geometry":{"type":"LineString","coordinates":[[24.656,44.9812],[24.6429,44.9889]]}},{"type":"Feature","properties":{"kind":"ocolire","rank":194,"road":"DN7","km":15.64,"aadt":15671,"costRon":436135788,"ronPerVehicleHour":884.2},"geometry":{"type":"LineString","coordinates":[[24.8144,44.8887],[24.8063,44.886],[24.7847,44.8855],[24.7425,44.8949],[24.7211,44.9133],[24.721,44.9207],[24.6991,44.9464],[24.6941,44.9585],[24.6802,44.9657]]}},{"type":"Feature","properties":{"kind":"ocolire","rank":195,"road":"DN7","km":1.18,"aadt":15671,"costRon":32945747,"ronPerVehicleHour":884.2},"geometry":{"type":"LineString","coordinates":[[24.829,44.8931],[24.8157,44.8887]]}},{"type":"Feature","properties":{"kind":"ocolire","rank":196,"road":"DN1A","km":5.1,"aadt":15647,"costRon":142231960,"ronPerVehicleHour":885.6},"geometry":{"type":"LineString","coordinates":[[26.0148,44.9874],[26.0127,44.9942],[26.0185,45.003],[26.0122,45.0127],[26.0186,45.019],[26.0186,45.0281]]}},{"type":"Feature","properties":{"kind":"ocolire","rank":197,"road":"DN1A","km":1.21,"aadt":15647,"costRon":33605002,"ronPerVehicleHour":885.6},"geometry":{"type":"LineString","coordinates":[[26.0224,45.0624],[26.0279,45.0725]]}},{"type":"Feature","properties":{"kind":"ocolire","rank":198,"road":"DN1A","km":1.33,"aadt":15647,"costRon":37041823,"ronPerVehicleHour":885.6},"geometry":{"type":"LineString","coordinates":[[26.0191,45.0482],[26.0215,45.0601]]}},{"type":"Feature","properties":{"kind":"ocolire","rank":199,"road":"DN1A","km":1.86,"aadt":15647,"costRon":51859122,"ronPerVehicleHour":885.6},"geometry":{"type":"LineString","coordinates":[[26.0184,45.0296],[26.0188,45.0461]]}},{"type":"Feature","properties":{"kind":"ocolire","rank":200,"road":"DN1A","km":1.78,"aadt":15647,"costRon":49522579,"ronPerVehicleHour":885.6},"geometry":{"type":"LineString","coordinates":[[26.043,45.1917],[26.0417,45.2074]]}},{"type":"Feature","properties":{"kind":"ocolire","rank":201,"road":"DN1A","km":0.57,"aadt":15647,"costRon":16000939,"ronPerVehicleHour":885.6},"geometry":{"type":"LineString","coordinates":[[26.0367,45.0887],[26.0368,45.0939]]}},{"type":"Feature","properties":{"kind":"ocolire","rank":202,"road":"DN1A","km":1.25,"aadt":15647,"costRon":34917902,"ronPerVehicleHour":885.6},"geometry":{"type":"LineString","coordinates":[[26.0363,45.1804],[26.0429,45.1903]]}},{"type":"Feature","properties":{"kind":"ocolire","rank":203,"road":"DN1A","km":3.59,"aadt":15647,"costRon":100031290,"ronPerVehicleHour":885.6},"geometry":{"type":"LineString","coordinates":[[26.0368,45.0952],[26.0353,45.127]]}},{"type":"Feature","properties":{"kind":"ocolire","rank":204,"road":"DN1A","km":3.65,"aadt":15647,"costRon":101883518,"ronPerVehicleHour":885.6},"geometry":{"type":"LineString","coordinates":[[26.0285,45.1455],[26.0353,45.178]]}},{"type":"Feature","properties":{"kind":"ocolire","rank":205,"road":"DN1A","km":1.08,"aadt":15647,"costRon":30214800,"ronPerVehicleHour":885.6},"geometry":{"type":"LineString","coordinates":[[26.0312,45.1354],[26.0287,45.145]]}},{"type":"Feature","properties":{"kind":"ocolire","rank":206,"road":"DN17","km":1.9,"aadt":15592,"costRon":52833875,"ronPerVehicleHour":888.7},"geometry":{"type":"LineString","coordinates":[[24.4548,47.1086],[24.463,47.1241]]}},{"type":"Feature","properties":{"kind":"ocolire","rank":207,"road":"DN17","km":1.88,"aadt":15592,"costRon":52359719,"ronPerVehicleHour":888.7},"geometry":{"type":"LineString","coordinates":[[24.4548,47.1081],[24.4387,47.0953]]}},{"type":"Feature","properties":{"kind":"ocolire","rank":208,"road":"DN17","km":2.32,"aadt":15592,"costRon":64648855,"ronPerVehicleHour":888.7},"geometry":{"type":"LineString","coordinates":[[24.4773,47.123],[24.4555,47.1086]]}},{"type":"Feature","properties":{"kind":"ocolire","rank":209,"road":"DN2","km":0.9,"aadt":15340,"costRon":25044752,"ronPerVehicleHour":903.3},"geometry":{"type":"LineString","coordinates":[[26.9055,46.9144],[26.9166,46.9117]]}},{"type":"Feature","properties":{"kind":"ocolire","rank":210,"road":"DN2","km":1.33,"aadt":15340,"costRon":37076862,"ronPerVehicleHour":903.3},"geometry":{"type":"LineString","coordinates":[[26.911,46.9],[26.917,46.9112]]}},{"type":"Feature","properties":{"kind":"ocolire","rank":211,"road":"DN5","km":1.3,"aadt":15321,"costRon":36348653,"ronPerVehicleHour":904.4},"geometry":{"type":"LineString","coordinates":[[25.9804,43.9491],[25.9775,43.9376]]}},{"type":"Feature","properties":{"kind":"ocolire","rank":212,"road":"DN5","km":0.97,"aadt":15321,"costRon":27080148,"ronPerVehicleHour":904.4},"geometry":{"type":"LineString","coordinates":[[25.9774,43.9374],[25.9753,43.9288]]}},{"type":"Feature","properties":{"kind":"ocolire","rank":213,"road":"DN5","km":0.97,"aadt":15321,"costRon":27082960,"ronPerVehicleHour":904.4},"geometry":{"type":"LineString","coordinates":[[25.9755,43.9288],[25.9776,43.9374]]}},{"type":"Feature","properties":{"kind":"ocolire","rank":214,"road":"DN5","km":1.31,"aadt":15321,"costRon":36416351,"ronPerVehicleHour":904.4},"geometry":{"type":"LineString","coordinates":[[25.9776,43.9376],[25.9806,43.9491]]}},{"type":"Feature","properties":{"kind":"ocolire","rank":215,"road":"DN64","km":1.78,"aadt":15319,"costRon":49732353,"ronPerVehicleHour":904.5},"geometry":{"type":"LineString","coordinates":[[24.3536,45.081],[24.3613,45.0957]]}},{"type":"Feature","properties":{"kind":"ocolire","rank":216,"road":"DN64","km":0.54,"aadt":15319,"costRon":15008769,"ronPerVehicleHour":904.5},"geometry":{"type":"LineString","coordinates":[[24.3525,45.0802],[24.3495,45.0759]]}},{"type":"Feature","properties":{"kind":"ocolire","rank":217,"road":"DN64","km":1.18,"aadt":15319,"costRon":32993505,"ronPerVehicleHour":904.5},"geometry":{"type":"LineString","coordinates":[[24.309,45.043],[24.3192,45.0506]]}},{"type":"Feature","properties":{"kind":"ocolire","rank":218,"road":"DN64","km":2.22,"aadt":15319,"costRon":61779778,"ronPerVehicleHour":904.5},"geometry":{"type":"LineString","coordinates":[[24.3207,45.0513],[24.3298,45.0553],[24.3397,45.0655]]}},{"type":"Feature","properties":{"kind":"ocolire","rank":219,"road":"DN64","km":2.19,"aadt":15319,"costRon":60944786,"ronPerVehicleHour":904.5},"geometry":{"type":"LineString","coordinates":[[24.3392,45.0651],[24.3296,45.0552],[24.3204,45.0512]]}},{"type":"Feature","properties":{"kind":"ocolire","rank":220,"road":"DN64","km":1.07,"aadt":15319,"costRon":29907797,"ronPerVehicleHour":904.5},"geometry":{"type":"LineString","coordinates":[[24.3188,45.0505],[24.3095,45.0436]]}},{"type":"Feature","properties":{"kind":"ocolire","rank":221,"road":"DN64","km":0.73,"aadt":15319,"costRon":20446174,"ronPerVehicleHour":904.5},"geometry":{"type":"LineString","coordinates":[[24.3025,45.0369],[24.3081,45.0422]]}},{"type":"Feature","properties":{"kind":"ocolire","rank":222,"road":"DN64","km":1.46,"aadt":15319,"costRon":40824054,"ronPerVehicleHour":904.5},"geometry":{"type":"LineString","coordinates":[[24.2866,45.0241],[24.2749,45.0139]]}},{"type":"Feature","properties":{"kind":"ocolire","rank":223,"road":"DN5","km":1.81,"aadt":15301,"costRon":50412513,"ronPerVehicleHour":905.6},"geometry":{"type":"LineString","coordinates":[[25.9924,43.9955],[25.9881,43.9795]]}},{"type":"Feature","properties":{"kind":"ocolire","rank":224,"road":"DN5","km":1.25,"aadt":15301,"costRon":34970437,"ronPerVehicleHour":905.6},"geometry":{"type":"LineString","coordinates":[[25.9895,43.9845],[25.9925,43.9955]]}},{"type":"Feature","properties":{"kind":"ocolire","rank":225,"road":"DN1C","km":2.2,"aadt":15241,"costRon":61285070,"ronPerVehicleHour":909.1},"geometry":{"type":"LineString","coordinates":[[23.46,47.6098],[23.4819,47.6213]]}},{"type":"Feature","properties":{"kind":"ocolire","rank":226,"road":"DN1C","km":1.08,"aadt":15241,"costRon":29982236,"ronPerVehicleHour":909.1},"geometry":{"type":"LineString","coordinates":[[23.5113,47.6372],[23.4997,47.6317]]}},{"type":"Feature","properties":{"kind":"ocolire","rank":227,"road":"DN15","km":1.87,"aadt":15160,"costRon":52024637,"ronPerVehicleHour":914.0},"geometry":{"type":"LineString","coordinates":[[24.0158,46.4648],[24.0238,46.4663],[24.0388,46.4637]]}},{"type":"Feature","properties":{"kind":"ocolire","rank":228,"road":"DN15","km":2.64,"aadt":15160,"costRon":73598253,"ronPerVehicleHour":914.0},"geometry":{"type":"LineString","coordinates":[[23.9643,46.4637],[23.9827,46.467],[23.9977,46.4656]]}},{"type":"Feature","properties":{"kind":"ocolire","rank":229,"road":"DN15","km":1.05,"aadt":15160,"costRon":29162485,"ronPerVehicleHour":914.0},"geometry":{"type":"LineString","coordinates":[[24.0799,46.4739],[24.0884,46.48]]}},{"type":"Feature","properties":{"kind":"ocolire","rank":230,"road":"DN15","km":1.45,"aadt":15160,"costRon":40412940,"ronPerVehicleHour":914.0},"geometry":{"type":"LineString","coordinates":[[24.0904,46.481],[24.0978,46.4875],[24.1024,46.4853]]}},{"type":"Feature","properties":{"kind":"ocolire","rank":231,"road":"DN1C","km":7.99,"aadt":15116,"costRon":222690573,"ronPerVehicleHour":916.7},"geometry":{"type":"LineString","coordinates":[[23.2848,47.7486],[23.3003,47.7435],[23.3487,47.7152],[23.3688,47.7083]]}},{"type":"Feature","properties":{"kind":"ocolire","rank":232,"road":"DN1C","km":3.41,"aadt":15116,"costRon":95009692,"ronPerVehicleHour":916.7},"geometry":{"type":"LineString","coordinates":[[23.4228,47.6729],[23.4367,47.6655],[23.4639,47.6648]]}},{"type":"Feature","properties":{"kind":"ocolire","rank":233,"road":"DN1C","km":4.62,"aadt":15116,"costRon":128843429,"ronPerVehicleHour":916.7},"geometry":{"type":"LineString","coordinates":[[23.4669,47.6662],[23.4707,47.6683],[23.4913,47.6604],[23.5054,47.6612],[23.519,47.6533]]}},{"type":"Feature","properties":{"kind":"ocolire","rank":234,"road":"DN1C","km":2.18,"aadt":15116,"costRon":60873153,"ronPerVehicleHour":916.7},"geometry":{"type":"LineString","coordinates":[[23.2606,47.7549],[23.277,47.746],[23.2836,47.7489]]}},{"type":"Feature","properties":{"kind":"ocolire","rank":235,"road":"DN1C","km":0.92,"aadt":15116,"costRon":25705896,"ronPerVehicleHour":916.7},"geometry":{"type":"LineString","coordinates":[[23.396,47.69],[23.4049,47.6843]]}},{"type":"Feature","properties":{"kind":"ocolire","rank":236,"road":"DN15","km":1.28,"aadt":15108,"costRon":35571259,"ronPerVehicleHour":917.1},"geometry":{"type":"LineString","coordinates":[[24.3411,46.4491],[24.3573,46.4505]]}},{"type":"Feature","properties":{"kind":"ocolire","rank":237,"road":"DN15","km":1.08,"aadt":15108,"costRon":30047097,"ronPerVehicleHour":917.1},"geometry":{"type":"LineString","coordinates":[[24.4106,46.4633],[24.4238,46.4661]]}},{"type":"Feature","properties":{"kind":"ocolire","rank":238,"road":"DN15","km":0.69,"aadt":15108,"costRon":19176299,"ronPerVehicleHour":917.1},"geometry":{"type":"LineString","coordinates":[[24.453,46.4782],[24.4464,46.474]]}},{"type":"Feature","properties":{"kind":"ocolire","rank":239,"road":"DN15","km":1.92,"aadt":15108,"costRon":53444222,"ronPerVehicleHour":917.1},"geometry":{"type":"LineString","coordinates":[[24.27,46.4418],[24.277,46.4464],[24.2914,46.4487]]}},{"type":"Feature","properties":{"kind":"ocolire","rank":240,"road":"DN6","km":3.02,"aadt":15023,"costRon":84203699,"ronPerVehicleHour":922.3},"geometry":{"type":"LineString","coordinates":[[21.7828,45.7478],[21.746,45.7542]]}},{"type":"Feature","properties":{"kind":"ocolire","rank":241,"road":"DN6","km":2.22,"aadt":15023,"costRon":61886567,"ronPerVehicleHour":922.3},"geometry":{"type":"LineString","coordinates":[[21.8482,45.7375],[21.8656,45.7328],[21.8705,45.7276]]}},{"type":"Feature","properties":{"kind":"ocolire","rank":242,"road":"DN6","km":1.21,"aadt":15023,"costRon":33797925,"ronPerVehicleHour":922.3},"geometry":{"type":"LineString","coordinates":[[21.7405,45.755],[21.7289,45.761]]}},{"type":"Feature","properties":{"kind":"ocolire","rank":243,"road":"DN22","km":1.71,"aadt":14926,"costRon":47704585,"ronPerVehicleHour":928.3},"geometry":{"type":"LineString","coordinates":[[28.746,45.1723],[28.7653,45.1778]]}},{"type":"Feature","properties":{"kind":"ocolire","rank":244,"road":"DN22","km":3.09,"aadt":14926,"costRon":86097932,"ronPerVehicleHour":928.3},"geometry":{"type":"LineString","coordinates":[[28.6477,45.1876],[28.6611,45.1902],[28.6778,45.1774]]}},{"type":"Feature","properties":{"kind":"ocolire","rank":245,"road":"DN22","km":3.46,"aadt":14926,"costRon":96402567,"ronPerVehicleHour":928.3},"geometry":{"type":"LineString","coordinates":[[28.7052,45.1657],[28.7097,45.164],[28.7217,45.1682],[28.7332,45.1662],[28.7346,45.1693],[28.7417,45.171]]}},{"type":"Feature","properties":{"kind":"ocolire","rank":246,"road":"DN7","km":1.31,"aadt":14865,"costRon":36517147,"ronPerVehicleHour":932.1},"geometry":{"type":"LineString","coordinates":[[24.2932,45.4734],[24.2933,45.4844]]}},{"type":"Feature","properties":{"kind":"ocolire","rank":247,"road":"DN7","km":1.53,"aadt":14865,"costRon":42577030,"ronPerVehicleHour":932.1},"geometry":{"type":"LineString","coordinates":[[24.2918,45.3637],[24.2959,45.3766]]}},{"type":"Feature","properties":{"kind":"ocolire","rank":248,"road":"DN7","km":5.23,"aadt":14865,"costRon":145708167,"ronPerVehicleHour":932.1},"geometry":{"type":"LineString","coordinates":[[24.2173,45.3432],[24.2414,45.3444],[24.2552,45.3337],[24.2747,45.3326]]}},{"type":"Feature","properties":{"kind":"ocolire","rank":249,"road":"DN7","km":0.89,"aadt":14865,"costRon":24749271,"ronPerVehicleHour":932.1},"geometry":{"type":"LineString","coordinates":[[24.2876,45.3054],[24.2878,45.3086],[24.2817,45.3087]]}},{"type":"Feature","properties":{"kind":"ocolire","rank":250,"road":"DN7","km":1.07,"aadt":14865,"costRon":29783828,"ronPerVehicleHour":932.1},"geometry":{"type":"LineString","coordinates":[[24.2827,45.5157],[24.2723,45.521]]}},{"type":"Feature","properties":{"kind":"ocolire","rank":251,"road":"DN7","km":0.53,"aadt":14865,"costRon":14741874,"ronPerVehicleHour":932.1},"geometry":{"type":"LineString","coordinates":[[24.3007,45.3877],[24.3022,45.3919]]}},{"type":"Feature","properties":{"kind":"ocolire","rank":252,"road":"DN7","km":1.89,"aadt":14865,"costRon":52645659,"ronPerVehicleHour":932.1},"geometry":{"type":"LineString","coordinates":[[24.2695,45.5478],[24.2651,45.5508],[24.2665,45.5589],[24.2631,45.5611]]}},{"type":"Feature","properties":{"kind":"ocolire","rank":253,"road":"DN7","km":0.88,"aadt":14865,"costRon":24623213,"ronPerVehicleHour":932.1},"geometry":{"type":"LineString","coordinates":[[24.3042,45.4954],[24.297,45.5001]]}},{"type":"Feature","properties":{"kind":"ocolire","rank":254,"road":"DN7","km":1.32,"aadt":14865,"costRon":36781684,"ronPerVehicleHour":932.1},"geometry":{"type":"LineString","coordinates":[[24.3193,45.2609],[24.3146,45.2716]]}},{"type":"Feature","properties":{"kind":"ocolire","rank":255,"road":"DN15","km":3.07,"aadt":14834,"costRon":85455851,"ronPerVehicleHour":934.1},"geometry":{"type":"LineString","coordinates":[[26.4449,46.8767],[26.4744,46.858]]}},{"type":"Feature","properties":{"kind":"ocolire","rank":256,"road":"DN15","km":3.07,"aadt":14834,"costRon":85448091,"ronPerVehicleHour":934.1},"geometry":{"type":"LineString","coordinates":[[26.4744,46.858],[26.4449,46.8767]]}},{"type":"Feature","properties":{"kind":"ocolire","rank":257,"road":"DN15","km":4.64,"aadt":14834,"costRon":129416717,"ronPerVehicleHour":934.1},"geometry":{"type":"LineString","coordinates":[[26.4051,46.9083],[26.4449,46.8767]]}},{"type":"Feature","properties":{"kind":"ocolire","rank":258,"road":"DN5","km":1.62,"aadt":14762,"costRon":45196722,"ronPerVehicleHour":938.6},"geometry":{"type":"LineString","coordinates":[[26.0025,44.1862],[25.9962,44.1724]]}},{"type":"Feature","properties":{"kind":"ocolire","rank":259,"road":"DN5","km":1.66,"aadt":14762,"costRon":46189253,"ronPerVehicleHour":938.6},"geometry":{"type":"LineString","coordinates":[[25.9964,44.172],[26.0027,44.1861]]}},{"type":"Feature","properties":{"kind":"ocolire","rank":260,"road":"DN5","km":1.93,"aadt":14762,"costRon":53751162,"ronPerVehicleHour":938.6},"geometry":{"type":"LineString","coordinates":[[26.013,44.202],[26.0027,44.1863]]}},{"type":"Feature","properties":{"kind":"ocolire","rank":261,"road":"DN5","km":0.54,"aadt":14762,"costRon":15035399,"ronPerVehicleHour":938.6},"geometry":{"type":"LineString","coordinates":[[25.9949,44.1476],[25.9951,44.1428]]}},{"type":"Feature","properties":{"kind":"ocolire","rank":262,"road":"DN5","km":1.93,"aadt":14762,"costRon":53819117,"ronPerVehicleHour":938.6},"geometry":{"type":"LineString","coordinates":[[26.0028,44.1863],[26.0132,44.202]]}},{"type":"Feature","properties":{"kind":"ocolire","rank":263,"road":"DN5","km":0.58,"aadt":14762,"costRon":16130402,"ronPerVehicleHour":938.6},"geometry":{"type":"LineString","coordinates":[[25.9952,44.1425],[25.995,44.1477]]}},{"type":"Feature","properties":{"kind":"ocolire","rank":264,"road":"DN2","km":1.4,"aadt":14719,"costRon":38963641,"ronPerVehicleHour":941.4},"geometry":{"type":"LineString","coordinates":[[27.1217,45.5371],[27.1061,45.5416]]}},{"type":"Feature","properties":{"kind":"ocolire","rank":265,"road":"DN6","km":0.55,"aadt":14719,"costRon":15321140,"ronPerVehicleHour":941.4},"geometry":{"type":"LineString","coordinates":[[21.3809,45.7798],[21.3873,45.7815]]}},{"type":"Feature","properties":{"kind":"ocolire","rank":266,"road":"DN6","km":1.28,"aadt":14719,"costRon":35765499,"ronPerVehicleHour":941.4},"geometry":{"type":"LineString","coordinates":[[21.3601,45.7781],[21.3764,45.7796]]}},{"type":"Feature","properties":{"kind":"ocolire","rank":267,"road":"DN15","km":1.05,"aadt":14714,"costRon":29399930,"ronPerVehicleHour":941.7},"geometry":{"type":"LineString","coordinates":[[24.2323,46.45],[24.2441,46.4478]]}},{"type":"Feature","properties":{"kind":"ocolire","rank":268,"road":"DN72","km":1.62,"aadt":14472,"costRon":45280648,"ronPerVehicleHour":957.5},"geometry":{"type":"LineString","coordinates":[[25.4183,44.871],[25.4297,44.8831]]}},{"type":"Feature","properties":{"kind":"ocolire","rank":269,"road":"DN72","km":1.07,"aadt":14472,"costRon":29777873,"ronPerVehicleHour":957.5},"geometry":{"type":"LineString","coordinates":[[25.4006,44.8288],[25.3976,44.8381]]}},{"type":"Feature","properties":{"kind":"ocolire","rank":270,"road":"DN72","km":1.66,"aadt":14472,"costRon":46302727,"ronPerVehicleHour":957.5},"geometry":{"type":"LineString","coordinates":[[25.4314,44.8848],[25.445,44.8955]]}},{"type":"Feature","properties":{"kind":"ocolire","rank":271,"road":"DN72","km":0.73,"aadt":14472,"costRon":20290431,"ronPerVehicleHour":957.5},"geometry":{"type":"LineString","coordinates":[[25.3976,44.8421],[25.4,44.848]]}},{"type":"Feature","properties":{"kind":"ocolire","rank":272,"road":"DN6","km":1.06,"aadt":14107,"costRon":29456193,"ronPerVehicleHour":982.2},"geometry":{"type":"LineString","coordinates":[[25.8219,44.2423],[25.8151,44.2345]]}},{"type":"Feature","properties":{"kind":"ocolire","rank":273,"road":"DN6","km":1.09,"aadt":14107,"costRon":30517249,"ronPerVehicleHour":982.2},"geometry":{"type":"LineString","coordinates":[[25.8682,44.2893],[25.8631,44.2809]]}},{"type":"Feature","properties":{"kind":"ocolire","rank":274,"road":"DN2","km":0.88,"aadt":13989,"costRon":24577026,"ronPerVehicleHour":990.5},"geometry":{"type":"LineString","coordinates":[[26.8586,45.2154],[26.8634,45.2225]]}},{"type":"Feature","properties":{"kind":"ocolire","rank":275,"road":"DN2","km":1.95,"aadt":13989,"costRon":54374560,"ronPerVehicleHour":990.5},"geometry":{"type":"LineString","coordinates":[[27.0123,45.3604],[27.0306,45.3722]]}},{"type":"Feature","properties":{"kind":"ocolire","rank":276,"road":"DN2","km":0.62,"aadt":13989,"costRon":17276821,"ronPerVehicleHour":990.5},"geometry":{"type":"LineString","coordinates":[[27.0318,45.3736],[27.0327,45.3792]]}},{"type":"Feature","properties":{"kind":"ocolire","rank":277,"road":"DN2","km":3.13,"aadt":13989,"costRon":87168203,"ronPerVehicleHour":990.5},"geometry":{"type":"LineString","coordinates":[[26.8668,45.2276],[26.8839,45.253]]}},{"type":"Feature","properties":{"kind":"ocolire","rank":278,"road":"DN1A","km":4.86,"aadt":13857,"costRon":135600581,"ronPerVehicleHour":999.9},"geometry":{"type":"LineString","coordinates":[[26.0061,44.5233],[25.9939,44.5351],[25.9682,44.545],[25.9609,44.5512]]}},{"type":"Feature","properties":{"kind":"ocolire","rank":279,"road":"DN1A","km":0.88,"aadt":13857,"costRon":24550050,"ronPerVehicleHour":999.9},"geometry":{"type":"LineString","coordinates":[[26.0074,44.5223],[26.0145,44.5162]]}},{"type":"Feature","properties":{"kind":"ocolire","rank":280,"road":"DN71","km":1.44,"aadt":13756,"costRon":40263419,"ronPerVehicleHour":1007.3},"geometry":{"type":"LineString","coordinates":[[25.5012,44.8954],[25.492,44.9066]]}},{"type":"Feature","properties":{"kind":"ocolire","rank":281,"road":"DN71","km":1.03,"aadt":13756,"costRon":28735164,"ronPerVehicleHour":1007.3},"geometry":{"type":"LineString","coordinates":[[25.4945,44.9034],[25.5012,44.8954]]}},{"type":"Feature","properties":{"kind":"ocolire","rank":282,"road":"DN71","km":0.94,"aadt":13756,"costRon":26259725,"ronPerVehicleHour":1007.3},"geometry":{"type":"LineString","coordinates":[[25.5433,44.8481],[25.5496,44.8409]]}},{"type":"Feature","properties":{"kind":"ocolire","rank":283,"road":"DN71","km":1.14,"aadt":13756,"costRon":31681952,"ronPerVehicleHour":1007.3},"geometry":{"type":"LineString","coordinates":[[25.5012,44.8954],[25.5094,44.8871]]}},{"type":"Feature","properties":{"kind":"ocolire","rank":284,"road":"DN71","km":0.64,"aadt":13756,"costRon":17806999,"ronPerVehicleHour":1007.3},"geometry":{"type":"LineString","coordinates":[[25.6025,44.7419],[25.6049,44.7364]]}},{"type":"Feature","properties":{"kind":"ocolire","rank":285,"road":"DN71","km":3.76,"aadt":13756,"costRon":104870222,"ronPerVehicleHour":1007.3},"geometry":{"type":"LineString","coordinates":[[25.6202,44.7067],[25.635,44.6943],[25.6371,44.6854],[25.6444,44.6789]]}},{"type":"Feature","properties":{"kind":"ocolire","rank":286,"road":"DN71","km":1.5,"aadt":13756,"costRon":41716615,"ronPerVehicleHour":1007.3},"geometry":{"type":"LineString","coordinates":[[25.5885,44.7746],[25.594,44.7617]]}},{"type":"Feature","properties":{"kind":"ocolire","rank":287,"road":"DN71","km":1.23,"aadt":13756,"costRon":34151328,"ronPerVehicleHour":1007.3},"geometry":{"type":"LineString","coordinates":[[25.4821,44.9153],[25.4917,44.9067]]}},{"type":"Feature","properties":{"kind":"ocolire","rank":288,"road":"DN71","km":2.13,"aadt":13756,"costRon":59363629,"ronPerVehicleHour":1007.3},"geometry":{"type":"LineString","coordinates":[[25.5564,44.833],[25.5705,44.8167]]}},{"type":"Feature","properties":{"kind":"ocolire","rank":289,"road":"DN7","km":0.82,"aadt":13662,"costRon":22800183,"ronPerVehicleHour":1014.2},"geometry":{"type":"LineString","coordinates":[[24.5098,45.0256],[24.5006,45.0276]]}},{"type":"Feature","properties":{"kind":"ocolire","rank":290,"road":"DN7","km":1.34,"aadt":13662,"costRon":37362239,"ronPerVehicleHour":1014.2},"geometry":{"type":"LineString","coordinates":[[24.5702,45.0141],[24.5584,45.0063]]}},{"type":"Feature","properties":{"kind":"ocolire","rank":291,"road":"DN7","km":1.32,"aadt":13662,"costRon":36696446,"ronPerVehicleHour":1014.2},"geometry":{"type":"LineString","coordinates":[[24.5398,45.0153],[24.5246,45.0195]]}},{"type":"Feature","properties":{"kind":"ocolire","rank":292,"road":"DN2B","km":0.87,"aadt":13641,"costRon":24283342,"ronPerVehicleHour":1015.8},"geometry":{"type":"LineString","coordinates":[[27.9338,45.41],[27.9444,45.4077]]}},{"type":"Feature","properties":{"kind":"ocolire","rank":293,"road":"DN2B","km":0.81,"aadt":13641,"costRon":22594610,"ronPerVehicleHour":1015.8},"geometry":{"type":"LineString","coordinates":[[27.9589,45.4057],[27.968,45.4051]]}},{"type":"Feature","properties":{"kind":"ocolire","rank":294,"road":"DN79","km":2.41,"aadt":13640,"costRon":67160823,"ronPerVehicleHour":1015.9},"geometry":{"type":"LineString","coordinates":[[21.3943,46.296],[21.3908,46.2745]]}},{"type":"Feature","properties":{"kind":"ocolire","rank":295,"road":"A2","km":5.77,"aadt":13581,"costRon":160879064,"ronPerVehicleHour":1020.3},"geometry":{"type":"LineString","coordinates":[[27.8359,44.398],[27.8434,44.3877],[27.8423,44.3771],[27.8336,44.3682],[27.8099,44.362]]}},{"type":"Feature","properties":{"kind":"ocolire","rank":296,"road":"DN1","km":0.73,"aadt":13475,"costRon":20345616,"ronPerVehicleHour":1028.3},"geometry":{"type":"LineString","coordinates":[[24.6714,45.7879],[24.6621,45.787]]}},{"type":"Feature","properties":{"kind":"ocolire","rank":297,"road":"DN1","km":1.45,"aadt":13475,"costRon":40318226,"ronPerVehicleHour":1028.3},"geometry":{"type":"LineString","coordinates":[[24.6307,45.7812],[24.6137,45.7765]]}},{"type":"Feature","properties":{"kind":"ocolire","rank":298,"road":"DN59","km":1.37,"aadt":13425,"costRon":38238937,"ronPerVehicleHour":1032.1},"geometry":{"type":"LineString","coordinates":[[21.1781,45.6425],[21.1739,45.6542]]}},{"type":"Feature","properties":{"kind":"ocolire","rank":299,"road":"DN59","km":0.6,"aadt":13425,"costRon":16756699,"ronPerVehicleHour":1032.1},"geometry":{"type":"LineString","coordinates":[[21.1739,45.6542],[21.1733,45.6596]]}},{"type":"Feature","properties":{"kind":"ocolire","rank":300,"road":"DN59","km":0.6,"aadt":13425,"costRon":16747555,"ronPerVehicleHour":1032.1},"geometry":{"type":"LineString","coordinates":[[21.1732,45.6596],[21.1739,45.6542]]}},{"type":"Feature","properties":{"kind":"ocolire","rank":301,"road":"DN65","km":0.69,"aadt":13417,"costRon":19362224,"ronPerVehicleHour":1032.7},"geometry":{"type":"LineString","coordinates":[[24.0246,44.3426],[24.0324,44.3441]]}},{"type":"Feature","properties":{"kind":"ocolire","rank":302,"road":"DN65","km":0.85,"aadt":13417,"costRon":23785421,"ronPerVehicleHour":1032.7},"geometry":{"type":"LineString","coordinates":[[23.9684,44.3214],[23.9756,44.3264]]}},{"type":"Feature","properties":{"kind":"ocolire","rank":303,"road":"DN65","km":1.33,"aadt":13417,"costRon":37166061,"ronPerVehicleHour":1032.7},"geometry":{"type":"LineString","coordinates":[[23.9756,44.3264],[23.991,44.3308]]}},{"type":"Feature","properties":{"kind":"ocolire","rank":304,"road":"DN65","km":5.7,"aadt":13417,"costRon":158871506,"ronPerVehicleHour":1032.7},"geometry":{"type":"LineString","coordinates":[[24.1442,44.3484],[24.1291,44.3431],[24.1007,44.3509],[24.077,44.3531]]}},{"type":"Feature","properties":{"kind":"ocolire","rank":305,"road":"CB","km":2.51,"aadt":13416,"costRon":69924971,"ronPerVehicleHour":1032.8},"geometry":{"type":"LineString","coordinates":[[26.0846,44.3523],[26.0776,44.3303]]}},{"type":"Feature","properties":{"kind":"ocolire","rank":306,"road":"CB","km":0.58,"aadt":13416,"costRon":16052780,"ronPerVehicleHour":1032.8},"geometry":{"type":"LineString","coordinates":[[25.9941,44.3827],[25.9996,44.3793]]}},{"type":"Feature","properties":{"kind":"ocolire","rank":307,"road":"CB","km":0.97,"aadt":13416,"costRon":26991037,"ronPerVehicleHour":1032.8},"geometry":{"type":"LineString","coordinates":[[26.033,44.3603],[26.0441,44.3568]]}},{"type":"Feature","properties":{"kind":"ocolire","rank":308,"road":"DN1","km":2.17,"aadt":13414,"costRon":60607038,"ronPerVehicleHour":1033.0},"geometry":{"type":"LineString","coordinates":[[25.5848,45.5354],[25.5706,45.5242],[25.5742,45.5222]]}},{"type":"Feature","properties":{"kind":"ocolire","rank":309,"road":"VO_GHERLA","km":1.3,"aadt":13361,"costRon":36341567,"ronPerVehicleHour":1037.1},"geometry":{"type":"LineString","coordinates":[[23.8735,47.0197],[23.887,47.0269]]}},{"type":"Feature","properties":{"kind":"ocolire","rank":310,"road":"DN72","km":0.77,"aadt":13359,"costRon":21355548,"ronPerVehicleHour":1037.2},"geometry":{"type":"LineString","coordinates":[[25.6243,44.9072],[25.6162,44.9105]]}},{"type":"Feature","properties":{"kind":"ocolire","rank":311,"road":"DN72","km":1.2,"aadt":13359,"costRon":33374322,"ronPerVehicleHour":1037.2},"geometry":{"type":"LineString","coordinates":[[25.8633,44.9274],[25.8484,44.9256]]}},{"type":"Feature","properties":{"kind":"ocolire","rank":312,"road":"DN72","km":1.19,"aadt":13359,"costRon":33262366,"ronPerVehicleHour":1037.2},"geometry":{"type":"LineString","coordinates":[[25.7056,44.9112],[25.6916,44.9104]]}},{"type":"Feature","properties":{"kind":"ocolire","rank":313,"road":"DN72","km":2.8,"aadt":13359,"costRon":78089545,"ronPerVehicleHour":1037.2},"geometry":{"type":"LineString","coordinates":[[25.7838,44.9177],[25.7639,44.9173],[25.7501,44.9135]]}},{"type":"Feature","properties":{"kind":"ocolire","rank":314,"road":"DN2","km":2.01,"aadt":13344,"costRon":55997355,"ronPerVehicleHour":1038.4},"geometry":{"type":"LineString","coordinates":[[27.1806,46.1001],[27.1926,46.0844]]}},{"type":"Feature","properties":{"kind":"ocolire","rank":315,"road":"DN2","km":0.59,"aadt":13344,"costRon":16559073,"ronPerVehicleHour":1038.4},"geometry":{"type":"LineString","coordinates":[[27.2037,45.8467],[27.2113,45.8464]]}},{"type":"Feature","properties":{"kind":"ocolire","rank":316,"road":"DN65B","km":2.83,"aadt":13305,"costRon":78872354,"ronPerVehicleHour":1041.4},"geometry":{"type":"LineString","coordinates":[[24.9083,44.8248],[24.8836,44.8181],[24.8749,44.8194]]}},{"type":"Feature","properties":{"kind":"ocolire","rank":317,"road":"DN65B","km":2.0,"aadt":13305,"costRon":55636151,"ronPerVehicleHour":1041.4},"geometry":{"type":"LineString","coordinates":[[24.9158,44.8254],[24.9385,44.8177]]}},{"type":"Feature","properties":{"kind":"ocolire","rank":318,"road":"DN19","km":0.53,"aadt":13272,"costRon":14866515,"ronPerVehicleHour":1044.0},"geometry":{"type":"LineString","coordinates":[[21.8943,47.1034],[21.8947,47.1058],[21.8939,47.1035]]}},{"type":"Feature","properties":{"kind":"ocolire","rank":319,"road":"DN6","km":0.57,"aadt":13256,"costRon":15942701,"ronPerVehicleHour":1045.3},"geometry":{"type":"LineString","coordinates":[[21.2053,45.7821],[21.2103,45.7783]]}},{"type":"Feature","properties":{"kind":"ocolire","rank":320,"road":"DN15","km":11.01,"aadt":13172,"costRon":306829365,"ronPerVehicleHour":1051.9},"geometry":{"type":"LineString","coordinates":[[26.6259,46.7738],[26.681,46.7256],[26.7013,46.7112],[26.7229,46.7021]]}},{"type":"Feature","properties":{"kind":"ocolire","rank":321,"road":"DN15","km":10.35,"aadt":13172,"costRon":288541623,"ronPerVehicleHour":1051.9},"geometry":{"type":"LineString","coordinates":[[26.4992,46.8428],[26.519,46.8308],[26.5394,46.8229],[26.5563,46.8109],[26.5874,46.7994],[26.6062,46.787]]}},{"type":"Feature","properties":{"kind":"ocolire","rank":322,"road":"DN15","km":2.47,"aadt":13172,"costRon":68923296,"ronPerVehicleHour":1051.9},"geometry":{"type":"LineString","coordinates":[[26.4744,46.858],[26.4986,46.8432]]}},{"type":"Feature","properties":{"kind":"ocolire","rank":323,"road":"DN7","km":0.82,"aadt":13131,"costRon":22864562,"ronPerVehicleHour":1055.2},"geometry":{"type":"LineString","coordinates":[[24.2512,45.5789],[24.2559,45.5852]]}},{"type":"Feature","properties":{"kind":"ocolire","rank":324,"road":"DN7","km":0.81,"aadt":13131,"costRon":22505846,"ronPerVehicleHour":1055.2},"geometry":{"type":"LineString","coordinates":[[24.261,45.6044],[24.2599,45.6115]]}},{"type":"Feature","properties":{"kind":"ocolire","rank":325,"road":"DN7","km":0.82,"aadt":13131,"costRon":22985781,"ronPerVehicleHour":1055.2},"geometry":{"type":"LineString","coordinates":[[24.2558,45.5853],[24.2512,45.5789]]}},{"type":"Feature","properties":{"kind":"ocolire","rank":326,"road":"DN7","km":0.5,"aadt":13131,"costRon":14034129,"ronPerVehicleHour":1055.2},"geometry":{"type":"LineString","coordinates":[[24.2627,45.6561],[24.2628,45.6531]]}},{"type":"Feature","properties":{"kind":"ocolire","rank":327,"road":"DN6","km":3.49,"aadt":13124,"costRon":97253289,"ronPerVehicleHour":1055.8},"geometry":{"type":"LineString","coordinates":[[23.6453,44.4751],[23.6145,44.4975]]}},{"type":"Feature","properties":{"kind":"ocolire","rank":328,"road":"DN6","km":3.95,"aadt":13124,"costRon":110212334,"ronPerVehicleHour":1055.8},"geometry":{"type":"LineString","coordinates":[[23.5015,44.5583],[23.5186,44.5552],[23.5324,44.548],[23.5375,44.538]]}},{"type":"Feature","properties":{"kind":"ocolire","rank":329,"road":"DN6","km":1.0,"aadt":13124,"costRon":27910023,"ronPerVehicleHour":1055.8},"geometry":{"type":"LineString","coordinates":[[23.6826,44.4401],[23.6802,44.4487]]}},{"type":"Feature","properties":{"kind":"ocolire","rank":330,"road":"DN6","km":3.5,"aadt":13124,"costRon":97477036,"ronPerVehicleHour":1055.8},"geometry":{"type":"LineString","coordinates":[[23.6144,44.4975],[23.6452,44.4751]]}},{"type":"Feature","properties":{"kind":"ocolire","rank":331,"road":"DN1A","km":2.71,"aadt":13099,"costRon":75482024,"ronPerVehicleHour":1057.8},"geometry":{"type":"LineString","coordinates":[[26.0184,44.9747],[26.032,44.9644],[26.0449,44.9601]]}},{"type":"Feature","properties":{"kind":"ocolire","rank":332,"road":"DN1A","km":1.08,"aadt":13099,"costRon":30170946,"ronPerVehicleHour":1057.8},"geometry":{"type":"LineString","coordinates":[[26.0152,44.9855],[26.0176,44.9759]]}},{"type":"Feature","properties":{"kind":"ocolire","rank":333,"road":"DN1","km":2.01,"aadt":13000,"costRon":55943728,"ronPerVehicleHour":1065.9},"geometry":{"type":"LineString","coordinates":[[24.2851,45.7026],[24.274,45.7012],[24.2711,45.6975],[24.2662,45.7001]]}},{"type":"Feature","properties":{"kind":"ocolire","rank":334,"road":"DN1","km":1.27,"aadt":13000,"costRon":35507988,"ronPerVehicleHour":1065.9},"geometry":{"type":"LineString","coordinates":[[24.3352,45.7246],[24.3242,45.7162]]}},{"type":"Feature","properties":{"kind":"ocolire","rank":335,"road":"DN1","km":1.14,"aadt":13000,"costRon":31681775,"ronPerVehicleHour":1065.9},"geometry":{"type":"LineString","coordinates":[[24.4611,45.757],[24.4473,45.7588]]}},{"type":"Feature","properties":{"kind":"ocolire","rank":336,"road":"DN1","km":0.72,"aadt":13000,"costRon":20188852,"ronPerVehicleHour":1065.9},"geometry":{"type":"LineString","coordinates":[[24.3061,45.7107],[24.2983,45.7076]]}},{"type":"Feature","properties":{"kind":"ocolire","rank":337,"road":"DN7","km":0.7,"aadt":12913,"costRon":19562384,"ronPerVehicleHour":1073.0},"geometry":{"type":"LineString","coordinates":[[22.6634,45.9213],[22.6721,45.9221]]}},{"type":"Feature","properties":{"kind":"ocolire","rank":338,"road":"DN7","km":1.92,"aadt":12913,"costRon":53574065,"ronPerVehicleHour":1073.0},"geometry":{"type":"LineString","coordinates":[[22.8439,45.9196],[22.8644,45.9101]]}},{"type":"Feature","properties":{"kind":"ocolire","rank":339,"road":"DN7","km":2.05,"aadt":12913,"costRon":57263685,"ronPerVehicleHour":1073.0},"geometry":{"type":"LineString","coordinates":[[22.7802,45.9055],[22.7886,45.9036],[22.8046,45.907]]}},{"type":"Feature","properties":{"kind":"ocolire","rank":340,"road":"DN7","km":1.8,"aadt":12913,"costRon":50182246,"ronPerVehicleHour":1073.0},"geometry":{"type":"LineString","coordinates":[[22.7264,45.9171],[22.7491,45.9152]]}},{"type":"Feature","properties":{"kind":"ocolire","rank":341,"road":"DN7","km":1.07,"aadt":12913,"costRon":29707216,"ronPerVehicleHour":1073.0},"geometry":{"type":"LineString","coordinates":[[22.813,45.9109],[22.8248,45.9159]]}},{"type":"Feature","properties":{"kind":"ocolire","rank":342,"road":"DN1","km":1.23,"aadt":12765,"costRon":34204245,"ronPerVehicleHour":1085.5},"geometry":{"type":"LineString","coordinates":[[23.7156,46.3247],[23.7235,46.3151]]}},{"type":"Feature","properties":{"kind":"ocolire","rank":343,"road":"DN1","km":1.29,"aadt":12765,"costRon":35899162,"ronPerVehicleHour":1085.5},"geometry":{"type":"LineString","coordinates":[[23.8023,46.3948],[23.8088,46.3969],[23.8111,46.4032]]}},{"type":"Feature","properties":{"kind":"ocolire","rank":344,"road":"DN1","km":1.16,"aadt":12765,"costRon":32321486,"ronPerVehicleHour":1085.5},"geometry":{"type":"LineString","coordinates":[[23.8113,46.4038],[23.8065,46.4135]]}},{"type":"Feature","properties":{"kind":"ocolire","rank":345,"road":"DN1","km":0.6,"aadt":12765,"costRon":16635703,"ronPerVehicleHour":1085.5},"geometry":{"type":"LineString","coordinates":[[23.7795,46.3873],[23.7868,46.3891]]}},{"type":"Feature","properties":{"kind":"ocolire","rank":346,"road":"DN1","km":0.94,"aadt":12765,"costRon":26220527,"ronPerVehicleHour":1085.5},"geometry":{"type":"LineString","coordinates":[[23.7579,46.3814],[23.7691,46.3847]]}},{"type":"Feature","properties":{"kind":"ocolire","rank":347,"road":"DN67","km":0.93,"aadt":12660,"costRon":25828704,"ronPerVehicleHour":1094.5},"geometry":{"type":"LineString","coordinates":[[24.3436,45.0693],[24.3524,45.0737]]}},{"type":"Feature","properties":{"kind":"ocolire","rank":348,"road":"DN11","km":0.65,"aadt":12601,"costRon":18225520,"ronPerVehicleHour":1099.6},"geometry":{"type":"LineString","coordinates":[[25.804,45.7707],[25.8103,45.7746]]}},{"type":"Feature","properties":{"kind":"ocolire","rank":349,"road":"DN11","km":1.91,"aadt":12601,"costRon":53113507,"ronPerVehicleHour":1099.6},"geometry":{"type":"LineString","coordinates":[[25.7676,45.7487],[25.7854,45.7603]]}},{"type":"Feature","properties":{"kind":"ocolire","rank":350,"road":"DN65","km":3.87,"aadt":12536,"costRon":107847429,"ronPerVehicleHour":1105.3},"geometry":{"type":"LineString","coordinates":[[24.7805,44.7008],[24.7497,44.6743]]}},{"type":"Feature","properties":{"kind":"ocolire","rank":351,"road":"DN65","km":1.52,"aadt":12536,"costRon":42327708,"ronPerVehicleHour":1105.3},"geometry":{"type":"LineString","coordinates":[[24.8305,44.7544],[24.8171,44.746]]}},{"type":"Feature","properties":{"kind":"ocolire","rank":352,"road":"DN65","km":0.91,"aadt":12534,"costRon":25406029,"ronPerVehicleHour":1105.5},"geometry":{"type":"LineString","coordinates":[[24.3931,44.453],[24.3845,44.4475]]}},{"type":"Feature","properties":{"kind":"ocolire","rank":353,"road":"DN1","km":0.87,"aadt":12525,"costRon":24160901,"ronPerVehicleHour":1106.3},"geometry":{"type":"LineString","coordinates":[[24.7284,45.7965],[24.7176,45.7948]]}},{"type":"Feature","properties":{"kind":"ocolire","rank":354,"road":"DN1","km":1.52,"aadt":12525,"costRon":42267200,"ronPerVehicleHour":1106.3},"geometry":{"type":"LineString","coordinates":[[24.8516,45.8193],[24.8335,45.8157]]}},{"type":"Feature","properties":{"kind":"ocolire","rank":355,"road":"DN1","km":0.96,"aadt":12525,"costRon":26704189,"ronPerVehicleHour":1106.3},"geometry":{"type":"LineString","coordinates":[[24.9381,45.8361],[24.9268,45.8327]]}},{"type":"Feature","properties":{"kind":"ocolire","rank":356,"road":"DN1","km":0.61,"aadt":12525,"costRon":16926324,"ronPerVehicleHour":1106.3},"geometry":{"type":"LineString","coordinates":[[24.8849,45.8234],[24.8772,45.8228]]}},{"type":"Feature","properties":{"kind":"ocolire","rank":357,"road":"DN1","km":0.76,"aadt":12525,"costRon":21069502,"ronPerVehicleHour":1106.3},"geometry":{"type":"LineString","coordinates":[[24.767,45.8047],[24.7576,45.8033]]}},{"type":"Feature","properties":{"kind":"ocolire","rank":358,"road":"DN1","km":0.87,"aadt":12525,"costRon":24116182,"ronPerVehicleHour":1106.3},"geometry":{"type":"LineString","coordinates":[[24.8235,45.8131],[24.8128,45.8122]]}},{"type":"Feature","properties":{"kind":"ocolire","rank":359,"road":"DN1","km":0.54,"aadt":12286,"costRon":15066043,"ronPerVehicleHour":1127.8},"geometry":{"type":"LineString","coordinates":[[25.5131,45.6631],[25.5077,45.6601]]}},{"type":"Feature","properties":{"kind":"ocolire","rank":360,"road":"DN19","km":6.61,"aadt":12102,"costRon":184395091,"ronPerVehicleHour":1145.0},"geometry":{"type":"LineString","coordinates":[[22.7493,47.765],[22.7857,47.7796],[22.8306,47.7835]]}},{"type":"Feature","properties":{"kind":"ocolire","rank":361,"road":"DN19","km":2.54,"aadt":12102,"costRon":70721573,"ronPerVehicleHour":1145.0},"geometry":{"type":"LineString","coordinates":[[22.6978,47.7359],[22.7244,47.7498]]}},{"type":"Feature","properties":{"kind":"ocolire","rank":362,"road":"DN65","km":1.65,"aadt":11957,"costRon":45999291,"ronPerVehicleHour":1158.8},"geometry":{"type":"LineString","coordinates":[[24.2731,44.4137],[24.276,44.399]]}},{"type":"Feature","properties":{"kind":"ocolire","rank":363,"road":"DN65","km":0.75,"aadt":11957,"costRon":20851442,"ronPerVehicleHour":1158.8},"geometry":{"type":"LineString","coordinates":[[24.2845,44.4021],[24.2764,44.399]]}},{"type":"Feature","properties":{"kind":"ocolire","rank":364,"road":"DN13","km":0.54,"aadt":11869,"costRon":15174504,"ronPerVehicleHour":1167.4},"geometry":{"type":"LineString","coordinates":[[24.6327,46.4782],[24.6346,46.4735]]}},{"type":"Feature","properties":{"kind":"ocolire","rank":365,"road":"DN13","km":1.33,"aadt":11869,"costRon":37000311,"ronPerVehicleHour":1167.4},"geometry":{"type":"LineString","coordinates":[[24.6588,46.4308],[24.6683,46.4214]]}},{"type":"Feature","properties":{"kind":"ocolire","rank":366,"road":"DN13","km":1.0,"aadt":11869,"costRon":27867345,"ronPerVehicleHour":1167.4},"geometry":{"type":"LineString","coordinates":[[24.6451,46.4482],[24.6489,46.4396]]}},{"type":"Feature","properties":{"kind":"ocolire","rank":367,"road":"DN2","km":0.88,"aadt":11831,"costRon":24527887,"ronPerVehicleHour":1171.2},"geometry":{"type":"LineString","coordinates":[[26.3229,47.3981],[26.3189,47.3907]]}},{"type":"Feature","properties":{"kind":"ocolire","rank":368,"road":"DN2","km":0.93,"aadt":11791,"costRon":25802264,"ronPerVehicleHour":1175.2},"geometry":{"type":"LineString","coordinates":[[26.9414,46.4064],[26.9465,46.3989]]}},{"type":"Feature","properties":{"kind":"ocolire","rank":369,"road":"DN2","km":2.74,"aadt":11791,"costRon":76309545,"ronPerVehicleHour":1175.2},"geometry":{"type":"LineString","coordinates":[[26.9219,46.4892],[26.9165,46.4649]]}},{"type":"Feature","properties":{"kind":"ocolire","rank":370,"road":"DN2","km":2.01,"aadt":11791,"costRon":56166956,"ronPerVehicleHour":1175.2},"geometry":{"type":"LineString","coordinates":[[26.9527,46.3896],[26.9691,46.3756]]}},{"type":"Feature","properties":{"kind":"ocolire","rank":371,"road":"DN2","km":2.95,"aadt":11791,"costRon":82271007,"ronPerVehicleHour":1175.2},"geometry":{"type":"LineString","coordinates":[[26.9987,46.3432],[27.0171,46.3201]]}},{"type":"Feature","properties":{"kind":"ocolire","rank":372,"road":"C65F","km":2.47,"aadt":11692,"costRon":68842936,"ronPerVehicleHour":1185.1},"geometry":{"type":"LineString","coordinates":[[23.8685,44.3124],[23.8377,44.3135]]}},{"type":"Feature","properties":{"kind":"ocolire","rank":373,"road":"DN79","km":0.6,"aadt":11664,"costRon":16686498,"ronPerVehicleHour":1187.9},"geometry":{"type":"LineString","coordinates":[[21.883,46.9941],[21.8846,46.9992]]}},{"type":"Feature","properties":{"kind":"ocolire","rank":374,"road":"DN79","km":0.61,"aadt":11664,"costRon":17078713,"ronPerVehicleHour":1187.9},"geometry":{"type":"LineString","coordinates":[[21.8846,46.9994],[21.8851,47.0049]]}},{"type":"Feature","properties":{"kind":"ocolire","rank":375,"road":"DN21","km":1.08,"aadt":11662,"costRon":30062647,"ronPerVehicleHour":1188.2},"geometry":{"type":"LineString","coordinates":[[27.9393,45.2346],[27.9467,45.2428]]}},{"type":"Feature","properties":{"kind":"ocolire","rank":376,"road":"DN21","km":1.24,"aadt":11662,"costRon":34444853,"ronPerVehicleHour":1188.2},"geometry":{"type":"LineString","coordinates":[[27.8928,45.1874],[27.8995,45.1933]]}},{"type":"Feature","properties":{"kind":"ocolire","rank":377,"road":"DN21","km":1.07,"aadt":11662,"costRon":29833991,"ronPerVehicleHour":1188.2},"geometry":{"type":"LineString","coordinates":[[27.9154,45.2079],[27.9227,45.2161]]}},{"type":"Feature","properties":{"kind":"ocolire","rank":378,"road":"DN21","km":0.88,"aadt":11662,"costRon":24438854,"ronPerVehicleHour":1188.2},"geometry":{"type":"LineString","coordinates":[[27.9387,45.2347],[27.9316,45.2402]]}},{"type":"Feature","properties":{"kind":"ocolire","rank":379,"road":"DN21","km":1.78,"aadt":11662,"costRon":49616907,"ronPerVehicleHour":1188.2},"geometry":{"type":"LineString","coordinates":[[27.9235,45.2169],[27.9356,45.2304]]}},{"type":"Feature","properties":{"kind":"ocolire","rank":380,"road":"DN67","km":3.29,"aadt":11636,"costRon":91802645,"ronPerVehicleHour":1190.8},"geometry":{"type":"LineString","coordinates":[[23.3205,45.0401],[23.3457,45.0429],[23.3615,45.0405]]}},{"type":"Feature","properties":{"kind":"ocolire","rank":381,"road":"DN67","km":0.51,"aadt":11636,"costRon":14223813,"ronPerVehicleHour":1190.8},"geometry":{"type":"LineString","coordinates":[[23.2832,45.036],[23.2895,45.037]]}},{"type":"Feature","properties":{"kind":"ocolire","rank":382,"road":"DN67","km":1.46,"aadt":11636,"costRon":40648694,"ronPerVehicleHour":1190.8},"geometry":{"type":"LineString","coordinates":[[23.4068,45.0334],[23.3891,45.0325]]}},{"type":"Feature","properties":{"kind":"ocolire","rank":383,"road":"DN67","km":2.33,"aadt":11636,"costRon":64853581,"ronPerVehicleHour":1190.8},"geometry":{"type":"LineString","coordinates":[[23.2901,45.037],[23.3193,45.0399]]}},{"type":"Feature","properties":{"kind":"ocolire","rank":384,"road":"DN67","km":1.06,"aadt":11636,"costRon":29651386,"ronPerVehicleHour":1190.8},"geometry":{"type":"LineString","coordinates":[[23.4576,45.0205],[23.4694,45.017]]}},{"type":"Feature","properties":{"kind":"ocolire","rank":385,"road":"DN67","km":1.46,"aadt":11636,"costRon":40652866,"ronPerVehicleHour":1190.8},"geometry":{"type":"LineString","coordinates":[[23.389,45.0325],[23.4068,45.0334]]}},{"type":"Feature","properties":{"kind":"ocolire","rank":386,"road":"DN7","km":38.23,"aadt":11618,"costRon":1065685045,"ronPerVehicleHour":1192.7},"geometry":{"type":"LineString","coordinates":[[25.3112,44.7226],[25.3021,44.7265],[25.2677,44.7599],[25.2585,44.7635],[25.1986,44.7791],[25.1386,44.7886],[25.1117,44.796],[25.0444,44.8238],[25.0198,44.8284],[24.9869,44.8447],[24.9443,44.8602],[24.8891,44.8677]]}},{"type":"Feature","properties":{"kind":"ocolire","rank":387,"road":"CB","km":1.37,"aadt":11523,"costRon":38103744,"ronPerVehicleHour":1202.5},"geometry":{"type":"LineString","coordinates":[[26.0825,44.3435],[26.0968,44.3368]]}},{"type":"Feature","properties":{"kind":"ocolire","rank":388,"road":"DN1","km":1.71,"aadt":11494,"costRon":47786234,"ronPerVehicleHour":1205.5},"geometry":{"type":"LineString","coordinates":[[23.0262,46.864],[23.0205,46.8492]]}},{"type":"Feature","properties":{"kind":"ocolire","rank":389,"road":"DN1","km":1.96,"aadt":11494,"costRon":54750608,"ronPerVehicleHour":1205.5},"geometry":{"type":"LineString","coordinates":[[23.0464,46.855],[23.0266,46.8645]]}},{"type":"Feature","properties":{"kind":"ocolire","rank":390,"road":"DN15","km":1.55,"aadt":11424,"costRon":43123820,"ronPerVehicleHour":1212.9},"geometry":{"type":"LineString","coordinates":[[23.7841,46.5492],[23.7853,46.5631]]}},{"type":"Feature","properties":{"kind":"ocolire","rank":391,"road":"DN15","km":1.11,"aadt":11424,"costRon":31013846,"ronPerVehicleHour":1212.9},"geometry":{"type":"LineString","coordinates":[[23.7795,46.5752],[23.7799,46.5655]]}},{"type":"Feature","properties":{"kind":"ocolire","rank":392,"road":"DN2","km":1.78,"aadt":11408,"costRon":49671624,"ronPerVehicleHour":1214.6},"geometry":{"type":"LineString","coordinates":[[26.8865,46.8101],[26.885,46.8261]]}},{"type":"Feature","properties":{"kind":"ocolire","rank":393,"road":"DN2","km":1.64,"aadt":11408,"costRon":45667452,"ronPerVehicleHour":1214.6},"geometry":{"type":"LineString","coordinates":[[26.884,46.8365],[26.8845,46.851]]}},{"type":"Feature","properties":{"kind":"ocolire","rank":394,"road":"DN7","km":0.93,"aadt":11352,"costRon":25947841,"ronPerVehicleHour":1220.6},"geometry":{"type":"LineString","coordinates":[[21.2315,46.2029],[21.2432,46.2033]]}},{"type":"Feature","properties":{"kind":"ocolire","rank":395,"road":"DN10","km":1.95,"aadt":11319,"costRon":54395751,"ronPerVehicleHour":1224.2},"geometry":{"type":"LineString","coordinates":[[26.7706,45.1754],[26.7796,45.1719],[26.788,45.1635]]}},{"type":"Feature","properties":{"kind":"ocolire","rank":396,"road":"DN10","km":3.26,"aadt":11319,"costRon":90897989,"ronPerVehicleHour":1224.2},"geometry":{"type":"LineString","coordinates":[[26.7247,45.2118],[26.7481,45.1885]]}},{"type":"Feature","properties":{"kind":"ocolire","rank":397,"road":"DN2A","km":0.93,"aadt":11288,"costRon":25932444,"ronPerVehicleHour":1227.5},"geometry":{"type":"LineString","coordinates":[[26.74,44.6721],[26.7512,44.6698]]}},{"type":"Feature","properties":{"kind":"ocolire","rank":398,"road":"DN2A","km":0.95,"aadt":11288,"costRon":26536204,"ronPerVehicleHour":1227.5},"geometry":{"type":"LineString","coordinates":[[26.7753,44.6653],[26.7868,44.6629]]}},{"type":"Feature","properties":{"kind":"ocolire","rank":399,"road":"DN2A","km":2.26,"aadt":11288,"costRon":62913962,"ronPerVehicleHour":1227.5},"geometry":{"type":"LineString","coordinates":[[26.6983,44.6877],[26.7115,44.6788],[26.7212,44.6763]]}},{"type":"Feature","properties":{"kind":"ocolire","rank":400,"road":"DN2A","km":1.05,"aadt":11288,"costRon":29258222,"ronPerVehicleHour":1227.5},"geometry":{"type":"LineString","coordinates":[[26.7882,44.6624],[26.8,44.658]]}},{"type":"Feature","properties":{"kind":"ocolire","rank":401,"road":"DN2A","km":3.32,"aadt":11288,"costRon":92658233,"ronPerVehicleHour":1227.5},"geometry":{"type":"LineString","coordinates":[[26.6436,44.7145],[26.6548,44.7141],[26.6788,44.701]]}},{"type":"Feature","properties":{"kind":"ocolire","rank":402,"road":"DN2A","km":1.0,"aadt":11288,"costRon":27831769,"ronPerVehicleHour":1227.5},"geometry":{"type":"LineString","coordinates":[[26.7581,44.6685],[26.7703,44.6663]]}},{"type":"Feature","properties":{"kind":"ocolire","rank":403,"road":"DN13","km":2.3,"aadt":11227,"costRon":64151595,"ronPerVehicleHour":1234.2},"geometry":{"type":"LineString","coordinates":[[24.6074,46.519],[24.625,46.5024]]}},{"type":"Feature","properties":{"kind":"ocolire","rank":404,"road":"DN1B","km":1.06,"aadt":11205,"costRon":29616473,"ronPerVehicleHour":1236.6},"geometry":{"type":"LineString","coordinates":[[26.0114,44.9861],[26.0054,44.984],[26.0115,44.9861]]}},{"type":"Feature","properties":{"kind":"ocolire","rank":405,"road":"DN2","km":1.68,"aadt":11172,"costRon":46716704,"ronPerVehicleHour":1240.3},"geometry":{"type":"LineString","coordinates":[[26.2291,47.6317],[26.2419,47.6195]]}},{"type":"Feature","properties":{"kind":"ocolire","rank":406,"road":"DN6","km":1.75,"aadt":11138,"costRon":48763528,"ronPerVehicleHour":1244.0},"geometry":{"type":"LineString","coordinates":[[21.8933,45.668],[21.8933,45.6722],[21.9034,45.6812]]}},{"type":"Feature","properties":{"kind":"ocolire","rank":407,"road":"DN1","km":0.6,"aadt":11047,"costRon":16622100,"ronPerVehicleHour":1254.3},"geometry":{"type":"LineString","coordinates":[[23.3009,46.7829],[23.2944,46.7859]]}},{"type":"Feature","properties":{"kind":"ocolire","rank":408,"road":"DN1A","km":1.52,"aadt":11026,"costRon":42365078,"ronPerVehicleHour":1256.7},"geometry":{"type":"LineString","coordinates":[[25.8951,44.686],[25.8947,44.6996]]}},{"type":"Feature","properties":{"kind":"ocolire","rank":409,"road":"DN1A","km":8.33,"aadt":11026,"costRon":232231334,"ronPerVehicleHour":1256.7},"geometry":{"type":"LineString","coordinates":[[25.9135,44.616],[25.9159,44.5973],[25.9313,44.5868],[25.952,44.5578],[25.96,44.5521]]}},{"type":"Feature","properties":{"kind":"ocolire","rank":410,"road":"DN1A","km":1.27,"aadt":11026,"costRon":35370465,"ronPerVehicleHour":1256.7},"geometry":{"type":"LineString","coordinates":[[25.9066,44.6296],[25.9012,44.6403]]}},{"type":"Feature","properties":{"kind":"ocolire","rank":411,"road":"DN1A","km":0.97,"aadt":11026,"costRon":27156506,"ronPerVehicleHour":1256.7},"geometry":{"type":"LineString","coordinates":[[25.894,44.7226],[25.8908,44.7311]]}},{"type":"Feature","properties":{"kind":"ocolire","rank":412,"road":"DN1A","km":1.04,"aadt":11026,"costRon":28936967,"ronPerVehicleHour":1256.7},"geometry":{"type":"LineString","coordinates":[[25.8937,44.6664],[25.8924,44.6757]]}},{"type":"Feature","properties":{"kind":"ocolire","rank":413,"road":"DN1","km":2.72,"aadt":10987,"costRon":75770995,"ronPerVehicleHour":1261.1},"geometry":{"type":"LineString","coordinates":[[22.7825,46.9528],[22.7704,46.9507],[22.7497,46.9562]]}},{"type":"Feature","properties":{"kind":"ocolire","rank":414,"road":"DN1","km":7.25,"aadt":10987,"costRon":202207052,"ronPerVehicleHour":1261.1},"geometry":{"type":"LineString","coordinates":[[22.7487,46.9564],[22.7249,46.962],[22.7184,46.9465],[22.6876,46.9487],[22.683,46.953]]}},{"type":"Feature","properties":{"kind":"ocolire","rank":415,"road":"DN1","km":0.56,"aadt":10987,"costRon":15673584,"ronPerVehicleHour":1261.1},"geometry":{"type":"LineString","coordinates":[[22.6824,46.9535],[22.6793,46.9575]]}},{"type":"Feature","properties":{"kind":"ocolire","rank":416,"road":"DN7","km":1.54,"aadt":10979,"costRon":42867500,"ronPerVehicleHour":1262.1},"geometry":{"type":"LineString","coordinates":[[21.2656,46.2073],[21.2464,46.2036]]}},{"type":"Feature","properties":{"kind":"ocolire","rank":417,"road":"VO_ALBA","km":0.5,"aadt":10970,"costRon":13942911,"ronPerVehicleHour":1263.1},"geometry":{"type":"LineString","coordinates":[[23.5673,46.0484],[23.5688,46.0508]]}},{"type":"Feature","properties":{"kind":"ocolire","rank":418,"road":"VO_ALBA","km":0.88,"aadt":10970,"costRon":24628460,"ronPerVehicleHour":1263.1},"geometry":{"type":"LineString","coordinates":[[23.5688,46.0508],[23.5745,46.0576]]}},{"type":"Feature","properties":{"kind":"ocolire","rank":419,"road":"DN1","km":0.51,"aadt":10854,"costRon":14145048,"ronPerVehicleHour":1276.6},"geometry":{"type":"LineString","coordinates":[[25.0552,45.8229],[25.0487,45.8228]]}},{"type":"Feature","properties":{"kind":"ocolire","rank":420,"road":"DN1","km":0.76,"aadt":10854,"costRon":21205355,"ronPerVehicleHour":1276.6},"geometry":{"type":"LineString","coordinates":[[25.1406,45.8304],[25.1444,45.8249]]}},{"type":"Feature","properties":{"kind":"ocolire","rank":421,"road":"DN65","km":1.47,"aadt":10812,"costRon":40970194,"ronPerVehicleHour":1281.6},"geometry":{"type":"LineString","coordinates":[[24.5515,44.5492],[24.5384,44.5403]]}},{"type":"Feature","properties":{"kind":"ocolire","rank":422,"road":"DN65","km":0.73,"aadt":10812,"costRon":20477203,"ronPerVehicleHour":1281.6},"geometry":{"type":"LineString","coordinates":[[24.5977,44.5711],[24.5906,44.5673]]}},{"type":"Feature","properties":{"kind":"ocolire","rank":423,"road":"DN65","km":1.28,"aadt":10812,"costRon":35671969,"ronPerVehicleHour":1281.6},"geometry":{"type":"LineString","coordinates":[[24.6805,44.6357],[24.6698,44.6272]]}},{"type":"Feature","properties":{"kind":"ocolire","rank":424,"road":"DN15","km":2.59,"aadt":10764,"costRon":72223516,"ronPerVehicleHour":1287.3},"geometry":{"type":"LineString","coordinates":[[23.9395,46.4828],[23.9587,46.4639]]}},{"type":"Feature","properties":{"kind":"ocolire","rank":425,"road":"DN15","km":3.24,"aadt":10764,"costRon":90335212,"ronPerVehicleHour":1287.3},"geometry":{"type":"LineString","coordinates":[[23.9106,46.5202],[23.928,46.4945]]}},{"type":"Feature","properties":{"kind":"ocolire","rank":426,"road":"DN79","km":3.98,"aadt":10711,"costRon":110935096,"ronPerVehicleHour":1293.6},"geometry":{"type":"LineString","coordinates":[[21.4651,46.4368],[21.4504,46.4247],[21.4452,46.4058]]}},{"type":"Feature","properties":{"kind":"ocolire","rank":427,"road":"DN79","km":0.81,"aadt":10711,"costRon":22546436,"ronPerVehicleHour":1293.6},"geometry":{"type":"LineString","coordinates":[[21.5096,46.5185],[21.5,46.5156]]}},{"type":"Feature","properties":{"kind":"ocolire","rank":428,"road":"DN79","km":0.85,"aadt":10711,"costRon":23605984,"ronPerVehicleHour":1293.6},"geometry":{"type":"LineString","coordinates":[[21.5096,46.5185],[21.5177,46.5236]]}},{"type":"Feature","properties":{"kind":"ocolire","rank":429,"road":"DN79","km":1.38,"aadt":10711,"costRon":38585474,"ronPerVehicleHour":1293.6},"geometry":{"type":"LineString","coordinates":[[21.5065,46.5062],[21.5096,46.5185]]}},{"type":"Feature","properties":{"kind":"ocolire","rank":430,"road":"DN4","km":0.76,"aadt":10679,"costRon":21312684,"ronPerVehicleHour":1297.5},"geometry":{"type":"LineString","coordinates":[[26.3003,44.3048],[26.3076,44.3003]]}},{"type":"Feature","properties":{"kind":"ocolire","rank":431,"road":"DN4","km":0.75,"aadt":10679,"costRon":20878617,"ronPerVehicleHour":1297.5},"geometry":{"type":"LineString","coordinates":[[26.3155,44.2939],[26.3217,44.2889]]}},{"type":"Feature","properties":{"kind":"ocolire","rank":432,"road":"DN4","km":2.02,"aadt":10679,"costRon":56217775,"ronPerVehicleHour":1297.5},"geometry":{"type":"LineString","coordinates":[[26.45,44.23],[26.464,44.2347],[26.4728,44.2325]]}},{"type":"Feature","properties":{"kind":"ocolire","rank":433,"road":"DN4","km":0.72,"aadt":10679,"costRon":19933375,"ronPerVehicleHour":1297.5},"geometry":{"type":"LineString","coordinates":[[26.2746,44.3178],[26.2819,44.3141]]}},{"type":"Feature","properties":{"kind":"ocolire","rank":434,"road":"DN4","km":0.68,"aadt":10679,"costRon":18919074,"ronPerVehicleHour":1297.5},"geometry":{"type":"LineString","coordinates":[[26.3085,44.2996],[26.3141,44.295]]}},{"type":"Feature","properties":{"kind":"ocolire","rank":435,"road":"DN4","km":1.59,"aadt":10679,"costRon":44434760,"ronPerVehicleHour":1297.5},"geometry":{"type":"LineString","coordinates":[[26.2823,44.3139],[26.2986,44.3056]]}},{"type":"Feature","properties":{"kind":"ocolire","rank":436,"road":"DN4","km":1.5,"aadt":10679,"costRon":41695494,"ronPerVehicleHour":1297.5},"geometry":{"type":"LineString","coordinates":[[26.4048,44.2375],[26.4205,44.2304]]}},{"type":"Feature","properties":{"kind":"ocolire","rank":437,"road":"DN4","km":1.95,"aadt":10679,"costRon":54445971,"ronPerVehicleHour":1297.5},"geometry":{"type":"LineString","coordinates":[[26.3223,44.2884],[26.3386,44.2754]]}},{"type":"Feature","properties":{"kind":"ocolire","rank":438,"road":"DN6","km":2.68,"aadt":10643,"costRon":74842207,"ronPerVehicleHour":1301.9},"geometry":{"type":"LineString","coordinates":[[22.2194,45.4098],[22.2243,45.4053],[22.2294,45.3875]]}},{"type":"Feature","properties":{"kind":"ocolire","rank":439,"road":"DN73A","km":1.38,"aadt":10530,"costRon":38487609,"ronPerVehicleHour":1315.9},"geometry":{"type":"LineString","coordinates":[[25.3671,45.5755],[25.384,45.578]]}},{"type":"Feature","properties":{"kind":"ocolire","rank":440,"road":"DN73A","km":2.48,"aadt":10530,"costRon":69095043,"ronPerVehicleHour":1315.9},"geometry":{"type":"LineString","coordinates":[[25.3666,45.5754],[25.354,45.5715],[25.3389,45.5778]]}},{"type":"Feature","properties":{"kind":"ocolire","rank":441,"road":"DN73A","km":1.81,"aadt":10530,"costRon":50341632,"ronPerVehicleHour":1315.9},"geometry":{"type":"LineString","coordinates":[[25.3062,45.6055],[25.2978,45.6095],[25.2927,45.6166]]}},{"type":"Feature","properties":{"kind":"ocolire","rank":442,"road":"DN73A","km":1.98,"aadt":10530,"costRon":55173994,"ronPerVehicleHour":1315.9},"geometry":{"type":"LineString","coordinates":[[25.4304,45.5861],[25.4434,45.5899],[25.4545,45.5894]]}},{"type":"Feature","properties":{"kind":"ocolire","rank":443,"road":"DN73A","km":0.55,"aadt":10530,"costRon":15462901,"ronPerVehicleHour":1315.9},"geometry":{"type":"LineString","coordinates":[[25.3068,45.5978],[25.3071,45.6026]]}},{"type":"Feature","properties":{"kind":"ocolire","rank":444,"road":"DN1C","km":0.81,"aadt":10507,"costRon":22617416,"ronPerVehicleHour":1318.8},"geometry":{"type":"LineString","coordinates":[[23.8563,47.2049],[23.8517,47.1988]]}},{"type":"Feature","properties":{"kind":"ocolire","rank":445,"road":"DN1C","km":0.5,"aadt":10507,"costRon":13984230,"ronPerVehicleHour":1318.8},"geometry":{"type":"LineString","coordinates":[[23.8517,47.1988],[23.8451,47.1992]]}},{"type":"Feature","properties":{"kind":"ocolire","rank":446,"road":"DN13","km":1.23,"aadt":10491,"costRon":34363360,"ronPerVehicleHour":1320.8},"geometry":{"type":"LineString","coordinates":[[25.5885,45.817],[25.5937,45.8074]]}},{"type":"Feature","properties":{"kind":"ocolire","rank":447,"road":"DN13","km":0.9,"aadt":10491,"costRon":25144206,"ronPerVehicleHour":1320.8},"geometry":{"type":"LineString","coordinates":[[25.5934,45.8188],[25.5903,45.8179],[25.5882,45.8172],[25.59,45.8175],[25.5934,45.8188]]}},{"type":"Feature","properties":{"kind":"ocolire","rank":448,"road":"DN15","km":0.99,"aadt":10472,"costRon":27721648,"ronPerVehicleHour":1323.2},"geometry":{"type":"LineString","coordinates":[[26.2127,46.9309],[26.2002,46.929]]}},{"type":"Feature","properties":{"kind":"ocolire","rank":449,"road":"DN15","km":2.42,"aadt":10472,"costRon":67467412,"ronPerVehicleHour":1323.2},"geometry":{"type":"LineString","coordinates":[[26.0884,46.9115],[26.0844,46.9185],[26.0956,46.9299]]}},{"type":"Feature","properties":{"kind":"ocolire","rank":450,"road":"DN15","km":0.57,"aadt":10472,"costRon":15819758,"ronPerVehicleHour":1323.2},"geometry":{"type":"LineString","coordinates":[[26.1141,46.9027],[26.1083,46.9056]]}},{"type":"Feature","properties":{"kind":"ocolire","rank":451,"road":"DN15","km":1.24,"aadt":10472,"costRon":34577790,"ronPerVehicleHour":1323.2},"geometry":{"type":"LineString","coordinates":[[26.1036,46.9078],[26.0884,46.9115]]}},{"type":"Feature","properties":{"kind":"ocolire","rank":452,"road":"DN15","km":2.32,"aadt":10472,"costRon":64711600,"ronPerVehicleHour":1323.2},"geometry":{"type":"LineString","coordinates":[[26.0884,46.9115],[26.0728,46.9012],[26.0653,46.9001]]}},{"type":"Feature","properties":{"kind":"ocolire","rank":453,"road":"DN15","km":2.58,"aadt":10472,"costRon":71876263,"ronPerVehicleHour":1323.2},"geometry":{"type":"LineString","coordinates":[[26.1529,46.8908],[26.1346,46.8932],[26.1266,46.8913],[26.1233,46.8946]]}},{"type":"Feature","properties":{"kind":"ocolire","rank":454,"road":"DN15","km":4.23,"aadt":10472,"costRon":117881704,"ronPerVehicleHour":1323.2},"geometry":{"type":"LineString","coordinates":[[26.1869,46.9158],[26.1789,46.9103],[26.165,46.8892],[26.1557,46.8891]]}},{"type":"Feature","properties":{"kind":"ocolire","rank":455,"road":"DN15","km":5.28,"aadt":10472,"costRon":147293496,"ronPerVehicleHour":1323.2},"geometry":{"type":"LineString","coordinates":[[26.3371,46.939],[26.3001,46.9437],[26.2691,46.9409]]}},{"type":"Feature","properties":{"kind":"ocolire","rank":456,"road":"DN15","km":3.01,"aadt":10472,"costRon":83918162,"ronPerVehicleHour":1323.2},"geometry":{"type":"LineString","coordinates":[[26.2608,46.9371],[26.2382,46.9282],[26.225,46.9289]]}},{"type":"Feature","properties":{"kind":"ocolire","rank":457,"road":"DN2","km":1.14,"aadt":10372,"costRon":31716776,"ronPerVehicleHour":1335.9},"geometry":{"type":"LineString","coordinates":[[26.238,47.6785],[26.228,47.6859]]}},{"type":"Feature","properties":{"kind":"ocolire","rank":458,"road":"DN61","km":4.81,"aadt":10335,"costRon":134173821,"ronPerVehicleHour":1340.7},"geometry":{"type":"LineString","coordinates":[[25.3134,44.6879],[25.3113,44.6796],[25.3288,44.673],[25.3359,44.6669],[25.3427,44.6667],[25.3403,44.6596]]}},{"type":"Feature","properties":{"kind":"ocolire","rank":459,"road":"DN61","km":2.34,"aadt":10335,"costRon":65332679,"ronPerVehicleHour":1340.7},"geometry":{"type":"LineString","coordinates":[[25.3178,44.7206],[25.3099,44.7133],[25.3107,44.702]]}},{"type":"Feature","properties":{"kind":"ocolire","rank":460,"road":"DN1F","km":1.75,"aadt":10334,"costRon":48751019,"ronPerVehicleHour":1340.8},"geometry":{"type":"LineString","coordinates":[[22.9809,47.2532],[22.9924,47.2407]]}},{"type":"Feature","properties":{"kind":"ocolire","rank":461,"road":"DN1F","km":0.5,"aadt":10334,"costRon":14041853,"ronPerVehicleHour":1340.8},"geometry":{"type":"LineString","coordinates":[[22.9924,47.2407],[22.9872,47.238]]}},{"type":"Feature","properties":{"kind":"ocolire","rank":462,"road":"DN1F","km":0.74,"aadt":10334,"costRon":20680444,"ronPerVehicleHour":1340.8},"geometry":{"type":"LineString","coordinates":[[23.0006,47.229],[23.0089,47.2255]]}},{"type":"Feature","properties":{"kind":"ocolire","rank":463,"road":"DN2A","km":0.88,"aadt":10327,"costRon":24441797,"ronPerVehicleHour":1341.7},"geometry":{"type":"LineString","coordinates":[[27.3846,44.565],[27.3808,44.5578]]}},{"type":"Feature","properties":{"kind":"ocolire","rank":464,"road":"DN2A","km":1.16,"aadt":10327,"costRon":32248036,"ronPerVehicleHour":1341.7},"geometry":{"type":"LineString","coordinates":[[27.3846,44.565],[27.3724,44.5594]]}},{"type":"Feature","properties":{"kind":"ocolire","rank":465,"road":"DN2A","km":3.04,"aadt":10327,"costRon":84780598,"ronPerVehicleHour":1341.7},"geometry":{"type":"LineString","coordinates":[[27.3503,44.5628],[27.3772,44.5626],[27.3849,44.5682]]}},{"type":"Feature","properties":{"kind":"ocolire","rank":466,"road":"DN25","km":2.74,"aadt":10279,"costRon":76490189,"ronPerVehicleHour":1348.0},"geometry":{"type":"LineString","coordinates":[[27.9012,45.4183],[27.9338,45.41]]}},{"type":"Feature","properties":{"kind":"ocolire","rank":467,"road":"DN25","km":0.6,"aadt":10279,"costRon":16835727,"ronPerVehicleHour":1348.0},"geometry":{"type":"LineString","coordinates":[[27.7967,45.4503],[27.8029,45.447]]}},{"type":"Feature","properties":{"kind":"ocolire","rank":468,"road":"DN25","km":2.65,"aadt":10279,"costRon":73752999,"ronPerVehicleHour":1348.0},"geometry":{"type":"LineString","coordinates":[[27.7564,45.4836],[27.7551,45.4809],[27.7709,45.4633]]}},{"type":"Feature","properties":{"kind":"ocolire","rank":469,"road":"DN21","km":0.72,"aadt":10202,"costRon":20136513,"ronPerVehicleHour":1358.2},"geometry":{"type":"LineString","coordinates":[[27.3746,44.427],[27.3836,44.4267]]}},{"type":"Feature","properties":{"kind":"ocolire","rank":470,"road":"DN11","km":14.76,"aadt":10172,"costRon":411596865,"ronPerVehicleHour":1362.2},"geometry":{"type":"LineString","coordinates":[[26.5879,46.2055],[26.6011,46.2086],[26.627,46.2052],[26.6764,46.2144],[26.681,46.2112],[26.6888,46.2118],[26.7468,46.2381],[26.7555,46.2447]]}},{"type":"Feature","properties":{"kind":"ocolire","rank":471,"road":"DN65","km":1.36,"aadt":10078,"costRon":37829419,"ronPerVehicleHour":1374.9},"geometry":{"type":"LineString","coordinates":[[24.1874,44.36],[24.1931,44.3698]]}},{"type":"Feature","properties":{"kind":"ocolire","rank":472,"road":"DN65","km":1.35,"aadt":10078,"costRon":37570911,"ronPerVehicleHour":1374.9},"geometry":{"type":"LineString","coordinates":[[24.193,44.3698],[24.1874,44.3601]]}},{"type":"Feature","properties":{"kind":"ocolire","rank":473,"road":"DN2B","km":1.1,"aadt":10058,"costRon":30545937,"ronPerVehicleHour":1377.6},"geometry":{"type":"LineString","coordinates":[[27.9187,45.2694],[27.9048,45.2684]]}},{"type":"Feature","properties":{"kind":"ocolire","rank":474,"road":"DN2B","km":0.56,"aadt":10058,"costRon":15573341,"ronPerVehicleHour":1377.6},"geometry":{"type":"LineString","coordinates":[[27.9311,45.2413],[27.9287,45.2461]]}},{"type":"Feature","properties":{"kind":"ocolire","rank":475,"road":"DN2B","km":2.73,"aadt":10058,"costRon":76239124,"ronPerVehicleHour":1377.6},"geometry":{"type":"LineString","coordinates":[[27.9318,45.2411],[27.942,45.2524],[27.9572,45.2551]]}},{"type":"Feature","properties":{"kind":"ocolire","rank":476,"road":"DN2B","km":2.89,"aadt":10058,"costRon":80642866,"ronPerVehicleHour":1377.6},"geometry":{"type":"LineString","coordinates":[[27.9565,45.2714],[27.9197,45.2695]]}},{"type":"Feature","properties":{"kind":"ocolire","rank":477,"road":"DN2","km":2.43,"aadt":10035,"costRon":67853170,"ronPerVehicleHour":1380.8},"geometry":{"type":"LineString","coordinates":[[27.0991,45.5832],[27.0986,45.5918],[27.1069,45.6037]]}},{"type":"Feature","properties":{"kind":"ocolire","rank":478,"road":"DN2","km":2.46,"aadt":10035,"costRon":68714942,"ronPerVehicleHour":1380.8},"geometry":{"type":"LineString","coordinates":[[27.1061,45.5416],[27.1061,45.5628]]}},{"type":"Feature","properties":{"kind":"ocolire","rank":479,"road":"DN2","km":8.52,"aadt":10035,"costRon":237411904,"ronPerVehicleHour":1380.8},"geometry":{"type":"LineString","coordinates":[[27.1059,45.5417],[27.0939,45.5439],[27.0797,45.5381],[27.0603,45.5414],[27.0363,45.5389],[27.0242,45.552],[27.0165,45.5547]]}},{"type":"Feature","properties":{"kind":"ocolire","rank":480,"road":"DN2","km":2.47,"aadt":10035,"costRon":68761209,"ronPerVehicleHour":1380.8},"geometry":{"type":"LineString","coordinates":[[27.106,45.5628],[27.1059,45.5417]]}},{"type":"Feature","properties":{"kind":"ocolire","rank":481,"road":"DN2","km":0.93,"aadt":10035,"costRon":25878011,"ronPerVehicleHour":1380.8},"geometry":{"type":"LineString","coordinates":[[27.1717,45.6715],[27.1654,45.6702],[27.165,45.6667]]}},{"type":"Feature","properties":{"kind":"ocolire","rank":482,"road":"DN2","km":0.93,"aadt":10035,"costRon":25918241,"ronPerVehicleHour":1380.8},"geometry":{"type":"LineString","coordinates":[[27.1594,45.6557],[27.1651,45.663]]}},{"type":"Feature","properties":{"kind":"ocolire","rank":483,"road":"DN1B","km":0.56,"aadt":10006,"costRon":15612141,"ronPerVehicleHour":1384.8},"geometry":{"type":"LineString","coordinates":[[26.2816,44.9659],[26.2884,44.9674]]}},{"type":"Feature","properties":{"kind":"ocolire","rank":484,"road":"DN1B","km":2.78,"aadt":10006,"costRon":77390580,"ronPerVehicleHour":1384.8},"geometry":{"type":"LineString","coordinates":[[26.4314,44.9995],[26.4629,45.0098]]}},{"type":"Feature","properties":{"kind":"ocolire","rank":485,"road":"DN1B","km":0.53,"aadt":10006,"costRon":14808329,"ronPerVehicleHour":1384.8},"geometry":{"type":"LineString","coordinates":[[26.4228,44.9973],[26.4291,44.9989]]}},{"type":"Feature","properties":{"kind":"ocolire","rank":486,"road":"DN1B","km":0.92,"aadt":10006,"costRon":25542609,"ronPerVehicleHour":1384.8},"geometry":{"type":"LineString","coordinates":[[26.2947,44.9689],[26.3058,44.9714]]}},{"type":"Feature","properties":{"kind":"ocolire","rank":487,"road":"DN71","km":3.18,"aadt":9891,"costRon":88621171,"ronPerVehicleHour":1400.9},"geometry":{"type":"LineString","coordinates":[[25.4335,45.0778],[25.4386,45.0587],[25.4371,45.0498]]}},{"type":"Feature","properties":{"kind":"ocolire","rank":488,"road":"DN71","km":0.73,"aadt":9891,"costRon":20425977,"ronPerVehicleHour":1400.9},"geometry":{"type":"LineString","coordinates":[[25.4258,45.081],[25.4334,45.0779]]}},{"type":"Feature","properties":{"kind":"ocolire","rank":489,"road":"DN71","km":8.7,"aadt":9891,"costRon":242460310,"ronPerVehicleHour":1400.9},"geometry":{"type":"LineString","coordinates":[[25.4246,45.0323],[25.4016,45.0083],[25.4017,44.9995],[25.4349,44.9676]]}},{"type":"Feature","properties":{"kind":"ocolire","rank":490,"road":"DN59","km":2.78,"aadt":9883,"costRon":77529694,"ronPerVehicleHour":1402.0},"geometry":{"type":"LineString","coordinates":[[21.2217,45.5532],[21.2146,45.5647],[21.2035,45.5738]]}},{"type":"Feature","properties":{"kind":"ocolire","rank":491,"road":"DN59","km":0.51,"aadt":9883,"costRon":14092445,"ronPerVehicleHour":1402.0},"geometry":{"type":"LineString","coordinates":[[21.1825,45.6374],[21.1789,45.641]]}},{"type":"Feature","properties":{"kind":"ocolire","rank":492,"road":"DN22","km":3.66,"aadt":9862,"costRon":101923875,"ronPerVehicleHour":1405.0},"geometry":{"type":"LineString","coordinates":[[28.7581,45.1356],[28.7724,45.1406],[28.7775,45.1385],[28.7863,45.1521]]}},{"type":"Feature","properties":{"kind":"ocolire","rank":493,"road":"DN22","km":1.61,"aadt":9862,"costRon":44960785,"ronPerVehicleHour":1405.0},"geometry":{"type":"LineString","coordinates":[[28.8013,45.1762],[28.7911,45.1637]]}},{"type":"Feature","properties":{"kind":"ocolire","rank":494,"road":"DN21","km":1.69,"aadt":9822,"costRon":47015595,"ronPerVehicleHour":1410.7},"geometry":{"type":"LineString","coordinates":[[27.3884,44.5834],[27.3845,44.5685]]}},{"type":"Feature","properties":{"kind":"ocolire","rank":495,"road":"DN21","km":2.64,"aadt":9822,"costRon":73498963,"ronPerVehicleHour":1410.7},"geometry":{"type":"LineString","coordinates":[[27.5206,44.8177],[27.5138,44.8108],[27.5118,44.7957]]}},{"type":"Feature","properties":{"kind":"ocolire","rank":496,"road":"DN21","km":1.17,"aadt":9822,"costRon":32510758,"ronPerVehicleHour":1410.7},"geometry":{"type":"LineString","coordinates":[[27.5243,44.8209],[27.5238,44.8106]]}},{"type":"Feature","properties":{"kind":"ocolire","rank":497,"road":"DN21","km":0.56,"aadt":9822,"costRon":15712937,"ronPerVehicleHour":1410.7},"geometry":{"type":"LineString","coordinates":[[27.4278,44.7308],[27.4238,44.7266]]}},{"type":"Feature","properties":{"kind":"ocolire","rank":498,"road":"DN21","km":1.52,"aadt":9822,"costRon":42450905,"ronPerVehicleHour":1410.7},"geometry":{"type":"LineString","coordinates":[[27.3851,44.608],[27.3909,44.595]]}},{"type":"Feature","properties":{"kind":"ocolire","rank":499,"road":"DN17","km":3.45,"aadt":9775,"costRon":96286129,"ronPerVehicleHour":1417.5},"geometry":{"type":"LineString","coordinates":[[25.6292,47.5161],[25.6221,47.51],[25.5908,47.5188]]}},{"type":"Feature","properties":{"kind":"ocolire","rank":500,"road":"DN19","km":1.83,"aadt":9752,"costRon":51148163,"ronPerVehicleHour":1420.9},"geometry":{"type":"LineString","coordinates":[[22.9475,47.8263],[22.961,47.8398]]}},{"type":"Feature","properties":{"kind":"ocolire","rank":501,"road":"DN1A","km":1.14,"aadt":9726,"costRon":31889927,"ronPerVehicleHour":1424.7},"geometry":{"type":"LineString","coordinates":[[26.0978,44.9163],[26.0848,44.9122]]}},{"type":"Feature","properties":{"kind":"ocolire","rank":502,"road":"DN1A","km":1.34,"aadt":9726,"costRon":37484375,"ronPerVehicleHour":1424.7},"geometry":{"type":"LineString","coordinates":[[26.0457,44.8875],[26.0415,44.8992]]}},{"type":"Feature","properties":{"kind":"ocolire","rank":503,"road":"DN67","km":3.85,"aadt":9692,"costRon":107379676,"ronPerVehicleHour":1429.7},"geometry":{"type":"LineString","coordinates":[[24.2764,45.0498],[24.3143,45.0712]]}},{"type":"Feature","properties":{"kind":"ocolire","rank":504,"road":"DN67","km":3.15,"aadt":9692,"costRon":87947024,"ronPerVehicleHour":1429.7},"geometry":{"type":"LineString","coordinates":[[24.3152,45.0715],[24.3381,45.0746],[24.3521,45.0804]]}},{"type":"Feature","properties":{"kind":"ocolire","rank":505,"road":"DN2","km":2.42,"aadt":9688,"costRon":67332146,"ronPerVehicleHour":1430.2},"geometry":{"type":"LineString","coordinates":[[26.5687,47.2495],[26.591,47.234]]}},{"type":"Feature","properties":{"kind":"ocolire","rank":506,"road":"DN17","km":5.9,"aadt":9669,"costRon":164591694,"ronPerVehicleHour":1433.1},"geometry":{"type":"LineString","coordinates":[[23.9512,47.1789],[23.9008,47.1656],[23.8818,47.156]]}},{"type":"Feature","properties":{"kind":"ocolire","rank":507,"road":"DN17","km":4.16,"aadt":9669,"costRon":115969189,"ronPerVehicleHour":1433.1},"geometry":{"type":"LineString","coordinates":[[24.0091,47.1917],[23.9569,47.1806]]}},{"type":"Feature","properties":{"kind":"ocolire","rank":508,"road":"DN17","km":2.67,"aadt":9669,"costRon":74340724,"ronPerVehicleHour":1433.1},"geometry":{"type":"LineString","coordinates":[[24.1466,47.1785],[24.1146,47.1882]]}},{"type":"Feature","properties":{"kind":"ocolire","rank":509,"road":"DN1","km":0.56,"aadt":9662,"costRon":15604080,"ronPerVehicleHour":1434.1},"geometry":{"type":"LineString","coordinates":[[24.0575,45.789],[24.0646,45.7889]]}},{"type":"Feature","properties":{"kind":"ocolire","rank":510,"road":"DN1","km":1.66,"aadt":9662,"costRon":46169232,"ronPerVehicleHour":1434.1},"geometry":{"type":"LineString","coordinates":[[24.0145,45.7863],[24.0352,45.7879]]}},{"type":"Feature","properties":{"kind":"ocolire","rank":511,"road":"DN76","km":2.53,"aadt":9653,"costRon":70635434,"ronPerVehicleHour":1435.4},"geometry":{"type":"LineString","coordinates":[[22.8482,45.95],[22.8544,45.9294]]}},{"type":"Feature","properties":{"kind":"ocolire","rank":512,"road":"DN76","km":1.6,"aadt":9653,"costRon":44676828,"ronPerVehicleHour":1435.4},"geometry":{"type":"LineString","coordinates":[[22.866,45.9266],[22.8733,45.9244],[22.8769,45.9162]]}},{"type":"Feature","properties":{"kind":"ocolire","rank":513,"road":"A1","km":0.63,"aadt":9653,"costRon":17527467,"ronPerVehicleHour":1435.4},"geometry":{"type":"LineString","coordinates":[[22.875,45.908],[22.8771,45.9135]]}},{"type":"Feature","properties":{"kind":"ocolire","rank":514,"road":"DN7","km":5.05,"aadt":9595,"costRon":140692041,"ronPerVehicleHour":1444.1},"geometry":{"type":"LineString","coordinates":[[21.7222,46.1067],[21.6993,46.1027],[21.6842,46.0932],[21.6683,46.1008]]}},{"type":"Feature","properties":{"kind":"ocolire","rank":515,"road":"DN7","km":4.68,"aadt":9595,"costRon":130381832,"ronPerVehicleHour":1444.1},"geometry":{"type":"LineString","coordinates":[[21.6404,46.1033],[21.6364,46.1066],[21.6019,46.1094],[21.5897,46.1191]]}},{"type":"Feature","properties":{"kind":"ocolire","rank":516,"road":"DN12","km":0.99,"aadt":9454,"costRon":27527493,"ronPerVehicleHour":1465.6},"geometry":{"type":"LineString","coordinates":[[25.8002,45.8095],[25.7991,45.8183]]}},{"type":"Feature","properties":{"kind":"ocolire","rank":517,"road":"DN12","km":1.06,"aadt":9454,"costRon":29585683,"ronPerVehicleHour":1465.6},"geometry":{"type":"LineString","coordinates":[[25.8049,45.8469],[25.807,45.8563]]}},{"type":"Feature","properties":{"kind":"ocolire","rank":518,"road":"DN6","km":2.49,"aadt":9412,"costRon":69344646,"ronPerVehicleHour":1472.2},"geometry":{"type":"LineString","coordinates":[[22.3867,44.823],[22.3846,44.8108],[22.3882,44.8018]]}},{"type":"Feature","properties":{"kind":"ocolire","rank":519,"road":"DN6","km":1.82,"aadt":9412,"costRon":50642437,"ronPerVehicleHour":1472.2},"geometry":{"type":"LineString","coordinates":[[22.3994,44.7261],[22.4108,44.7401]]}},{"type":"Feature","properties":{"kind":"ocolire","rank":520,"road":"DN59A","km":0.5,"aadt":9406,"costRon":13949683,"ronPerVehicleHour":1473.1},"geometry":{"type":"LineString","coordinates":[[21.1891,45.7654],[21.1953,45.7666]]}},{"type":"Feature","properties":{"kind":"ocolire","rank":521,"road":"DN59A","km":1.92,"aadt":9406,"costRon":53518275,"ronPerVehicleHour":1473.1},"geometry":{"type":"LineString","coordinates":[[21.0196,45.7665],[21.0193,45.7594],[21.0337,45.7586]]}},{"type":"Feature","properties":{"kind":"ocolire","rank":522,"road":"DN59A","km":0.66,"aadt":9406,"costRon":18512881,"ronPerVehicleHour":1473.1},"geometry":{"type":"LineString","coordinates":[[21.1234,45.7613],[21.115,45.7606]]}},{"type":"Feature","properties":{"kind":"ocolire","rank":523,"road":"DN73","km":0.5,"aadt":9372,"costRon":13947234,"ronPerVehicleHour":1478.5},"geometry":{"type":"LineString","coordinates":[[25.3554,45.5103],[25.3608,45.5117]]}},{"type":"Feature","properties":{"kind":"ocolire","rank":524,"road":"DN73","km":12.5,"aadt":9372,"costRon":348553269,"ronPerVehicleHour":1478.5},"geometry":{"type":"LineString","coordinates":[[25.2737,45.4484],[25.2762,45.4516],[25.2719,45.4541],[25.294,45.4642],[25.295,45.4714],[25.3179,45.4889],[25.3164,45.4884],[25.315,45.4885],[25.3194,45.4901],[25.3183,45.4864],[25.3428,45.5084],[25.3543,45.5102]]}},{"type":"Feature","properties":{"kind":"ocolire","rank":525,"road":"DN73","km":2.22,"aadt":9372,"costRon":62010491,"ronPerVehicleHour":1478.5},"geometry":{"type":"LineString","coordinates":[[25.3703,45.5172],[25.3765,45.5362]]}},{"type":"Feature","properties":{"kind":"ocolire","rank":526,"road":"DN73","km":1.86,"aadt":9372,"costRon":51882020,"ronPerVehicleHour":1478.5},"geometry":{"type":"LineString","coordinates":[[25.377,45.5372],[25.3883,45.5515]]}},{"type":"Feature","properties":{"kind":"ocolire","rank":527,"road":"DN73","km":2.26,"aadt":9372,"costRon":63103057,"ronPerVehicleHour":1478.5},"geometry":{"type":"LineString","coordinates":[[25.2688,45.4376],[25.2744,45.4372],[25.2786,45.4423],[25.2737,45.4482]]}},{"type":"Feature","properties":{"kind":"ocolire","rank":528,"road":"DN11","km":6.6,"aadt":9332,"costRon":183935776,"ronPerVehicleHour":1484.8},"geometry":{"type":"LineString","coordinates":[[26.7366,46.3653],[26.7421,46.3519],[26.7359,46.3429],[26.7457,46.3271],[26.75,46.311]]}},{"type":"Feature","properties":{"kind":"ocolire","rank":529,"road":"DN11","km":12.85,"aadt":9332,"costRon":358196492,"ronPerVehicleHour":1484.8},"geometry":{"type":"LineString","coordinates":[[26.7595,46.4857],[26.735,46.4494],[26.7423,46.4219],[26.7324,46.404],[26.7332,46.3797]]}},{"type":"Feature","properties":{"kind":"ocolire","rank":530,"road":"VO_BV1","km":0.58,"aadt":9315,"costRon":16076639,"ronPerVehicleHour":1487.5},"geometry":{"type":"LineString","coordinates":[[25.6583,45.614],[25.6649,45.6161]]}},{"type":"Feature","properties":{"kind":"ocolire","rank":531,"road":"DN2","km":0.86,"aadt":9299,"costRon":23856577,"ronPerVehicleHour":1490.1},"geometry":{"type":"LineString","coordinates":[[27.084,46.2457],[27.088,46.2386]]}},{"type":"Feature","properties":{"kind":"ocolire","rank":532,"road":"DN2","km":2.79,"aadt":9299,"costRon":77845540,"ronPerVehicleHour":1490.1},"geometry":{"type":"LineString","coordinates":[[27.0968,46.2255],[27.1117,46.2026]]}},{"type":"Feature","properties":{"kind":"ocolire","rank":533,"road":"DN13","km":0.81,"aadt":9297,"costRon":22695103,"ronPerVehicleHour":1490.4},"geometry":{"type":"LineString","coordinates":[[25.5649,45.8308],[25.5715,45.8251]]}},{"type":"Feature","properties":{"kind":"ocolire","rank":534,"road":"DN13","km":1.01,"aadt":9297,"costRon":28224934,"ronPerVehicleHour":1490.4},"geometry":{"type":"LineString","coordinates":[[25.5537,45.8441],[25.5579,45.8355]]}},{"type":"Feature","properties":{"kind":"ocolire","rank":535,"road":"DN71","km":2.86,"aadt":9277,"costRon":79712321,"ronPerVehicleHour":1493.6},"geometry":{"type":"LineString","coordinates":[[25.7088,44.6405],[25.7387,44.6272]]}},{"type":"Feature","properties":{"kind":"ocolire","rank":536,"road":"DN71","km":6.1,"aadt":9277,"costRon":170143008,"ronPerVehicleHour":1493.6},"geometry":{"type":"LineString","coordinates":[[25.7407,44.6266],[25.7638,44.615],[25.7693,44.6053],[25.7796,44.6019],[25.793,44.5894]]}},{"type":"Feature","properties":{"kind":"ocolire","rank":537,"road":"DN71","km":0.55,"aadt":9277,"costRon":15362457,"ronPerVehicleHour":1493.6},"geometry":{"type":"LineString","coordinates":[[25.6889,44.6523],[25.6942,44.6492]]}},{"type":"Feature","properties":{"kind":"ocolire","rank":538,"road":"DN71","km":0.69,"aadt":9277,"costRon":19310594,"ronPerVehicleHour":1493.6},"geometry":{"type":"LineString","coordinates":[[25.6525,44.674],[25.6592,44.67]]}},{"type":"Feature","properties":{"kind":"ocolire","rank":539,"road":"DN6","km":1.49,"aadt":9236,"costRon":41552345,"ronPerVehicleHour":1500.2},"geometry":{"type":"LineString","coordinates":[[25.5867,44.0934],[25.5713,44.0859]]}},{"type":"Feature","properties":{"kind":"ocolire","rank":540,"road":"DN6","km":0.98,"aadt":9236,"costRon":27254804,"ronPerVehicleHour":1500.2},"geometry":{"type":"LineString","coordinates":[[25.4258,44.0149],[25.4154,44.0103]]}},{"type":"Feature","properties":{"kind":"ocolire","rank":541,"road":"DN6","km":2.23,"aadt":9236,"costRon":62092781,"ronPerVehicleHour":1500.2},"geometry":{"type":"LineString","coordinates":[[25.61,44.102],[25.5966,44.1012],[25.5883,44.0942]]}},{"type":"Feature","properties":{"kind":"ocolire","rank":542,"road":"DN17","km":1.34,"aadt":9164,"costRon":37375003,"ronPerVehicleHour":1512.0},"geometry":{"type":"LineString","coordinates":[[25.9151,47.5525],[25.8974,47.5528]]}},{"type":"Feature","properties":{"kind":"ocolire","rank":543,"road":"DN17","km":1.21,"aadt":9164,"costRon":33695342,"ronPerVehicleHour":1512.0},"geometry":{"type":"LineString","coordinates":[[25.9563,47.5802],[25.9595,47.5696]]}},{"type":"Feature","properties":{"kind":"ocolire","rank":544,"road":"DN17","km":1.12,"aadt":9164,"costRon":31207741,"ronPerVehicleHour":1512.0},"geometry":{"type":"LineString","coordinates":[[25.8808,47.5515],[25.8677,47.5468]]}},{"type":"Feature","properties":{"kind":"ocolire","rank":545,"road":"DN56A","km":1.07,"aadt":9006,"costRon":29924478,"ronPerVehicleHour":1538.6},"geometry":{"type":"LineString","coordinates":[[22.7695,44.5485],[22.7727,44.5391]]}},{"type":"Feature","properties":{"kind":"ocolire","rank":546,"road":"DN56A","km":1.46,"aadt":9006,"costRon":40673359,"ronPerVehicleHour":1538.6},"geometry":{"type":"LineString","coordinates":[[22.7109,44.6116],[22.7216,44.601]]}},{"type":"Feature","properties":{"kind":"ocolire","rank":547,"road":"DN56A","km":1.0,"aadt":9006,"costRon":27826068,"ronPerVehicleHour":1538.6},"geometry":{"type":"LineString","coordinates":[[22.7112,44.6117],[22.7233,44.6093]]}},{"type":"Feature","properties":{"kind":"ocolire","rank":548,"road":"DN55","km":0.71,"aadt":9001,"costRon":19656932,"ronPerVehicleHour":1539.4},"geometry":{"type":"LineString","coordinates":[[23.7996,44.2864],[23.8053,44.2817]]}},{"type":"Feature","properties":{"kind":"ocolire","rank":549,"road":"DN55","km":1.13,"aadt":9001,"costRon":31471104,"ronPerVehicleHour":1539.4},"geometry":{"type":"LineString","coordinates":[[23.8053,44.2817],[23.8092,44.2821],[23.8072,44.2892]]}},{"type":"Feature","properties":{"kind":"ocolire","rank":550,"road":"DN55","km":2.2,"aadt":9001,"costRon":61420399,"ronPerVehicleHour":1539.4},"geometry":{"type":"LineString","coordinates":[[23.8053,44.2817],[23.825,44.2677]]}},{"type":"Feature","properties":{"kind":"ocolire","rank":551,"road":"DN55","km":4.02,"aadt":9001,"costRon":112194696,"ronPerVehicleHour":1539.4},"geometry":{"type":"LineString","coordinates":[[23.8414,44.2558],[23.8535,44.2425],[23.8623,44.2236]]}},{"type":"Feature","properties":{"kind":"ocolire","rank":552,"road":"DN67","km":1.48,"aadt":8994,"costRon":41388006,"ronPerVehicleHour":1540.6},"geometry":{"type":"LineString","coordinates":[[23.0416,44.9459],[23.0275,44.937]]}},{"type":"Feature","properties":{"kind":"ocolire","rank":553,"road":"DN67","km":0.92,"aadt":8994,"costRon":25735722,"ronPerVehicleHour":1540.6},"geometry":{"type":"LineString","coordinates":[[23.2639,45.0387],[23.2534,45.0354]]}},{"type":"Feature","properties":{"kind":"ocolire","rank":554,"road":"DN67","km":10.52,"aadt":8994,"costRon":293187043,"ronPerVehicleHour":1540.6},"geometry":{"type":"LineString","coordinates":[[23.2337,45.0279],[23.1538,44.9962],[23.1129,44.9909]]}},{"type":"Feature","properties":{"kind":"ocolire","rank":555,"road":"DN67","km":0.71,"aadt":8994,"costRon":19694068,"ronPerVehicleHour":1540.6},"geometry":{"type":"LineString","coordinates":[[23.0634,44.9572],[23.0563,44.9532]]}},{"type":"Feature","properties":{"kind":"ocolire","rank":556,"road":"DN67","km":1.66,"aadt":8994,"costRon":46288166,"ronPerVehicleHour":1540.6},"geometry":{"type":"LineString","coordinates":[[23.2531,45.0353],[23.2345,45.0282]]}},{"type":"Feature","properties":{"kind":"ocolire","rank":557,"road":"DN67","km":3.71,"aadt":8994,"costRon":103333372,"ronPerVehicleHour":1540.6},"geometry":{"type":"LineString","coordinates":[[23.0975,44.9839],[23.0665,44.9592]]}},{"type":"Feature","properties":{"kind":"ocolire","rank":558,"road":"DN67","km":0.75,"aadt":8994,"costRon":20984388,"ronPerVehicleHour":1540.6},"geometry":{"type":"LineString","coordinates":[[23.2446,45.0385],[23.2531,45.0354]]}},{"type":"Feature","properties":{"kind":"ocolire","rank":559,"road":"DN28","km":1.83,"aadt":8990,"costRon":51093400,"ronPerVehicleHour":1541.3},"geometry":{"type":"LineString","coordinates":[[27.8571,47.0361],[27.8738,47.0254]]}},{"type":"Feature","properties":{"kind":"ocolire","rank":560,"road":"DN28","km":2.87,"aadt":8990,"costRon":79895983,"ronPerVehicleHour":1541.3},"geometry":{"type":"LineString","coordinates":[[27.7699,47.1018],[27.7899,47.0948],[27.7983,47.087]]}},{"type":"Feature","properties":{"kind":"ocolire","rank":561,"road":"DN28","km":1.57,"aadt":8990,"costRon":43875216,"ronPerVehicleHour":1541.3},"geometry":{"type":"LineString","coordinates":[[27.6472,47.1435],[27.6662,47.1388]]}},{"type":"Feature","properties":{"kind":"ocolire","rank":562,"road":"DN28","km":8.38,"aadt":8990,"costRon":233594756,"ronPerVehicleHour":1541.3},"geometry":{"type":"LineString","coordinates":[[27.6663,47.1388],[27.6979,47.1308],[27.7085,47.1203],[27.7487,47.1032],[27.7579,47.1035]]}},{"type":"Feature","properties":{"kind":"ocolire","rank":563,"road":"DN11","km":0.5,"aadt":8986,"costRon":13978075,"ronPerVehicleHour":1542.0},"geometry":{"type":"LineString","coordinates":[[25.9553,45.8631],[25.9606,45.8655]]}},{"type":"Feature","properties":{"kind":"ocolire","rank":564,"road":"DN11","km":2.02,"aadt":8986,"costRon":56263664,"ronPerVehicleHour":1542.0},"geometry":{"type":"LineString","coordinates":[[26.0338,45.9436],[26.0353,45.9493],[26.0477,45.9564]]}},{"type":"Feature","properties":{"kind":"ocolire","rank":565,"road":"DN11","km":1.53,"aadt":8986,"costRon":42609243,"ronPerVehicleHour":1542.0},"geometry":{"type":"LineString","coordinates":[[25.9668,45.8687],[25.9787,45.8793]]}},{"type":"Feature","properties":{"kind":"ocolire","rank":566,"road":"DN11","km":1.72,"aadt":8986,"costRon":47907237,"ronPerVehicleHour":1542.0},"geometry":{"type":"LineString","coordinates":[[25.9941,45.8971],[26.0058,45.91]]}},{"type":"Feature","properties":{"kind":"ocolire","rank":567,"road":"DN7","km":3.29,"aadt":8952,"costRon":91812267,"ronPerVehicleHour":1547.8},"geometry":{"type":"LineString","coordinates":[[25.7073,44.6047],[25.7187,44.6048],[25.7469,44.5974]]}},{"type":"Feature","properties":{"kind":"ocolire","rank":568,"road":"DN7","km":3.03,"aadt":8952,"costRon":84456316,"ronPerVehicleHour":1547.8},"geometry":{"type":"LineString","coordinates":[[21.0438,46.1717],[21.0826,46.1713]]}},{"type":"Feature","properties":{"kind":"ocolire","rank":569,"road":"DN7","km":1.55,"aadt":8952,"costRon":43250632,"ronPerVehicleHour":1547.8},"geometry":{"type":"LineString","coordinates":[[25.6645,44.6039],[25.684,44.6045]]}},{"type":"Feature","properties":{"kind":"ocolire","rank":570,"road":"DN7","km":1.14,"aadt":8952,"costRon":31866217,"ronPerVehicleHour":1547.8},"geometry":{"type":"LineString","coordinates":[[25.6501,44.6056],[25.6643,44.6039]]}},{"type":"Feature","properties":{"kind":"ocolire","rank":571,"road":"DN7","km":1.55,"aadt":8952,"costRon":43229472,"ronPerVehicleHour":1547.8},"geometry":{"type":"LineString","coordinates":[[25.684,44.6046],[25.6645,44.604]]}},{"type":"Feature","properties":{"kind":"ocolire","rank":572,"road":"DN7","km":0.66,"aadt":8952,"costRon":18394888,"ronPerVehicleHour":1547.8},"geometry":{"type":"LineString","coordinates":[[25.7928,44.5892],[25.7848,44.5907]]}},{"type":"Feature","properties":{"kind":"ocolire","rank":573,"road":"DN7","km":3.33,"aadt":8952,"costRon":92940923,"ronPerVehicleHour":1547.8},"geometry":{"type":"LineString","coordinates":[[25.7474,44.5973],[25.7187,44.6049],[25.7073,44.6048]]}},{"type":"Feature","properties":{"kind":"ocolire","rank":574,"road":"DN7","km":0.66,"aadt":8952,"costRon":18381596,"ronPerVehicleHour":1547.8},"geometry":{"type":"LineString","coordinates":[[25.7847,44.5907],[25.7927,44.5891]]}},{"type":"Feature","properties":{"kind":"ocolire","rank":575,"road":"DN7","km":1.31,"aadt":8952,"costRon":36496476,"ronPerVehicleHour":1547.8},"geometry":{"type":"LineString","coordinates":[[21.0838,46.1713],[21.1003,46.1739]]}},{"type":"Feature","properties":{"kind":"ocolire","rank":576,"road":"DN7","km":1.19,"aadt":8952,"costRon":33052936,"ronPerVehicleHour":1547.8},"geometry":{"type":"LineString","coordinates":[[25.6643,44.604],[25.6496,44.6058]]}},{"type":"Feature","properties":{"kind":"ocolire","rank":577,"road":"DN72","km":8.22,"aadt":8900,"costRon":229245106,"ronPerVehicleHour":1556.9},"geometry":{"type":"LineString","coordinates":[[25.5378,44.9264],[25.533,44.9357],[25.4923,44.9399],[25.479,44.9514],[25.4587,44.9417]]}},{"type":"Feature","properties":{"kind":"ocolire","rank":578,"road":"DN72","km":1.72,"aadt":8900,"costRon":47829053,"ronPerVehicleHour":1556.9},"geometry":{"type":"LineString","coordinates":[[25.5807,44.9095],[25.5705,44.9094],[25.5606,44.9134]]}},{"type":"Feature","properties":{"kind":"ocolire","rank":579,"road":"DN7","km":1.99,"aadt":8874,"costRon":55610105,"ronPerVehicleHour":1561.4},"geometry":{"type":"LineString","coordinates":[[25.3237,44.7181],[25.3481,44.714]]}},{"type":"Feature","properties":{"kind":"ocolire","rank":580,"road":"DN7","km":0.66,"aadt":8874,"costRon":18297441,"ronPerVehicleHour":1561.4},"geometry":{"type":"LineString","coordinates":[[25.4293,44.705],[25.4373,44.7039]]}},{"type":"Feature","properties":{"kind":"ocolire","rank":581,"road":"DN7","km":1.56,"aadt":8874,"costRon":43617975,"ronPerVehicleHour":1561.4},"geometry":{"type":"LineString","coordinates":[[25.4791,44.6899],[25.4944,44.6812]]}},{"type":"Feature","properties":{"kind":"ocolire","rank":582,"road":"DN7","km":2.07,"aadt":8874,"costRon":57602648,"ronPerVehicleHour":1561.4},"geometry":{"type":"LineString","coordinates":[[25.3235,44.7186],[25.3482,44.7242]]}},{"type":"Feature","properties":{"kind":"ocolire","rank":583,"road":"DN6","km":2.21,"aadt":8841,"costRon":61471658,"ronPerVehicleHour":1567.3},"geometry":{"type":"LineString","coordinates":[[22.308,45.2127],[22.3111,45.2028],[22.3085,45.194]]}},{"type":"Feature","properties":{"kind":"ocolire","rank":584,"road":"DN7","km":1.31,"aadt":8833,"costRon":36470796,"ronPerVehicleHour":1568.7},"geometry":{"type":"LineString","coordinates":[[21.804,46.0909],[21.7976,46.0898],[21.7893,46.0937]]}},{"type":"Feature","properties":{"kind":"ocolire","rank":585,"road":"DN7","km":2.23,"aadt":8833,"costRon":62280043,"ronPerVehicleHour":1568.7},"geometry":{"type":"LineString","coordinates":[[21.8412,46.1125],[21.8222,46.1118],[21.8146,46.108]]}},{"type":"Feature","properties":{"kind":"ocolire","rank":586,"road":"DN7","km":3.9,"aadt":8833,"costRon":108722613,"ronPerVehicleHour":1568.7},"geometry":{"type":"LineString","coordinates":[[22.014,46.0994],[21.9678,46.1115]]}},{"type":"Feature","properties":{"kind":"ocolire","rank":587,"road":"DN24","km":0.77,"aadt":8793,"costRon":21532855,"ronPerVehicleHour":1575.8},"geometry":{"type":"LineString","coordinates":[[27.8303,46.5117],[27.8302,46.5048]]}},{"type":"Feature","properties":{"kind":"ocolire","rank":588,"road":"DN3B","km":1.07,"aadt":8765,"costRon":29865575,"ronPerVehicleHour":1580.9},"geometry":{"type":"LineString","coordinates":[[27.8223,44.4161],[27.8287,44.4076]]}},{"type":"Feature","properties":{"kind":"ocolire","rank":589,"road":"DN3B","km":1.2,"aadt":8765,"costRon":33547088,"ronPerVehicleHour":1580.9},"geometry":{"type":"LineString","coordinates":[[27.8287,44.4076],[27.8358,44.3981]]}},{"type":"Feature","properties":{"kind":"ocolire","rank":590,"road":"DN3B","km":1.06,"aadt":8765,"costRon":29668780,"ronPerVehicleHour":1580.9},"geometry":{"type":"LineString","coordinates":[[27.8287,44.4076],[27.8224,44.4161]]}},{"type":"Feature","properties":{"kind":"ocolire","rank":591,"road":"DN3B","km":1.3,"aadt":8765,"costRon":36364272,"ronPerVehicleHour":1580.9},"geometry":{"type":"LineString","coordinates":[[27.8061,44.4167],[27.8223,44.4161]]}},{"type":"Feature","properties":{"kind":"ocolire","rank":592,"road":"DN1","km":0.61,"aadt":8725,"costRon":16891398,"ronPerVehicleHour":1588.1},"geometry":{"type":"LineString","coordinates":[[25.2089,45.782],[25.2024,45.785]]}},{"type":"Feature","properties":{"kind":"ocolire","rank":593,"road":"DN1","km":2.33,"aadt":8725,"costRon":64870404,"ronPerVehicleHour":1588.1},"geometry":{"type":"LineString","coordinates":[[25.3861,45.759],[25.3615,45.7694]]}},{"type":"Feature","properties":{"kind":"ocolire","rank":594,"road":"DN1","km":0.86,"aadt":8725,"costRon":23840564,"ronPerVehicleHour":1588.1},"geometry":{"type":"LineString","coordinates":[[25.4347,45.7399],[25.426,45.74]]}},{"type":"Feature","properties":{"kind":"ocolire","rank":595,"road":"DN1","km":0.67,"aadt":8725,"costRon":18551081,"ronPerVehicleHour":1588.1},"geometry":{"type":"LineString","coordinates":[[25.4496,45.7276],[25.4531,45.7223]]}},{"type":"Feature","properties":{"kind":"ocolire","rank":596,"road":"DN1","km":2.22,"aadt":8725,"costRon":61876664,"ronPerVehicleHour":1588.1},"geometry":{"type":"LineString","coordinates":[[25.4078,45.749],[25.3955,45.7516],[25.4006,45.7563],[25.3968,45.758]]}},{"type":"Feature","properties":{"kind":"ocolire","rank":597,"road":"DN74","km":1.56,"aadt":8705,"costRon":43376080,"ronPerVehicleHour":1591.8},"geometry":{"type":"LineString","coordinates":[[23.5176,46.1214],[23.5366,46.1185]]}},{"type":"Feature","properties":{"kind":"ocolire","rank":598,"road":"DN29B","km":2.63,"aadt":8658,"costRon":73439802,"ronPerVehicleHour":1600.4},"geometry":{"type":"LineString","coordinates":[[26.6419,47.7523],[26.611,47.7635]]}},{"type":"Feature","properties":{"kind":"ocolire","rank":599,"road":"DN29B","km":1.19,"aadt":8658,"costRon":33171651,"ronPerVehicleHour":1600.4},"geometry":{"type":"LineString","coordinates":[[26.611,47.7635],[26.6245,47.7579]]}},{"type":"Feature","properties":{"kind":"ocolire","rank":600,"road":"DN29B","km":2.89,"aadt":8658,"costRon":80493970,"ronPerVehicleHour":1600.4},"geometry":{"type":"LineString","coordinates":[[26.5783,47.7768],[26.611,47.7635]]}},{"type":"Feature","properties":{"kind":"ocolire","rank":601,"road":"DN22","km":2.15,"aadt":8637,"costRon":59885122,"ronPerVehicleHour":1604.3},"geometry":{"type":"LineString","coordinates":[[28.7306,45.0273],[28.736,45.0463]]}},{"type":"Feature","properties":{"kind":"ocolire","rank":602,"road":"DN1B","km":1.34,"aadt":8622,"costRon":37278425,"ronPerVehicleHour":1607.1},"geometry":{"type":"LineString","coordinates":[[26.5299,45.0383],[26.5153,45.0322]]}},{"type":"Feature","properties":{"kind":"ocolire","rank":603,"road":"DN1B","km":1.43,"aadt":8622,"costRon":39836687,"ronPerVehicleHour":1607.1},"geometry":{"type":"LineString","coordinates":[[26.5754,45.0561],[26.5595,45.0499]]}},{"type":"Feature","properties":{"kind":"ocolire","rank":604,"road":"DN1B","km":1.71,"aadt":8622,"costRon":47781403,"ronPerVehicleHour":1607.1},"geometry":{"type":"LineString","coordinates":[[26.6518,45.0842],[26.6321,45.0778]]}},{"type":"Feature","properties":{"kind":"ocolire","rank":605,"road":"DN6","km":1.45,"aadt":8519,"costRon":40387722,"ronPerVehicleHour":1626.5},"geometry":{"type":"LineString","coordinates":[[22.3586,44.9159],[22.3641,44.904]]}},{"type":"Feature","properties":{"kind":"ocolire","rank":606,"road":"DN6","km":0.86,"aadt":8519,"costRon":24020111,"ronPerVehicleHour":1626.5},"geometry":{"type":"LineString","coordinates":[[22.3533,44.9622],[22.3548,44.9551]]}},{"type":"Feature","properties":{"kind":"ocolire","rank":607,"road":"DN6","km":7.07,"aadt":8519,"costRon":196969220,"ronPerVehicleHour":1626.5},"geometry":{"type":"LineString","coordinates":[[22.3882,44.8571],[22.3937,44.859],[22.4002,44.8568],[22.4046,44.8598],[22.4206,44.8844],[22.426,44.8862],[22.4297,44.8995]]}},{"type":"Feature","properties":{"kind":"ocolire","rank":608,"road":"DN6","km":2.96,"aadt":8519,"costRon":82440196,"ronPerVehicleHour":1626.5},"geometry":{"type":"LineString","coordinates":[[22.3769,44.8922],[22.3882,44.8673]]}},{"type":"Feature","properties":{"kind":"ocolire","rank":609,"road":"DN24","km":1.95,"aadt":8483,"costRon":54407870,"ronPerVehicleHour":1633.4},"geometry":{"type":"LineString","coordinates":[[27.3076,45.8587],[27.3102,45.8597],[27.3072,45.8684],[27.3154,45.8702]]}},{"type":"Feature","properties":{"kind":"ocolire","rank":610,"road":"DN2H","km":2.09,"aadt":8462,"costRon":58182439,"ronPerVehicleHour":1637.5},"geometry":{"type":"LineString","coordinates":[[25.9941,47.7949],[26.003,47.7855],[26.0125,47.7848]]}},{"type":"Feature","properties":{"kind":"ocolire","rank":611,"road":"DN2H","km":1.18,"aadt":8462,"costRon":32889490,"ronPerVehicleHour":1637.5},"geometry":{"type":"LineString","coordinates":[[25.9941,47.7949],[25.9912,47.7847]]}},{"type":"Feature","properties":{"kind":"ocolire","rank":612,"road":"DN2H","km":0.73,"aadt":8462,"costRon":20216827,"ronPerVehicleHour":1637.5},"geometry":{"type":"LineString","coordinates":[[25.9418,47.8241],[25.9465,47.8184]]}},{"type":"Feature","properties":{"kind":"ocolire","rank":613,"road":"DN2H","km":3.1,"aadt":8462,"costRon":86473326,"ronPerVehicleHour":1637.5},"geometry":{"type":"LineString","coordinates":[[25.9629,47.8114],[25.9886,47.801],[25.9941,47.7949]]}},{"type":"Feature","properties":{"kind":"ocolire","rank":614,"road":"DN73","km":1.95,"aadt":8451,"costRon":54404622,"ronPerVehicleHour":1639.6},"geometry":{"type":"LineString","coordinates":[[25.0568,45.279],[25.0691,45.2936]]}},{"type":"Feature","properties":{"kind":"ocolire","rank":615,"road":"DN73","km":2.62,"aadt":8451,"costRon":72916136,"ronPerVehicleHour":1639.6},"geometry":{"type":"LineString","coordinates":[[25.0568,45.279],[25.0524,45.2811],[25.0543,45.2841],[25.0627,45.294],[25.0691,45.2936]]}},{"type":"Feature","properties":{"kind":"ocolire","rank":616,"road":"DN73","km":3.29,"aadt":8451,"costRon":91728832,"ronPerVehicleHour":1639.6},"geometry":{"type":"LineString","coordinates":[[25.0691,45.2936],[25.0838,45.2906],[25.1075,45.2961]]}},{"type":"Feature","properties":{"kind":"ocolire","rank":617,"road":"DN66A","km":2.11,"aadt":8396,"costRon":58911341,"ronPerVehicleHour":1650.3},"geometry":{"type":"LineString","coordinates":[[23.3658,45.371],[23.3405,45.3768]]}},{"type":"Feature","properties":{"kind":"ocolire","rank":618,"road":"DN66A","km":2.84,"aadt":8396,"costRon":79249985,"ronPerVehicleHour":1650.3},"geometry":{"type":"LineString","coordinates":[[23.3395,45.3769],[23.3216,45.3786],[23.305,45.3753]]}},{"type":"Feature","properties":{"kind":"ocolire","rank":619,"road":"DN6","km":2.58,"aadt":8366,"costRon":71996383,"ronPerVehicleHour":1656.3},"geometry":{"type":"LineString","coordinates":[[23.9864,44.1943],[23.992,44.1886],[24.0136,44.1855]]}},{"type":"Feature","properties":{"kind":"ocolire","rank":620,"road":"DN6","km":1.2,"aadt":8366,"costRon":33475692,"ronPerVehicleHour":1656.3},"geometry":{"type":"LineString","coordinates":[[23.9206,44.2493],[23.9277,44.2448],[23.928,44.2411]]}},{"type":"Feature","properties":{"kind":"ocolire","rank":621,"road":"DN6","km":0.55,"aadt":8366,"costRon":15300096,"ronPerVehicleHour":1656.3},"geometry":{"type":"LineString","coordinates":[[23.8965,44.265],[23.9026,44.2629]]}},{"type":"Feature","properties":{"kind":"ocolire","rank":622,"road":"DN2B","km":0.63,"aadt":8325,"costRon":17686252,"ronPerVehicleHour":1664.4},"geometry":{"type":"LineString","coordinates":[[26.7782,45.0914],[26.7814,45.0966]]}},{"type":"Feature","properties":{"kind":"ocolire","rank":623,"road":"VO_DROBETA","km":1.89,"aadt":8320,"costRon":52777305,"ronPerVehicleHour":1665.4},"geometry":{"type":"LineString","coordinates":[[22.6668,44.6411],[22.6829,44.6536]]}},{"type":"Feature","properties":{"kind":"ocolire","rank":624,"road":"DN7C","km":1.3,"aadt":8246,"costRon":36120187,"ronPerVehicleHour":1680.4},"geometry":{"type":"LineString","coordinates":[[24.728,45.0061],[24.7365,44.9962]]}},{"type":"Feature","properties":{"kind":"ocolire","rank":625,"road":"DN7C","km":1.39,"aadt":8246,"costRon":38719369,"ronPerVehicleHour":1680.4},"geometry":{"type":"LineString","coordinates":[[24.7475,44.9721],[24.753,44.9609]]}},{"type":"Feature","properties":{"kind":"ocolire","rank":626,"road":"DN7C","km":8.14,"aadt":8246,"costRon":226979857,"ronPerVehicleHour":1680.4},"geometry":{"type":"LineString","coordinates":[[24.6694,45.1032],[24.706,45.0349]]}},{"type":"Feature","properties":{"kind":"ocolire","rank":627,"road":"DN7C","km":3.11,"aadt":8246,"costRon":86569700,"ronPerVehicleHour":1680.4},"geometry":{"type":"LineString","coordinates":[[24.6755,45.1324],[24.6694,45.105]]}},{"type":"Feature","properties":{"kind":"ocolire","rank":628,"road":"DN7C","km":8.24,"aadt":8246,"costRon":229818439,"ronPerVehicleHour":1680.4},"geometry":{"type":"LineString","coordinates":[[24.7626,44.9512],[24.7802,44.9312],[24.7935,44.924],[24.81,44.9082],[24.8216,44.8915]]}},{"type":"Feature","properties":{"kind":"ocolire","rank":629,"road":"DN7C","km":2.85,"aadt":8246,"costRon":79333960,"ronPerVehicleHour":1680.4},"geometry":{"type":"LineString","coordinates":[[24.7085,45.0274],[24.728,45.0064]]}},{"type":"Feature","properties":{"kind":"ocolire","rank":630,"road":"DN79","km":0.53,"aadt":8245,"costRon":14824386,"ronPerVehicleHour":1680.6},"geometry":{"type":"LineString","coordinates":[[21.6923,46.8266],[21.6975,46.8295]]}},{"type":"Feature","properties":{"kind":"ocolire","rank":631,"road":"DN79","km":1.6,"aadt":8245,"costRon":44701442,"ronPerVehicleHour":1680.6},"geometry":{"type":"LineString","coordinates":[[21.8311,46.9613],[21.8453,46.9714]]}},{"type":"Feature","properties":{"kind":"ocolire","rank":632,"road":"DN79","km":1.13,"aadt":8245,"costRon":31623665,"ronPerVehicleHour":1680.6},"geometry":{"type":"LineString","coordinates":[[21.7517,46.8898],[21.7597,46.8984]]}},{"type":"Feature","properties":{"kind":"ocolire","rank":633,"road":"DN79","km":1.95,"aadt":8245,"costRon":54407333,"ronPerVehicleHour":1680.6},"geometry":{"type":"LineString","coordinates":[[21.7803,46.9238],[21.7973,46.9357]]}},{"type":"Feature","properties":{"kind":"ocolire","rank":634,"road":"DN79","km":1.62,"aadt":8245,"costRon":45221468,"ronPerVehicleHour":1680.6},"geometry":{"type":"LineString","coordinates":[[21.6645,46.8166],[21.6603,46.81],[21.6626,46.8029]]}},{"type":"Feature","properties":{"kind":"ocolire","rank":635,"road":"DN79","km":1.41,"aadt":8245,"costRon":39427278,"ronPerVehicleHour":1680.6},"geometry":{"type":"LineString","coordinates":[[21.6449,46.8004],[21.6279,46.7953]]}},{"type":"Feature","properties":{"kind":"ocolire","rank":636,"road":"DN79","km":2.29,"aadt":8245,"costRon":63946627,"ronPerVehicleHour":1680.6},"geometry":{"type":"LineString","coordinates":[[21.6616,46.8024],[21.6482,46.804],[21.6394,46.7946]]}},{"type":"Feature","properties":{"kind":"giratoriu","aadt":9883},"geometry":{"type":"Point","coordinates":[21.235,45.4596]}},{"type":"Feature","properties":{"kind":"giratoriu","aadt":9883},"geometry":{"type":"Point","coordinates":[21.236,45.4949]}},{"type":"Feature","properties":{"kind":"giratoriu","aadt":9883},"geometry":{"type":"Point","coordinates":[21.2157,45.563]}},{"type":"Feature","properties":{"kind":"giratoriu","aadt":9883},"geometry":{"type":"Point","coordinates":[21.2105,45.5664]}},{"type":"Feature","properties":{"kind":"giratoriu","aadt":13425},"geometry":{"type":"Point","coordinates":[21.1744,45.6511]}},{"type":"Feature","properties":{"kind":"giratoriu","aadt":16000},"geometry":{"type":"Point","coordinates":[21.4125,45.6796]}},{"type":"Feature","properties":{"kind":"giratoriu","aadt":9406},"geometry":{"type":"Point","coordinates":[21.1007,45.7532]}},{"type":"Feature","properties":{"kind":"giratoriu","aadt":16000},"geometry":{"type":"Point","coordinates":[21.6242,45.7738]}},{"type":"Feature","properties":{"kind":"giratoriu","aadt":16000},"geometry":{"type":"Point","coordinates":[21.6291,45.7747]}},{"type":"Feature","properties":{"kind":"giratoriu","aadt":9406},"geometry":{"type":"Point","coordinates":[21.1123,45.7604]}},{"type":"Feature","properties":{"kind":"giratoriu","aadt":14719},"geometry":{"type":"Point","coordinates":[21.3764,45.7796]}},{"type":"Feature","properties":{"kind":"giratoriu","aadt":14719},"geometry":{"type":"Point","coordinates":[21.3181,45.7781]}},{"type":"Feature","properties":{"kind":"giratoriu","aadt":16000},"geometry":{"type":"Point","coordinates":[21.5039,45.799]}},{"type":"Feature","properties":{"kind":"giratoriu","aadt":16000},"geometry":{"type":"Point","coordinates":[21.5125,45.8006]}},{"type":"Feature","properties":{"kind":"giratoriu","aadt":13256},"geometry":{"type":"Point","coordinates":[21.0517,45.8345]}},{"type":"Feature","properties":{"kind":"giratoriu","aadt":13256},"geometry":{"type":"Point","coordinates":[20.9614,45.8848]}},{"type":"Feature","properties":{"kind":"giratoriu","aadt":9595},"geometry":{"type":"Point","coordinates":[21.597,46.1115]}},{"type":"Feature","properties":{"kind":"giratoriu","aadt":22725},"geometry":{"type":"Point","coordinates":[21.5314,46.1386]}},{"type":"Feature","properties":{"kind":"giratoriu","aadt":22725},"geometry":{"type":"Point","coordinates":[21.4047,46.1635]}},{"type":"Feature","properties":{"kind":"giratoriu","aadt":8952},"geometry":{"type":"Point","coordinates":[21.0896,46.1722]}},{"type":"Feature","properties":{"kind":"giratoriu","aadt":8952},"geometry":{"type":"Point","coordinates":[20.9943,46.1695]}},{"type":"Feature","properties":{"kind":"giratoriu","aadt":8952},"geometry":{"type":"Point","coordinates":[21.0432,46.1718]}},{"type":"Feature","properties":{"kind":"giratoriu","aadt":8952},"geometry":{"type":"Point","coordinates":[21.0403,46.1723]}},{"type":"Feature","properties":{"kind":"giratoriu","aadt":11352},"geometry":{"type":"Point","coordinates":[21.1906,46.2059]}},{"type":"Feature","properties":{"kind":"giratoriu","aadt":10979},"geometry":{"type":"Point","coordinates":[21.2887,46.214]}},{"type":"Feature","properties":{"kind":"giratoriu","aadt":10979},"geometry":{"type":"Point","coordinates":[21.3205,46.2162]}},{"type":"Feature","properties":{"kind":"giratoriu","aadt":13640},"geometry":{"type":"Point","coordinates":[21.3828,46.2596]}},{"type":"Feature","properties":{"kind":"giratoriu","aadt":8410},"geometry":{"type":"Point","coordinates":[21.3916,46.2766]}},{"type":"Feature","properties":{"kind":"giratoriu","aadt":10711},"geometry":{"type":"Point","coordinates":[21.4485,46.4206]}},{"type":"Feature","properties":{"kind":"giratoriu","aadt":10711},"geometry":{"type":"Point","coordinates":[21.4495,46.4228]}},{"type":"Feature","properties":{"kind":"giratoriu","aadt":10711},"geometry":{"type":"Point","coordinates":[21.4974,46.4782]}},{"type":"Feature","properties":{"kind":"giratoriu","aadt":10711},"geometry":{"type":"Point","coordinates":[21.5039,46.49]}},{"type":"Feature","properties":{"kind":"giratoriu","aadt":10711},"geometry":{"type":"Point","coordinates":[21.5096,46.5185]}},{"type":"Feature","properties":{"kind":"giratoriu","aadt":11138},"geometry":{"type":"Point","coordinates":[22.0548,45.6087]}},{"type":"Feature","properties":{"kind":"giratoriu","aadt":11138},"geometry":{"type":"Point","coordinates":[22.0337,45.6181]}},{"type":"Feature","properties":{"kind":"giratoriu","aadt":11138},"geometry":{"type":"Point","coordinates":[22.0044,45.6343]}},{"type":"Feature","properties":{"kind":"giratoriu","aadt":11138},"geometry":{"type":"Point","coordinates":[21.9034,45.6812]}},{"type":"Feature","properties":{"kind":"giratoriu","aadt":11138},"geometry":{"type":"Point","coordinates":[21.8989,45.6861]}},{"type":"Feature","properties":{"kind":"giratoriu","aadt":11138},"geometry":{"type":"Point","coordinates":[21.9016,45.6949]}},{"type":"Feature","properties":{"kind":"giratoriu","aadt":15023},"geometry":{"type":"Point","coordinates":[21.8532,45.7374]}},{"type":"Feature","properties":{"kind":"giratoriu","aadt":15023},"geometry":{"type":"Point","coordinates":[21.7267,45.7629]}},{"type":"Feature","properties":{"kind":"giratoriu","aadt":8833},"geometry":{"type":"Point","coordinates":[21.6849,46.0934]}},{"type":"Feature","properties":{"kind":"giratoriu","aadt":8245},"geometry":{"type":"Point","coordinates":[21.6452,46.8005]}},{"type":"Feature","properties":{"kind":"giratoriu","aadt":8245},"geometry":{"type":"Point","coordinates":[21.715,46.8489]}},{"type":"Feature","properties":{"kind":"giratoriu","aadt":8245},"geometry":{"type":"Point","coordinates":[21.7572,46.8959]}},{"type":"Feature","properties":{"kind":"giratoriu","aadt":11664},"geometry":{"type":"Point","coordinates":[21.8383,46.9647]}},{"type":"Feature","properties":{"kind":"giratoriu","aadt":20838},"geometry":{"type":"Point","coordinates":[21.981,47.0008]}},{"type":"Feature","properties":{"kind":"giratoriu","aadt":20838},"geometry":{"type":"Point","coordinates":[21.98,47.0025]}},{"type":"Feature","properties":{"kind":"giratoriu","aadt":12278},"geometry":{"type":"Point","coordinates":[21.9664,47.0277]}},{"type":"Feature","properties":{"kind":"giratoriu","aadt":23291},"geometry":{"type":"Point","coordinates":[22.0283,47.041]}},{"type":"Feature","properties":{"kind":"giratoriu","aadt":17119},"geometry":{"type":"Point","coordinates":[21.9034,47.0461]}},{"type":"Feature","properties":{"kind":"giratoriu","aadt":17119},"geometry":{"type":"Point","coordinates":[21.8938,47.0478]}},{"type":"Feature","properties":{"kind":"giratoriu","aadt":17119},"geometry":{"type":"Point","coordinates":[21.8929,47.0481]}},{"type":"Feature","properties":{"kind":"giratoriu","aadt":17119},"geometry":{"type":"Point","coordinates":[21.8997,47.0665]}},{"type":"Feature","properties":{"kind":"giratoriu","aadt":17119},"geometry":{"type":"Point","coordinates":[21.9075,47.0744]}},{"type":"Feature","properties":{"kind":"giratoriu","aadt":14985},"geometry":{"type":"Point","coordinates":[21.8476,47.1004]}},{"type":"Feature","properties":{"kind":"giratoriu","aadt":14985},"geometry":{"type":"Point","coordinates":[21.7992,47.1168]}},{"type":"Feature","properties":{"kind":"giratoriu","aadt":14985},"geometry":{"type":"Point","coordinates":[21.7913,47.1186]}},{"type":"Feature","properties":{"kind":"giratoriu","aadt":14985},"geometry":{"type":"Point","coordinates":[21.7917,47.1191]}},{"type":"Feature","properties":{"kind":"giratoriu","aadt":9006},"geometry":{"type":"Point","coordinates":[22.7731,44.5384]}},{"type":"Feature","properties":{"kind":"giratoriu","aadt":12923},"geometry":{"type":"Point","coordinates":[22.5322,44.676]}},{"type":"Feature","properties":{"kind":"giratoriu","aadt":12923},"geometry":{"type":"Point","coordinates":[22.4707,44.7208]}},{"type":"Feature","properties":{"kind":"giratoriu","aadt":8519},"geometry":{"type":"Point","coordinates":[22.3875,44.8573]}},{"type":"Feature","properties":{"kind":"giratoriu","aadt":8519},"geometry":{"type":"Point","coordinates":[22.3551,44.9608]}},{"type":"Feature","properties":{"kind":"giratoriu","aadt":8519},"geometry":{"type":"Point","coordinates":[22.3367,44.9744]}},{"type":"Feature","properties":{"kind":"giratoriu","aadt":8841},"geometry":{"type":"Point","coordinates":[22.3377,44.9847]}},{"type":"Feature","properties":{"kind":"giratoriu","aadt":8841},"geometry":{"type":"Point","coordinates":[22.31,45.0725]}},{"type":"Feature","properties":{"kind":"giratoriu","aadt":8841},"geometry":{"type":"Point","coordinates":[22.3145,45.0966]}},{"type":"Feature","properties":{"kind":"giratoriu","aadt":8841},"geometry":{"type":"Point","coordinates":[22.3026,45.156]}},{"type":"Feature","properties":{"kind":"giratoriu","aadt":8841},"geometry":{"type":"Point","coordinates":[22.3055,45.1678]}},{"type":"Feature","properties":{"kind":"giratoriu","aadt":10643},"geometry":{"type":"Point","coordinates":[22.2674,45.3334]}},{"type":"Feature","properties":{"kind":"giratoriu","aadt":10643},"geometry":{"type":"Point","coordinates":[22.2552,45.3463]}},{"type":"Feature","properties":{"kind":"giratoriu","aadt":12913},"geometry":{"type":"Point","coordinates":[22.6724,45.9226]}},{"type":"Feature","properties":{"kind":"giratoriu","aadt":10987},"geometry":{"type":"Point","coordinates":[22.6871,46.9489]}},{"type":"Feature","properties":{"kind":"giratoriu","aadt":11254},"geometry":{"type":"Point","coordinates":[22.6176,46.991]}},{"type":"Feature","properties":{"kind":"giratoriu","aadt":14219},"geometry":{"type":"Point","coordinates":[22.3996,47.0585]}},{"type":"Feature","properties":{"kind":"giratoriu","aadt":14219},"geometry":{"type":"Point","coordinates":[22.3905,47.0598]}},{"type":"Feature","properties":{"kind":"giratoriu","aadt":23291},"geometry":{"type":"Point","coordinates":[22.1952,47.0734]}},{"type":"Feature","properties":{"kind":"giratoriu","aadt":23291},"geometry":{"type":"Point","coordinates":[22.2201,47.0796]}},{"type":"Feature","properties":{"kind":"giratoriu","aadt":23291},"geometry":{"type":"Point","coordinates":[22.2028,47.0809]}},{"type":"Feature","properties":{"kind":"giratoriu","aadt":8994},"geometry":{"type":"Point","coordinates":[23.0313,44.9395]}},{"type":"Feature","properties":{"kind":"giratoriu","aadt":12913},"geometry":{"type":"Point","coordinates":[22.7977,45.9043]}},{"type":"Feature","properties":{"kind":"giratoriu","aadt":9653},"geometry":{"type":"Point","coordinates":[22.8772,45.9158]}},{"type":"Feature","properties":{"kind":"giratoriu","aadt":9653},"geometry":{"type":"Point","coordinates":[22.8526,45.9306]}},{"type":"Feature","properties":{"kind":"giratoriu","aadt":9653},"geometry":{"type":"Point","coordinates":[22.8552,45.9345]}},{"type":"Feature","properties":{"kind":"giratoriu","aadt":10655},"geometry":{"type":"Point","coordinates":[22.8805,46.8939]}},{"type":"Feature","properties":{"kind":"giratoriu","aadt":10655},"geometry":{"type":"Point","coordinates":[22.8443,46.9346]}},{"type":"Feature","properties":{"kind":"giratoriu","aadt":10987},"geometry":{"type":"Point","coordinates":[22.8124,46.9522]}},{"type":"Feature","properties":{"kind":"giratoriu","aadt":12102},"geometry":{"type":"Point","coordinates":[22.7902,47.7805]}},{"type":"Feature","properties":{"kind":"giratoriu","aadt":9752},"geometry":{"type":"Point","coordinates":[22.9475,47.8264]}},{"type":"Feature","properties":{"kind":"giratoriu","aadt":8994},"geometry":{"type":"Point","coordinates":[23.0681,44.9603]}},{"type":"Feature","properties":{"kind":"giratoriu","aadt":8994},"geometry":{"type":"Point","coordinates":[23.1129,44.9909]}},{"type":"Feature","properties":{"kind":"giratoriu","aadt":8994},"geometry":{"type":"Point","coordinates":[23.15,44.9957]}},{"type":"Feature","properties":{"kind":"giratoriu","aadt":8994},"geometry":{"type":"Point","coordinates":[23.1712,45.003]}},{"type":"Feature","properties":{"kind":"giratoriu","aadt":8994},"geometry":{"type":"Point","coordinates":[23.2341,45.028]}},{"type":"Feature","properties":{"kind":"giratoriu","aadt":11636},"geometry":{"type":"Point","coordinates":[23.3683,45.0391]}},{"type":"Feature","properties":{"kind":"giratoriu","aadt":8396},"geometry":{"type":"Point","coordinates":[23.3658,45.371]}},{"type":"Feature","properties":{"kind":"giratoriu","aadt":11047},"geometry":{"type":"Point","coordinates":[23.3116,46.7787]}},{"type":"Feature","properties":{"kind":"giratoriu","aadt":11047},"geometry":{"type":"Point","coordinates":[23.2957,46.7853]}},{"type":"Feature","properties":{"kind":"giratoriu","aadt":11494},"geometry":{"type":"Point","coordinates":[23.1669,46.8219]}},{"type":"Feature","properties":{"kind":"giratoriu","aadt":11494},"geometry":{"type":"Point","coordinates":[23.1568,46.8247]}},{"type":"Feature","properties":{"kind":"giratoriu","aadt":11494},"geometry":{"type":"Point","coordinates":[23.0796,46.851]}},{"type":"Feature","properties":{"kind":"giratoriu","aadt":11494},"geometry":{"type":"Point","coordinates":[23.0265,46.8645]}},{"type":"Feature","properties":{"kind":"giratoriu","aadt":11494},"geometry":{"type":"Point","coordinates":[23.0255,46.8647]}},{"type":"Feature","properties":{"kind":"giratoriu","aadt":10334},"geometry":{"type":"Point","coordinates":[22.9924,47.2407]}},{"type":"Feature","properties":{"kind":"giratoriu","aadt":15116},"geometry":{"type":"Point","coordinates":[23.2265,47.768]}},{"type":"Feature","properties":{"kind":"giratoriu","aadt":9752},"geometry":{"type":"Point","coordinates":[22.9988,47.8656]}},{"type":"Feature","properties":{"kind":"giratoriu","aadt":13124},"geometry":{"type":"Point","coordinates":[23.5704,44.5191]}},{"type":"Feature","properties":{"kind":"giratoriu","aadt":13124},"geometry":{"type":"Point","coordinates":[23.5139,44.5559]}},{"type":"Feature","properties":{"kind":"giratoriu","aadt":13124},"geometry":{"type":"Point","coordinates":[23.4943,44.5598]}},{"type":"Feature","properties":{"kind":"giratoriu","aadt":11636},"geometry":{"type":"Point","coordinates":[23.422,45.0297]}},{"type":"Feature","properties":{"kind":"giratoriu","aadt":18014},"geometry":{"type":"Point","coordinates":[23.5531,46.0327]}},{"type":"Feature","properties":{"kind":"giratoriu","aadt":10970},"geometry":{"type":"Point","coordinates":[23.5673,46.0485]}},{"type":"Feature","properties":{"kind":"giratoriu","aadt":10970},"geometry":{"type":"Point","coordinates":[23.5688,46.0508]}},{"type":"Feature","properties":{"kind":"giratoriu","aadt":8705},"geometry":{"type":"Point","coordinates":[23.5203,46.122]}},{"type":"Feature","properties":{"kind":"giratoriu","aadt":21415},"geometry":{"type":"Point","coordinates":[23.6549,46.1773]}},{"type":"Feature","properties":{"kind":"giratoriu","aadt":18550},"geometry":{"type":"Point","coordinates":[23.6714,46.2014]}},{"type":"Feature","properties":{"kind":"giratoriu","aadt":18550},"geometry":{"type":"Point","coordinates":[23.6738,46.2066]}},{"type":"Feature","properties":{"kind":"giratoriu","aadt":18550},"geometry":{"type":"Point","coordinates":[23.6743,46.2073]}},{"type":"Feature","properties":{"kind":"giratoriu","aadt":18983},"geometry":{"type":"Point","coordinates":[23.6482,46.6741]}},{"type":"Feature","properties":{"kind":"giratoriu","aadt":19598},"geometry":{"type":"Point","coordinates":[23.63,46.6887]}},{"type":"Feature","properties":{"kind":"giratoriu","aadt":18575},"geometry":{"type":"Point","coordinates":[23.4951,46.7453]}},{"type":"Feature","properties":{"kind":"giratoriu","aadt":13217},"geometry":{"type":"Point","coordinates":[23.3962,46.7515]}},{"type":"Feature","properties":{"kind":"giratoriu","aadt":13910},"geometry":{"type":"Point","coordinates":[23.5506,46.7858]}},{"type":"Feature","properties":{"kind":"giratoriu","aadt":15241},"geometry":{"type":"Point","coordinates":[23.4421,47.6005]}},{"type":"Feature","properties":{"kind":"giratoriu","aadt":10224},"geometry":{"type":"Point","coordinates":[23.6168,47.6595]}},{"type":"Feature","properties":{"kind":"giratoriu","aadt":10224},"geometry":{"type":"Point","coordinates":[23.6159,47.6598]}},{"type":"Feature","properties":{"kind":"giratoriu","aadt":9001},"geometry":{"type":"Point","coordinates":[23.8638,44.2145]}},{"type":"Feature","properties":{"kind":"giratoriu","aadt":8366},"geometry":{"type":"Point","coordinates":[23.9285,44.2402]}},{"type":"Feature","properties":{"kind":"giratoriu","aadt":8366},"geometry":{"type":"Point","coordinates":[23.9276,44.2449]}},{"type":"Feature","properties":{"kind":"giratoriu","aadt":16461},"geometry":{"type":"Point","coordinates":[23.7798,44.2437]}},{"type":"Feature","properties":{"kind":"giratoriu","aadt":8366},"geometry":{"type":"Point","coordinates":[23.9002,44.2641]}},{"type":"Feature","properties":{"kind":"giratoriu","aadt":25549},"geometry":{"type":"Point","coordinates":[23.8684,44.3123]}},{"type":"Feature","properties":{"kind":"giratoriu","aadt":25549},"geometry":{"type":"Point","coordinates":[23.8678,44.3123]}},{"type":"Feature","properties":{"kind":"giratoriu","aadt":13417},"geometry":{"type":"Point","coordinates":[23.9684,44.3214]}},{"type":"Feature","properties":{"kind":"giratoriu","aadt":13417},"geometry":{"type":"Point","coordinates":[23.9738,44.3256]}},{"type":"Feature","properties":{"kind":"giratoriu","aadt":13417},"geometry":{"type":"Point","coordinates":[23.9795,44.327]}},{"type":"Feature","properties":{"kind":"giratoriu","aadt":17333},"geometry":{"type":"Point","coordinates":[23.7464,44.3632]}},{"type":"Feature","properties":{"kind":"giratoriu","aadt":18994},"geometry":{"type":"Point","coordinates":[23.8939,45.1187]}},{"type":"Feature","properties":{"kind":"giratoriu","aadt":18994},"geometry":{"type":"Point","coordinates":[23.89,45.1203]}},{"type":"Feature","properties":{"kind":"giratoriu","aadt":18994},"geometry":{"type":"Point","coordinates":[23.8342,45.1254]}},{"type":"Feature","properties":{"kind":"giratoriu","aadt":18994},"geometry":{"type":"Point","coordinates":[23.9646,45.1291]}},{"type":"Feature","properties":{"kind":"giratoriu","aadt":12765},"geometry":{"type":"Point","coordinates":[23.7827,46.388]}},{"type":"Feature","properties":{"kind":"giratoriu","aadt":12765},"geometry":{"type":"Point","coordinates":[23.8113,46.4036]}},{"type":"Feature","properties":{"kind":"giratoriu","aadt":10976},"geometry":{"type":"Point","coordinates":[23.7744,46.5442]}},{"type":"Feature","properties":{"kind":"giratoriu","aadt":18983},"geometry":{"type":"Point","coordinates":[23.7102,46.6291]}},{"type":"Feature","properties":{"kind":"giratoriu","aadt":18983},"geometry":{"type":"Point","coordinates":[23.7018,46.6311]}},{"type":"Feature","properties":{"kind":"giratoriu","aadt":18983},"geometry":{"type":"Point","coordinates":[23.6955,46.6331]}},{"type":"Feature","properties":{"kind":"giratoriu","aadt":18983},"geometry":{"type":"Point","coordinates":[23.6904,46.6356]}},{"type":"Feature","properties":{"kind":"giratoriu","aadt":18983},"geometry":{"type":"Point","coordinates":[23.6893,46.6364]}},{"type":"Feature","properties":{"kind":"giratoriu","aadt":18983},"geometry":{"type":"Point","coordinates":[23.6848,46.6397]}},{"type":"Feature","properties":{"kind":"giratoriu","aadt":11838},"geometry":{"type":"Point","coordinates":[23.75,46.7961]}},{"type":"Feature","properties":{"kind":"giratoriu","aadt":17672},"geometry":{"type":"Point","coordinates":[23.7611,46.8593]}},{"type":"Feature","properties":{"kind":"giratoriu","aadt":17672},"geometry":{"type":"Point","coordinates":[23.7738,46.9031]}},{"type":"Feature","properties":{"kind":"giratoriu","aadt":17672},"geometry":{"type":"Point","coordinates":[23.7845,46.9276]}},{"type":"Feature","properties":{"kind":"giratoriu","aadt":17672},"geometry":{"type":"Point","coordinates":[23.79,46.9411]}},{"type":"Feature","properties":{"kind":"giratoriu","aadt":17672},"geometry":{"type":"Point","coordinates":[23.7955,46.9561]}},{"type":"Feature","properties":{"kind":"giratoriu","aadt":17672},"geometry":{"type":"Point","coordinates":[23.8124,46.9882]}},{"type":"Feature","properties":{"kind":"giratoriu","aadt":13361},"geometry":{"type":"Point","coordinates":[23.9102,47.0657]}},{"type":"Feature","properties":{"kind":"giratoriu","aadt":12439},"geometry":{"type":"Point","coordinates":[23.8942,47.1168]}},{"type":"Feature","properties":{"kind":"giratoriu","aadt":10507},"geometry":{"type":"Point","coordinates":[23.8758,47.1546]}},{"type":"Feature","properties":{"kind":"giratoriu","aadt":10507},"geometry":{"type":"Point","coordinates":[23.8517,47.1988]}},{"type":"Feature","properties":{"kind":"giratoriu","aadt":10224},"geometry":{"type":"Point","coordinates":[23.691,47.6612]}},{"type":"Feature","properties":{"kind":"giratoriu","aadt":8366},"geometry":{"type":"Point","coordinates":[24.0039,44.188]}},{"type":"Feature","properties":{"kind":"giratoriu","aadt":13417},"geometry":{"type":"Point","coordinates":[24.0363,44.345]}},{"type":"Feature","properties":{"kind":"giratoriu","aadt":13055},"geometry":{"type":"Point","coordinates":[24.098,44.351]}},{"type":"Feature","properties":{"kind":"giratoriu","aadt":13417},"geometry":{"type":"Point","coordinates":[24.0822,44.353]}},{"type":"Feature","properties":{"kind":"giratoriu","aadt":18994},"geometry":{"type":"Point","coordinates":[23.9991,45.1445]}},{"type":"Feature","properties":{"kind":"giratoriu","aadt":18994},"geometry":{"type":"Point","coordinates":[23.9911,45.145]}},{"type":"Feature","properties":{"kind":"giratoriu","aadt":9662},"geometry":{"type":"Point","coordinates":[24.0312,45.7886]}},{"type":"Feature","properties":{"kind":"giratoriu","aadt":10728},"geometry":{"type":"Point","coordinates":[24.1552,45.9185]}},{"type":"Feature","properties":{"kind":"giratoriu","aadt":10764},"geometry":{"type":"Point","coordinates":[23.9617,46.463]}},{"type":"Feature","properties":{"kind":"giratoriu","aadt":15160},"geometry":{"type":"Point","coordinates":[24.0936,46.4819]}},{"type":"Feature","properties":{"kind":"giratoriu","aadt":15160},"geometry":{"type":"Point","coordinates":[24.0954,46.485]}},{"type":"Feature","properties":{"kind":"giratoriu","aadt":15160},"geometry":{"type":"Point","coordinates":[24.0986,46.4875]}},{"type":"Feature","properties":{"kind":"giratoriu","aadt":9669},"geometry":{"type":"Point","coordinates":[24.147,47.1783]}},{"type":"Feature","properties":{"kind":"giratoriu","aadt":9669},"geometry":{"type":"Point","coordinates":[24.0093,47.1918]}},{"type":"Feature","properties":{"kind":"giratoriu","aadt":9669},"geometry":{"type":"Point","coordinates":[24.0622,47.2019]}},{"type":"Feature","properties":{"kind":"giratoriu","aadt":11957},"geometry":{"type":"Point","coordinates":[24.3274,44.418]}},{"type":"Feature","properties":{"kind":"giratoriu","aadt":12534},"geometry":{"type":"Point","coordinates":[24.425,44.4731]}},{"type":"Feature","properties":{"kind":"giratoriu","aadt":12534},"geometry":{"type":"Point","coordinates":[24.4378,44.4816]}},{"type":"Feature","properties":{"kind":"giratoriu","aadt":17380},"geometry":{"type":"Point","coordinates":[24.4835,45.0264]}},{"type":"Feature","properties":{"kind":"giratoriu","aadt":13662},"geometry":{"type":"Point","coordinates":[24.5033,45.0279]}},{"type":"Feature","properties":{"kind":"giratoriu","aadt":17380},"geometry":{"type":"Point","coordinates":[24.4368,45.0662]}},{"type":"Feature","properties":{"kind":"giratoriu","aadt":17380},"geometry":{"type":"Point","coordinates":[24.3969,45.0742]}},{"type":"Feature","properties":{"kind":"giratoriu","aadt":19862},"geometry":{"type":"Point","coordinates":[24.3859,45.1056]}},{"type":"Feature","properties":{"kind":"giratoriu","aadt":16814},"geometry":{"type":"Point","coordinates":[24.3649,45.1817]}},{"type":"Feature","properties":{"kind":"giratoriu","aadt":16814},"geometry":{"type":"Point","coordinates":[24.3653,45.1826]}},{"type":"Feature","properties":{"kind":"giratoriu","aadt":16814},"geometry":{"type":"Point","coordinates":[24.3405,45.2267]}},{"type":"Feature","properties":{"kind":"giratoriu","aadt":16814},"geometry":{"type":"Point","coordinates":[24.3403,45.2275]}},{"type":"Feature","properties":{"kind":"giratoriu","aadt":16814},"geometry":{"type":"Point","coordinates":[24.3414,45.2402]}},{"type":"Feature","properties":{"kind":"giratoriu","aadt":14865},"geometry":{"type":"Point","coordinates":[24.2975,45.3856]}},{"type":"Feature","properties":{"kind":"giratoriu","aadt":14865},"geometry":{"type":"Point","coordinates":[24.3003,45.3875]}},{"type":"Feature","properties":{"kind":"giratoriu","aadt":14865},"geometry":{"type":"Point","coordinates":[24.3042,45.4954]}},{"type":"Feature","properties":{"kind":"giratoriu","aadt":13131},"geometry":{"type":"Point","coordinates":[24.2644,45.6585]}},{"type":"Feature","properties":{"kind":"giratoriu","aadt":13131},"geometry":{"type":"Point","coordinates":[24.2608,45.6685]}},{"type":"Feature","properties":{"kind":"giratoriu","aadt":13000},"geometry":{"type":"Point","coordinates":[24.3881,45.7365]}},{"type":"Feature","properties":{"kind":"giratoriu","aadt":13000},"geometry":{"type":"Point","coordinates":[24.4623,45.7566]}},{"type":"Feature","properties":{"kind":"giratoriu","aadt":15108},"geometry":{"type":"Point","coordinates":[24.2512,46.4449]}},{"type":"Feature","properties":{"kind":"giratoriu","aadt":14714},"geometry":{"type":"Point","coordinates":[24.2356,46.4503]}},{"type":"Feature","properties":{"kind":"giratoriu","aadt":15592},"geometry":{"type":"Point","coordinates":[24.4176,47.0642]}},{"type":"Feature","properties":{"kind":"giratoriu","aadt":15592},"geometry":{"type":"Point","coordinates":[24.4215,47.0684]}},{"type":"Feature","properties":{"kind":"giratoriu","aadt":15592},"geometry":{"type":"Point","coordinates":[24.4279,47.0826]}},{"type":"Feature","properties":{"kind":"giratoriu","aadt":10812},"geometry":{"type":"Point","coordinates":[24.5444,44.5438]}},{"type":"Feature","properties":{"kind":"giratoriu","aadt":10812},"geometry":{"type":"Point","coordinates":[24.5584,44.5514]}},{"type":"Feature","properties":{"kind":"giratoriu","aadt":10812},"geometry":{"type":"Point","coordinates":[24.5939,44.5681]}},{"type":"Feature","properties":{"kind":"giratoriu","aadt":10812},"geometry":{"type":"Point","coordinates":[24.6355,44.6023]}},{"type":"Feature","properties":{"kind":"giratoriu","aadt":10812},"geometry":{"type":"Point","coordinates":[24.6705,44.6276]}},{"type":"Feature","properties":{"kind":"giratoriu","aadt":10812},"geometry":{"type":"Point","coordinates":[24.6727,44.6287]}},{"type":"Feature","properties":{"kind":"giratoriu","aadt":10812},"geometry":{"type":"Point","coordinates":[24.6977,44.6496]}},{"type":"Feature","properties":{"kind":"giratoriu","aadt":12536},"geometry":{"type":"Point","coordinates":[24.7316,44.6703]}},{"type":"Feature","properties":{"kind":"giratoriu","aadt":12536},"geometry":{"type":"Point","coordinates":[24.7591,44.6835]}},{"type":"Feature","properties":{"kind":"giratoriu","aadt":12536},"geometry":{"type":"Point","coordinates":[24.7637,44.6873]}},{"type":"Feature","properties":{"kind":"giratoriu","aadt":12536},"geometry":{"type":"Point","coordinates":[24.8271,44.7542]}},{"type":"Feature","properties":{"kind":"giratoriu","aadt":18052},"geometry":{"type":"Point","coordinates":[24.8366,44.7564]}},{"type":"Feature","properties":{"kind":"giratoriu","aadt":28810},"geometry":{"type":"Point","coordinates":[24.8749,44.9049]}},{"type":"Feature","properties":{"kind":"giratoriu","aadt":8246},"geometry":{"type":"Point","coordinates":[24.7468,44.9692]}},{"type":"Feature","properties":{"kind":"giratoriu","aadt":8246},"geometry":{"type":"Point","coordinates":[24.7469,44.9844]}},{"type":"Feature","properties":{"kind":"giratoriu","aadt":13662},"geometry":{"type":"Point","coordinates":[24.6007,44.9984]}},{"type":"Feature","properties":{"kind":"giratoriu","aadt":13662},"geometry":{"type":"Point","coordinates":[24.6001,44.9986]}},{"type":"Feature","properties":{"kind":"giratoriu","aadt":13662},"geometry":{"type":"Point","coordinates":[24.5451,45.0124]}},{"type":"Feature","properties":{"kind":"giratoriu","aadt":8246},"geometry":{"type":"Point","coordinates":[24.6991,45.0477]}},{"type":"Feature","properties":{"kind":"giratoriu","aadt":13475},"geometry":{"type":"Point","coordinates":[24.5886,45.7685]}},{"type":"Feature","properties":{"kind":"giratoriu","aadt":13475},"geometry":{"type":"Point","coordinates":[24.6032,45.7731]}},{"type":"Feature","properties":{"kind":"giratoriu","aadt":13475},"geometry":{"type":"Point","coordinates":[24.6193,45.7783]}},{"type":"Feature","properties":{"kind":"giratoriu","aadt":13475},"geometry":{"type":"Point","coordinates":[24.673,45.7881]}},{"type":"Feature","properties":{"kind":"giratoriu","aadt":12525},"geometry":{"type":"Point","coordinates":[24.6736,45.7882]}},{"type":"Feature","properties":{"kind":"giratoriu","aadt":12525},"geometry":{"type":"Point","coordinates":[24.6873,45.7902]}},{"type":"Feature","properties":{"kind":"giratoriu","aadt":12525},"geometry":{"type":"Point","coordinates":[24.688,45.7903]}},{"type":"Feature","properties":{"kind":"giratoriu","aadt":12525},"geometry":{"type":"Point","coordinates":[24.7222,45.7954]}},{"type":"Feature","properties":{"kind":"giratoriu","aadt":12525},"geometry":{"type":"Point","coordinates":[24.752,45.8016]}},{"type":"Feature","properties":{"kind":"giratoriu","aadt":12525},"geometry":{"type":"Point","coordinates":[24.8186,45.8126]}},{"type":"Feature","properties":{"kind":"giratoriu","aadt":12525},"geometry":{"type":"Point","coordinates":[24.8407,45.818]}},{"type":"Feature","properties":{"kind":"giratoriu","aadt":12525},"geometry":{"type":"Point","coordinates":[24.8456,45.8183]}},{"type":"Feature","properties":{"kind":"giratoriu","aadt":11227},"geometry":{"type":"Point","coordinates":[24.6329,46.4797]}},{"type":"Feature","properties":{"kind":"giratoriu","aadt":18038},"geometry":{"type":"Point","coordinates":[24.6442,46.613]}},{"type":"Feature","properties":{"kind":"giratoriu","aadt":18038},"geometry":{"type":"Point","coordinates":[24.635,46.6425]}},{"type":"Feature","properties":{"kind":"giratoriu","aadt":16039},"geometry":{"type":"Point","coordinates":[24.5311,47.1629]}},{"type":"Feature","properties":{"kind":"giratoriu","aadt":16039},"geometry":{"type":"Point","coordinates":[24.5682,47.1819]}},{"type":"Feature","properties":{"kind":"giratoriu","aadt":16039},"geometry":{"type":"Point","coordinates":[24.671,47.2117]}},{"type":"Feature","properties":{"kind":"giratoriu","aadt":16039},"geometry":{"type":"Point","coordinates":[24.7412,47.2198]}},{"type":"Feature","properties":{"kind":"giratoriu","aadt":8884},"geometry":{"type":"Point","coordinates":[25.2298,44.7703]}},{"type":"Feature","properties":{"kind":"giratoriu","aadt":8884},"geometry":{"type":"Point","coordinates":[25.1425,44.7882]}},{"type":"Feature","properties":{"kind":"giratoriu","aadt":8884},"geometry":{"type":"Point","coordinates":[25.1225,44.793]}},{"type":"Feature","properties":{"kind":"giratoriu","aadt":11618},"geometry":{"type":"Point","coordinates":[25.0699,44.8142]}},{"type":"Feature","properties":{"kind":"giratoriu","aadt":13305},"geometry":{"type":"Point","coordinates":[24.8896,44.8197]}},{"type":"Feature","properties":{"kind":"giratoriu","aadt":11618},"geometry":{"type":"Point","coordinates":[25.0351,44.8254]}},{"type":"Feature","properties":{"kind":"giratoriu","aadt":11618},"geometry":{"type":"Point","coordinates":[24.9996,44.8389]}},{"type":"Feature","properties":{"kind":"giratoriu","aadt":11618},"geometry":{"type":"Point","coordinates":[24.9985,44.8394]}},{"type":"Feature","properties":{"kind":"giratoriu","aadt":9234},"geometry":{"type":"Point","coordinates":[24.9192,44.947]}},{"type":"Feature","properties":{"kind":"giratoriu","aadt":9234},"geometry":{"type":"Point","coordinates":[24.9368,44.9568]}},{"type":"Feature","properties":{"kind":"giratoriu","aadt":9234},"geometry":{"type":"Point","coordinates":[24.9373,44.9571]}},{"type":"Feature","properties":{"kind":"giratoriu","aadt":9234},"geometry":{"type":"Point","coordinates":[24.9609,44.9796]}},{"type":"Feature","properties":{"kind":"giratoriu","aadt":8451},"geometry":{"type":"Point","coordinates":[25.0691,45.2936]}},{"type":"Feature","properties":{"kind":"giratoriu","aadt":8725},"geometry":{"type":"Point","coordinates":[25.211,45.7812]}},{"type":"Feature","properties":{"kind":"giratoriu","aadt":12525},"geometry":{"type":"Point","coordinates":[24.9166,45.8295]}},{"type":"Feature","properties":{"kind":"giratoriu","aadt":8725},"geometry":{"type":"Point","coordinates":[25.148,45.8295]}},{"type":"Feature","properties":{"kind":"giratoriu","aadt":8725},"geometry":{"type":"Point","coordinates":[25.1473,45.8296]}},{"type":"Feature","properties":{"kind":"giratoriu","aadt":10854},"geometry":{"type":"Point","coordinates":[25.1406,45.8305]}},{"type":"Feature","properties":{"kind":"giratoriu","aadt":10854},"geometry":{"type":"Point","coordinates":[25.1377,45.8306]}},{"type":"Feature","properties":{"kind":"giratoriu","aadt":8788},"geometry":{"type":"Point","coordinates":[25.2068,46.031]}},{"type":"Feature","properties":{"kind":"giratoriu","aadt":9236},"geometry":{"type":"Point","coordinates":[25.4182,44.0115]}},{"type":"Feature","properties":{"kind":"giratoriu","aadt":10335},"geometry":{"type":"Point","coordinates":[25.3117,44.6793]}},{"type":"Feature","properties":{"kind":"giratoriu","aadt":10335},"geometry":{"type":"Point","coordinates":[25.3111,44.6799]}},{"type":"Feature","properties":{"kind":"giratoriu","aadt":8874},"geometry":{"type":"Point","coordinates":[25.4898,44.684]}},{"type":"Feature","properties":{"kind":"giratoriu","aadt":8874},"geometry":{"type":"Point","coordinates":[25.3817,44.7099]}},{"type":"Feature","properties":{"kind":"giratoriu","aadt":8874},"geometry":{"type":"Point","coordinates":[25.3531,44.7134]}},{"type":"Feature","properties":{"kind":"giratoriu","aadt":8884},"geometry":{"type":"Point","coordinates":[25.3178,44.7206]}},{"type":"Feature","properties":{"kind":"giratoriu","aadt":8884},"geometry":{"type":"Point","coordinates":[25.3167,44.7209]}},{"type":"Feature","properties":{"kind":"giratoriu","aadt":14472},"geometry":{"type":"Point","coordinates":[25.3997,44.8316]}},{"type":"Feature","properties":{"kind":"giratoriu","aadt":13756},"geometry":{"type":"Point","coordinates":[25.5046,44.8923]}},{"type":"Feature","properties":{"kind":"giratoriu","aadt":14472},"geometry":{"type":"Point","coordinates":[25.4452,44.8962]}},{"type":"Feature","properties":{"kind":"giratoriu","aadt":8900},"geometry":{"type":"Point","coordinates":[25.533,44.9357]}},{"type":"Feature","properties":{"kind":"giratoriu","aadt":8900},"geometry":{"type":"Point","coordinates":[25.4748,44.9503]}},{"type":"Feature","properties":{"kind":"giratoriu","aadt":9891},"geometry":{"type":"Point","coordinates":[25.4515,44.9508]}},{"type":"Feature","properties":{"kind":"giratoriu","aadt":9891},"geometry":{"type":"Point","coordinates":[25.4266,44.9759]}},{"type":"Feature","properties":{"kind":"giratoriu","aadt":9891},"geometry":{"type":"Point","coordinates":[25.4048,45.0122]}},{"type":"Feature","properties":{"kind":"giratoriu","aadt":9891},"geometry":{"type":"Point","coordinates":[25.4219,45.0274]}},{"type":"Feature","properties":{"kind":"giratoriu","aadt":9891},"geometry":{"type":"Point","coordinates":[25.4389,45.0445]}},{"type":"Feature","properties":{"kind":"giratoriu","aadt":9372},"geometry":{"type":"Point","coordinates":[25.3358,45.5028]}},{"type":"Feature","properties":{"kind":"giratoriu","aadt":9372},"geometry":{"type":"Point","coordinates":[25.3668,45.5161]}},{"type":"Feature","properties":{"kind":"giratoriu","aadt":9372},"geometry":{"type":"Point","coordinates":[25.3689,45.5163]}},{"type":"Feature","properties":{"kind":"giratoriu","aadt":10530},"geometry":{"type":"Point","coordinates":[25.3671,45.5755]}},{"type":"Feature","properties":{"kind":"giratoriu","aadt":10530},"geometry":{"type":"Point","coordinates":[25.4057,45.58]}},{"type":"Feature","properties":{"kind":"giratoriu","aadt":16888},"geometry":{"type":"Point","coordinates":[25.4816,45.6246]}},{"type":"Feature","properties":{"kind":"giratoriu","aadt":16888},"geometry":{"type":"Point","coordinates":[25.4822,45.6254]}},{"type":"Feature","properties":{"kind":"giratoriu","aadt":16888},"geometry":{"type":"Point","coordinates":[25.488,45.6304]}},{"type":"Feature","properties":{"kind":"giratoriu","aadt":12286},"geometry":{"type":"Point","coordinates":[25.5119,45.6658]}},{"type":"Feature","properties":{"kind":"giratoriu","aadt":8725},"geometry":{"type":"Point","coordinates":[25.445,45.7303]}},{"type":"Feature","properties":{"kind":"giratoriu","aadt":8725},"geometry":{"type":"Point","coordinates":[25.4444,45.7306]}},{"type":"Feature","properties":{"kind":"giratoriu","aadt":8725},"geometry":{"type":"Point","coordinates":[25.4389,45.7341]}},{"type":"Feature","properties":{"kind":"giratoriu","aadt":8725},"geometry":{"type":"Point","coordinates":[25.4385,45.7342]}},{"type":"Feature","properties":{"kind":"giratoriu","aadt":8725},"geometry":{"type":"Point","coordinates":[25.3742,45.7649]}},{"type":"Feature","properties":{"kind":"giratoriu","aadt":9297},"geometry":{"type":"Point","coordinates":[25.5352,45.8942]}},{"type":"Feature","properties":{"kind":"giratoriu","aadt":8788},"geometry":{"type":"Point","coordinates":[25.3243,45.982]}},{"type":"Feature","properties":{"kind":"giratoriu","aadt":8788},"geometry":{"type":"Point","coordinates":[25.2923,46.0021]}},{"type":"Feature","properties":{"kind":"giratoriu","aadt":8788},"geometry":{"type":"Point","coordinates":[25.2914,46.0034]}},{"type":"Feature","properties":{"kind":"giratoriu","aadt":8788},"geometry":{"type":"Point","coordinates":[25.2763,46.0127]}},{"type":"Feature","properties":{"kind":"giratoriu","aadt":8788},"geometry":{"type":"Point","coordinates":[25.2754,46.0139]}},{"type":"Feature","properties":{"kind":"giratoriu","aadt":9687},"geometry":{"type":"Point","coordinates":[25.4614,47.5247]}},{"type":"Feature","properties":{"kind":"giratoriu","aadt":9236},"geometry":{"type":"Point","coordinates":[25.5989,44.1016]}},{"type":"Feature","properties":{"kind":"giratoriu","aadt":14107},"geometry":{"type":"Point","coordinates":[25.8505,44.2678]}},{"type":"Feature","properties":{"kind":"giratoriu","aadt":15888},"geometry":{"type":"Point","coordinates":[25.8376,44.5679]}},{"type":"Feature","properties":{"kind":"giratoriu","aadt":8952},"geometry":{"type":"Point","coordinates":[25.7259,44.6032]}},{"type":"Feature","properties":{"kind":"giratoriu","aadt":9277},"geometry":{"type":"Point","coordinates":[25.7208,44.6362]}},{"type":"Feature","properties":{"kind":"giratoriu","aadt":9277},"geometry":{"type":"Point","coordinates":[25.7123,44.6385]}},{"type":"Feature","properties":{"kind":"giratoriu","aadt":13756},"geometry":{"type":"Point","coordinates":[25.6114,44.7211]}},{"type":"Feature","properties":{"kind":"giratoriu","aadt":13756},"geometry":{"type":"Point","coordinates":[25.5831,44.7872]}},{"type":"Feature","properties":{"kind":"giratoriu","aadt":13756},"geometry":{"type":"Point","coordinates":[25.5732,44.8104]}},{"type":"Feature","properties":{"kind":"giratoriu","aadt":13756},"geometry":{"type":"Point","coordinates":[25.5741,44.8105]}},{"type":"Feature","properties":{"kind":"giratoriu","aadt":13359},"geometry":{"type":"Point","coordinates":[25.6235,44.9071]}},{"type":"Feature","properties":{"kind":"giratoriu","aadt":13359},"geometry":{"type":"Point","coordinates":[25.7047,44.9108]}},{"type":"Feature","properties":{"kind":"giratoriu","aadt":13359},"geometry":{"type":"Point","coordinates":[25.7639,44.9173]}},{"type":"Feature","properties":{"kind":"giratoriu","aadt":13359},"geometry":{"type":"Point","coordinates":[25.8146,44.9233]}},{"type":"Feature","properties":{"kind":"giratoriu","aadt":32117},"geometry":{"type":"Point","coordinates":[25.8834,45.003]}},{"type":"Feature","properties":{"kind":"giratoriu","aadt":32117},"geometry":{"type":"Point","coordinates":[25.8228,45.0304]}},{"type":"Feature","properties":{"kind":"giratoriu","aadt":30008},"geometry":{"type":"Point","coordinates":[25.7643,45.0955]}},{"type":"Feature","properties":{"kind":"giratoriu","aadt":30008},"geometry":{"type":"Point","coordinates":[25.7196,45.1292]}},{"type":"Feature","properties":{"kind":"giratoriu","aadt":26249},"geometry":{"type":"Point","coordinates":[25.6992,45.1436]}},{"type":"Feature","properties":{"kind":"giratoriu","aadt":26249},"geometry":{"type":"Point","coordinates":[25.6884,45.1717]}},{"type":"Feature","properties":{"kind":"giratoriu","aadt":26249},"geometry":{"type":"Point","coordinates":[25.6881,45.1734]}},{"type":"Feature","properties":{"kind":"giratoriu","aadt":26249},"geometry":{"type":"Point","coordinates":[25.6657,45.2004]}},{"type":"Feature","properties":{"kind":"giratoriu","aadt":26249},"geometry":{"type":"Point","coordinates":[25.6327,45.2435]}},{"type":"Feature","properties":{"kind":"giratoriu","aadt":26249},"geometry":{"type":"Point","coordinates":[25.5627,45.3311]}},{"type":"Feature","properties":{"kind":"giratoriu","aadt":17600},"geometry":{"type":"Point","coordinates":[25.5657,45.4871]}},{"type":"Feature","properties":{"kind":"giratoriu","aadt":9315},"geometry":{"type":"Point","coordinates":[25.6587,45.6131]}},{"type":"Feature","properties":{"kind":"giratoriu","aadt":9315},"geometry":{"type":"Point","coordinates":[25.6581,45.6137]}},{"type":"Feature","properties":{"kind":"giratoriu","aadt":18425},"geometry":{"type":"Point","coordinates":[25.7066,45.7109]}},{"type":"Feature","properties":{"kind":"giratoriu","aadt":10491},"geometry":{"type":"Point","coordinates":[25.5817,45.7502]}},{"type":"Feature","properties":{"kind":"giratoriu","aadt":12601},"geometry":{"type":"Point","coordinates":[25.7709,45.7507]}},{"type":"Feature","properties":{"kind":"giratoriu","aadt":9454},"geometry":{"type":"Point","coordinates":[25.8123,45.7758]}},{"type":"Feature","properties":{"kind":"giratoriu","aadt":9454},"geometry":{"type":"Point","coordinates":[25.8041,45.8322]}},{"type":"Feature","properties":{"kind":"giratoriu","aadt":9164},"geometry":{"type":"Point","coordinates":[25.8004,47.5385]}},{"type":"Feature","properties":{"kind":"giratoriu","aadt":9164},"geometry":{"type":"Point","coordinates":[25.6914,47.5724]}},{"type":"Feature","properties":{"kind":"giratoriu","aadt":13126},"geometry":{"type":"Point","coordinates":[26.0483,44.2655]}},{"type":"Feature","properties":{"kind":"giratoriu","aadt":27286},"geometry":{"type":"Point","coordinates":[25.9247,44.3169]}},{"type":"Feature","properties":{"kind":"giratoriu","aadt":27286},"geometry":{"type":"Point","coordinates":[25.9033,44.3197]}},{"type":"Feature","properties":{"kind":"giratoriu","aadt":18613},"geometry":{"type":"Point","coordinates":[26.078,44.3314]}},{"type":"Feature","properties":{"kind":"giratoriu","aadt":11523},"geometry":{"type":"Point","coordinates":[26.0972,44.3367]}},{"type":"Feature","properties":{"kind":"giratoriu","aadt":18613},"geometry":{"type":"Point","coordinates":[26.0822,44.3436]}},{"type":"Feature","properties":{"kind":"giratoriu","aadt":13416},"geometry":{"type":"Point","coordinates":[26.0372,44.359]}},{"type":"Feature","properties":{"kind":"giratoriu","aadt":30622},"geometry":{"type":"Point","coordinates":[25.9595,44.4544]}},{"type":"Feature","properties":{"kind":"giratoriu","aadt":30622},"geometry":{"type":"Point","coordinates":[25.9582,44.4551]}},{"type":"Feature","properties":{"kind":"giratoriu","aadt":63079},"geometry":{"type":"Point","coordinates":[26.0685,44.5346]}},{"type":"Feature","properties":{"kind":"giratoriu","aadt":15888},"geometry":{"type":"Point","coordinates":[25.924,44.5364]}},{"type":"Feature","properties":{"kind":"giratoriu","aadt":13857},"geometry":{"type":"Point","coordinates":[25.9526,44.5573]}},{"type":"Feature","properties":{"kind":"giratoriu","aadt":31658},"geometry":{"type":"Point","coordinates":[26.0716,44.6012]}},{"type":"Feature","properties":{"kind":"giratoriu","aadt":11026},"geometry":{"type":"Point","coordinates":[25.9153,44.6035]}},{"type":"Feature","properties":{"kind":"giratoriu","aadt":31658},"geometry":{"type":"Point","coordinates":[26.0723,44.6092]}},{"type":"Feature","properties":{"kind":"giratoriu","aadt":11026},"geometry":{"type":"Point","coordinates":[25.8924,44.6746]}},{"type":"Feature","properties":{"kind":"giratoriu","aadt":31658},"geometry":{"type":"Point","coordinates":[26.0753,44.6784]}},{"type":"Feature","properties":{"kind":"giratoriu","aadt":31658},"geometry":{"type":"Point","coordinates":[26.0993,44.7142]}},{"type":"Feature","properties":{"kind":"giratoriu","aadt":11026},"geometry":{"type":"Point","coordinates":[25.8921,44.7282]}},{"type":"Feature","properties":{"kind":"giratoriu","aadt":31658},"geometry":{"type":"Point","coordinates":[26.1097,44.7274]}},{"type":"Feature","properties":{"kind":"giratoriu","aadt":34377},"geometry":{"type":"Point","coordinates":[26.0986,44.7848]}},{"type":"Feature","properties":{"kind":"giratoriu","aadt":34377},"geometry":{"type":"Point","coordinates":[26.0809,44.8239]}},{"type":"Feature","properties":{"kind":"giratoriu","aadt":34377},"geometry":{"type":"Point","coordinates":[26.0806,44.8259]}},{"type":"Feature","properties":{"kind":"giratoriu","aadt":34377},"geometry":{"type":"Point","coordinates":[26.0792,44.8363]}},{"type":"Feature","properties":{"kind":"giratoriu","aadt":20630},"geometry":{"type":"Point","coordinates":[26.018,44.8845]}},{"type":"Feature","properties":{"kind":"giratoriu","aadt":20630},"geometry":{"type":"Point","coordinates":[26.0167,44.8848]}},{"type":"Feature","properties":{"kind":"giratoriu","aadt":20630},"geometry":{"type":"Point","coordinates":[26.0271,44.885]}},{"type":"Feature","properties":{"kind":"giratoriu","aadt":20630},"geometry":{"type":"Point","coordinates":[26.0283,44.885]}},{"type":"Feature","properties":{"kind":"giratoriu","aadt":20630},"geometry":{"type":"Point","coordinates":[26.0143,44.8858]}},{"type":"Feature","properties":{"kind":"giratoriu","aadt":9726},"geometry":{"type":"Point","coordinates":[26.0764,44.9074]}},{"type":"Feature","properties":{"kind":"giratoriu","aadt":13359},"geometry":{"type":"Point","coordinates":[25.9188,44.9379]}},{"type":"Feature","properties":{"kind":"giratoriu","aadt":37366},"geometry":{"type":"Point","coordinates":[25.9609,44.9407]}},{"type":"Feature","properties":{"kind":"giratoriu","aadt":9726},"geometry":{"type":"Point","coordinates":[26.1016,44.941]}},{"type":"Feature","properties":{"kind":"giratoriu","aadt":9726},"geometry":{"type":"Point","coordinates":[26.1013,44.9418]}},{"type":"Feature","properties":{"kind":"giratoriu","aadt":9726},"geometry":{"type":"Point","coordinates":[26.1012,44.9423]}},{"type":"Feature","properties":{"kind":"giratoriu","aadt":9726},"geometry":{"type":"Point","coordinates":[26.101,44.9429]}},{"type":"Feature","properties":{"kind":"giratoriu","aadt":37366},"geometry":{"type":"Point","coordinates":[25.96,44.9694]}},{"type":"Feature","properties":{"kind":"giratoriu","aadt":37366},"geometry":{"type":"Point","coordinates":[25.9556,44.9713]}},{"type":"Feature","properties":{"kind":"giratoriu","aadt":18315},"geometry":{"type":"Point","coordinates":[26.0854,44.974]}},{"type":"Feature","properties":{"kind":"giratoriu","aadt":15647},"geometry":{"type":"Point","coordinates":[26.0192,45.0212]}},{"type":"Feature","properties":{"kind":"giratoriu","aadt":15647},"geometry":{"type":"Point","coordinates":[26.0184,45.029]}},{"type":"Feature","properties":{"kind":"giratoriu","aadt":15647},"geometry":{"type":"Point","coordinates":[26.025,45.0673]}},{"type":"Feature","properties":{"kind":"giratoriu","aadt":15647},"geometry":{"type":"Point","coordinates":[26.0335,45.0827]}},{"type":"Feature","properties":{"kind":"giratoriu","aadt":15647},"geometry":{"type":"Point","coordinates":[26.0368,45.0946]}},{"type":"Feature","properties":{"kind":"giratoriu","aadt":15647},"geometry":{"type":"Point","coordinates":[26.0305,45.1614]}},{"type":"Feature","properties":{"kind":"giratoriu","aadt":15647},"geometry":{"type":"Point","coordinates":[26.0392,45.186]}},{"type":"Feature","properties":{"kind":"giratoriu","aadt":15647},"geometry":{"type":"Point","coordinates":[26.0417,45.1882]}},{"type":"Feature","properties":{"kind":"giratoriu","aadt":15647},"geometry":{"type":"Point","coordinates":[26.0438,45.2001]}},{"type":"Feature","properties":{"kind":"giratoriu","aadt":8986},"geometry":{"type":"Point","coordinates":[25.9733,45.873]}},{"type":"Feature","properties":{"kind":"giratoriu","aadt":8986},"geometry":{"type":"Point","coordinates":[26.0447,45.9548]}},{"type":"Feature","properties":{"kind":"giratoriu","aadt":10472},"geometry":{"type":"Point","coordinates":[26.0884,46.9115]}},{"type":"Feature","properties":{"kind":"giratoriu","aadt":9164},"geometry":{"type":"Point","coordinates":[25.9396,47.5474]}},{"type":"Feature","properties":{"kind":"giratoriu","aadt":9164},"geometry":{"type":"Point","coordinates":[25.9595,47.5696]}},{"type":"Feature","properties":{"kind":"giratoriu","aadt":10372},"geometry":{"type":"Point","coordinates":[26.1448,47.7226]}},{"type":"Feature","properties":{"kind":"giratoriu","aadt":10372},"geometry":{"type":"Point","coordinates":[26.1416,47.7246]}},{"type":"Feature","properties":{"kind":"giratoriu","aadt":10372},"geometry":{"type":"Point","coordinates":[26.0658,47.7686]}},{"type":"Feature","properties":{"kind":"giratoriu","aadt":10372},"geometry":{"type":"Point","coordinates":[26.0648,47.7698]}},{"type":"Feature","properties":{"kind":"giratoriu","aadt":8462},"geometry":{"type":"Point","coordinates":[25.9941,47.7949]}},{"type":"Feature","properties":{"kind":"giratoriu","aadt":8462},"geometry":{"type":"Point","coordinates":[25.9467,47.8181]}},{"type":"Feature","properties":{"kind":"giratoriu","aadt":10679},"geometry":{"type":"Point","coordinates":[26.37,44.2504]}},{"type":"Feature","properties":{"kind":"giratoriu","aadt":10679},"geometry":{"type":"Point","coordinates":[26.3149,44.2944]}},{"type":"Feature","properties":{"kind":"giratoriu","aadt":10679},"geometry":{"type":"Point","coordinates":[26.2587,44.3266]}},{"type":"Feature","properties":{"kind":"giratoriu","aadt":16686},"geometry":{"type":"Point","coordinates":[26.2163,44.3772]}},{"type":"Feature","properties":{"kind":"giratoriu","aadt":16686},"geometry":{"type":"Point","coordinates":[26.2262,44.388]}},{"type":"Feature","properties":{"kind":"giratoriu","aadt":19266},"geometry":{"type":"Point","coordinates":[26.2356,44.4437]}},{"type":"Feature","properties":{"kind":"giratoriu","aadt":19266},"geometry":{"type":"Point","coordinates":[26.2358,44.451]}},{"type":"Feature","properties":{"kind":"giratoriu","aadt":20021},"geometry":{"type":"Point","coordinates":[26.2041,44.4988]}},{"type":"Feature","properties":{"kind":"giratoriu","aadt":25689},"geometry":{"type":"Point","coordinates":[26.2497,44.5236]}},{"type":"Feature","properties":{"kind":"giratoriu","aadt":25689},"geometry":{"type":"Point","coordinates":[26.2523,44.5258]}},{"type":"Feature","properties":{"kind":"giratoriu","aadt":24329},"geometry":{"type":"Point","coordinates":[26.1426,44.5356]}},{"type":"Feature","properties":{"kind":"giratoriu","aadt":19609},"geometry":{"type":"Point","coordinates":[26.3767,44.5478]}},{"type":"Feature","properties":{"kind":"giratoriu","aadt":19609},"geometry":{"type":"Point","coordinates":[26.3777,44.5644]}},{"type":"Feature","properties":{"kind":"giratoriu","aadt":34377},"geometry":{"type":"Point","coordinates":[26.1132,44.7384]}},{"type":"Feature","properties":{"kind":"giratoriu","aadt":18315},"geometry":{"type":"Point","coordinates":[26.1607,44.9624]}},{"type":"Feature","properties":{"kind":"giratoriu","aadt":10006},"geometry":{"type":"Point","coordinates":[26.2894,44.9677]}},{"type":"Feature","properties":{"kind":"giratoriu","aadt":10006},"geometry":{"type":"Point","coordinates":[26.4024,44.9929]}},{"type":"Feature","properties":{"kind":"giratoriu","aadt":10006},"geometry":{"type":"Point","coordinates":[26.4341,45.0002]}},{"type":"Feature","properties":{"kind":"giratoriu","aadt":10006},"geometry":{"type":"Point","coordinates":[26.442,45.0023]}},{"type":"Feature","properties":{"kind":"giratoriu","aadt":10006},"geometry":{"type":"Point","coordinates":[26.4426,45.0025]}},{"type":"Feature","properties":{"kind":"giratoriu","aadt":8622},"geometry":{"type":"Point","coordinates":[26.4512,45.0046]}},{"type":"Feature","properties":{"kind":"giratoriu","aadt":13172},"geometry":{"type":"Point","coordinates":[26.499,46.8431]}},{"type":"Feature","properties":{"kind":"giratoriu","aadt":10472},"geometry":{"type":"Point","coordinates":[26.1892,46.9204]}},{"type":"Feature","properties":{"kind":"giratoriu","aadt":11831},"geometry":{"type":"Point","coordinates":[26.3233,47.399]}},{"type":"Feature","properties":{"kind":"giratoriu","aadt":11831},"geometry":{"type":"Point","coordinates":[26.3208,47.4083]}},{"type":"Feature","properties":{"kind":"giratoriu","aadt":11831},"geometry":{"type":"Point","coordinates":[26.2982,47.4293]}},{"type":"Feature","properties":{"kind":"giratoriu","aadt":11172},"geometry":{"type":"Point","coordinates":[26.2443,47.614]}},{"type":"Feature","properties":{"kind":"giratoriu","aadt":10372},"geometry":{"type":"Point","coordinates":[26.215,47.6912]}},{"type":"Feature","properties":{"kind":"giratoriu","aadt":8658},"geometry":{"type":"Point","coordinates":[26.5288,47.7939]}},{"type":"Feature","properties":{"kind":"giratoriu","aadt":10679},"geometry":{"type":"Point","coordinates":[26.45,44.23]}},{"type":"Feature","properties":{"kind":"giratoriu","aadt":22819},"geometry":{"type":"Point","coordinates":[26.4701,44.6286]}},{"type":"Feature","properties":{"kind":"giratoriu","aadt":22819},"geometry":{"type":"Point","coordinates":[26.4933,44.6449]}},{"type":"Feature","properties":{"kind":"giratoriu","aadt":22819},"geometry":{"type":"Point","coordinates":[26.562,44.68]}},{"type":"Feature","properties":{"kind":"giratoriu","aadt":11288},"geometry":{"type":"Point","coordinates":[26.6705,44.7067]}},{"type":"Feature","properties":{"kind":"giratoriu","aadt":22819},"geometry":{"type":"Point","coordinates":[26.6211,44.7084]}},{"type":"Feature","properties":{"kind":"giratoriu","aadt":16509},"geometry":{"type":"Point","coordinates":[26.6216,44.7088]}},{"type":"Feature","properties":{"kind":"giratoriu","aadt":16509},"geometry":{"type":"Point","coordinates":[26.6871,44.8715]}},{"type":"Feature","properties":{"kind":"giratoriu","aadt":16509},"geometry":{"type":"Point","coordinates":[26.6873,44.8938]}},{"type":"Feature","properties":{"kind":"giratoriu","aadt":16509},"geometry":{"type":"Point","coordinates":[26.6887,44.9169]}},{"type":"Feature","properties":{"kind":"giratoriu","aadt":8622},"geometry":{"type":"Point","coordinates":[26.4872,45.0202]}},{"type":"Feature","properties":{"kind":"giratoriu","aadt":16509},"geometry":{"type":"Point","coordinates":[26.758,45.0466]}},{"type":"Feature","properties":{"kind":"giratoriu","aadt":8622},"geometry":{"type":"Point","coordinates":[26.5595,45.0499]}},{"type":"Feature","properties":{"kind":"giratoriu","aadt":8622},"geometry":{"type":"Point","coordinates":[26.6023,45.0666]}},{"type":"Feature","properties":{"kind":"giratoriu","aadt":8622},"geometry":{"type":"Point","coordinates":[26.7413,45.1186]}},{"type":"Feature","properties":{"kind":"giratoriu","aadt":11319},"geometry":{"type":"Point","coordinates":[26.729,45.2069]}},{"type":"Feature","properties":{"kind":"giratoriu","aadt":10172},"geometry":{"type":"Point","coordinates":[26.6375,46.208]}},{"type":"Feature","properties":{"kind":"giratoriu","aadt":9332},"geometry":{"type":"Point","coordinates":[26.7387,46.3342]}},{"type":"Feature","properties":{"kind":"giratoriu","aadt":9332},"geometry":{"type":"Point","coordinates":[26.7325,46.4042]}},{"type":"Feature","properties":{"kind":"giratoriu","aadt":9332},"geometry":{"type":"Point","coordinates":[26.7361,46.4415]}},{"type":"Feature","properties":{"kind":"giratoriu","aadt":13172},"geometry":{"type":"Point","coordinates":[26.6935,46.7168]}},{"type":"Feature","properties":{"kind":"giratoriu","aadt":13172},"geometry":{"type":"Point","coordinates":[26.6878,46.7208]}},{"type":"Feature","properties":{"kind":"giratoriu","aadt":13172},"geometry":{"type":"Point","coordinates":[26.6858,46.7221]}},{"type":"Feature","properties":{"kind":"giratoriu","aadt":13172},"geometry":{"type":"Point","coordinates":[26.6517,46.7524]}},{"type":"Feature","properties":{"kind":"giratoriu","aadt":13172},"geometry":{"type":"Point","coordinates":[26.6123,46.783]}},{"type":"Feature","properties":{"kind":"giratoriu","aadt":13172},"geometry":{"type":"Point","coordinates":[26.5073,46.8379]}},{"type":"Feature","properties":{"kind":"giratoriu","aadt":13172},"geometry":{"type":"Point","coordinates":[26.5064,46.8384]}},{"type":"Feature","properties":{"kind":"giratoriu","aadt":9688},"geometry":{"type":"Point","coordinates":[26.5921,47.2329]}},{"type":"Feature","properties":{"kind":"giratoriu","aadt":8819},"geometry":{"type":"Point","coordinates":[26.7808,47.2463]}},{"type":"Feature","properties":{"kind":"giratoriu","aadt":9688},"geometry":{"type":"Point","coordinates":[26.5675,47.2503]}},{"type":"Feature","properties":{"kind":"giratoriu","aadt":9688},"geometry":{"type":"Point","coordinates":[26.5548,47.2548]}},{"type":"Feature","properties":{"kind":"giratoriu","aadt":9688},"geometry":{"type":"Point","coordinates":[26.5541,47.255]}},{"type":"Feature","properties":{"kind":"giratoriu","aadt":13989},"geometry":{"type":"Point","coordinates":[26.8704,45.233]}},{"type":"Feature","properties":{"kind":"giratoriu","aadt":13989},"geometry":{"type":"Point","coordinates":[26.8733,45.2372]}},{"type":"Feature","properties":{"kind":"giratoriu","aadt":13989},"geometry":{"type":"Point","coordinates":[27.0294,45.3711]}},{"type":"Feature","properties":{"kind":"giratoriu","aadt":13989},"geometry":{"type":"Point","coordinates":[27.0321,45.3799]}},{"type":"Feature","properties":{"kind":"giratoriu","aadt":14719},"geometry":{"type":"Point","coordinates":[27.0773,45.5038]}},{"type":"Feature","properties":{"kind":"giratoriu","aadt":14719},"geometry":{"type":"Point","coordinates":[27.1061,45.5416]}},{"type":"Feature","properties":{"kind":"giratoriu","aadt":10035},"geometry":{"type":"Point","coordinates":[27.1069,45.556]}},{"type":"Feature","properties":{"kind":"giratoriu","aadt":10035},"geometry":{"type":"Point","coordinates":[27.1056,45.5661]}},{"type":"Feature","properties":{"kind":"giratoriu","aadt":10035},"geometry":{"type":"Point","coordinates":[27.0988,45.586]}},{"type":"Feature","properties":{"kind":"giratoriu","aadt":10035},"geometry":{"type":"Point","coordinates":[27.1005,45.5951]}},{"type":"Feature","properties":{"kind":"giratoriu","aadt":9299},"geometry":{"type":"Point","coordinates":[27.1109,46.204]}},{"type":"Feature","properties":{"kind":"giratoriu","aadt":9299},"geometry":{"type":"Point","coordinates":[27.1089,46.2072]}},{"type":"Feature","properties":{"kind":"giratoriu","aadt":9299},"geometry":{"type":"Point","coordinates":[27.0863,46.2411]}},{"type":"Feature","properties":{"kind":"giratoriu","aadt":9299},"geometry":{"type":"Point","coordinates":[27.0166,46.3208]}},{"type":"Feature","properties":{"kind":"giratoriu","aadt":11791},"geometry":{"type":"Point","coordinates":[27.0118,46.3264]}},{"type":"Feature","properties":{"kind":"giratoriu","aadt":11791},"geometry":{"type":"Point","coordinates":[26.9219,46.4373]}},{"type":"Feature","properties":{"kind":"giratoriu","aadt":15977},"geometry":{"type":"Point","coordinates":[26.9307,46.6019]}},{"type":"Feature","properties":{"kind":"giratoriu","aadt":15977},"geometry":{"type":"Point","coordinates":[26.8939,46.693]}},{"type":"Feature","properties":{"kind":"giratoriu","aadt":15977},"geometry":{"type":"Point","coordinates":[26.8892,46.7197]}},{"type":"Feature","properties":{"kind":"giratoriu","aadt":15977},"geometry":{"type":"Point","coordinates":[26.8847,46.7702]}},{"type":"Feature","properties":{"kind":"giratoriu","aadt":11408},"geometry":{"type":"Point","coordinates":[26.8878,46.8571]}},{"type":"Feature","properties":{"kind":"giratoriu","aadt":13277},"geometry":{"type":"Point","coordinates":[26.9125,46.9625]}},{"type":"Feature","properties":{"kind":"giratoriu","aadt":19955},"geometry":{"type":"Point","coordinates":[27.0113,47.2069]}},{"type":"Feature","properties":{"kind":"giratoriu","aadt":19955},"geometry":{"type":"Point","coordinates":[27.1454,47.2219]}},{"type":"Feature","properties":{"kind":"giratoriu","aadt":8819},"geometry":{"type":"Point","coordinates":[26.8493,47.2431]}},{"type":"Feature","properties":{"kind":"giratoriu","aadt":8413},"geometry":{"type":"Point","coordinates":[27.2833,44.2332]}},{"type":"Feature","properties":{"kind":"giratoriu","aadt":8413},"geometry":{"type":"Point","coordinates":[27.2527,44.2489]}},{"type":"Feature","properties":{"kind":"giratoriu","aadt":8413},"geometry":{"type":"Point","coordinates":[27.2528,44.2494]}},{"type":"Feature","properties":{"kind":"giratoriu","aadt":10202},"geometry":{"type":"Point","coordinates":[27.3754,44.4269]}},{"type":"Feature","properties":{"kind":"giratoriu","aadt":10202},"geometry":{"type":"Point","coordinates":[27.3809,44.5586]}},{"type":"Feature","properties":{"kind":"giratoriu","aadt":10327},"geometry":{"type":"Point","coordinates":[27.3846,44.565]}},{"type":"Feature","properties":{"kind":"giratoriu","aadt":9822},"geometry":{"type":"Point","coordinates":[27.4251,44.7283]}},{"type":"Feature","properties":{"kind":"giratoriu","aadt":9822},"geometry":{"type":"Point","coordinates":[27.461,44.76]}},{"type":"Feature","properties":{"kind":"giratoriu","aadt":10035},"geometry":{"type":"Point","coordinates":[27.1492,45.6479]}},{"type":"Feature","properties":{"kind":"giratoriu","aadt":10035},"geometry":{"type":"Point","coordinates":[27.1654,45.6641]}},{"type":"Feature","properties":{"kind":"giratoriu","aadt":24135},"geometry":{"type":"Point","coordinates":[27.2031,45.698]}},{"type":"Feature","properties":{"kind":"giratoriu","aadt":18528},"geometry":{"type":"Point","coordinates":[27.2061,45.7743]}},{"type":"Feature","properties":{"kind":"giratoriu","aadt":18528},"geometry":{"type":"Point","coordinates":[27.2105,45.8187]}},{"type":"Feature","properties":{"kind":"giratoriu","aadt":8483},"geometry":{"type":"Point","coordinates":[27.2464,45.8433]}},{"type":"Feature","properties":{"kind":"giratoriu","aadt":8483},"geometry":{"type":"Point","coordinates":[27.2185,45.8448]}},{"type":"Feature","properties":{"kind":"giratoriu","aadt":8483},"geometry":{"type":"Point","coordinates":[27.2163,45.845]}},{"type":"Feature","properties":{"kind":"giratoriu","aadt":8483},"geometry":{"type":"Point","coordinates":[27.2157,45.845]}},{"type":"Feature","properties":{"kind":"giratoriu","aadt":13344},"geometry":{"type":"Point","coordinates":[27.2105,45.8464]}},{"type":"Feature","properties":{"kind":"giratoriu","aadt":8483},"geometry":{"type":"Point","coordinates":[27.3894,45.849]}},{"type":"Feature","properties":{"kind":"giratoriu","aadt":8483},"geometry":{"type":"Point","coordinates":[27.3457,45.8653]}},{"type":"Feature","properties":{"kind":"giratoriu","aadt":13344},"geometry":{"type":"Point","coordinates":[27.2093,45.917]}},{"type":"Feature","properties":{"kind":"giratoriu","aadt":13344},"geometry":{"type":"Point","coordinates":[27.1894,46.0288]}},{"type":"Feature","properties":{"kind":"giratoriu","aadt":13344},"geometry":{"type":"Point","coordinates":[27.1872,46.0547]}},{"type":"Feature","properties":{"kind":"giratoriu","aadt":17951},"geometry":{"type":"Point","coordinates":[27.4182,47.1944]}},{"type":"Feature","properties":{"kind":"giratoriu","aadt":17951},"geometry":{"type":"Point","coordinates":[27.3768,47.2044]}},{"type":"Feature","properties":{"kind":"giratoriu","aadt":19955},"geometry":{"type":"Point","coordinates":[27.2803,47.2133]}},{"type":"Feature","properties":{"kind":"giratoriu","aadt":19955},"geometry":{"type":"Point","coordinates":[27.2851,47.2145]}},{"type":"Feature","properties":{"kind":"giratoriu","aadt":8765},"geometry":{"type":"Point","coordinates":[27.8287,44.4076]}},{"type":"Feature","properties":{"kind":"giratoriu","aadt":8765},"geometry":{"type":"Point","coordinates":[27.8224,44.4161]}},{"type":"Feature","properties":{"kind":"giratoriu","aadt":9822},"geometry":{"type":"Point","coordinates":[27.5132,44.8033]}},{"type":"Feature","properties":{"kind":"giratoriu","aadt":9822},"geometry":{"type":"Point","coordinates":[27.5158,44.8135]}},{"type":"Feature","properties":{"kind":"giratoriu","aadt":9822},"geometry":{"type":"Point","coordinates":[27.5243,44.8209]}},{"type":"Feature","properties":{"kind":"giratoriu","aadt":10279},"geometry":{"type":"Point","coordinates":[27.7463,45.4933]}},{"type":"Feature","properties":{"kind":"giratoriu","aadt":8793},"geometry":{"type":"Point","coordinates":[27.8111,46.4489]}},{"type":"Feature","properties":{"kind":"giratoriu","aadt":8793},"geometry":{"type":"Point","coordinates":[27.8116,46.4848]}},{"type":"Feature","properties":{"kind":"giratoriu","aadt":8990},"geometry":{"type":"Point","coordinates":[27.7905,47.0941]}},{"type":"Feature","properties":{"kind":"giratoriu","aadt":8990},"geometry":{"type":"Point","coordinates":[27.6982,47.1306]}},{"type":"Feature","properties":{"kind":"giratoriu","aadt":8990},"geometry":{"type":"Point","coordinates":[27.6972,47.131]}},{"type":"Feature","properties":{"kind":"giratoriu","aadt":24681},"geometry":{"type":"Point","coordinates":[27.5834,47.1465]}},{"type":"Feature","properties":{"kind":"giratoriu","aadt":24681},"geometry":{"type":"Point","coordinates":[27.5819,47.1472]}},{"type":"Feature","properties":{"kind":"giratoriu","aadt":24681},"geometry":{"type":"Point","coordinates":[27.592,47.1474]}},{"type":"Feature","properties":{"kind":"giratoriu","aadt":24681},"geometry":{"type":"Point","coordinates":[27.6023,47.148]}},{"type":"Feature","properties":{"kind":"giratoriu","aadt":15906},"geometry":{"type":"Point","coordinates":[28.6035,43.9524]}},{"type":"Feature","properties":{"kind":"giratoriu","aadt":15906},"geometry":{"type":"Point","coordinates":[28.631,44.0613]}},{"type":"Feature","properties":{"kind":"giratoriu","aadt":40625},"geometry":{"type":"Point","coordinates":[28.6155,44.208]}},{"type":"Feature","properties":{"kind":"giratoriu","aadt":8637},"geometry":{"type":"Point","coordinates":[28.727,44.9333]}},{"type":"Feature","properties":{"kind":"giratoriu","aadt":8637},"geometry":{"type":"Point","coordinates":[28.7374,45.068]}},{"type":"Feature","properties":{"kind":"giratoriu","aadt":9862},"geometry":{"type":"Point","coordinates":[28.7427,45.1044]}},{"type":"Feature","properties":{"kind":"giratoriu","aadt":9862},"geometry":{"type":"Point","coordinates":[28.7911,45.1637]}},{"type":"Feature","properties":{"kind":"giratoriu","aadt":14926},"geometry":{"type":"Point","coordinates":[28.5664,45.1856]}},{"type":"Feature","properties":{"kind":"giratoriu","aadt":13641},"geometry":{"type":"Point","coordinates":[27.9361,45.4095]}}]}