{
"type": "FeatureCollection",
"name": "rail-stations",
"crs": { "type": "name", "properties": { "name": "urn:ogc:def:crs:OGC:1.3:CRS84" } },
"xy_coordinate_resolution": 1e-05,
"features": [
{ "type": "Feature", "properties": { "railway": "station", "name": "Chitila" }, "geometry": { "type": "Point", "coordinates": [ 25.98459, 44.50199 ] } },
{ "type": "Feature", "properties": { "railway": "station", "name": "Universitate" }, "geometry": { "type": "Point", "coordinates": [ 26.10238, 44.43572 ] } },
{ "type": "Feature", "properties": { "railway": "station", "name": "Eforie Sud" }, "geometry": { "type": "Point", "coordinates": [ 28.64475, 44.03383 ] } },
{ "type": "Feature", "properties": { "railway": "halt", "name": "Ion Luca Caragiale Vest" }, "geometry": { "type": "Point", "coordinates": [ 25.69934, 44.90848 ] } },
{ "type": "Feature", "properties": { "railway": "station", "name": "Piața Sudului" }, "geometry": { "type": "Point", "coordinates": [ 26.12284, 44.39245 ] } },
{ "type": "Feature", "properties": { "railway": "halt", "name": "Ovidiu" }, "geometry": { "type": "Point", "coordinates": [ 28.56262, 44.2741 ] } },
{ "type": "Feature", "properties": { "railway": "station", "name": "Târgșoru Nou" }, "geometry": { "type": "Point", "coordinates": [ 25.85754, 44.91925 ] } },
{ "type": "Feature", "properties": { "railway": "station", "name": "Zalhanaua" }, "geometry": { "type": "Point", "coordinates": [ 25.78636, 44.90795 ] } },
{ "type": "Feature", "properties": { "railway": "halt", "name": "Brănești Sat" }, "geometry": { "type": "Point", "coordinates": [ 26.33486, 44.45964 ] } },
{ "type": "Feature", "properties": { "railway": "station", "name": "Mediaș" }, "geometry": { "type": "Point", "coordinates": [ 24.34955, 46.15999 ] } },
{ "type": "Feature", "properties": { "railway": "halt", "name": "Felnac" }, "geometry": { "type": "Point", "coordinates": [ 21.13561, 46.11044 ] } },
{ "type": "Feature", "properties": { "railway": "station", "name": "Bătuța" }, "geometry": { "type": "Point", "coordinates": [ 22.04568, 46.05624 ] } },
{ "type": "Feature", "properties": { "railway": "station", "name": "Beia" }, "geometry": { "type": "Point", "coordinates": [ 25.18513, 46.15346 ] } },
{ "type": "Feature", "properties": { "railway": "halt", "name": "Ferma Ciala" }, "geometry": { "type": "Point", "coordinates": [ 21.23638, 46.19532 ] } },
{ "type": "Feature", "properties": { "railway": "station", "name": "Războieni" }, "geometry": { "type": "Point", "coordinates": [ 23.88164, 46.41177 ] } },
{ "type": "Feature", "properties": { "railway": "halt", "name": "Grindeni" }, "geometry": { "type": "Point", "coordinates": [ 23.90054, 46.43004 ] } },
{ "type": "Feature", "properties": { "railway": "station", "name": "Orăștie" }, "geometry": { "type": "Point", "coordinates": [ 23.20996, 45.86154 ] } },
{ "type": "Feature", "properties": { "railway": "halt", "name": "Băcia hc" }, "geometry": { "type": "Point", "coordinates": [ 23.0023, 45.80479 ] } },
{ "type": "Feature", "properties": { "railway": "halt", "name": "Vadu Rosu" }, "geometry": { "type": "Point", "coordinates": [ 25.54449, 45.8737 ] } },
{ "type": "Feature", "properties": { "railway": "halt", "name": "Munor" }, "geometry": { "type": "Point", "coordinates": [ 21.0167, 46.09965 ] } },
{ "type": "Feature", "properties": { "railway": "halt", "name": "Jucu de Jos hc" }, "geometry": { "type": "Point", "coordinates": [ 23.77366, 46.8777 ] } },
{ "type": "Feature", "properties": { "railway": "halt", "name": "Boju" }, "geometry": { "type": "Point", "coordinates": [ 23.83692, 46.70186 ] } },
{ "type": "Feature", "properties": { "railway": "halt", "name": "Valea Florilor" }, "geometry": { "type": "Point", "coordinates": [ 23.86053, 46.66544 ] } },
{ "type": "Feature", "properties": { "railway": "halt", "name": "Cinepiști" }, "geometry": { "type": "Point", "coordinates": [ 23.8468, 46.60761 ] } },
{ "type": "Feature", "properties": { "railway": "halt", "name": "Rus" }, "geometry": { "type": "Point", "coordinates": [ 23.59264, 47.28497 ] } },
{ "type": "Feature", "properties": { "railway": "halt", "name": "Halta Azomureș" }, "geometry": { "type": "Point", "coordinates": [ 24.51183, 46.51285 ] } },
{ "type": "Feature", "properties": { "railway": "station", "name": "Cristur" }, "geometry": { "type": "Point", "coordinates": [ 25.03891, 46.29352 ] } },
{ "type": "Feature", "properties": { "railway": "halt", "name": "Betești" }, "geometry": { "type": "Point", "coordinates": [ 25.08128, 46.29403 ] } },
{ "type": "Feature", "properties": { "railway": "halt", "name": "Betești Est" }, "geometry": { "type": "Point", "coordinates": [ 25.09946, 46.28251 ] } },
{ "type": "Feature", "properties": { "railway": "station", "name": "Iași" }, "geometry": { "type": "Point", "coordinates": [ 27.56973, 47.16543 ] } },
{ "type": "Feature", "properties": { "railway": "station", "name": "Târgu Frumos" }, "geometry": { "type": "Point", "coordinates": [ 27.0237, 47.20953 ] } },
{ "type": "Feature", "properties": { "railway": "station", "name": "Buftea" }, "geometry": { "type": "Point", "coordinates": [ 25.95728, 44.5641 ] } },
{ "type": "Feature", "properties": { "railway": "station", "name": "Balotești" }, "geometry": { "type": "Point", "coordinates": [ 26.09874, 44.5906 ] } },
{ "type": "Feature", "properties": { "railway": "station", "name": "Moara Vlăsiei" }, "geometry": { "type": "Point", "coordinates": [ 26.21465, 44.63727 ] } },
{ "type": "Feature", "properties": { "railway": "station", "name": "Nicolina" }, "geometry": { "type": "Point", "coordinates": [ 27.57763, 47.14886 ] } },
{ "type": "Feature", "properties": { "railway": "halt", "name": "Halta Sărata" }, "geometry": { "type": "Point", "coordinates": [ 24.42936, 47.08131 ] } },
{ "type": "Feature", "properties": { "railway": "station", "name": "Cristești Jijia" }, "geometry": { "type": "Point", "coordinates": [ 27.7246, 47.16967 ] } },
{ "type": "Feature", "properties": { "railway": "station", "name": "Pipera" }, "geometry": { "type": "Point", "coordinates": [ 26.11664, 44.48061 ] } },
{ "type": "Feature", "properties": { "railway": "station", "name": "București Obor" }, "geometry": { "type": "Point", "coordinates": [ 26.14049, 44.44871 ] } },
{ "type": "Feature", "properties": { "railway": "station", "name": "Frunzănești" }, "geometry": { "type": "Point", "coordinates": [ 26.34318, 44.37899 ] } },
{ "type": "Feature", "properties": { "railway": "station", "name": "Sărățel" }, "geometry": { "type": "Point", "coordinates": [ 24.40393, 47.06051 ] } },
{ "type": "Feature", "properties": { "railway": "station", "name": "Giurgiu Nord" }, "geometry": { "type": "Point", "coordinates": [ 25.96483, 43.92393 ] } },
{ "type": "Feature", "properties": { "railway": "station", "name": "Târgu Mureș" }, "geometry": { "type": "Point", "coordinates": [ 24.5491, 46.53344 ] } },
{ "type": "Feature", "properties": { "railway": "station", "name": "Târgu Mureș Nord" }, "geometry": { "type": "Point", "coordinates": [ 24.56431, 46.55429 ] } },
{ "type": "Feature", "properties": { "railway": "station", "name": "Cluj Napoca" }, "geometry": { "type": "Point", "coordinates": [ 23.58617, 46.78462 ] } },
{ "type": "Feature", "properties": { "railway": "halt", "name": "Bocicoel" }, "geometry": { "type": "Point", "coordinates": [ 24.33504, 47.73159 ] } },
{ "type": "Feature", "properties": { "railway": "station", "name": "Alba Iulia" }, "geometry": { "type": "Point", "coordinates": [ 23.57696, 46.05625 ] } },
{ "type": "Feature", "properties": { "railway": "halt", "name": "Unirea" }, "geometry": { "type": "Point", "coordinates": [ 23.80467, 46.39096 ] } },
{ "type": "Feature", "properties": { "railway": "station", "name": "Siculeni" }, "geometry": { "type": "Point", "coordinates": [ 25.77444, 46.42912 ] } },
{ "type": "Feature", "properties": { "railway": "halt", "name": "Remiza T. Socola h" }, "geometry": { "type": "Point", "coordinates": [ 27.64627, 47.14045 ] } },
{ "type": "Feature", "properties": { "railway": "halt", "name": "Snagov" }, "geometry": { "type": "Point", "coordinates": [ 26.18291, 44.70813 ] } },
{ "type": "Feature", "properties": { "railway": "halt", "name": "Malu Mare Hm." }, "geometry": { "type": "Point", "coordinates": [ 23.89703, 44.25541 ] } },
{ "type": "Feature", "properties": { "railway": "station", "name": "Roman" }, "geometry": { "type": "Point", "coordinates": [ 26.9199, 46.93466 ] } },
{ "type": "Feature", "properties": { "railway": "station", "name": "Ungheni-Prut" }, "geometry": { "type": "Point", "coordinates": [ 27.78383, 47.20057 ] } },
{ "type": "Feature", "properties": { "railway": "station", "name": "Mocănița Vișeu de Sus" }, "geometry": { "type": "Point", "coordinates": [ 24.44302, 47.71475 ] } },
{ "type": "Feature", "properties": { "railway": "station", "name": "Aurel Vlaicu" }, "geometry": { "type": "Point", "coordinates": [ 26.10023, 44.47916 ] } },
{ "type": "Feature", "properties": { "railway": "station", "name": null }, "geometry": { "type": "Point", "coordinates": [ 22.9087, 44.00421 ] } },
{ "type": "Feature", "properties": { "railway": "station", "name": null }, "geometry": { "type": "Point", "coordinates": [ 22.86721, 43.96385 ] } },
{ "type": "Feature", "properties": { "railway": "halt", "name": "Pavilion CFR Brașov Triaj" }, "geometry": { "type": "Point", "coordinates": [ 25.64688, 45.67419 ] } },
{ "type": "Feature", "properties": { "railway": "station", "name": "Preciziei" }, "geometry": { "type": "Point", "coordinates": [ 25.99097, 44.43058 ] } },
{ "type": "Feature", "properties": { "railway": "station", "name": "Piatra-Neamț" }, "geometry": { "type": "Point", "coordinates": [ 26.36027, 46.92717 ] } },
{ "type": "Feature", "properties": { "railway": "station", "name": "Gara de Nord 1" }, "geometry": { "type": "Point", "coordinates": [ 26.07657, 44.44724 ] } },
{ "type": "Feature", "properties": { "railway": "station", "name": "Girbovi" }, "geometry": { "type": "Point", "coordinates": [ 26.78458, 44.77317 ] } },
{ "type": "Feature", "properties": { "railway": "station", "name": "Izvor" }, "geometry": { "type": "Point", "coordinates": [ 26.08959, 44.43306 ] } },
{ "type": "Feature", "properties": { "railway": "station", "name": "Piața Unirii 1" }, "geometry": { "type": "Point", "coordinates": [ 26.10196, 44.42753 ] } },
{ "type": "Feature", "properties": { "railway": "station", "name": "Timpuri Noi" }, "geometry": { "type": "Point", "coordinates": [ 26.11335, 44.41696 ] } },
{ "type": "Feature", "properties": { "railway": "station", "name": "Dristor 1" }, "geometry": { "type": "Point", "coordinates": [ 26.14046, 44.41937 ] } },
{ "type": "Feature", "properties": { "railway": "station", "name": "Mihai Bravu" }, "geometry": { "type": "Point", "coordinates": [ 26.12589, 44.41129 ] } },
{ "type": "Feature", "properties": { "railway": "station", "name": "Petrache Poenaru" }, "geometry": { "type": "Point", "coordinates": [ 26.04655, 44.44543 ] } },
{ "type": "Feature", "properties": { "railway": "station", "name": "Satu Mare Sud" }, "geometry": { "type": "Point", "coordinates": [ 22.87013, 47.77203 ] } },
{ "type": "Feature", "properties": { "railway": "station", "name": "Botiz" }, "geometry": { "type": "Point", "coordinates": [ 22.93728, 47.82516 ] } },
{ "type": "Feature", "properties": { "railway": "halt", "name": "Măieruș" }, "geometry": { "type": "Point", "coordinates": [ 25.54593, 45.89895 ] } },
{ "type": "Feature", "properties": { "railway": "station", "name": "Urziceni" }, "geometry": { "type": "Point", "coordinates": [ 26.64514, 44.71903 ] } },
{ "type": "Feature", "properties": { "railway": "station", "name": "Sagna" }, "geometry": { "type": "Point", "coordinates": [ 27.00078, 46.95922 ] } },
{ "type": "Feature", "properties": { "railway": "halt", "name": "Stănița" }, "geometry": { "type": "Point", "coordinates": [ 27.09098, 46.99414 ] } },
{ "type": "Feature", "properties": { "railway": "station", "name": "Rebricea" }, "geometry": { "type": "Point", "coordinates": [ 27.56727, 46.87466 ] } },
{ "type": "Feature", "properties": { "railway": "station", "name": "Bârnova" }, "geometry": { "type": "Point", "coordinates": [ 27.5696, 47.013 ] } },
{ "type": "Feature", "properties": { "railway": "halt", "name": "Topile" }, "geometry": { "type": "Point", "coordinates": [ 26.66889, 47.27558 ] } },
{ "type": "Feature", "properties": { "railway": "station", "name": "Târgu Neamț" }, "geometry": { "type": "Point", "coordinates": [ 26.37687, 47.19982 ] } },
{ "type": "Feature", "properties": { "railway": "station", "name": "Gura Humorului" }, "geometry": { "type": "Point", "coordinates": [ 25.94251, 47.55241 ] } },
{ "type": "Feature", "properties": { "railway": "halt", "name": "Părhăuți" }, "geometry": { "type": "Point", "coordinates": [ 26.09046, 47.71258 ] } },
{ "type": "Feature", "properties": { "railway": "halt", "name": "Soloneț" }, "geometry": { "type": "Point", "coordinates": [ 26.03367, 47.68472 ] } },
{ "type": "Feature", "properties": { "railway": "station", "name": "Ilva Mica" }, "geometry": { "type": "Point", "coordinates": [ 24.63779, 47.3055 ] } },
{ "type": "Feature", "properties": { "railway": "halt", "name": "Podereia Feldrului" }, "geometry": { "type": "Point", "coordinates": [ 24.61638, 47.283 ] } },
{ "type": "Feature", "properties": { "railway": "station", "name": "Giarmata" }, "geometry": { "type": "Point", "coordinates": [ 21.30723, 45.83348 ] } },
{ "type": "Feature", "properties": { "railway": "halt", "name": "Bârcea Mare" }, "geometry": { "type": "Point", "coordinates": [ 22.96485, 45.84139 ] } },
{ "type": "Feature", "properties": { "railway": "halt", "name": "Mititei" }, "geometry": { "type": "Point", "coordinates": [ 24.32076, 47.28455 ] } },
{ "type": "Feature", "properties": { "railway": "station", "name": "Săvârșin" }, "geometry": { "type": "Point", "coordinates": [ 22.23231, 46.00791 ] } },
{ "type": "Feature", "properties": { "railway": "halt", "name": "Vaduri h" }, "geometry": { "type": "Point", "coordinates": [ 26.2457, 46.92987 ] } },
{ "type": "Feature", "properties": { "railway": "halt", "name": "Tilișca" }, "geometry": { "type": "Point", "coordinates": [ 23.83587, 45.82409 ] } },
{ "type": "Feature", "properties": { "railway": "station", "name": "Ocna Sibiului" }, "geometry": { "type": "Point", "coordinates": [ 24.06724, 45.85781 ] } },
{ "type": "Feature", "properties": { "railway": "halt", "name": "Halta Ocna-Bâi" }, "geometry": { "type": "Point", "coordinates": [ 24.07048, 45.8754 ] } },
{ "type": "Feature", "properties": { "railway": "station", "name": "Săcel" }, "geometry": { "type": "Point", "coordinates": [ 24.45873, 47.63404 ] } },
{ "type": "Feature", "properties": { "railway": "halt", "name": "Bistrița" }, "geometry": { "type": "Point", "coordinates": [ 24.50265, 47.14578 ] } },
{ "type": "Feature", "properties": { "railway": "station", "name": "Nimigea" }, "geometry": { "type": "Point", "coordinates": [ 24.29869, 47.24746 ] } },
{ "type": "Feature", "properties": { "railway": "halt", "name": "Livezile Bârgăului" }, "geometry": { "type": "Point", "coordinates": [ 24.5685, 47.17811 ] } },
{ "type": "Feature", "properties": { "railway": "halt", "name": "Багринівка" }, "geometry": { "type": "Point", "coordinates": [ 25.95906, 47.9812 ] } },
{ "type": "Feature", "properties": { "railway": "halt", "name": "Ramura Botiz" }, "geometry": { "type": "Point", "coordinates": [ 22.92018, 47.83563 ] } },
{ "type": "Feature", "properties": { "railway": "halt", "name": "Domnești pe Șieu" }, "geometry": { "type": "Point", "coordinates": [ 24.47095, 47.04278 ] } },
{ "type": "Feature", "properties": { "railway": "halt", "name": "Bârla pe Șieu" }, "geometry": { "type": "Point", "coordinates": [ 24.54369, 47.01499 ] } },
{ "type": "Feature", "properties": { "railway": "halt", "name": "Stânceni Neagra" }, "geometry": { "type": "Point", "coordinates": [ 25.1562, 46.9664 ] } },
{ "type": "Feature", "properties": { "railway": "halt", "name": "Ciobotani" }, "geometry": { "type": "Point", "coordinates": [ 25.26972, 46.95142 ] } },
{ "type": "Feature", "properties": { "railway": "halt", "name": "Halta Dîrju" }, "geometry": { "type": "Point", "coordinates": [ 25.14991, 46.17911 ] } },
{ "type": "Feature", "properties": { "railway": "halt", "name": "Archita" }, "geometry": { "type": "Point", "coordinates": [ 25.09825, 46.18257 ] } },
{ "type": "Feature", "properties": { "railway": "halt", "name": "PO Feleag" }, "geometry": { "type": "Point", "coordinates": [ 25.04597, 46.19786 ] } },
{ "type": "Feature", "properties": { "railway": "halt", "name": "Mureni" }, "geometry": { "type": "Point", "coordinates": [ 24.99703, 46.22557 ] } },
{ "type": "Feature", "properties": { "railway": "halt", "name": "Vânători" }, "geometry": { "type": "Point", "coordinates": [ 24.91995, 46.24334 ] } },
{ "type": "Feature", "properties": { "railway": "halt", "name": "Albești" }, "geometry": { "type": "Point", "coordinates": [ 24.85517, 46.23724 ] } },
{ "type": "Feature", "properties": { "railway": "station", "name": "Copșa Mică" }, "geometry": { "type": "Point", "coordinates": [ 24.23641, 46.11537 ] } },
{ "type": "Feature", "properties": { "railway": "halt", "name": "Halta Axente Sever" }, "geometry": { "type": "Point", "coordinates": [ 24.21607, 46.09793 ] } },
{ "type": "Feature", "properties": { "railway": "halt", "name": "Șeica Mare" }, "geometry": { "type": "Point", "coordinates": [ 24.16265, 46.03386 ] } },
{ "type": "Feature", "properties": { "railway": "halt", "name": "Halta Șeica Mare" }, "geometry": { "type": "Point", "coordinates": [ 24.15694, 46.02213 ] } },
{ "type": "Feature", "properties": { "railway": "halt", "name": "Halta Veseud" }, "geometry": { "type": "Point", "coordinates": [ 24.14723, 45.99103 ] } },
{ "type": "Feature", "properties": { "railway": "halt", "name": "Hașag" }, "geometry": { "type": "Point", "coordinates": [ 24.10817, 45.97155 ] } },
{ "type": "Feature", "properties": { "railway": "station", "name": "Loamneș" }, "geometry": { "type": "Point", "coordinates": [ 24.08762, 45.93878 ] } },
{ "type": "Feature", "properties": { "railway": "halt", "name": "Mandra" }, "geometry": { "type": "Point", "coordinates": [ 24.07602, 45.92289 ] } },
{ "type": "Feature", "properties": { "railway": "halt", "name": "Halta Sibiu" }, "geometry": { "type": "Point", "coordinates": [ 24.14843, 45.81131 ] } },
{ "type": "Feature", "properties": { "railway": "station", "name": "Fetești" }, "geometry": { "type": "Point", "coordinates": [ 27.82178, 44.41711 ] } },
{ "type": "Feature", "properties": { "railway": "station", "name": "Cataloi" }, "geometry": { "type": "Point", "coordinates": [ 28.74913, 45.10536 ] } },
{ "type": "Feature", "properties": { "railway": "station", "name": "Focșani" }, "geometry": { "type": "Point", "coordinates": [ 27.16927, 45.70124 ] } },
{ "type": "Feature", "properties": { "railway": "station", "name": "Blaj" }, "geometry": { "type": "Point", "coordinates": [ 23.90897, 46.17611 ] } },
{ "type": "Feature", "properties": { "railway": "halt", "name": "Csanádpalota" }, "geometry": { "type": "Point", "coordinates": [ 20.7327, 46.23609 ] } },
{ "type": "Feature", "properties": { "railway": "halt", "name": "Nagylak" }, "geometry": { "type": "Point", "coordinates": [ 20.70828, 46.17014 ] } },
{ "type": "Feature", "properties": { "railway": "station", "name": "Apátfalva" }, "geometry": { "type": "Point", "coordinates": [ 20.58064, 46.17518 ] } },
{ "type": "Feature", "properties": { "railway": "station", "name": "Cluj Napoca Est" }, "geometry": { "type": "Point", "coordinates": [ 23.67071, 46.77899 ] } },
{ "type": "Feature", "properties": { "railway": "station", "name": "Câmpulung Est" }, "geometry": { "type": "Point", "coordinates": [ 25.59464, 47.51751 ] } },
{ "type": "Feature", "properties": { "railway": "station", "name": "Ciulnița" }, "geometry": { "type": "Point", "coordinates": [ 27.35092, 44.42744 ] } },
{ "type": "Feature", "properties": { "railway": "station", "name": "Cernavodă Pod" }, "geometry": { "type": "Point", "coordinates": [ 28.02515, 44.33737 ] } },
{ "type": "Feature", "properties": { "railway": "halt", "name": "Chevereș" }, "geometry": { "type": "Point", "coordinates": [ 21.49382, 45.65472 ] } },
{ "type": "Feature", "properties": { "railway": "halt", "name": "Vorniceni" }, "geometry": { "type": "Point", "coordinates": [ 26.65605, 47.92261 ] } },
{ "type": "Feature", "properties": { "railway": "station", "name": "Vaslui" }, "geometry": { "type": "Point", "coordinates": [ 27.72708, 46.62654 ] } },
{ "type": "Feature", "properties": { "railway": "station", "name": "Larga Jijia" }, "geometry": { "type": "Point", "coordinates": [ 27.38317, 47.33175 ] } },
{ "type": "Feature", "properties": { "railway": "halt", "name": "Movileni H" }, "geometry": { "type": "Point", "coordinates": [ 27.37308, 47.26968 ] } },
{ "type": "Feature", "properties": { "railway": "station", "name": "Zajta" }, "geometry": { "type": "Point", "coordinates": [ 22.7954, 47.90298 ] } },
{ "type": "Feature", "properties": { "railway": "station", "name": "Petrești" }, "geometry": { "type": "Point", "coordinates": [ 27.74504, 47.28781 ] } },
{ "type": "Feature", "properties": { "railway": "halt", "name": "Racu hc" }, "geometry": { "type": "Point", "coordinates": [ 25.75793, 46.44496 ] } },
{ "type": "Feature", "properties": { "railway": "halt", "name": "Șugău h" }, "geometry": { "type": "Point", "coordinates": [ 25.60483, 46.67095 ] } },
{ "type": "Feature", "properties": { "railway": "station", "name": "Saline HC" }, "geometry": { "type": "Point", "coordinates": [ 26.607, 46.28244 ] } },
{ "type": "Feature", "properties": { "railway": "station", "name": "Costin Georgian" }, "geometry": { "type": "Point", "coordinates": [ 26.16913, 44.43512 ] } },
{ "type": "Feature", "properties": { "railway": "station", "name": "Republica" }, "geometry": { "type": "Point", "coordinates": [ 26.18531, 44.43442 ] } },
{ "type": "Feature", "properties": { "railway": "station", "name": "Pantelimon" }, "geometry": { "type": "Point", "coordinates": [ 26.1926, 44.44052 ] } },
{ "type": "Feature", "properties": { "railway": "station", "name": "Nicolae Grigorescu 1" }, "geometry": { "type": "Point", "coordinates": [ 26.16061, 44.41357 ] } },
{ "type": "Feature", "properties": { "railway": "station", "name": "1 Decembrie 1918" }, "geometry": { "type": "Point", "coordinates": [ 26.1738, 44.41055 ] } },
{ "type": "Feature", "properties": { "railway": "station", "name": "Teiș Hm" }, "geometry": { "type": "Point", "coordinates": [ 25.44371, 44.94061 ] } },
{ "type": "Feature", "properties": { "railway": "station", "name": "Roșiori Nord" }, "geometry": { "type": "Point", "coordinates": [ 24.97889, 44.12337 ] } },
{ "type": "Feature", "properties": { "railway": "station", "name": "București Basarab" }, "geometry": { "type": "Point", "coordinates": [ 26.06743, 44.45041 ] } },
{ "type": "Feature", "properties": { "railway": "halt", "name": "Mădăraș Bihor" }, "geometry": { "type": "Point", "coordinates": [ 21.66452, 46.83315 ] } },
{ "type": "Feature", "properties": { "railway": "station", "name": "Câmpulung Moldovenesc" }, "geometry": { "type": "Point", "coordinates": [ 25.5528, 47.53364 ] } },
{ "type": "Feature", "properties": { "railway": "station", "name": "Turnișor" }, "geometry": { "type": "Point", "coordinates": [ 24.13015, 45.80061 ] } },
{ "type": "Feature", "properties": { "railway": "station", "name": "Călărași Sud" }, "geometry": { "type": "Point", "coordinates": [ 27.33411, 44.19998 ] } },
{ "type": "Feature", "properties": { "railway": "halt", "name": "Cebza" }, "geometry": { "type": "Point", "coordinates": [ 20.99963, 45.56404 ] } },
{ "type": "Feature", "properties": { "railway": "station", "name": "Vadu Lat" }, "geometry": { "type": "Point", "coordinates": [ 25.70178, 44.34312 ] } },
{ "type": "Feature", "properties": { "railway": "station", "name": "Văculești" }, "geometry": { "type": "Point", "coordinates": [ 26.44024, 47.89453 ] } },
{ "type": "Feature", "properties": { "railway": "station", "name": "Kötegyán" }, "geometry": { "type": "Point", "coordinates": [ 21.47957, 46.75856 ] } },
{ "type": "Feature", "properties": { "railway": "halt", "name": "Odorhei Sud" }, "geometry": { "type": "Point", "coordinates": [ 25.28844, 46.30769 ] } },
{ "type": "Feature", "properties": { "railway": "station", "name": "Râmnicu Vâlcea" }, "geometry": { "type": "Point", "coordinates": [ 24.37268, 45.10325 ] } },
{ "type": "Feature", "properties": { "railway": "station", "name": "Piața Iancului" }, "geometry": { "type": "Point", "coordinates": [ 26.13232, 44.4417 ] } },
{ "type": "Feature", "properties": { "railway": "halt", "name": "Tabanu hc" }, "geometry": { "type": "Point", "coordinates": [ 26.01585, 44.02669 ] } },
{ "type": "Feature", "properties": { "railway": "station", "name": "Tălmaciu" }, "geometry": { "type": "Point", "coordinates": [ 24.26766, 45.66961 ] } },
{ "type": "Feature", "properties": { "railway": "halt", "name": "Robești" }, "geometry": { "type": "Point", "coordinates": [ 24.29906, 45.45136 ] } },
{ "type": "Feature", "properties": { "railway": "halt", "name": "Slăvitești" }, "geometry": { "type": "Point", "coordinates": [ 24.22933, 44.91665 ] } },
{ "type": "Feature", "properties": { "railway": "halt", "name": "Bucșani Vâlcea" }, "geometry": { "type": "Point", "coordinates": [ 24.23707, 44.84662 ] } },
{ "type": "Feature", "properties": { "railway": "station", "name": "Fișcălia" }, "geometry": { "type": "Point", "coordinates": [ 24.2466, 44.81689 ] } },
{ "type": "Feature", "properties": { "railway": "halt", "name": "Orlești" }, "geometry": { "type": "Point", "coordinates": [ 24.2461, 44.79886 ] } },
{ "type": "Feature", "properties": { "railway": "halt", "name": "Colibași" }, "geometry": { "type": "Point", "coordinates": [ 24.25865, 44.50509 ] } },
{ "type": "Feature", "properties": { "railway": "station", "name": "Putna Seacă" }, "geometry": { "type": "Point", "coordinates": [ 27.19678, 45.80508 ] } },
{ "type": "Feature", "properties": { "railway": "station", "name": "Hanu Conachi" }, "geometry": { "type": "Point", "coordinates": [ 27.59427, 45.58248 ] } },
{ "type": "Feature", "properties": { "railway": "halt", "name": "Râșnov h." }, "geometry": { "type": "Point", "coordinates": [ 25.44061, 45.5892 ] } },
{ "type": "Feature", "properties": { "railway": "station", "name": "Zărnești" }, "geometry": { "type": "Point", "coordinates": [ 25.32852, 45.56276 ] } },
{ "type": "Feature", "properties": { "railway": "station", "name": "Bartolomeu" }, "geometry": { "type": "Point", "coordinates": [ 25.57457, 45.66257 ] } },
{ "type": "Feature", "properties": { "railway": "station", "name": "Cristian Hm." }, "geometry": { "type": "Point", "coordinates": [ 25.47986, 45.61778 ] } },
{ "type": "Feature", "properties": { "railway": "station", "name": "Șendreni" }, "geometry": { "type": "Point", "coordinates": [ 27.92255, 45.41033 ] } },
{ "type": "Feature", "properties": { "railway": "halt", "name": "Șerbeștii Vechi hc" }, "geometry": { "type": "Point", "coordinates": [ 27.87633, 45.42199 ] } },
{ "type": "Feature", "properties": { "railway": "halt", "name": "Vasile Alecsandri hc" }, "geometry": { "type": "Point", "coordinates": [ 27.79618, 45.451 ] } },
{ "type": "Feature", "properties": { "railway": "halt", "name": "Piscu hc" }, "geometry": { "type": "Point", "coordinates": [ 27.72006, 45.50643 ] } },
{ "type": "Feature", "properties": { "railway": "station", "name": "Vameș" }, "geometry": { "type": "Point", "coordinates": [ 27.70009, 45.5348 ] } },
{ "type": "Feature", "properties": { "railway": "halt", "name": "Tudor Vladimirescu hc" }, "geometry": { "type": "Point", "coordinates": [ 27.63991, 45.56776 ] } },
{ "type": "Feature", "properties": { "railway": "halt", "name": "Șerbănești hc" }, "geometry": { "type": "Point", "coordinates": [ 27.55257, 45.61397 ] } },
{ "type": "Feature", "properties": { "railway": "station", "name": "Liești" }, "geometry": { "type": "Point", "coordinates": [ 27.53847, 45.63329 ] } },
{ "type": "Feature", "properties": { "railway": "halt", "name": "Bucești hc" }, "geometry": { "type": "Point", "coordinates": [ 27.52866, 45.66053 ] } },
{ "type": "Feature", "properties": { "railway": "station", "name": "Ivești" }, "geometry": { "type": "Point", "coordinates": [ 27.51659, 45.68799 ] } },
{ "type": "Feature", "properties": { "railway": "halt", "name": "Umbrărești Hm" }, "geometry": { "type": "Point", "coordinates": [ 27.49221, 45.72407 ] } },
{ "type": "Feature", "properties": { "railway": "station", "name": "Barcea" }, "geometry": { "type": "Point", "coordinates": [ 27.4751, 45.76844 ] } },
{ "type": "Feature", "properties": { "railway": "halt", "name": "Malu Alb hc" }, "geometry": { "type": "Point", "coordinates": [ 27.46127, 45.79304 ] } },
{ "type": "Feature", "properties": { "railway": "station", "name": "Cosmești" }, "geometry": { "type": "Point", "coordinates": [ 27.33529, 45.85969 ] } },
{ "type": "Feature", "properties": { "railway": "station", "name": "General Eremia Grigorescu" }, "geometry": { "type": "Point", "coordinates": [ 27.27784, 45.85019 ] } },
{ "type": "Feature", "properties": { "railway": "halt", "name": "Tohanu Vechi hc." }, "geometry": { "type": "Point", "coordinates": [ 25.36727, 45.57485 ] } },
{ "type": "Feature", "properties": { "railway": "halt", "name": "General Traian Moșoiu hc." }, "geometry": { "type": "Point", "coordinates": [ 25.34965, 45.5687 ] } },
{ "type": "Feature", "properties": { "railway": "station", "name": "Slatina" }, "geometry": { "type": "Point", "coordinates": [ 24.38903, 44.4285 ] } },
{ "type": "Feature", "properties": { "railway": "station", "name": "Sinești Hm." }, "geometry": { "type": "Point", "coordinates": [ 24.67312, 44.4655 ] } },
{ "type": "Feature", "properties": { "railway": "halt", "name": "Ginta" }, "geometry": { "type": "Point", "coordinates": [ 22.1158, 46.74125 ] } },
{ "type": "Feature", "properties": { "railway": "station", "name": "Corbu" }, "geometry": { "type": "Point", "coordinates": [ 24.70899, 44.49578 ] } },
{ "type": "Feature", "properties": { "railway": "station", "name": "Potcoava" }, "geometry": { "type": "Point", "coordinates": [ 24.60337, 44.47096 ] } },
{ "type": "Feature", "properties": { "railway": "station", "name": "Bălteni Olt" }, "geometry": { "type": "Point", "coordinates": [ 24.52128, 44.45397 ] } },
{ "type": "Feature", "properties": { "railway": "station", "name": "Recea Hm." }, "geometry": { "type": "Point", "coordinates": [ 24.45775, 44.43811 ] } },
{ "type": "Feature", "properties": { "railway": "station", "name": null }, "geometry": { "type": "Point", "coordinates": [ 26.20109, 44.72567 ] } },
{ "type": "Feature", "properties": { "railway": "station", "name": "Simeria" }, "geometry": { "type": "Point", "coordinates": [ 23.01411, 45.84647 ] } },
{ "type": "Feature", "properties": { "railway": "station", "name": "Beuca" }, "geometry": { "type": "Point", "coordinates": [ 24.96852, 44.27124 ] } },
{ "type": "Feature", "properties": { "railway": "station", "name": "Roșiori Est" }, "geometry": { "type": "Point", "coordinates": [ 25.00487, 44.1107 ] } },
{ "type": "Feature", "properties": { "railway": "station", "name": "Barboși" }, "geometry": { "type": "Point", "coordinates": [ 27.98827, 45.40206 ] } },
{ "type": "Feature", "properties": { "railway": "station", "name": "Piața Victoriei 2" }, "geometry": { "type": "Point", "coordinates": [ 26.08643, 44.45263 ] } },
{ "type": "Feature", "properties": { "railway": "station", "name": "Piața Victoriei 1" }, "geometry": { "type": "Point", "coordinates": [ 26.08708, 44.45196 ] } },
{ "type": "Feature", "properties": { "railway": "station", "name": "Piața Romană" }, "geometry": { "type": "Point", "coordinates": [ 26.0977, 44.44536 ] } },
{ "type": "Feature", "properties": { "railway": "station", "name": "Tineretului" }, "geometry": { "type": "Point", "coordinates": [ 26.10451, 44.41537 ] } },
{ "type": "Feature", "properties": { "railway": "station", "name": "Eroii Revoluției" }, "geometry": { "type": "Point", "coordinates": [ 26.09665, 44.40378 ] } },
{ "type": "Feature", "properties": { "railway": "station", "name": "Aviatorilor" }, "geometry": { "type": "Point", "coordinates": [ 26.08664, 44.46603 ] } },
{ "type": "Feature", "properties": { "railway": "station", "name": "Constantin Brâncoveanu" }, "geometry": { "type": "Point", "coordinates": [ 26.10912, 44.39865 ] } },
{ "type": "Feature", "properties": { "railway": "station", "name": "Apărătorii Patriei" }, "geometry": { "type": "Point", "coordinates": [ 26.13507, 44.37939 ] } },
{ "type": "Feature", "properties": { "railway": "station", "name": "Dimitrie Leonida" }, "geometry": { "type": "Point", "coordinates": [ 26.14358, 44.36882 ] } },
{ "type": "Feature", "properties": { "railway": "station", "name": "Berceni" }, "geometry": { "type": "Point", "coordinates": [ 26.14928, 44.36127 ] } },
{ "type": "Feature", "properties": { "railway": "station", "name": "Grozăvești" }, "geometry": { "type": "Point", "coordinates": [ 26.06036, 44.44274 ] } },
{ "type": "Feature", "properties": { "railway": "station", "name": "Lujerului" }, "geometry": { "type": "Point", "coordinates": [ 26.03258, 44.43438 ] } },
{ "type": "Feature", "properties": { "railway": "station", "name": "Gorjului" }, "geometry": { "type": "Point", "coordinates": [ 26.02128, 44.43421 ] } },
{ "type": "Feature", "properties": { "railway": "station", "name": "Piața Muncii" }, "geometry": { "type": "Point", "coordinates": [ 26.13868, 44.43183 ] } },
{ "type": "Feature", "properties": { "railway": "station", "name": "Ștefan cel Mare" }, "geometry": { "type": "Point", "coordinates": [ 26.10469, 44.45288 ] } },
{ "type": "Feature", "properties": { "railway": "station", "name": "Turnu Măgurele" }, "geometry": { "type": "Point", "coordinates": [ 24.87675, 43.75264 ] } },
{ "type": "Feature", "properties": { "railway": "station", "name": "Sebiș" }, "geometry": { "type": "Point", "coordinates": [ 22.12605, 46.3652 ] } },
{ "type": "Feature", "properties": { "railway": "station", "name": "Huși" }, "geometry": { "type": "Point", "coordinates": [ 28.04507, 46.67537 ] } },
{ "type": "Feature", "properties": { "railway": "station", "name": "Dristor 2" }, "geometry": { "type": "Point", "coordinates": [ 26.13942, 44.42048 ] } },
{ "type": "Feature", "properties": { "railway": "station", "name": "Crângași" }, "geometry": { "type": "Point", "coordinates": [ 26.04715, 44.45191 ] } },
{ "type": "Feature", "properties": { "railway": "station", "name": "Vadu Crișului" }, "geometry": { "type": "Point", "coordinates": [ 22.49665, 46.99441 ] } },
{ "type": "Feature", "properties": { "railway": "station", "name": "Filești" }, "geometry": { "type": "Point", "coordinates": [ 28.00706, 45.44392 ] } },
{ "type": "Feature", "properties": { "railway": "halt", "name": "Zagna Vădeni" }, "geometry": { "type": "Point", "coordinates": [ 27.96273, 45.37961 ] } },
{ "type": "Feature", "properties": { "railway": "station", "name": "Baldovinești" }, "geometry": { "type": "Point", "coordinates": [ 27.9067, 45.32544 ] } },
{ "type": "Feature", "properties": { "railway": "station", "name": "Urleasca" }, "geometry": { "type": "Point", "coordinates": [ 27.62142, 45.16831 ] } },
{ "type": "Feature", "properties": { "railway": "station", "name": "Dedulești" }, "geometry": { "type": "Point", "coordinates": [ 27.40041, 45.10933 ] } },
{ "type": "Feature", "properties": { "railway": "halt", "name": "Găiseanca" }, "geometry": { "type": "Point", "coordinates": [ 27.32258, 45.09194 ] } },
{ "type": "Feature", "properties": { "railway": "halt", "name": "Vizireni hc" }, "geometry": { "type": "Point", "coordinates": [ 27.19184, 45.06667 ] } },
{ "type": "Feature", "properties": { "railway": "halt", "name": "Movila Oii" }, "geometry": { "type": "Point", "coordinates": [ 27.07284, 45.04371 ] } },
{ "type": "Feature", "properties": { "railway": "halt", "name": "Bentu" }, "geometry": { "type": "Point", "coordinates": [ 26.97484, 45.05679 ] } },
{ "type": "Feature", "properties": { "railway": "halt", "name": "Tăbărăști Sud" }, "geometry": { "type": "Point", "coordinates": [ 26.92414, 45.07142 ] } },
{ "type": "Feature", "properties": { "railway": "halt", "name": "Tăbărăști" }, "geometry": { "type": "Point", "coordinates": [ 26.90552, 45.08096 ] } },
{ "type": "Feature", "properties": { "railway": "station", "name": "Buzău Sud" }, "geometry": { "type": "Point", "coordinates": [ 26.86871, 45.12133 ] } },
{ "type": "Feature", "properties": { "railway": "station", "name": "Buzău Nord" }, "geometry": { "type": "Point", "coordinates": [ 26.7733, 45.16662 ] } },
{ "type": "Feature", "properties": { "railway": "station", "name": "Cireșu" }, "geometry": { "type": "Point", "coordinates": [ 27.36997, 44.97062 ] } },
{ "type": "Feature", "properties": { "railway": "halt", "name": "Gara Scărlătești hc" }, "geometry": { "type": "Point", "coordinates": [ 27.39477, 44.94008 ] } },
{ "type": "Feature", "properties": { "railway": "station", "name": "Gara Dudești hc" }, "geometry": { "type": "Point", "coordinates": [ 27.43635, 44.88885 ] } },
{ "type": "Feature", "properties": { "railway": "station", "name": "Gara Spicu" }, "geometry": { "type": "Point", "coordinates": [ 27.51178, 44.8153 ] } },
{ "type": "Feature", "properties": { "railway": "station", "name": "Gara Murgeanca" }, "geometry": { "type": "Point", "coordinates": [ 27.57416, 44.74207 ] } },
{ "type": "Feature", "properties": { "railway": "station", "name": "Gara Țăndărei" }, "geometry": { "type": "Point", "coordinates": [ 27.64824, 44.64713 ] } },
{ "type": "Feature", "properties": { "railway": "station", "name": "Platonești" }, "geometry": { "type": "Point", "coordinates": [ 27.67737, 44.59793 ] } },
{ "type": "Feature", "properties": { "railway": "station", "name": "Movila" }, "geometry": { "type": "Point", "coordinates": [ 27.71759, 44.53995 ] } },
{ "type": "Feature", "properties": { "railway": "station", "name": "Bărăganu" }, "geometry": { "type": "Point", "coordinates": [ 27.69689, 44.41998 ] } },
{ "type": "Feature", "properties": { "railway": "station", "name": "Ramificația Borcea Hm" }, "geometry": { "type": "Point", "coordinates": [ 27.8446, 44.38577 ] } },
{ "type": "Feature", "properties": { "railway": "station", "name": "Ovidiu" }, "geometry": { "type": "Point", "coordinates": [ 27.87838, 44.37472 ] } },
{ "type": "Feature", "properties": { "railway": "station", "name": "Dunărea Hm." }, "geometry": { "type": "Point", "coordinates": [ 27.96917, 44.35227 ] } },
{ "type": "Feature", "properties": { "railway": "station", "name": "Saligny Gr. Est" }, "geometry": { "type": "Point", "coordinates": [ 28.07708, 44.2892 ] } },
{ "type": "Feature", "properties": { "railway": "station", "name": "Mircea Vodă" }, "geometry": { "type": "Point", "coordinates": [ 28.14388, 44.26632 ] } },
{ "type": "Feature", "properties": { "railway": "station", "name": "Medgidia" }, "geometry": { "type": "Point", "coordinates": [ 28.27178, 44.25188 ] } },
{ "type": "Feature", "properties": { "railway": "halt", "name": "Castelu hc" }, "geometry": { "type": "Point", "coordinates": [ 28.33474, 44.25168 ] } },
{ "type": "Feature", "properties": { "railway": "station", "name": "Medgidia P.C.2 h" }, "geometry": { "type": "Point", "coordinates": [ 28.31509, 44.24509 ] } },
{ "type": "Feature", "properties": { "railway": "station", "name": "Dorobanțu" }, "geometry": { "type": "Point", "coordinates": [ 28.36737, 44.23874 ] } },
{ "type": "Feature", "properties": { "railway": "station", "name": "Basarabi" }, "geometry": { "type": "Point", "coordinates": [ 28.41838, 44.17151 ] } },
{ "type": "Feature", "properties": { "railway": "station", "name": "Valu lui Traian" }, "geometry": { "type": "Point", "coordinates": [ 28.50766, 44.16318 ] } },
{ "type": "Feature", "properties": { "railway": "halt", "name": "Murfatlar hc" }, "geometry": { "type": "Point", "coordinates": [ 28.45155, 44.16613 ] } },
{ "type": "Feature", "properties": { "railway": "station", "name": "Agigea Nord" }, "geometry": { "type": "Point", "coordinates": [ 28.63484, 44.1269 ] } },
{ "type": "Feature", "properties": { "railway": "halt", "name": "Tuzla Hc." }, "geometry": { "type": "Point", "coordinates": [ 28.64532, 44.00282 ] } },
{ "type": "Feature", "properties": { "railway": "station", "name": "Neptun" }, "geometry": { "type": "Point", "coordinates": [ 28.57882, 43.86003 ] } },
{ "type": "Feature", "properties": { "railway": "station", "name": "Șieu" }, "geometry": { "type": "Point", "coordinates": [ 24.60535, 47.00363 ] } },
{ "type": "Feature", "properties": { "railway": "halt", "name": "Șintereag" }, "geometry": { "type": "Point", "coordinates": [ 24.27232, 47.17511 ] } },
{ "type": "Feature", "properties": { "railway": "station", "name": "Toplița" }, "geometry": { "type": "Point", "coordinates": [ 25.3431, 46.92413 ] } },
{ "type": "Feature", "properties": { "railway": "halt", "name": "Drăcșănei Hc." }, "geometry": { "type": "Point", "coordinates": [ 24.9713, 44.2287 ] } },
{ "type": "Feature", "properties": { "railway": "station", "name": "Mihăești" }, "geometry": { "type": "Point", "coordinates": [ 24.76775, 44.11891 ] } },
{ "type": "Feature", "properties": { "railway": "station", "name": "Jianca" }, "geometry": { "type": "Point", "coordinates": [ 24.13077, 44.16399 ] } },
{ "type": "Feature", "properties": { "railway": "halt", "name": "Șoimu Hc." }, "geometry": { "type": "Point", "coordinates": [ 25.3952, 43.79785 ] } },
{ "type": "Feature", "properties": { "railway": "halt", "name": "Țigănești Hc." }, "geometry": { "type": "Point", "coordinates": [ 25.36643, 43.90396 ] } },
{ "type": "Feature", "properties": { "railway": "halt", "name": "Toporaș Hc." }, "geometry": { "type": "Point", "coordinates": [ 23.967, 44.33628 ] } },
{ "type": "Feature", "properties": { "railway": "halt", "name": "Dăneasa Hc." }, "geometry": { "type": "Point", "coordinates": [ 24.57563, 44.13269 ] } },
{ "type": "Feature", "properties": { "railway": "halt", "name": "Zavestreni Hm" }, "geometry": { "type": "Point", "coordinates": [ 25.59218, 44.30257 ] } },
{ "type": "Feature", "properties": { "railway": "halt", "name": "Brăneț Hc." }, "geometry": { "type": "Point", "coordinates": [ 24.20548, 44.33386 ] } },
{ "type": "Feature", "properties": { "railway": "station", "name": "Radomirești" }, "geometry": { "type": "Point", "coordinates": [ 24.6698, 44.11097 ] } },
{ "type": "Feature", "properties": { "railway": "station", "name": "Videle" }, "geometry": { "type": "Point", "coordinates": [ 25.53785, 44.28414 ] } },
{ "type": "Feature", "properties": { "railway": "station", "name": "Plaiul Vulcănești" }, "geometry": { "type": "Point", "coordinates": [ 23.85368, 44.31101 ] } },
{ "type": "Feature", "properties": { "railway": "halt", "name": "Poroschia Hc." }, "geometry": { "type": "Point", "coordinates": [ 25.35176, 43.94225 ] } },
{ "type": "Feature", "properties": { "railway": "station", "name": "Alexandria" }, "geometry": { "type": "Point", "coordinates": [ 25.32521, 43.96451 ] } },
{ "type": "Feature", "properties": { "railway": "station", "name": "Olteni" }, "geometry": { "type": "Point", "coordinates": [ 25.29215, 44.19025 ] } },
{ "type": "Feature", "properties": { "railway": "halt", "name": "Buzescu Hc." }, "geometry": { "type": "Point", "coordinates": [ 25.22375, 44.00974 ] } },
{ "type": "Feature", "properties": { "railway": "station", "name": "Grădinari" }, "geometry": { "type": "Point", "coordinates": [ 25.82468, 44.38195 ] } },
{ "type": "Feature", "properties": { "railway": "halt", "name": "Smârdioasa Hc." }, "geometry": { "type": "Point", "coordinates": [ 25.42606, 43.8509 ] } },
{ "type": "Feature", "properties": { "railway": "halt", "name": "Păuleasca Hc." }, "geometry": { "type": "Point", "coordinates": [ 25.43813, 43.81311 ] } },
{ "type": "Feature", "properties": { "railway": "station", "name": "Miroși" }, "geometry": { "type": "Point", "coordinates": [ 24.94521, 44.43383 ] } },
{ "type": "Feature", "properties": { "railway": "halt", "name": "Ionești Hm." }, "geometry": { "type": "Point", "coordinates": [ 24.87282, 44.59834 ] } },
{ "type": "Feature", "properties": { "railway": "halt", "name": "Anghelești Hc." }, "geometry": { "type": "Point", "coordinates": [ 25.64654, 44.3231 ] } },
{ "type": "Feature", "properties": { "railway": "station", "name": "Stoenești Hc." }, "geometry": { "type": "Point", "coordinates": [ 24.49406, 44.12028 ] } },
{ "type": "Feature", "properties": { "railway": "station", "name": "Gălăteni" }, "geometry": { "type": "Point", "coordinates": [ 25.37042, 44.21107 ] } },
{ "type": "Feature", "properties": { "railway": "station", "name": "Atârnați" }, "geometry": { "type": "Point", "coordinates": [ 25.06531, 44.1361 ] } },
{ "type": "Feature", "properties": { "railway": "halt", "name": "Șopârlița Haltă" }, "geometry": { "type": "Point", "coordinates": [ 24.29906, 44.27315 ] } },
{ "type": "Feature", "properties": { "railway": "halt", "name": "Domneștii de Sus Hc." }, "geometry": { "type": "Point", "coordinates": [ 25.89255, 44.40612 ] } },
{ "type": "Feature", "properties": { "railway": "halt", "name": "Cârcea Hc." }, "geometry": { "type": "Point", "coordinates": [ 23.89276, 44.28401 ] } },
{ "type": "Feature", "properties": { "railway": "halt", "name": "Ulmuleț Haltă" }, "geometry": { "type": "Point", "coordinates": [ 25.34668, 43.73392 ] } },
{ "type": "Feature", "properties": { "railway": "halt", "name": "Zîmbreasca Hc." }, "geometry": { "type": "Point", "coordinates": [ 24.96681, 44.3027 ] } },
{ "type": "Feature", "properties": { "railway": "station", "name": "Costești" }, "geometry": { "type": "Point", "coordinates": [ 24.87743, 44.6679 ] } },
{ "type": "Feature", "properties": { "railway": "halt", "name": "Peretu Hc." }, "geometry": { "type": "Point", "coordinates": [ 25.09556, 44.04707 ] } },
{ "type": "Feature", "properties": { "railway": "halt", "name": "Zorile H" }, "geometry": { "type": "Point", "coordinates": [ 25.80324, 44.37385 ] } },
{ "type": "Feature", "properties": { "railway": "halt", "name": "Leu Hm." }, "geometry": { "type": "Point", "coordinates": [ 24.03801, 44.2001 ] } },
{ "type": "Feature", "properties": { "railway": "halt", "name": "Ciolpani Hm." }, "geometry": { "type": "Point", "coordinates": [ 25.46066, 44.24393 ] } },
{ "type": "Feature", "properties": { "railway": "halt", "name": "Papa Hc." }, "geometry": { "type": "Point", "coordinates": [ 24.97346, 44.18424 ] } },
{ "type": "Feature", "properties": { "railway": "halt", "name": "Spineni Hc." }, "geometry": { "type": "Point", "coordinates": [ 24.07155, 44.35383 ] } },
{ "type": "Feature", "properties": { "railway": "station", "name": "Vlăduleni" }, "geometry": { "type": "Point", "coordinates": [ 24.32343, 44.25528 ] } },
{ "type": "Feature", "properties": { "railway": "station", "name": "Banu Mărăcine" }, "geometry": { "type": "Point", "coordinates": [ 23.85872, 44.29721 ] } },
{ "type": "Feature", "properties": { "railway": "station", "name": "Piatra Olt" }, "geometry": { "type": "Point", "coordinates": [ 24.25491, 44.36802 ] } },
{ "type": "Feature", "properties": { "railway": "station", "name": "Balaci Hm" }, "geometry": { "type": "Point", "coordinates": [ 24.96285, 44.3562 ] } },
{ "type": "Feature", "properties": { "railway": "halt", "name": "Surdulești Haltă" }, "geometry": { "type": "Point", "coordinates": [ 24.96001, 44.39338 ] } },
{ "type": "Feature", "properties": { "railway": "station", "name": "Alexandria Nord" }, "geometry": { "type": "Point", "coordinates": [ 25.30996, 43.97442 ] } },
{ "type": "Feature", "properties": { "railway": "station", "name": "Zimnicea" }, "geometry": { "type": "Point", "coordinates": [ 25.36262, 43.6631 ] } },
{ "type": "Feature", "properties": { "railway": "station", "name": "Cernele" }, "geometry": { "type": "Point", "coordinates": [ 23.7556, 44.35542 ] } },
{ "type": "Feature", "properties": { "railway": "halt", "name": "Vârtoapele Hc." }, "geometry": { "type": "Point", "coordinates": [ 25.21399, 44.16788 ] } },
{ "type": "Feature", "properties": { "railway": "halt", "name": "Cloțu Haltă" }, "geometry": { "type": "Point", "coordinates": [ 24.908, 44.49085 ] } },
{ "type": "Feature", "properties": { "railway": "station", "name": "Bucureștii Noi" }, "geometry": { "type": "Point", "coordinates": [ 26.01545, 44.47566 ] } },
{ "type": "Feature", "properties": { "railway": "halt", "name": "Cezieni Hm." }, "geometry": { "type": "Point", "coordinates": [ 24.31473, 44.15278 ] } },
{ "type": "Feature", "properties": { "railway": "station", "name": "Chiajna" }, "geometry": { "type": "Point", "coordinates": [ 25.9803, 44.47045 ] } },
{ "type": "Feature", "properties": { "railway": "station", "name": "Craiova" }, "geometry": { "type": "Point", "coordinates": [ 23.81669, 44.32883 ] } },
{ "type": "Feature", "properties": { "railway": "halt", "name": "Robănești Hm." }, "geometry": { "type": "Point", "coordinates": [ 24.00822, 44.34384 ] } },
{ "type": "Feature", "properties": { "railway": "station", "name": "Plosca Hm." }, "geometry": { "type": "Point", "coordinates": [ 25.14272, 44.03064 ] } },
{ "type": "Feature", "properties": { "railway": "halt", "name": "Țărțăl Hc." }, "geometry": { "type": "Point", "coordinates": [ 24.09347, 44.17864 ] } },
{ "type": "Feature", "properties": { "railway": "halt", "name": "Brâncăceni Hc." }, "geometry": { "type": "Point", "coordinates": [ 25.38636, 43.88297 ] } },
{ "type": "Feature", "properties": { "railway": "halt", "name": "Jiu Hm." }, "geometry": { "type": "Point", "coordinates": [ 23.84571, 44.30551 ] } },
{ "type": "Feature", "properties": { "railway": "station", "name": "Pielești" }, "geometry": { "type": "Point", "coordinates": [ 23.95607, 44.31896 ] } },
{ "type": "Feature", "properties": { "railway": "station", "name": "Romula" }, "geometry": { "type": "Point", "coordinates": [ 24.40074, 44.177 ] } },
{ "type": "Feature", "properties": { "railway": "halt", "name": "Radomiru hc" }, "geometry": { "type": "Point", "coordinates": [ 24.16271, 44.15613 ] } },
{ "type": "Feature", "properties": { "railway": "halt", "name": "Pârșcoveni Haltă" }, "geometry": { "type": "Point", "coordinates": [ 24.27479, 44.31406 ] } },
{ "type": "Feature", "properties": { "railway": "station", "name": "Iacobeni" }, "geometry": { "type": "Point", "coordinates": [ 25.30892, 47.41894 ] } },
{ "type": "Feature", "properties": { "railway": "station", "name": "Vatra Dornei" }, "geometry": { "type": "Point", "coordinates": [ 25.35796, 47.35235 ] } },
{ "type": "Feature", "properties": { "railway": "station", "name": "Independența" }, "geometry": { "type": "Point", "coordinates": [ 27.76181, 45.4781 ] } },
{ "type": "Feature", "properties": { "railway": "station", "name": "Resighea" }, "geometry": { "type": "Point", "coordinates": [ 22.28223, 47.59977 ] } },
{ "type": "Feature", "properties": { "railway": "station", "name": "Găgeni" }, "geometry": { "type": "Point", "coordinates": [ 25.93713, 45.02404 ] } },
{ "type": "Feature", "properties": { "railway": "halt", "name": "Mălăești" }, "geometry": { "type": "Point", "coordinates": [ 26.00324, 45.12398 ] } },
{ "type": "Feature", "properties": { "railway": "halt", "name": "Poiana Vărbilău" }, "geometry": { "type": "Point", "coordinates": [ 25.98576, 45.15344 ] } },
{ "type": "Feature", "properties": { "railway": "station", "name": "Luduș" }, "geometry": { "type": "Point", "coordinates": [ 24.08902, 46.46737 ] } },
{ "type": "Feature", "properties": { "railway": "halt", "name": "Bonțești" }, "geometry": { "type": "Point", "coordinates": [ 22.30923, 46.28035 ] } },
{ "type": "Feature", "properties": { "railway": "halt", "name": "Paulian" }, "geometry": { "type": "Point", "coordinates": [ 22.15695, 46.32954 ] } },
{ "type": "Feature", "properties": { "railway": "station", "name": "Negru Vodă" }, "geometry": { "type": "Point", "coordinates": [ 28.22381, 43.81688 ] } },
{ "type": "Feature", "properties": { "railway": "station", "name": "Bocicoi" }, "geometry": { "type": "Point", "coordinates": [ 24.02333, 47.95743 ] } },
{ "type": "Feature", "properties": { "railway": "halt", "name": "Crăciunești" }, "geometry": { "type": "Point", "coordinates": [ 23.98458, 47.95116 ] } },
{ "type": "Feature", "properties": { "railway": "halt", "name": "Lunca la Tisa" }, "geometry": { "type": "Point", "coordinates": [ 24.04399, 47.94865 ] } },
{ "type": "Feature", "properties": { "railway": "station", "name": "Leordina" }, "geometry": { "type": "Point", "coordinates": [ 24.25875, 47.78538 ] } },
{ "type": "Feature", "properties": { "railway": "halt", "name": "Șoldanu" }, "geometry": { "type": "Point", "coordinates": [ 26.51737, 44.23249 ] } },
{ "type": "Feature", "properties": { "railway": "halt", "name": "Urviș" }, "geometry": { "type": "Point", "coordinates": [ 22.15397, 46.67861 ] } },
{ "type": "Feature", "properties": { "railway": "station", "name": "Oltenița" }, "geometry": { "type": "Point", "coordinates": [ 26.64522, 44.08551 ] } },
{ "type": "Feature", "properties": { "railway": "station", "name": "Zalău Nord" }, "geometry": { "type": "Point", "coordinates": [ 23.04096, 47.22074 ] } },
{ "type": "Feature", "properties": { "railway": "halt", "name": "Potîngeni H" }, "geometry": { "type": "Point", "coordinates": [ 27.35402, 47.32567 ] } },
{ "type": "Feature", "properties": { "railway": "station", "name": "Corlătești" }, "geometry": { "type": "Point", "coordinates": [ 26.1196, 44.89989 ] } },
{ "type": "Feature", "properties": { "railway": "halt", "name": "Ampoița" }, "geometry": { "type": "Point", "coordinates": [ 23.49392, 46.11463 ] } },
{ "type": "Feature", "properties": { "railway": "station", "name": "Gura Putnei" }, "geometry": { "type": "Point", "coordinates": [ 25.62377, 47.9151 ] } },
{ "type": "Feature", "properties": { "railway": "station", "name": "Putna" }, "geometry": { "type": "Point", "coordinates": [ 25.6148, 47.87024 ] } },
{ "type": "Feature", "properties": { "railway": "station", "name": "Telciu" }, "geometry": { "type": "Point", "coordinates": [ 24.39518, 47.42139 ] } },
{ "type": "Feature", "properties": { "railway": "station", "name": "Coșbuc" }, "geometry": { "type": "Point", "coordinates": [ 24.39157, 47.37363 ] } },
{ "type": "Feature", "properties": { "railway": "halt", "name": "Romuli Hm" }, "geometry": { "type": "Point", "coordinates": [ 24.43568, 47.54031 ] } },
{ "type": "Feature", "properties": { "railway": "station", "name": "Râmnicu Sărat" }, "geometry": { "type": "Point", "coordinates": [ 27.05815, 45.37944 ] } },
{ "type": "Feature", "properties": { "railway": "station", "name": "Șărmășag" }, "geometry": { "type": "Point", "coordinates": [ 22.82921, 47.34265 ] } },
{ "type": "Feature", "properties": { "railway": "halt", "name": "Bocșa Sălaj" }, "geometry": { "type": "Point", "coordinates": [ 22.92591, 47.29937 ] } },
{ "type": "Feature", "properties": { "railway": "station", "name": "Borla" }, "geometry": { "type": "Point", "coordinates": [ 22.94311, 47.27414 ] } },
{ "type": "Feature", "properties": { "railway": "station", "name": "Mândrești" }, "geometry": { "type": "Point", "coordinates": [ 26.74711, 47.90571 ] } },
{ "type": "Feature", "properties": { "railway": "station", "name": "Ploiești Vest" }, "geometry": { "type": "Point", "coordinates": [ 25.99458, 44.92453 ] } },
{ "type": "Feature", "properties": { "railway": "station", "name": "Ploiești Est" }, "geometry": { "type": "Point", "coordinates": [ 26.08135, 44.93641 ] } },
{ "type": "Feature", "properties": { "railway": "station", "name": "Jiului" }, "geometry": { "type": "Point", "coordinates": [ 26.04154, 44.48155 ] } },
{ "type": "Feature", "properties": { "railway": "station", "name": "Gura Humorului Oraș" }, "geometry": { "type": "Point", "coordinates": [ 25.88277, 47.5508 ] } },
{ "type": "Feature", "properties": { "railway": "halt", "name": "Nagylaki Kendergyár" }, "geometry": { "type": "Point", "coordinates": [ 20.71744, 46.1891 ] } },
{ "type": "Feature", "properties": { "railway": "station", "name": "Nyírábrány" }, "geometry": { "type": "Point", "coordinates": [ 22.01674, 47.52389 ] } },
{ "type": "Feature", "properties": { "railway": "station", "name": "Iza" }, "geometry": { "type": "Point", "coordinates": [ 24.37752, 47.65721 ] } },
{ "type": "Feature", "properties": { "railway": "station", "name": "Botoșani" }, "geometry": { "type": "Point", "coordinates": [ 26.64432, 47.75302 ] } },
{ "type": "Feature", "properties": { "railway": "station", "name": "Vălenii de Munte" }, "geometry": { "type": "Point", "coordinates": [ 26.03422, 45.17951 ] } },
{ "type": "Feature", "properties": { "railway": "halt", "name": "Rozsály" }, "geometry": { "type": "Point", "coordinates": [ 22.78222, 47.91296 ] } },
{ "type": "Feature", "properties": { "railway": "station", "name": "Apoldu de Sus" }, "geometry": { "type": "Point", "coordinates": [ 23.8043, 45.85279 ] } },
{ "type": "Feature", "properties": { "railway": "station", "name": "Apoldu de Jos" }, "geometry": { "type": "Point", "coordinates": [ 23.83274, 45.87848 ] } },
{ "type": "Feature", "properties": { "railway": "halt", "name": "Nădejdea Hm" }, "geometry": { "type": "Point", "coordinates": [ 25.83505, 46.51355 ] } },
{ "type": "Feature", "properties": { "railway": "station", "name": "Lunca de Sus" }, "geometry": { "type": "Point", "coordinates": [ 25.96395, 46.53801 ] } },
{ "type": "Feature", "properties": { "railway": "halt", "name": "Tarcău h." }, "geometry": { "type": "Point", "coordinates": [ 25.97263, 46.56324 ] } },
{ "type": "Feature", "properties": { "railway": "station", "name": "Câmpia Turzii" }, "geometry": { "type": "Point", "coordinates": [ 23.8794, 46.54719 ] } },
{ "type": "Feature", "properties": { "railway": "halt", "name": "Cârța hc" }, "geometry": { "type": "Point", "coordinates": [ 24.57373, 45.78324 ] } },
{ "type": "Feature", "properties": { "railway": "station", "name": "Bâlca" }, "geometry": { "type": "Point", "coordinates": [ 26.98904, 46.15689 ] } },
{ "type": "Feature", "properties": { "railway": "station", "name": "Sântana" }, "geometry": { "type": "Point", "coordinates": [ 21.50773, 46.33528 ] } },
{ "type": "Feature", "properties": { "railway": "halt", "name": "Pișchia" }, "geometry": { "type": "Point", "coordinates": [ 21.34272, 45.89473 ] } },
{ "type": "Feature", "properties": { "railway": "halt", "name": "Fibiș" }, "geometry": { "type": "Point", "coordinates": [ 21.4185, 45.95401 ] } },
{ "type": "Feature", "properties": { "railway": "halt", "name": "Dudeștii Noi" }, "geometry": { "type": "Point", "coordinates": [ 21.11016, 45.82567 ] } },
{ "type": "Feature", "properties": { "railway": "station", "name": "Mizil" }, "geometry": { "type": "Point", "coordinates": [ 26.43766, 44.99405 ] } },
{ "type": "Feature", "properties": { "railway": "station", "name": "Pătârlagele" }, "geometry": { "type": "Point", "coordinates": [ 26.35761, 45.32449 ] } },
{ "type": "Feature", "properties": { "railway": "station", "name": "Crasna" }, "geometry": { "type": "Point", "coordinates": [ 27.82437, 46.50651 ] } },
{ "type": "Feature", "properties": { "railway": "station", "name": "Târgu Secuiesc" }, "geometry": { "type": "Point", "coordinates": [ 26.13821, 45.99161 ] } },
{ "type": "Feature", "properties": { "railway": "halt", "name": "Bocșa Montană" }, "geometry": { "type": "Point", "coordinates": [ 21.77874, 45.38161 ] } },
{ "type": "Feature", "properties": { "railway": "halt", "name": "Catalina" }, "geometry": { "type": "Point", "coordinates": [ 26.15116, 45.9598 ] } },
{ "type": "Feature", "properties": { "railway": "station", "name": "Sebeș Alba" }, "geometry": { "type": "Point", "coordinates": [ 23.57979, 45.95773 ] } },
{ "type": "Feature", "properties": { "railway": "station", "name": "Întorsura Buzăului" }, "geometry": { "type": "Point", "coordinates": [ 26.0273, 45.67509 ] } },
{ "type": "Feature", "properties": { "railway": "station", "name": "Breaza" }, "geometry": { "type": "Point", "coordinates": [ 25.6856, 45.17287 ] } },
{ "type": "Feature", "properties": { "railway": "halt", "name": "Ploscoș" }, "geometry": { "type": "Point", "coordinates": [ 23.85109, 46.6372 ] } },
{ "type": "Feature", "properties": { "railway": "halt", "name": "Lutița" }, "geometry": { "type": "Point", "coordinates": [ 25.18809, 46.25527 ] } },
{ "type": "Feature", "properties": { "railway": "station", "name": "Covasna" }, "geometry": { "type": "Point", "coordinates": [ 26.14667, 45.85811 ] } },
{ "type": "Feature", "properties": { "railway": "station", "name": "Brateș" }, "geometry": { "type": "Point", "coordinates": [ 26.07168, 45.84259 ] } },
{ "type": "Feature", "properties": { "railway": "station", "name": "Țufalău" }, "geometry": { "type": "Point", "coordinates": [ 26.03397, 45.83379 ] } },
{ "type": "Feature", "properties": { "railway": "station", "name": "Boroșneu Mare" }, "geometry": { "type": "Point", "coordinates": [ 26.01065, 45.82525 ] } },
{ "type": "Feature", "properties": { "railway": "halt", "name": "Novicior" }, "geometry": { "type": "Point", "coordinates": [ 24.60343, 47.7735 ] } },
{ "type": "Feature", "properties": { "railway": "halt", "name": "Paltin" }, "geometry": { "type": "Point", "coordinates": [ 24.60612, 47.78034 ] } },
{ "type": "Feature", "properties": { "railway": "halt", "name": "Novăț" }, "geometry": { "type": "Point", "coordinates": [ 24.52671, 47.74193 ] } },
{ "type": "Feature", "properties": { "railway": "halt", "name": "Glimboaca" }, "geometry": { "type": "Point", "coordinates": [ 24.55917, 47.76347 ] } },
{ "type": "Feature", "properties": { "railway": "halt", "name": "Cozia" }, "geometry": { "type": "Point", "coordinates": [ 24.58136, 47.77189 ] } },
{ "type": "Feature", "properties": { "railway": "halt", "name": "Suligu" }, "geometry": { "type": "Point", "coordinates": [ 24.68228, 47.7952 ] } },
{ "type": "Feature", "properties": { "railway": "halt", "name": "Coman" }, "geometry": { "type": "Point", "coordinates": [ 24.81671, 47.74343 ] } },
{ "type": "Feature", "properties": { "railway": "halt", "name": "Valea Babei" }, "geometry": { "type": "Point", "coordinates": [ 24.76454, 47.76468 ] } },
{ "type": "Feature", "properties": { "railway": "halt", "name": "Faina" }, "geometry": { "type": "Point", "coordinates": [ 24.69414, 47.78828 ] } },
{ "type": "Feature", "properties": { "railway": "halt", "name": "Bardău" }, "geometry": { "type": "Point", "coordinates": [ 24.62594, 47.79147 ] } },
{ "type": "Feature", "properties": { "railway": "halt", "name": "Botizu" }, "geometry": { "type": "Point", "coordinates": [ 24.64804, 47.7979 ] } },
{ "type": "Feature", "properties": { "railway": "halt", "name": "Sebeș Olt hc" }, "geometry": { "type": "Point", "coordinates": [ 24.3175, 45.67059 ] } },
{ "type": "Feature", "properties": { "railway": "station", "name": "Aiud" }, "geometry": { "type": "Point", "coordinates": [ 23.73503, 46.31264 ] } },
{ "type": "Feature", "properties": { "railway": "halt", "name": "Момин брод" }, "geometry": { "type": "Point", "coordinates": [ 23.21811, 43.78321 ] } },
{ "type": "Feature", "properties": { "railway": "halt", "name": null }, "geometry": { "type": "Point", "coordinates": [ 28.01979, 46.6726 ] } },
{ "type": "Feature", "properties": { "railway": "halt", "name": "Cîșlița-Prut" }, "geometry": { "type": "Point", "coordinates": [ 28.16538, 45.53493 ] } },
{ "type": "Feature", "properties": { "railway": "station", "name": "Cenad" }, "geometry": { "type": "Point", "coordinates": [ 20.59516, 46.13531 ] } },
{ "type": "Feature", "properties": { "railway": "station", "name": "Colibași" }, "geometry": { "type": "Point", "coordinates": [ 28.17191, 45.71908 ] } },
{ "type": "Feature", "properties": { "railway": "station", "name": "Bârlad" }, "geometry": { "type": "Point", "coordinates": [ 27.67325, 46.21503 ] } },
{ "type": "Feature", "properties": { "railway": "halt", "name": "Cojocna" }, "geometry": { "type": "Point", "coordinates": [ 23.78992, 46.76701 ] } },
{ "type": "Feature", "properties": { "railway": "halt", "name": "Нижня Апша" }, "geometry": { "type": "Point", "coordinates": [ 23.81718, 47.98699 ] } },
{ "type": "Feature", "properties": { "railway": "station", "name": "Găești" }, "geometry": { "type": "Point", "coordinates": [ 25.30387, 44.71398 ] } },
{ "type": "Feature", "properties": { "railway": "station", "name": "Someș Odorhei" }, "geometry": { "type": "Point", "coordinates": [ 23.26948, 47.33206 ] } },
{ "type": "Feature", "properties": { "railway": "station", "name": "Benesat" }, "geometry": { "type": "Point", "coordinates": [ 23.2908, 47.40691 ] } },
{ "type": "Feature", "properties": { "railway": "station", "name": "Mireșu Mare" }, "geometry": { "type": "Point", "coordinates": [ 23.34075, 47.49929 ] } },
{ "type": "Feature", "properties": { "railway": "halt", "name": "Ciocmani" }, "geometry": { "type": "Point", "coordinates": [ 23.35914, 47.28504 ] } },
{ "type": "Feature", "properties": { "railway": "station", "name": "Cuciulat" }, "geometry": { "type": "Point", "coordinates": [ 23.41422, 47.3201 ] } },
{ "type": "Feature", "properties": { "railway": "station", "name": "Băbuțeni" }, "geometry": { "type": "Point", "coordinates": [ 23.39361, 47.29691 ] } },
{ "type": "Feature", "properties": { "railway": "station", "name": "Surduc Sălaj" }, "geometry": { "type": "Point", "coordinates": [ 23.33911, 47.24854 ] } },
{ "type": "Feature", "properties": { "railway": "station", "name": "Bicaz" }, "geometry": { "type": "Point", "coordinates": [ 26.09876, 46.9085 ] } },
{ "type": "Feature", "properties": { "railway": "station", "name": "Halta Măgurele Sud" }, "geometry": { "type": "Point", "coordinates": [ 26.03389, 45.08295 ] } },
{ "type": "Feature", "properties": { "railway": "station", "name": "Jimbolia" }, "geometry": { "type": "Point", "coordinates": [ 20.71847, 45.8002 ] } },
{ "type": "Feature", "properties": { "railway": "halt", "name": "Luncavița" }, "geometry": { "type": "Point", "coordinates": [ 22.28831, 45.0812 ] } },
{ "type": "Feature", "properties": { "railway": "halt", "name": "Angheluș" }, "geometry": { "type": "Point", "coordinates": [ 25.88887, 45.86481 ] } },
{ "type": "Feature", "properties": { "railway": "halt", "name": "Bita" }, "geometry": { "type": "Point", "coordinates": [ 25.97239, 45.84104 ] } },
{ "type": "Feature", "properties": { "railway": "station", "name": "Suplacu de Barcău" }, "geometry": { "type": "Point", "coordinates": [ 22.54794, 47.26202 ] } },
{ "type": "Feature", "properties": { "railway": "station", "name": "Mirșid" }, "geometry": { "type": "Point", "coordinates": [ 23.13249, 47.23126 ] } },
{ "type": "Feature", "properties": { "railway": "halt", "name": "Popeni" }, "geometry": { "type": "Point", "coordinates": [ 23.17039, 47.2505 ] } },
{ "type": "Feature", "properties": { "railway": "halt", "name": "Derșida" }, "geometry": { "type": "Point", "coordinates": [ 22.79129, 47.3845 ] } },
{ "type": "Feature", "properties": { "railway": "halt", "name": "Lăpugiu" }, "geometry": { "type": "Point", "coordinates": [ 22.49994, 45.90503 ] } },
{ "type": "Feature", "properties": { "railway": "halt", "name": "Traian Vuia" }, "geometry": { "type": "Point", "coordinates": [ 22.02475, 45.81208 ] } },
{ "type": "Feature", "properties": { "railway": "station", "name": "Făget" }, "geometry": { "type": "Point", "coordinates": [ 22.16888, 45.84882 ] } },
{ "type": "Feature", "properties": { "railway": "halt", "name": "Nușfalău" }, "geometry": { "type": "Point", "coordinates": [ 22.69224, 47.21431 ] } },
{ "type": "Feature", "properties": { "railway": "station", "name": "Ucea" }, "geometry": { "type": "Point", "coordinates": [ 24.67736, 45.79222 ] } },
{ "type": "Feature", "properties": { "railway": "station", "name": "Arpaș" }, "geometry": { "type": "Point", "coordinates": [ 24.61163, 45.78406 ] } },
{ "type": "Feature", "properties": { "railway": "station", "name": "Voila" }, "geometry": { "type": "Point", "coordinates": [ 24.834, 45.81925 ] } },
{ "type": "Feature", "properties": { "railway": "station", "name": "Babadag" }, "geometry": { "type": "Point", "coordinates": [ 28.70614, 44.89221 ] } },
{ "type": "Feature", "properties": { "railway": "station", "name": "Seini" }, "geometry": { "type": "Point", "coordinates": [ 23.2847, 47.73789 ] } },
{ "type": "Feature", "properties": { "railway": "halt", "name": "Gâlgău haltă" }, "geometry": { "type": "Point", "coordinates": [ 23.66911, 47.26856 ] } },
{ "type": "Feature", "properties": { "railway": "station", "name": "Cițcău" }, "geometry": { "type": "Point", "coordinates": [ 23.77692, 47.21274 ] } },
{ "type": "Feature", "properties": { "railway": "station", "name": "Gâlgău" }, "geometry": { "type": "Point", "coordinates": [ 23.69765, 47.28 ] } },
{ "type": "Feature", "properties": { "railway": "halt", "name": "Văleni Meteș" }, "geometry": { "type": "Point", "coordinates": [ 23.42293, 46.09506 ] } },
{ "type": "Feature", "properties": { "railway": "halt", "name": "Șard Ighiu" }, "geometry": { "type": "Point", "coordinates": [ 23.52557, 46.1228 ] } },
{ "type": "Feature", "properties": { "railway": "halt", "name": "Erghevița" }, "geometry": { "type": "Point", "coordinates": [ 22.78885, 44.60748 ] } },
{ "type": "Feature", "properties": { "railway": "halt", "name": "Km 49+800" }, "geometry": { "type": "Point", "coordinates": [ 23.13796, 44.91106 ] } },
{ "type": "Feature", "properties": { "railway": "halt", "name": "Bungeţel" }, "geometry": { "type": "Point", "coordinates": [ 23.49981, 44.56297 ] } },
{ "type": "Feature", "properties": { "railway": "station", "name": "Șercaia" }, "geometry": { "type": "Point", "coordinates": [ 25.1491, 45.81629 ] } },
{ "type": "Feature", "properties": { "railway": "halt", "name": "PO Timișoara CET" }, "geometry": { "type": "Point", "coordinates": [ 21.19872, 45.69689 ] } },
{ "type": "Feature", "properties": { "railway": "station", "name": "Ghimbav" }, "geometry": { "type": "Point", "coordinates": [ 25.50923, 45.66978 ] } },
{ "type": "Feature", "properties": { "railway": "station", "name": "Ozun" }, "geometry": { "type": "Point", "coordinates": [ 25.83972, 45.79955 ] } },
{ "type": "Feature", "properties": { "railway": "halt", "name": "Cândești" }, "geometry": { "type": "Point", "coordinates": [ 26.71498, 45.24515 ] } },
{ "type": "Feature", "properties": { "railway": "station", "name": "Carei" }, "geometry": { "type": "Point", "coordinates": [ 22.46031, 47.69682 ] } },
{ "type": "Feature", "properties": { "railway": "halt", "name": "Almăj" }, "geometry": { "type": "Point", "coordinates": [ 23.69797, 44.43467 ] } },
{ "type": "Feature", "properties": { "railway": "halt", "name": "Magura Șimleului" }, "geometry": { "type": "Point", "coordinates": [ 22.78387, 47.23306 ] } },
{ "type": "Feature", "properties": { "railway": "halt", "name": "Chinezu" }, "geometry": { "type": "Point", "coordinates": [ 21.05151, 45.94593 ] } },
{ "type": "Feature", "properties": { "railway": "halt", "name": "Nădășel hc" }, "geometry": { "type": "Point", "coordinates": [ 23.42576, 46.81519 ] } },
{ "type": "Feature", "properties": { "railway": "station", "name": "Moinești" }, "geometry": { "type": "Point", "coordinates": [ 26.48831, 46.4694 ] } },
{ "type": "Feature", "properties": { "railway": "station", "name": "Comănești" }, "geometry": { "type": "Point", "coordinates": [ 26.4505, 46.42097 ] } },
{ "type": "Feature", "properties": { "railway": "halt", "name": "Brînza" }, "geometry": { "type": "Point", "coordinates": [ 28.17121, 45.677 ] } },
{ "type": "Feature", "properties": { "railway": "station", "name": "Codlea" }, "geometry": { "type": "Point", "coordinates": [ 25.45693, 45.69352 ] } },
{ "type": "Feature", "properties": { "railway": "station", "name": "Floreni" }, "geometry": { "type": "Point", "coordinates": [ 25.22193, 47.35933 ] } },
{ "type": "Feature", "properties": { "railway": "station", "name": "Apa" }, "geometry": { "type": "Point", "coordinates": [ 23.18766, 47.76802 ] } },
{ "type": "Feature", "properties": { "railway": "station", "name": "Medieșu Aurit" }, "geometry": { "type": "Point", "coordinates": [ 23.12045, 47.77515 ] } },
{ "type": "Feature", "properties": { "railway": "halt", "name": "Poiana Țapului" }, "geometry": { "type": "Point", "coordinates": [ 25.54114, 45.39082 ] } },
{ "type": "Feature", "properties": { "railway": "station", "name": "Predeal" }, "geometry": { "type": "Point", "coordinates": [ 25.57493, 45.50506 ] } },
{ "type": "Feature", "properties": { "railway": "station", "name": "Săliște" }, "geometry": { "type": "Point", "coordinates": [ 23.90009, 45.80741 ] } },
{ "type": "Feature", "properties": { "railway": "station", "name": "Fălticeni" }, "geometry": { "type": "Point", "coordinates": [ 26.30981, 47.46367 ] } },
{ "type": "Feature", "properties": { "railway": "station", "name": "Stamora Moravița" }, "geometry": { "type": "Point", "coordinates": [ 21.25506, 45.27328 ] } },
{ "type": "Feature", "properties": { "railway": "station", "name": "Mangalia" }, "geometry": { "type": "Point", "coordinates": [ 28.58168, 43.82214 ] } },
{ "type": "Feature", "properties": { "railway": "halt", "name": "Domănești" }, "geometry": { "type": "Point", "coordinates": [ 22.59116, 47.69696 ] } },
{ "type": "Feature", "properties": { "railway": "station", "name": "Șilindru" }, "geometry": { "type": "Point", "coordinates": [ 22.04845, 47.43577 ] } },
{ "type": "Feature", "properties": { "railway": "station", "name": "Valea lui Mihai" }, "geometry": { "type": "Point", "coordinates": [ 22.13291, 47.52735 ] } },
{ "type": "Feature", "properties": { "railway": "station", "name": "Săcueni Bihor" }, "geometry": { "type": "Point", "coordinates": [ 22.07787, 47.36015 ] } },
{ "type": "Feature", "properties": { "railway": "halt", "name": "Cadia" }, "geometry": { "type": "Point", "coordinates": [ 22.06496, 47.32629 ] } },
{ "type": "Feature", "properties": { "railway": "halt", "name": "Săldăbagiu" }, "geometry": { "type": "Point", "coordinates": [ 22.45964, 47.30514 ] } },
{ "type": "Feature", "properties": { "railway": "halt", "name": "Balc" }, "geometry": { "type": "Point", "coordinates": [ 22.52353, 47.29702 ] } },
{ "type": "Feature", "properties": { "railway": "station", "name": "Biharia" }, "geometry": { "type": "Point", "coordinates": [ 21.91236, 47.15662 ] } },
{ "type": "Feature", "properties": { "railway": "station", "name": "Anghel Saligny" }, "geometry": { "type": "Point", "coordinates": [ 26.20892, 44.40539 ] } },
{ "type": "Feature", "properties": { "railway": "station", "name": "Belcești" }, "geometry": { "type": "Point", "coordinates": [ 27.08172, 47.29773 ] } },
{ "type": "Feature", "properties": { "railway": "halt", "name": "Hodora" }, "geometry": { "type": "Point", "coordinates": [ 27.014, 47.32995 ] } },
{ "type": "Feature", "properties": { "railway": "halt", "name": "Săcădat" }, "geometry": { "type": "Point", "coordinates": [ 22.11132, 47.051 ] } },
{ "type": "Feature", "properties": { "railway": "halt", "name": "Rontău" }, "geometry": { "type": "Point", "coordinates": [ 21.98588, 47.00178 ] } },
{ "type": "Feature", "properties": { "railway": "halt", "name": "Clujana h" }, "geometry": { "type": "Point", "coordinates": [ 23.61223, 46.78517 ] } },
{ "type": "Feature", "properties": { "railway": "halt", "name": "Zlătunoaia" }, "geometry": { "type": "Point", "coordinates": [ 27.05702, 47.6943 ] } },
{ "type": "Feature", "properties": { "railway": "station", "name": "Bucecea" }, "geometry": { "type": "Point", "coordinates": [ 26.44172, 47.76184 ] } },
{ "type": "Feature", "properties": { "railway": "station", "name": "Salonta" }, "geometry": { "type": "Point", "coordinates": [ 21.64206, 46.80954 ] } },
{ "type": "Feature", "properties": { "railway": "halt", "name": "Бедевля" }, "geometry": { "type": "Point", "coordinates": [ 23.66251, 48.00352 ] } },
{ "type": "Feature", "properties": { "railway": "halt", "name": "Грушово" }, "geometry": { "type": "Point", "coordinates": [ 23.76753, 48.00402 ] } },
{ "type": "Feature", "properties": { "railway": "station", "name": "Тересва" }, "geometry": { "type": "Point", "coordinates": [ 23.70047, 47.99573 ] } },
{ "type": "Feature", "properties": { "railway": "station", "name": "Tinca" }, "geometry": { "type": "Point", "coordinates": [ 21.92733, 46.78189 ] } },
{ "type": "Feature", "properties": { "railway": "halt", "name": "Солотвино-Лікарня" }, "geometry": { "type": "Point", "coordinates": [ 23.86276, 47.96591 ] } },
{ "type": "Feature", "properties": { "railway": "station", "name": "Trușești" }, "geometry": { "type": "Point", "coordinates": [ 27.00459, 47.76542 ] } },
{ "type": "Feature", "properties": { "railway": "station", "name": "Gara Șuncuiuș" }, "geometry": { "type": "Point", "coordinates": [ 22.53731, 46.94881 ] } },
{ "type": "Feature", "properties": { "railway": "halt", "name": "Tălagiu" }, "geometry": { "type": "Point", "coordinates": [ 22.48045, 46.27747 ] } },
{ "type": "Feature", "properties": { "railway": "halt", "name": "Vadu Crișului halta" }, "geometry": { "type": "Point", "coordinates": [ 22.50846, 46.97779 ] } },
{ "type": "Feature", "properties": { "railway": "halt", "name": "Peștera" }, "geometry": { "type": "Point", "coordinates": [ 22.5129, 46.96055 ] } },
{ "type": "Feature", "properties": { "railway": "halt", "name": "Pantelimon Sud" }, "geometry": { "type": "Point", "coordinates": [ 26.1789, 44.47773 ] } },
{ "type": "Feature", "properties": { "railway": "station", "name": "Săcălaz" }, "geometry": { "type": "Point", "coordinates": [ 21.10506, 45.76779 ] } },
{ "type": "Feature", "properties": { "railway": "station", "name": "Beregsău" }, "geometry": { "type": "Point", "coordinates": [ 21.01107, 45.7743 ] } },
{ "type": "Feature", "properties": { "railway": "station", "name": "Clarii Vii" }, "geometry": { "type": "Point", "coordinates": [ 20.79926, 45.79322 ] } },
{ "type": "Feature", "properties": { "railway": "station", "name": "Dorohoi" }, "geometry": { "type": "Point", "coordinates": [ 26.39288, 47.96197 ] } },
{ "type": "Feature", "properties": { "railway": "station", "name": "Budila" }, "geometry": { "type": "Point", "coordinates": [ 25.81355, 45.68201 ] } },
{ "type": "Feature", "properties": { "railway": "station", "name": "Hărman" }, "geometry": { "type": "Point", "coordinates": [ 25.68713, 45.69809 ] } },
{ "type": "Feature", "properties": { "railway": "halt", "name": "Cornățel Moldova" }, "geometry": { "type": "Point", "coordinates": [ 27.04562, 46.13233 ] } },
{ "type": "Feature", "properties": { "railway": "halt", "name": "Aghireș hc" }, "geometry": { "type": "Point", "coordinates": [ 23.24713, 46.87332 ] } },
{ "type": "Feature", "properties": { "railway": "station", "name": "Berheci" }, "geometry": { "type": "Point", "coordinates": [ 27.43917, 45.97504 ] } },
{ "type": "Feature", "properties": { "railway": "station", "name": "Golești" }, "geometry": { "type": "Point", "coordinates": [ 24.96647, 44.83653 ] } },
{ "type": "Feature", "properties": { "railway": "station", "name": "Pogoanele" }, "geometry": { "type": "Point", "coordinates": [ 26.99899, 44.88483 ] } },
{ "type": "Feature", "properties": { "railway": "station", "name": "Salva" }, "geometry": { "type": "Point", "coordinates": [ 24.34007, 47.30218 ] } },
{ "type": "Feature", "properties": { "railway": "station", "name": "Tulucești" }, "geometry": { "type": "Point", "coordinates": [ 28.04952, 45.56252 ] } },
{ "type": "Feature", "properties": { "railway": "station", "name": "Udresti hc" }, "geometry": { "type": "Point", "coordinates": [ 27.22965, 45.183 ] } },
{ "type": "Feature", "properties": { "railway": "halt", "name": "Zoița Hm" }, "geometry": { "type": "Point", "coordinates": [ 27.01176, 45.2854 ] } },
{ "type": "Feature", "properties": { "railway": "halt", "name": "Șivița" }, "geometry": { "type": "Point", "coordinates": [ 28.06248, 45.61031 ] } },
{ "type": "Feature", "properties": { "railway": "halt", "name": "Câmpia Sălăjeni Hc" }, "geometry": { "type": "Point", "coordinates": [ 22.89713, 47.31931 ] } },
{ "type": "Feature", "properties": { "railway": "station", "name": "Dragalina Hm" }, "geometry": { "type": "Point", "coordinates": [ 27.59915, 46.16054 ] } },
{ "type": "Feature", "properties": { "railway": "station", "name": "Gălbinași Hm" }, "geometry": { "type": "Point", "coordinates": [ 26.41329, 44.31305 ] } },
{ "type": "Feature", "properties": { "railway": "station", "name": "Tutova" }, "geometry": { "type": "Point", "coordinates": [ 27.55331, 46.10944 ] } },
{ "type": "Feature", "properties": { "railway": "station", "name": "Canta hc" }, "geometry": { "type": "Point", "coordinates": [ 24.54826, 46.46352 ] } },
{ "type": "Feature", "properties": { "railway": "halt", "name": "Cipău hm" }, "geometry": { "type": "Point", "coordinates": [ 24.27292, 46.43421 ] } },
{ "type": "Feature", "properties": { "railway": "halt", "name": "Colțan" }, "geometry": { "type": "Point", "coordinates": [ 21.80142, 45.36813 ] } },
{ "type": "Feature", "properties": { "railway": "station", "name": "Gârbovu" }, "geometry": { "type": "Point", "coordinates": [ 23.35736, 44.73225 ] } },
{ "type": "Feature", "properties": { "railway": "halt", "name": "Lespezi Bacău hc" }, "geometry": { "type": "Point", "coordinates": [ 26.76833, 46.66579 ] } },
{ "type": "Feature", "properties": { "railway": "station", "name": "Moftin" }, "geometry": { "type": "Point", "coordinates": [ 22.64389, 47.69707 ] } },
{ "type": "Feature", "properties": { "railway": "station", "name": "Pârscov" }, "geometry": { "type": "Point", "coordinates": [ 26.55128, 45.27869 ] } },
{ "type": "Feature", "properties": { "railway": "halt", "name": "Rădești hc" }, "geometry": { "type": "Point", "coordinates": [ 25.00121, 45.07433 ] } },
{ "type": "Feature", "properties": { "railway": "station", "name": "Stâlpeni" }, "geometry": { "type": "Point", "coordinates": [ 24.98231, 45.04711 ] } },
{ "type": "Feature", "properties": { "railway": "station", "name": "Sălcuța hm" }, "geometry": { "type": "Point", "coordinates": [ 23.70908, 44.16575 ] } },
{ "type": "Feature", "properties": { "railway": "station", "name": "Argeșel" }, "geometry": { "type": "Point", "coordinates": [ 25.11559, 45.27623 ] } },
{ "type": "Feature", "properties": { "railway": "halt", "name": "Drăghici" }, "geometry": { "type": "Point", "coordinates": [ 25.01351, 45.1022 ] } },
{ "type": "Feature", "properties": { "railway": "halt", "name": "Dumbrava Bihor" }, "geometry": { "type": "Point", "coordinates": [ 22.08468, 46.77623 ] } },
{ "type": "Feature", "properties": { "railway": "halt", "name": "Căpâlna halta" }, "geometry": { "type": "Point", "coordinates": [ 22.11559, 46.73042 ] } },
{ "type": "Feature", "properties": { "railway": "halt", "name": "Uileacu Beiuș" }, "geometry": { "type": "Point", "coordinates": [ 22.22325, 46.67573 ] } },
{ "type": "Feature", "properties": { "railway": "station", "name": "Vașcău" }, "geometry": { "type": "Point", "coordinates": [ 22.47507, 46.4811 ] } },
{ "type": "Feature", "properties": { "railway": "halt", "name": "Tăut Halta" }, "geometry": { "type": "Point", "coordinates": [ 21.828, 46.74291 ] } },
{ "type": "Feature", "properties": { "railway": "halt", "name": "Sâncel" }, "geometry": { "type": "Point", "coordinates": [ 23.93639, 46.1999 ] } },
{ "type": "Feature", "properties": { "railway": "halt", "name": "Depoul București Triaj" }, "geometry": { "type": "Point", "coordinates": [ 26.00236, 44.49164 ] } },
{ "type": "Feature", "properties": { "railway": "station", "name": "Pajura" }, "geometry": { "type": "Point", "coordinates": [ 26.02333, 44.47936 ] } },
{ "type": "Feature", "properties": { "railway": "station", "name": "Târgu Ocna" }, "geometry": { "type": "Point", "coordinates": [ 26.62612, 46.27934 ] } },
{ "type": "Feature", "properties": { "railway": "halt", "name": "Ghiorac" }, "geometry": { "type": "Point", "coordinates": [ 21.6826, 46.7104 ] } },
{ "type": "Feature", "properties": { "railway": "station", "name": "Titan" }, "geometry": { "type": "Point", "coordinates": [ 26.16272, 44.42579 ] } },
{ "type": "Feature", "properties": { "railway": "station", "name": "Aluniș Mureș" }, "geometry": { "type": "Point", "coordinates": [ 24.82368, 46.90016 ] } },
{ "type": "Feature", "properties": { "railway": "station", "name": "Cefa" }, "geometry": { "type": "Point", "coordinates": [ 21.73183, 46.90375 ] } },
{ "type": "Feature", "properties": { "railway": "station", "name": "Bistra Mureșului" }, "geometry": { "type": "Point", "coordinates": [ 24.90851, 46.96062 ] } },
{ "type": "Feature", "properties": { "railway": "station", "name": "Deda" }, "geometry": { "type": "Point", "coordinates": [ 24.86604, 46.94144 ] } },
{ "type": "Feature", "properties": { "railway": "halt", "name": "Morăreni" }, "geometry": { "type": "Point", "coordinates": [ 24.81984, 46.92307 ] } },
{ "type": "Feature", "properties": { "railway": "halt", "name": "Aluniș" }, "geometry": { "type": "Point", "coordinates": [ 24.79362, 46.87286 ] } },
{ "type": "Feature", "properties": { "railway": "halt", "name": "Sărmașu" }, "geometry": { "type": "Point", "coordinates": [ 24.15681, 46.7524 ] } },
{ "type": "Feature", "properties": { "railway": "halt", "name": "Halta Balda" }, "geometry": { "type": "Point", "coordinates": [ 24.14634, 46.73062 ] } },
{ "type": "Feature", "properties": { "railway": "halt", "name": "Miheșu de Câmpie Sat" }, "geometry": { "type": "Point", "coordinates": [ 24.1534, 46.71215 ] } },
{ "type": "Feature", "properties": { "railway": "halt", "name": "Halta Zau de Câmpie" }, "geometry": { "type": "Point", "coordinates": [ 24.12494, 46.61343 ] } },
{ "type": "Feature", "properties": { "railway": "halt", "name": "Sânger Tăureni" }, "geometry": { "type": "Point", "coordinates": [ 24.1234, 46.54854 ] } },
{ "type": "Feature", "properties": { "railway": "station", "name": "Magyarcsanád" }, "geometry": { "type": "Point", "coordinates": [ 20.61041, 46.1746 ] } },
{ "type": "Feature", "properties": { "railway": "station", "name": "Gligorești" }, "geometry": { "type": "Point", "coordinates": [ 23.99532, 46.44178 ] } },
{ "type": "Feature", "properties": { "railway": "station", "name": "Socola" }, "geometry": { "type": "Point", "coordinates": [ 27.60644, 47.13888 ] } },
{ "type": "Feature", "properties": { "railway": "halt", "name": "Sânzieni" }, "geometry": { "type": "Point", "coordinates": [ 26.14466, 46.04576 ] } },
{ "type": "Feature", "properties": { "railway": "station", "name": "Ioaniș" }, "geometry": { "type": "Point", "coordinates": [ 22.27109, 46.67528 ] } },
{ "type": "Feature", "properties": { "railway": "station", "name": "Piatra Craiului" }, "geometry": { "type": "Point", "coordinates": [ 22.70091, 46.94746 ] } },
{ "type": "Feature", "properties": { "railway": "station", "name": "Călărași Turda" }, "geometry": { "type": "Point", "coordinates": [ 23.88521, 46.48751 ] } },
{ "type": "Feature", "properties": { "railway": "station", "name": "Poieni" }, "geometry": { "type": "Point", "coordinates": [ 22.86141, 46.91402 ] } },
{ "type": "Feature", "properties": { "railway": "halt", "name": "Bănila Câlnic" }, "geometry": { "type": "Point", "coordinates": [ 21.88963, 45.35466 ] } },
{ "type": "Feature", "properties": { "railway": "halt", "name": "Valeadeni" }, "geometry": { "type": "Point", "coordinates": [ 22.03481, 45.42066 ] } },
{ "type": "Feature", "properties": { "railway": "station", "name": "Cornuțel Banat" }, "geometry": { "type": "Point", "coordinates": [ 22.09384, 45.42972 ] } },
{ "type": "Feature", "properties": { "railway": "station", "name": "Brăișoru" }, "geometry": { "type": "Point", "coordinates": [ 22.91983, 46.88051 ] } },
{ "type": "Feature", "properties": { "railway": "station", "name": "Ocna Mureș" }, "geometry": { "type": "Point", "coordinates": [ 23.858, 46.39101 ] } },
{ "type": "Feature", "properties": { "railway": "station", "name": "Reșița Sud" }, "geometry": { "type": "Point", "coordinates": [ 21.88679, 45.29154 ] } },
{ "type": "Feature", "properties": { "railway": "station", "name": "Agigea Ecluză Hm." }, "geometry": { "type": "Point", "coordinates": [ 28.62439, 44.08952 ] } },
{ "type": "Feature", "properties": { "railway": "halt", "name": "Mirăslău" }, "geometry": { "type": "Point", "coordinates": [ 23.72138, 46.36127 ] } },
{ "type": "Feature", "properties": { "railway": "station", "name": "Bâldana" }, "geometry": { "type": "Point", "coordinates": [ 25.7816, 44.6206 ] } },
{ "type": "Feature", "properties": { "railway": "station", "name": "Dej Călători" }, "geometry": { "type": "Point", "coordinates": [ 23.89431, 47.14153 ] } },
{ "type": "Feature", "properties": { "railway": "station", "name": "Beclean pe Someș" }, "geometry": { "type": "Point", "coordinates": [ 24.18214, 47.17671 ] } },
{ "type": "Feature", "properties": { "railway": "halt", "name": "Halta Brusturoasa" }, "geometry": { "type": "Point", "coordinates": [ 26.18051, 46.51851 ] } },
{ "type": "Feature", "properties": { "railway": "station", "name": "Anina" }, "geometry": { "type": "Point", "coordinates": [ 21.85226, 45.08953 ] } },
{ "type": "Feature", "properties": { "railway": "halt", "name": "Șieuț" }, "geometry": { "type": "Point", "coordinates": [ 24.64565, 46.97873 ] } },
{ "type": "Feature", "properties": { "railway": "station", "name": "Vlădeni" }, "geometry": { "type": "Point", "coordinates": [ 27.32416, 47.40623 ] } },
{ "type": "Feature", "properties": { "railway": "halt", "name": "Iacobeni Vechi" }, "geometry": { "type": "Point", "coordinates": [ 27.30521, 47.44647 ] } },
{ "type": "Feature", "properties": { "railway": "station", "name": "Podu Iloaei" }, "geometry": { "type": "Point", "coordinates": [ 27.28377, 47.20907 ] } },
{ "type": "Feature", "properties": { "railway": "station", "name": "Gara Sârca" }, "geometry": { "type": "Point", "coordinates": [ 27.15133, 47.21567 ] } },
{ "type": "Feature", "properties": { "railway": "station", "name": "Ciurea" }, "geometry": { "type": "Point", "coordinates": [ 27.56718, 47.09679 ] } },
{ "type": "Feature", "properties": { "railway": "station", "name": "Lețcani" }, "geometry": { "type": "Point", "coordinates": [ 27.39212, 47.19451 ] } },
{ "type": "Feature", "properties": { "railway": "station", "name": "Coșlariu Nou" }, "geometry": { "type": "Point", "coordinates": [ 23.67696, 46.17274 ] } },
{ "type": "Feature", "properties": { "railway": "station", "name": "Pitești Nord" }, "geometry": { "type": "Point", "coordinates": [ 24.86123, 44.86989 ] } },
{ "type": "Feature", "properties": { "railway": "halt", "name": "Costești Iași" }, "geometry": { "type": "Point", "coordinates": [ 26.92433, 47.22759 ] } },
{ "type": "Feature", "properties": { "railway": "halt", "name": "Pietrișu" }, "geometry": { "type": "Point", "coordinates": [ 26.95351, 47.20899 ] } },
{ "type": "Feature", "properties": { "railway": "station", "name": "Sighetu Marmației" }, "geometry": { "type": "Point", "coordinates": [ 23.88536, 47.9358 ] } },
{ "type": "Feature", "properties": { "railway": "station", "name": "Berchișești" }, "geometry": { "type": "Point", "coordinates": [ 26.02052, 47.51567 ] } },
{ "type": "Feature", "properties": { "railway": "halt", "name": "Jijia" }, "geometry": { "type": "Point", "coordinates": [ 27.09075, 47.65511 ] } },
{ "type": "Feature", "properties": { "railway": "station", "name": "Ploiești Est Post 1" }, "geometry": { "type": "Point", "coordinates": [ 26.05851, 44.93947 ] } },
{ "type": "Feature", "properties": { "railway": "station", "name": "Ditrău" }, "geometry": { "type": "Point", "coordinates": [ 25.47615, 46.79774 ] } },
{ "type": "Feature", "properties": { "railway": "station", "name": "Cărbunești" }, "geometry": { "type": "Point", "coordinates": [ 23.50848, 44.95508 ] } },
{ "type": "Feature", "properties": { "railway": "halt", "name": "Văleni" }, "geometry": { "type": "Point", "coordinates": [ 28.17345, 45.64206 ] } },
{ "type": "Feature", "properties": { "railway": "halt", "name": "Vadul-lui-Isac" }, "geometry": { "type": "Point", "coordinates": [ 28.1605, 45.76138 ] } },
{ "type": "Feature", "properties": { "railway": "station", "name": "Rădoiești Hm" }, "geometry": { "type": "Point", "coordinates": [ 25.16016, 44.15323 ] } },
{ "type": "Feature", "properties": { "railway": "station", "name": "Cuci Hm" }, "geometry": { "type": "Point", "coordinates": [ 24.1636, 46.46029 ] } },
{ "type": "Feature", "properties": { "railway": "halt", "name": "Livadia" }, "geometry": { "type": "Point", "coordinates": [ 23.12896, 45.49441 ] } },
{ "type": "Feature", "properties": { "railway": "station", "name": "Valea Sadului" }, "geometry": { "type": "Point", "coordinates": [ 23.38488, 45.18283 ] } },
{ "type": "Feature", "properties": { "railway": "halt", "name": "Ciopeia" }, "geometry": { "type": "Point", "coordinates": [ 22.97643, 45.56001 ] } },
{ "type": "Feature", "properties": { "railway": "station", "name": "Ohaba de Sub Piatră" }, "geometry": { "type": "Point", "coordinates": [ 22.98985, 45.54871 ] } },
{ "type": "Feature", "properties": { "railway": "station", "name": "Gara Pui" }, "geometry": { "type": "Point", "coordinates": [ 23.0839, 45.51935 ] } },
{ "type": "Feature", "properties": { "railway": "station", "name": "Subcetate" }, "geometry": { "type": "Point", "coordinates": [ 22.99257, 45.59501 ] } },
{ "type": "Feature", "properties": { "railway": "station", "name": "Berbești" }, "geometry": { "type": "Point", "coordinates": [ 23.87353, 44.99023 ] } },
{ "type": "Feature", "properties": { "railway": "halt", "name": "Halta Ideciu de Jos" }, "geometry": { "type": "Point", "coordinates": [ 24.75908, 46.81713 ] } },
{ "type": "Feature", "properties": { "railway": "halt", "name": "Plopi" }, "geometry": { "type": "Point", "coordinates": [ 22.99833, 45.63538 ] } },
{ "type": "Feature", "properties": { "railway": "station", "name": "Călan Băi" }, "geometry": { "type": "Point", "coordinates": [ 23.00062, 45.75916 ] } },
{ "type": "Feature", "properties": { "railway": "halt", "name": "Batiz" }, "geometry": { "type": "Point", "coordinates": [ 22.99742, 45.77817 ] } },
{ "type": "Feature", "properties": { "railway": "halt", "name": "Ruși" }, "geometry": { "type": "Point", "coordinates": [ 22.98906, 45.69628 ] } },
{ "type": "Feature", "properties": { "railway": "station", "name": "Pietrele Albe" }, "geometry": { "type": "Point", "coordinates": [ 23.38383, 45.30684 ] } },
{ "type": "Feature", "properties": { "railway": "station", "name": "Gara Râpa de Jos" }, "geometry": { "type": "Point", "coordinates": [ 24.781, 46.92268 ] } },
{ "type": "Feature", "properties": { "railway": "station", "name": "Сомовит" }, "geometry": { "type": "Point", "coordinates": [ 24.773, 43.68999 ] } },
{ "type": "Feature", "properties": { "railway": "station", "name": "Черквица" }, "geometry": { "type": "Point", "coordinates": [ 24.83884, 43.70506 ] } },
{ "type": "Feature", "properties": { "railway": "station", "name": "Gara Reteag" }, "geometry": { "type": "Point", "coordinates": [ 24.02299, 47.18759 ] } },
{ "type": "Feature", "properties": { "railway": "halt", "name": "Reteag hc" }, "geometry": { "type": "Point", "coordinates": [ 24.06565, 47.19444 ] } },
{ "type": "Feature", "properties": { "railway": "station", "name": "Gara Albeni" }, "geometry": { "type": "Point", "coordinates": [ 23.56906, 45.01351 ] } },
{ "type": "Feature", "properties": { "railway": "station", "name": "Goioasa" }, "geometry": { "type": "Point", "coordinates": [ 26.29229, 46.4496 ] } },
{ "type": "Feature", "properties": { "railway": "station", "name": "Lehliu" }, "geometry": { "type": "Point", "coordinates": [ 26.85784, 44.43803 ] } },
{ "type": "Feature", "properties": { "railway": "station", "name": "Ghimeș" }, "geometry": { "type": "Point", "coordinates": [ 26.0892, 46.56829 ] } },
{ "type": "Feature", "properties": { "railway": "station", "name": "Palanca" }, "geometry": { "type": "Point", "coordinates": [ 26.12967, 46.53468 ] } },
{ "type": "Feature", "properties": { "railway": "station", "name": "Vâscoza" }, "geometry": { "type": "Point", "coordinates": [ 23.20129, 45.35259 ] } },
{ "type": "Feature", "properties": { "railway": "halt", "name": "Depou Petroșani" }, "geometry": { "type": "Point", "coordinates": [ 23.36027, 45.43719 ] } },
{ "type": "Feature", "properties": { "railway": "halt", "name": "Petroșani Triaj" }, "geometry": { "type": "Point", "coordinates": [ 23.35623, 45.44377 ] } },
{ "type": "Feature", "properties": { "railway": "halt", "name": "Costinești Tabără" }, "geometry": { "type": "Point", "coordinates": [ 28.63148, 43.9474 ] } },
{ "type": "Feature", "properties": { "railway": "station", "name": "Costinești" }, "geometry": { "type": "Point", "coordinates": [ 28.63619, 43.95924 ] } },
{ "type": "Feature", "properties": { "railway": "halt", "name": "Susani Bega" }, "geometry": { "type": "Point", "coordinates": [ 22.00091, 45.80808 ] } },
{ "type": "Feature", "properties": { "railway": "station", "name": "Curtea de Argeș" }, "geometry": { "type": "Point", "coordinates": [ 24.67235, 45.13613 ] } },
{ "type": "Feature", "properties": { "railway": "station", "name": "Oradea" }, "geometry": { "type": "Point", "coordinates": [ 21.93618, 47.07006 ] } },
{ "type": "Feature", "properties": { "railway": "halt", "name": "Sărmaș Runc hc" }, "geometry": { "type": "Point", "coordinates": [ 25.43541, 46.88873 ] } },
{ "type": "Feature", "properties": { "railway": "station", "name": "Pădureni Timiș" }, "geometry": { "type": "Point", "coordinates": [ 21.19254, 45.59828 ] } },
{ "type": "Feature", "properties": { "railway": "station", "name": "Oravița" }, "geometry": { "type": "Point", "coordinates": [ 21.68713, 45.0372 ] } },
{ "type": "Feature", "properties": { "railway": "halt", "name": "Măldăeni" }, "geometry": { "type": "Point", "coordinates": [ 24.88372, 44.11367 ] } },
{ "type": "Feature", "properties": { "railway": "halt", "name": "Sângiorgiu Nou" }, "geometry": { "type": "Point", "coordinates": [ 24.36471, 46.96191 ] } },
{ "type": "Feature", "properties": { "railway": "station", "name": "Mărișelu" }, "geometry": { "type": "Point", "coordinates": [ 24.50126, 47.01873 ] } },
{ "type": "Feature", "properties": { "railway": "halt", "name": "Abrămuț" }, "geometry": { "type": "Point", "coordinates": [ 22.25458, 47.32088 ] } },
{ "type": "Feature", "properties": { "railway": "halt", "name": "Târgușor Bihor" }, "geometry": { "type": "Point", "coordinates": [ 22.16941, 47.37505 ] } },
{ "type": "Feature", "properties": { "railway": "station", "name": "Capu Midia" }, "geometry": { "type": "Point", "coordinates": [ 28.66046, 44.35013 ] } },
{ "type": "Feature", "properties": { "railway": "station", "name": "Dor Mărunt" }, "geometry": { "type": "Point", "coordinates": [ 26.95744, 44.43481 ] } },
{ "type": "Feature", "properties": { "railway": "station", "name": "Dragoș Vodă" }, "geometry": { "type": "Point", "coordinates": [ 27.18661, 44.43092 ] } },
{ "type": "Feature", "properties": { "railway": "station", "name": "Dâlga" }, "geometry": { "type": "Point", "coordinates": [ 27.04613, 44.43345 ] } },
{ "type": "Feature", "properties": { "railway": "station", "name": "Ciocârlia" }, "geometry": { "type": "Point", "coordinates": [ 28.2779, 44.0996 ] } },
{ "type": "Feature", "properties": { "railway": "station", "name": "Jegălia" }, "geometry": { "type": "Point", "coordinates": [ 27.58418, 44.42266 ] } },
{ "type": "Feature", "properties": { "railway": "halt", "name": "Lumina" }, "geometry": { "type": "Point", "coordinates": [ 28.56897, 44.30334 ] } },
{ "type": "Feature", "properties": { "railway": "station", "name": "Năvodari" }, "geometry": { "type": "Point", "coordinates": [ 28.59671, 44.31215 ] } },
{ "type": "Feature", "properties": { "railway": "station", "name": "Nazarcea" }, "geometry": { "type": "Point", "coordinates": [ 28.4658, 44.25633 ] } },
{ "type": "Feature", "properties": { "railway": "halt", "name": "Nisipari" }, "geometry": { "type": "Point", "coordinates": [ 28.3966, 44.22843 ] } },
{ "type": "Feature", "properties": { "railway": "station", "name": "Perișoru" }, "geometry": { "type": "Point", "coordinates": [ 27.50583, 44.42439 ] } },
{ "type": "Feature", "properties": { "railway": "station", "name": "Saligny Grupa Est" }, "geometry": { "type": "Point", "coordinates": [ 28.0664, 44.30099 ] } },
{ "type": "Feature", "properties": { "railway": "halt", "name": "Valea Dacilor" }, "geometry": { "type": "Point", "coordinates": [ 28.30683, 44.18739 ] } },
{ "type": "Feature", "properties": { "railway": "station", "name": "Cobadin" }, "geometry": { "type": "Point", "coordinates": [ 28.24491, 44.05855 ] } },
{ "type": "Feature", "properties": { "railway": "station", "name": "Ștefan Vodă" }, "geometry": { "type": "Point", "coordinates": [ 27.32796, 44.32389 ] } },
{ "type": "Feature", "properties": { "railway": "station", "name": "Ștefan cel Mare" }, "geometry": { "type": "Point", "coordinates": [ 27.63842, 44.42143 ] } },
{ "type": "Feature", "properties": { "railway": "station", "name": "Borlești-Argeș" }, "geometry": { "type": "Point", "coordinates": [ 24.77247, 44.94122 ] } },
{ "type": "Feature", "properties": { "railway": "station", "name": "Bucșenești" }, "geometry": { "type": "Point", "coordinates": [ 24.96614, 45.01527 ] } },
{ "type": "Feature", "properties": { "railway": "station", "name": "Băiculești" }, "geometry": { "type": "Point", "coordinates": [ 24.69443, 45.05522 ] } },
{ "type": "Feature", "properties": { "railway": "station", "name": "Ciumești" }, "geometry": { "type": "Point", "coordinates": [ 24.88483, 44.92635 ] } },
{ "type": "Feature", "properties": { "railway": "station", "name": "Câmpulung" }, "geometry": { "type": "Point", "coordinates": [ 25.03751, 45.25943 ] } },
{ "type": "Feature", "properties": { "railway": "station", "name": "Gropeni" }, "geometry": { "type": "Point", "coordinates": [ 24.88369, 44.88206 ] } },
{ "type": "Feature", "properties": { "railway": "station", "name": "Lăzărești" }, "geometry": { "type": "Point", "coordinates": [ 24.99109, 45.14793 ] } },
{ "type": "Feature", "properties": { "railway": "halt", "name": "Merișani Hm" }, "geometry": { "type": "Point", "coordinates": [ 24.74978, 44.96545 ] } },
{ "type": "Feature", "properties": { "railway": "station", "name": "Mioveni" }, "geometry": { "type": "Point", "coordinates": [ 24.91088, 44.95216 ] } },
{ "type": "Feature", "properties": { "railway": "station", "name": "Ion C. Brătianu" }, "geometry": { "type": "Point", "coordinates": [ 24.91989, 44.86284 ] } },
{ "type": "Feature", "properties": { "railway": "halt", "name": "Bursuceni" }, "geometry": { "type": "Point", "coordinates": [ 26.4484, 47.66687 ] } },
{ "type": "Feature", "properties": { "railway": "station", "name": "Verești" }, "geometry": { "type": "Point", "coordinates": [ 26.43896, 47.60781 ] } },
{ "type": "Feature", "properties": { "railway": "halt", "name": "Brădet Hm" }, "geometry": { "type": "Point", "coordinates": [ 25.24875, 45.75408 ] } },
{ "type": "Feature", "properties": { "railway": "halt", "name": "Valea Homorod h" }, "geometry": { "type": "Point", "coordinates": [ 25.31073, 45.75082 ] } },
{ "type": "Feature", "properties": { "railway": "station", "name": "Vlădeni Ardeal" }, "geometry": { "type": "Point", "coordinates": [ 25.37432, 45.7635 ] } },
{ "type": "Feature", "properties": { "railway": "halt", "name": "Dumbrăvița Bârsei Hm" }, "geometry": { "type": "Point", "coordinates": [ 25.43102, 45.76257 ] } },
{ "type": "Feature", "properties": { "railway": "halt", "name": "Mândra Oltului Hm" }, "geometry": { "type": "Point", "coordinates": [ 25.05001, 45.82426 ] } },
{ "type": "Feature", "properties": { "railway": "station", "name": "Perșani" }, "geometry": { "type": "Point", "coordinates": [ 25.19854, 45.78674 ] } },
{ "type": "Feature", "properties": { "railway": "halt", "name": "Trifești" }, "geometry": { "type": "Point", "coordinates": [ 26.89896, 46.87972 ] } },
{ "type": "Feature", "properties": { "railway": "halt", "name": "Cetatea" }, "geometry": { "type": "Point", "coordinates": [ 25.95468, 43.93881 ] } },
{ "type": "Feature", "properties": { "railway": "station", "name": "Bălănoaia" }, "geometry": { "type": "Point", "coordinates": [ 25.93045, 43.94768 ] } },
{ "type": "Feature", "properties": { "railway": "halt", "name": "Oncești" }, "geometry": { "type": "Point", "coordinates": [ 25.89467, 43.94319 ] } },
{ "type": "Feature", "properties": { "railway": "station", "name": "Stănești" }, "geometry": { "type": "Point", "coordinates": [ 25.84303, 43.94896 ] } },
{ "type": "Feature", "properties": { "railway": "station", "name": "Chiriacu" }, "geometry": { "type": "Point", "coordinates": [ 25.76386, 43.98109 ] } },
{ "type": "Feature", "properties": { "railway": "station", "name": "Toporu" }, "geometry": { "type": "Point", "coordinates": [ 25.65576, 44.03367 ] } },
{ "type": "Feature", "properties": { "railway": "halt", "name": "Răsuceni" }, "geometry": { "type": "Point", "coordinates": [ 25.63508, 44.05665 ] } },
{ "type": "Feature", "properties": { "railway": "station", "name": "Drăgănești-Vlașca" }, "geometry": { "type": "Point", "coordinates": [ 25.58554, 44.09641 ] } },
{ "type": "Feature", "properties": { "railway": "station", "name": "Rădulești" }, "geometry": { "type": "Point", "coordinates": [ 25.5414, 44.22681 ] } },
{ "type": "Feature", "properties": { "railway": "station", "name": "Târnavele" }, "geometry": { "type": "Point", "coordinates": [ 25.54685, 44.15919 ] } },
{ "type": "Feature", "properties": { "railway": "halt", "name": "Șercaia hc" }, "geometry": { "type": "Point", "coordinates": [ 25.14409, 45.82504 ] } },
{ "type": "Feature", "properties": { "railway": "halt", "name": "Dridif hc" }, "geometry": { "type": "Point", "coordinates": [ 24.87524, 45.82487 ] } },
{ "type": "Feature", "properties": { "railway": "halt", "name": "Olteț hc" }, "geometry": { "type": "Point", "coordinates": [ 24.75787, 45.80436 ] } },
{ "type": "Feature", "properties": { "railway": "halt", "name": "Scoreiu hc" }, "geometry": { "type": "Point", "coordinates": [ 24.53046, 45.77101 ] } },
{ "type": "Feature", "properties": { "railway": "halt", "name": "Sărata Colun hc" }, "geometry": { "type": "Point", "coordinates": [ 24.50249, 45.7628 ] } },
{ "type": "Feature", "properties": { "railway": "station", "name": "Porumbacu" }, "geometry": { "type": "Point", "coordinates": [ 24.456, 45.76609 ] } },
{ "type": "Feature", "properties": { "railway": "station", "name": "Avrig" }, "geometry": { "type": "Point", "coordinates": [ 24.37423, 45.73209 ] } },
{ "type": "Feature", "properties": { "railway": "halt", "name": "Mârșa hc" }, "geometry": { "type": "Point", "coordinates": [ 24.361, 45.70206 ] } },
{ "type": "Feature", "properties": { "railway": "station", "name": "Racovița" }, "geometry": { "type": "Point", "coordinates": [ 24.33656, 45.68559 ] } },
{ "type": "Feature", "properties": { "railway": "halt", "name": "Veștem hc" }, "geometry": { "type": "Point", "coordinates": [ 24.22726, 45.7224 ] } },
{ "type": "Feature", "properties": { "railway": "halt", "name": "Mohu Hm" }, "geometry": { "type": "Point", "coordinates": [ 24.21277, 45.74056 ] } },
{ "type": "Feature", "properties": { "railway": "halt", "name": "Atelier Zona h" }, "geometry": { "type": "Point", "coordinates": [ 24.17649, 45.78932 ] } },
{ "type": "Feature", "properties": { "railway": "station", "name": "Cristian Sibiu" }, "geometry": { "type": "Point", "coordinates": [ 24.02509, 45.77633 ] } },
{ "type": "Feature", "properties": { "railway": "station", "name": "Orlat" }, "geometry": { "type": "Point", "coordinates": [ 23.97164, 45.76137 ] } },
{ "type": "Feature", "properties": { "railway": "halt", "name": "Aciliu" }, "geometry": { "type": "Point", "coordinates": [ 23.86747, 45.81581 ] } },
{ "type": "Feature", "properties": { "railway": "halt", "name": "Băile Miercurea hc" }, "geometry": { "type": "Point", "coordinates": [ 23.73859, 45.90879 ] } },
{ "type": "Feature", "properties": { "railway": "station", "name": "Cunța" }, "geometry": { "type": "Point", "coordinates": [ 23.7191, 45.92826 ] } },
{ "type": "Feature", "properties": { "railway": "halt", "name": "Cut" }, "geometry": { "type": "Point", "coordinates": [ 23.66201, 45.92473 ] } },
{ "type": "Feature", "properties": { "railway": "halt", "name": "Răhău" }, "geometry": { "type": "Point", "coordinates": [ 23.62809, 45.92495 ] } },
{ "type": "Feature", "properties": { "railway": "halt", "name": "Sebeș Glod" }, "geometry": { "type": "Point", "coordinates": [ 23.55778, 45.97236 ] } },
{ "type": "Feature", "properties": { "railway": "station", "name": "Blandiana" }, "geometry": { "type": "Point", "coordinates": [ 23.44025, 45.96667 ] } },
{ "type": "Feature", "properties": { "railway": "halt", "name": "Tărtăria" }, "geometry": { "type": "Point", "coordinates": [ 23.41083, 45.9483 ] } },
{ "type": "Feature", "properties": { "railway": "halt", "name": "Balomiru de Câmp" }, "geometry": { "type": "Point", "coordinates": [ 23.36601, 45.93352 ] } },
{ "type": "Feature", "properties": { "railway": "station", "name": "Șibot" }, "geometry": { "type": "Point", "coordinates": [ 23.33061, 45.92921 ] } },
{ "type": "Feature", "properties": { "railway": "station", "name": "Aurel Vlaicu" }, "geometry": { "type": "Point", "coordinates": [ 23.27004, 45.89895 ] } },
{ "type": "Feature", "properties": { "railway": "halt", "name": "Turdaș" }, "geometry": { "type": "Point", "coordinates": [ 23.11488, 45.83665 ] } },
{ "type": "Feature", "properties": { "railway": "halt", "name": "Simeria Veche" }, "geometry": { "type": "Point", "coordinates": [ 23.05505, 45.83733 ] } },
{ "type": "Feature", "properties": { "railway": "halt", "name": "PO Gurasada" }, "geometry": { "type": "Point", "coordinates": [ 22.58574, 45.94345 ] } },
{ "type": "Feature", "properties": { "railway": "halt", "name": "Burjuc" }, "geometry": { "type": "Point", "coordinates": [ 22.48836, 45.94936 ] } },
{ "type": "Feature", "properties": { "railway": "halt", "name": "Petriș pe Mureș" }, "geometry": { "type": "Point", "coordinates": [ 22.39684, 46.01401 ] } },
{ "type": "Feature", "properties": { "railway": "station", "name": "Ilteu" }, "geometry": { "type": "Point", "coordinates": [ 22.35484, 46.00705 ] } },
{ "type": "Feature", "properties": { "railway": "halt", "name": "Căpruța" }, "geometry": { "type": "Point", "coordinates": [ 22.02241, 46.08488 ] } },
{ "type": "Feature", "properties": { "railway": "halt", "name": "Valea Muresului" }, "geometry": { "type": "Point", "coordinates": [ 22.08923, 46.03078 ] } },
{ "type": "Feature", "properties": { "railway": "station", "name": "Bârzava" }, "geometry": { "type": "Point", "coordinates": [ 21.99708, 46.10218 ] } },
{ "type": "Feature", "properties": { "railway": "station", "name": "Păuliș" }, "geometry": { "type": "Point", "coordinates": [ 21.61088, 46.10711 ] } },
{ "type": "Feature", "properties": { "railway": "halt", "name": "Halta Păuliș" }, "geometry": { "type": "Point", "coordinates": [ 21.58604, 46.12138 ] } },
{ "type": "Feature", "properties": { "railway": "halt", "name": "Cicir" }, "geometry": { "type": "Point", "coordinates": [ 21.4942, 46.16823 ] } },
{ "type": "Feature", "properties": { "railway": "halt", "name": "Depoul Arad" }, "geometry": { "type": "Point", "coordinates": [ 21.34254, 46.1829 ] } },
{ "type": "Feature", "properties": { "railway": "station", "name": "Șofronea" }, "geometry": { "type": "Point", "coordinates": [ 21.31436, 46.2772 ] } },
{ "type": "Feature", "properties": { "railway": "halt", "name": "Sântimbru halta" }, "geometry": { "type": "Point", "coordinates": [ 23.6521, 46.13663 ] } },
{ "type": "Feature", "properties": { "railway": "station", "name": "Sântimbru" }, "geometry": { "type": "Point", "coordinates": [ 23.63218, 46.12672 ] } },
{ "type": "Feature", "properties": { "railway": "station", "name": "Bărăbanț" }, "geometry": { "type": "Point", "coordinates": [ 23.59922, 46.0908 ] } },
{ "type": "Feature", "properties": { "railway": "halt", "name": "Găneasa halta" }, "geometry": { "type": "Point", "coordinates": [ 24.27324, 44.39506 ] } },
{ "type": "Feature", "properties": { "railway": "halt", "name": "Găneasa Olt" }, "geometry": { "type": "Point", "coordinates": [ 24.26574, 44.40053 ] } },
{ "type": "Feature", "properties": { "railway": "station", "name": "Arcești" }, "geometry": { "type": "Point", "coordinates": [ 24.25711, 44.45377 ] } },
{ "type": "Feature", "properties": { "railway": "station", "name": "Drăgășani" }, "geometry": { "type": "Point", "coordinates": [ 24.25745, 44.66299 ] } },
{ "type": "Feature", "properties": { "railway": "halt", "name": "Călina" }, "geometry": { "type": "Point", "coordinates": [ 24.2569, 44.71128 ] } },
{ "type": "Feature", "properties": { "railway": "station", "name": "Zăvideni" }, "geometry": { "type": "Point", "coordinates": [ 24.24804, 44.75439 ] } },
{ "type": "Feature", "properties": { "railway": "station", "name": "Ionești" }, "geometry": { "type": "Point", "coordinates": [ 24.23122, 44.87318 ] } },
{ "type": "Feature", "properties": { "railway": "station", "name": "Băbeni" }, "geometry": { "type": "Point", "coordinates": [ 24.23873, 44.95933 ] } },
{ "type": "Feature", "properties": { "railway": "halt", "name": "Tătărani" }, "geometry": { "type": "Point", "coordinates": [ 24.2459, 44.98277 ] } },
{ "type": "Feature", "properties": { "railway": "station", "name": "Govora" }, "geometry": { "type": "Point", "coordinates": [ 24.28324, 45.02403 ] } },
{ "type": "Feature", "properties": { "railway": "station", "name": "Râureni" }, "geometry": { "type": "Point", "coordinates": [ 24.33003, 45.06085 ] } },
{ "type": "Feature", "properties": { "railway": "halt", "name": "Râureni haltă" }, "geometry": { "type": "Point", "coordinates": [ 24.30103, 45.03853 ] } },
{ "type": "Feature", "properties": { "railway": "station", "name": "Călimănești" }, "geometry": { "type": "Point", "coordinates": [ 24.35488, 45.23578 ] } },
{ "type": "Feature", "properties": { "railway": "halt", "name": "Păușa H." }, "geometry": { "type": "Point", "coordinates": [ 24.32327, 45.26319 ] } },
{ "type": "Feature", "properties": { "railway": "halt", "name": "Balota" }, "geometry": { "type": "Point", "coordinates": [ 24.29666, 45.43405 ] } },
{ "type": "Feature", "properties": { "railway": "halt", "name": "Mănăstirea Turnu" }, "geometry": { "type": "Point", "coordinates": [ 24.3031, 45.28907 ] } },
{ "type": "Feature", "properties": { "railway": "station", "name": "Lotru" }, "geometry": { "type": "Point", "coordinates": [ 24.27455, 45.34713 ] } },
{ "type": "Feature", "properties": { "railway": "station", "name": "Cornet" }, "geometry": { "type": "Point", "coordinates": [ 24.30035, 45.40112 ] } },
{ "type": "Feature", "properties": { "railway": "station", "name": "Câineni" }, "geometry": { "type": "Point", "coordinates": [ 24.3023, 45.49116 ] } },
{ "type": "Feature", "properties": { "railway": "station", "name": "Valea Mărului" }, "geometry": { "type": "Point", "coordinates": [ 24.26412, 45.60115 ] } },
{ "type": "Feature", "properties": { "railway": "halt", "name": "Râu Vadului" }, "geometry": { "type": "Point", "coordinates": [ 24.27193, 45.52485 ] } },
{ "type": "Feature", "properties": { "railway": "halt", "name": "Valea Fratelui" }, "geometry": { "type": "Point", "coordinates": [ 24.2691, 45.54784 ] } },
{ "type": "Feature", "properties": { "railway": "station", "name": "Simeria Triaj" }, "geometry": { "type": "Point", "coordinates": [ 23.01323, 45.8281 ] } },
{ "type": "Feature", "properties": { "railway": "halt", "name": "Măceu" }, "geometry": { "type": "Point", "coordinates": [ 22.99356, 45.66569 ] } },
{ "type": "Feature", "properties": { "railway": "station", "name": "Bretea Streiului" }, "geometry": { "type": "Point", "coordinates": [ 22.99633, 45.65292 ] } },
{ "type": "Feature", "properties": { "railway": "halt", "name": "Covaragiu" }, "geometry": { "type": "Point", "coordinates": [ 23.00181, 45.60438 ] } },
{ "type": "Feature", "properties": { "railway": "halt", "name": "Băiești" }, "geometry": { "type": "Point", "coordinates": [ 23.01731, 45.53585 ] } },
{ "type": "Feature", "properties": { "railway": "halt", "name": "Rușor" }, "geometry": { "type": "Point", "coordinates": [ 23.02606, 45.53216 ] } },
{ "type": "Feature", "properties": { "railway": "halt", "name": "Ponor" }, "geometry": { "type": "Point", "coordinates": [ 23.11991, 45.50468 ] } },
{ "type": "Feature", "properties": { "railway": "station", "name": "Baru Mare" }, "geometry": { "type": "Point", "coordinates": [ 23.14493, 45.47496 ] } },
{ "type": "Feature", "properties": { "railway": "halt", "name": "Baru Mare halta" }, "geometry": { "type": "Point", "coordinates": [ 23.15925, 45.4676 ] } },
{ "type": "Feature", "properties": { "railway": "station", "name": "Merișor" }, "geometry": { "type": "Point", "coordinates": [ 23.23178, 45.45573 ] } },
{ "type": "Feature", "properties": { "railway": "station", "name": "Crivadia" }, "geometry": { "type": "Point", "coordinates": [ 23.19705, 45.4636 ] } },
{ "type": "Feature", "properties": { "railway": "halt", "name": "Luica" }, "geometry": { "type": "Point", "coordinates": [ 26.56402, 44.2251 ] } },
{ "type": "Feature", "properties": { "railway": "station", "name": "Țânțăreni" }, "geometry": { "type": "Point", "coordinates": [ 23.50472, 44.59793 ] } },
{ "type": "Feature", "properties": { "railway": "halt", "name": "Florești" }, "geometry": { "type": "Point", "coordinates": [ 23.51397, 44.62378 ] } },
{ "type": "Feature", "properties": { "railway": "station", "name": "Gilort" }, "geometry": { "type": "Point", "coordinates": [ 23.52383, 44.65633 ] } },
{ "type": "Feature", "properties": { "railway": "station", "name": "Turburea" }, "geometry": { "type": "Point", "coordinates": [ 23.51122, 44.71454 ] } },
{ "type": "Feature", "properties": { "railway": "station", "name": "Bărbătești" }, "geometry": { "type": "Point", "coordinates": [ 23.51143, 44.8718 ] } },
{ "type": "Feature", "properties": { "railway": "station", "name": "Jupânești" }, "geometry": { "type": "Point", "coordinates": [ 23.51898, 44.90929 ] } },
{ "type": "Feature", "properties": { "railway": "station", "name": "Pojogeni" }, "geometry": { "type": "Point", "coordinates": [ 23.4854, 44.99215 ] } },
{ "type": "Feature", "properties": { "railway": "station", "name": "Copăcioasa" }, "geometry": { "type": "Point", "coordinates": [ 23.43126, 45.02458 ] } },
{ "type": "Feature", "properties": { "railway": "halt", "name": "Scoarța" }, "geometry": { "type": "Point", "coordinates": [ 23.45909, 45.00951 ] } },
{ "type": "Feature", "properties": { "railway": "halt", "name": "Budieni" }, "geometry": { "type": "Point", "coordinates": [ 23.39833, 45.02124 ] } },
{ "type": "Feature", "properties": { "railway": "station", "name": "Lunca Budieni" }, "geometry": { "type": "Point", "coordinates": [ 23.35903, 45.02019 ] } },
{ "type": "Feature", "properties": { "railway": "halt", "name": "Ramificația C.A.M." }, "geometry": { "type": "Point", "coordinates": [ 23.28518, 45.04359 ] } },
{ "type": "Feature", "properties": { "railway": "halt", "name": "Ezureni" }, "geometry": { "type": "Point", "coordinates": [ 23.32521, 45.09 ] } },
{ "type": "Feature", "properties": { "railway": "station", "name": "Parangu" }, "geometry": { "type": "Point", "coordinates": [ 23.34282, 45.11055 ] } },
{ "type": "Feature", "properties": { "railway": "halt", "name": "Km. 105+600" }, "geometry": { "type": "Point", "coordinates": [ 23.38947, 45.28454 ] } },
{ "type": "Feature", "properties": { "railway": "halt", "name": "Lunca Jiului" }, "geometry": { "type": "Point", "coordinates": [ 23.37264, 45.40256 ] } },
{ "type": "Feature", "properties": { "railway": "halt", "name": "Peștera Bolii" }, "geometry": { "type": "Point", "coordinates": [ 23.31851, 45.45041 ] } },
{ "type": "Feature", "properties": { "railway": "halt", "name": "Bănița" }, "geometry": { "type": "Point", "coordinates": [ 23.26224, 45.44771 ] } },
{ "type": "Feature", "properties": { "railway": "halt", "name": "Șirineasa" }, "geometry": { "type": "Point", "coordinates": [ 24.17239, 44.9384 ] } },
{ "type": "Feature", "properties": { "railway": "station", "name": "Popești Vâlcea" }, "geometry": { "type": "Point", "coordinates": [ 24.08543, 44.98621 ] } },
{ "type": "Feature", "properties": { "railway": "station", "name": "Copăceni" }, "geometry": { "type": "Point", "coordinates": [ 23.97249, 44.98885 ] } },
{ "type": "Feature", "properties": { "railway": "station", "name": "Alunu" }, "geometry": { "type": "Point", "coordinates": [ 23.82549, 44.98704 ] } },
{ "type": "Feature", "properties": { "railway": "halt", "name": "Cernișoara" }, "geometry": { "type": "Point", "coordinates": [ 24.04436, 44.98635 ] } },
{ "type": "Feature", "properties": { "railway": "halt", "name": "Vinerea" }, "geometry": { "type": "Point", "coordinates": [ 23.3488, 45.88266 ] } },
{ "type": "Feature", "properties": { "railway": "halt", "name": "Cugir Gr. A" }, "geometry": { "type": "Point", "coordinates": [ 23.36339, 45.85228 ] } },
{ "type": "Feature", "properties": { "railway": "station", "name": "Bârcea Mică" }, "geometry": { "type": "Point", "coordinates": [ 22.94863, 45.83143 ] } },
{ "type": "Feature", "properties": { "railway": "halt", "name": "Agârbiciu" }, "geometry": { "type": "Point", "coordinates": [ 24.18913, 46.06862 ] } },
{ "type": "Feature", "properties": { "railway": "halt", "name": "Antestație Bărăbanț" }, "geometry": { "type": "Point", "coordinates": [ 23.60756, 46.10205 ] } },
{ "type": "Feature", "properties": { "railway": "halt", "name": "Bărăbanț Nord h" }, "geometry": { "type": "Point", "coordinates": [ 23.58139, 46.10663 ] } },
{ "type": "Feature", "properties": { "railway": "halt", "name": "Tăuțu Ampoilui" }, "geometry": { "type": "Point", "coordinates": [ 23.46703, 46.09689 ] } },
{ "type": "Feature", "properties": { "railway": "halt", "name": "Poiana Ampoiului" }, "geometry": { "type": "Point", "coordinates": [ 23.39301, 46.08849 ] } },
{ "type": "Feature", "properties": { "railway": "halt", "name": "Prisaca Ampoiului" }, "geometry": { "type": "Point", "coordinates": [ 23.33111, 46.09904 ] } },
{ "type": "Feature", "properties": { "railway": "halt", "name": "Feneș" }, "geometry": { "type": "Point", "coordinates": [ 23.30169, 46.09291 ] } },
{ "type": "Feature", "properties": { "railway": "station", "name": "Zlatna Technica" }, "geometry": { "type": "Point", "coordinates": [ 23.27237, 46.08706 ] } },
{ "type": "Feature", "properties": { "railway": "halt", "name": "Zlatna h." }, "geometry": { "type": "Point", "coordinates": [ 23.22646, 46.10718 ] } },
{ "type": "Feature", "properties": { "railway": "halt", "name": "Viile Giarmata" }, "geometry": { "type": "Point", "coordinates": [ 21.29184, 45.80026 ] } },
{ "type": "Feature", "properties": { "railway": "halt", "name": "Cerneteaz" }, "geometry": { "type": "Point", "coordinates": [ 21.28386, 45.83818 ] } },
{ "type": "Feature", "properties": { "railway": "halt", "name": "Bencei" }, "geometry": { "type": "Point", "coordinates": [ 21.38109, 45.92627 ] } },
{ "type": "Feature", "properties": { "railway": "halt", "name": "Ohaba" }, "geometry": { "type": "Point", "coordinates": [ 22.44533, 45.88721 ] } },
{ "type": "Feature", "properties": { "railway": "station", "name": "Holdea" }, "geometry": { "type": "Point", "coordinates": [ 22.39344, 45.89439 ] } },
{ "type": "Feature", "properties": { "railway": "station", "name": "Bărbăteni" }, "geometry": { "type": "Point", "coordinates": [ 23.18504, 45.34298 ] } },
{ "type": "Feature", "properties": { "railway": "halt", "name": "Sândominic" }, "geometry": { "type": "Point", "coordinates": [ 25.77392, 46.5871 ] } },
{ "type": "Feature", "properties": { "railway": "halt", "name": "Sarateni Ialomița" }, "geometry": { "type": "Point", "coordinates": [ 26.93044, 44.64197 ] } },
{ "type": "Feature", "properties": { "railway": "station", "name": "Eroilor" }, "geometry": { "type": "Point", "coordinates": [ 26.07565, 44.43505 ] } },
{ "type": "Feature", "properties": { "railway": "station", "name": "Nicolae Grigorescu 2" }, "geometry": { "type": "Point", "coordinates": [ 26.1609, 44.41331 ] } },
{ "type": "Feature", "properties": { "railway": "station", "name": "Basarab 2 - M4" }, "geometry": { "type": "Point", "coordinates": [ 26.06848, 44.45083 ] } },
{ "type": "Feature", "properties": { "railway": "station", "name": "Basarab 1 - M1" }, "geometry": { "type": "Point", "coordinates": [ 26.06837, 44.45075 ] } },
{ "type": "Feature", "properties": { "railway": "station", "name": "Gara de Nord 2" }, "geometry": { "type": "Point", "coordinates": [ 26.0738, 44.44735 ] } },
{ "type": "Feature", "properties": { "railway": "halt", "name": "Cața" }, "geometry": { "type": "Point", "coordinates": [ 25.27033, 46.09199 ] } },
{ "type": "Feature", "properties": { "railway": "station", "name": "Feldioara" }, "geometry": { "type": "Point", "coordinates": [ 25.58678, 45.82522 ] } },
{ "type": "Feature", "properties": { "railway": "halt", "name": "Halta Rotbav" }, "geometry": { "type": "Point", "coordinates": [ 25.56333, 45.84133 ] } },
{ "type": "Feature", "properties": { "railway": "station", "name": "Apața" }, "geometry": { "type": "Point", "coordinates": [ 25.53603, 45.95247 ] } },
{ "type": "Feature", "properties": { "railway": "halt", "name": "Ormeniș" }, "geometry": { "type": "Point", "coordinates": [ 25.55674, 46.00099 ] } },
{ "type": "Feature", "properties": { "railway": "station", "name": "Gara Racoș" }, "geometry": { "type": "Point", "coordinates": [ 25.42163, 46.02175 ] } },
{ "type": "Feature", "properties": { "railway": "halt", "name": "Mateiaș" }, "geometry": { "type": "Point", "coordinates": [ 25.38219, 46.02867 ] } },
{ "type": "Feature", "properties": { "railway": "station", "name": "Rupea" }, "geometry": { "type": "Point", "coordinates": [ 25.27826, 46.01786 ] } },
{ "type": "Feature", "properties": { "railway": "halt", "name": "Paloș Ardeal" }, "geometry": { "type": "Point", "coordinates": [ 25.23448, 46.1162 ] } },
{ "type": "Feature", "properties": { "railway": "station", "name": "Daneș" }, "geometry": { "type": "Point", "coordinates": [ 24.70336, 46.22501 ] } },
{ "type": "Feature", "properties": { "railway": "halt", "name": "Luna" }, "geometry": { "type": "Point", "coordinates": [ 24.61949, 46.22015 ] } },
{ "type": "Feature", "properties": { "railway": "station", "name": "Ațel" }, "geometry": { "type": "Point", "coordinates": [ 24.47463, 46.1967 ] } },
{ "type": "Feature", "properties": { "railway": "station", "name": "Micăsasa" }, "geometry": { "type": "Point", "coordinates": [ 24.11197, 46.08944 ] } },
{ "type": "Feature", "properties": { "railway": "halt", "name": "Lunca" }, "geometry": { "type": "Point", "coordinates": [ 24.05185, 46.10314 ] } },
{ "type": "Feature", "properties": { "railway": "station", "name": "Valea Lungă" }, "geometry": { "type": "Point", "coordinates": [ 24.03535, 46.11877 ] } },
{ "type": "Feature", "properties": { "railway": "halt", "name": "Glogoveț" }, "geometry": { "type": "Point", "coordinates": [ 24.00456, 46.13506 ] } },
{ "type": "Feature", "properties": { "railway": "station", "name": "Mănărade" }, "geometry": { "type": "Point", "coordinates": [ 23.97696, 46.14489 ] } },
{ "type": "Feature", "properties": { "railway": "station", "name": "Câmpu Libertății" }, "geometry": { "type": "Point", "coordinates": [ 23.9401, 46.17234 ] } },
{ "type": "Feature", "properties": { "railway": "station", "name": "Crăciunel" }, "geometry": { "type": "Point", "coordinates": [ 23.84339, 46.17269 ] } },
{ "type": "Feature", "properties": { "railway": "station", "name": "București Sud Gr. Călători" }, "geometry": { "type": "Point", "coordinates": [ 26.22509, 44.42479 ] } },
{ "type": "Feature", "properties": { "railway": "halt", "name": "Bota Sat" }, "geometry": { "type": "Point", "coordinates": [ 24.17574, 46.66059 ] } },
{ "type": "Feature", "properties": { "railway": "halt", "name": "Țăgșor" }, "geometry": { "type": "Point", "coordinates": [ 24.21336, 46.79658 ] } },
{ "type": "Feature", "properties": { "railway": "halt", "name": "Chiraleș" }, "geometry": { "type": "Point", "coordinates": [ 24.31389, 47.08435 ] } },
{ "type": "Feature", "properties": { "railway": "halt", "name": "Dealu Robului h" }, "geometry": { "type": "Point", "coordinates": [ 23.69401, 44.12713 ] } },
{ "type": "Feature", "properties": { "railway": "halt", "name": "Halta Bordei" }, "geometry": { "type": "Point", "coordinates": [ 23.83438, 44.32114 ] } },
{ "type": "Feature", "properties": { "railway": "station", "name": "Titu" }, "geometry": { "type": "Point", "coordinates": [ 25.56949, 44.66175 ] } },
{ "type": "Feature", "properties": { "railway": "station", "name": "Slănic" }, "geometry": { "type": "Point", "coordinates": [ 25.93876, 45.23175 ] } },
{ "type": "Feature", "properties": { "railway": "halt", "name": "Pescăruș Hc." }, "geometry": { "type": "Point", "coordinates": [ 28.61383, 43.89964 ] } },
{ "type": "Feature", "properties": { "railway": "halt", "name": "Nimigea halta" }, "geometry": { "type": "Point", "coordinates": [ 24.27846, 47.23333 ] } },
{ "type": "Feature", "properties": { "railway": "halt", "name": "Cociu" }, "geometry": { "type": "Point", "coordinates": [ 24.2317, 47.19708 ] } },
{ "type": "Feature", "properties": { "railway": "station", "name": "Preasna" }, "geometry": { "type": "Point", "coordinates": [ 26.75232, 44.44505 ] } },
{ "type": "Feature", "properties": { "railway": "station", "name": "Roșu" }, "geometry": { "type": "Point", "coordinates": [ 25.30331, 47.35384 ] } },
{ "type": "Feature", "properties": { "railway": "halt", "name": "Pâncota" }, "geometry": { "type": "Point", "coordinates": [ 21.67794, 46.32158 ] } },
{ "type": "Feature", "properties": { "railway": "halt", "name": "Măureni" }, "geometry": { "type": "Point", "coordinates": [ 21.51049, 45.42281 ] } },
{ "type": "Feature", "properties": { "railway": "halt", "name": "Gherteniș" }, "geometry": { "type": "Point", "coordinates": [ 21.58784, 45.4214 ] } },
{ "type": "Feature", "properties": { "railway": "station", "name": "Berzovia" }, "geometry": { "type": "Point", "coordinates": [ 21.63269, 45.4185 ] } },
{ "type": "Feature", "properties": { "railway": "halt", "name": "Bocșa Română" }, "geometry": { "type": "Point", "coordinates": [ 21.70867, 45.37705 ] } },
{ "type": "Feature", "properties": { "railway": "station", "name": "Moniom" }, "geometry": { "type": "Point", "coordinates": [ 21.82925, 45.35294 ] } },
{ "type": "Feature", "properties": { "railway": "halt", "name": "Câlnic" }, "geometry": { "type": "Point", "coordinates": [ 21.85362, 45.33593 ] } },
{ "type": "Feature", "properties": { "railway": "halt", "name": "Câmpu Cetății" }, "geometry": { "type": "Point", "coordinates": [ 24.97266, 46.66005 ] } },
{ "type": "Feature", "properties": { "railway": "halt", "name": "Gara Mică Sovata" }, "geometry": { "type": "Point", "coordinates": [ 25.06794, 46.59893 ] } },
{ "type": "Feature", "properties": { "railway": "station", "name": "Dealu Ștefăniței" }, "geometry": { "type": "Point", "coordinates": [ 24.42199, 47.58126 ] } },
{ "type": "Feature", "properties": { "railway": "station", "name": "Câmpina" }, "geometry": { "type": "Point", "coordinates": [ 25.71165, 45.13219 ] } },
{ "type": "Feature", "properties": { "railway": "halt", "name": "Birda" }, "geometry": { "type": "Point", "coordinates": [ 21.32855, 45.44253 ] } },
{ "type": "Feature", "properties": { "railway": "station", "name": "Florești Prahova" }, "geometry": { "type": "Point", "coordinates": [ 25.81012, 45.02986 ] } },
{ "type": "Feature", "properties": { "railway": "station", "name": "Breaza Nord" }, "geometry": { "type": "Point", "coordinates": [ 25.64824, 45.21496 ] } },
{ "type": "Feature", "properties": { "railway": "station", "name": "Nistorești" }, "geometry": { "type": "Point", "coordinates": [ 25.6724, 45.19448 ] } },
{ "type": "Feature", "properties": { "railway": "halt", "name": "Sinaia Sud" }, "geometry": { "type": "Point", "coordinates": [ 25.55301, 45.33817 ] } },
{ "type": "Feature", "properties": { "railway": "halt", "name": "Bobolia" }, "geometry": { "type": "Point", "coordinates": [ 25.74679, 45.09097 ] } },
{ "type": "Feature", "properties": { "railway": "station", "name": "Buda" }, "geometry": { "type": "Point", "coordinates": [ 25.92562, 44.96356 ] } },
{ "type": "Feature", "properties": { "railway": "station", "name": "Valea Călugărească" }, "geometry": { "type": "Point", "coordinates": [ 26.16607, 44.95164 ] } },
{ "type": "Feature", "properties": { "railway": "station", "name": "Brazi" }, "geometry": { "type": "Point", "coordinates": [ 26.02701, 44.86294 ] } },
{ "type": "Feature", "properties": { "railway": "station", "name": "Crivina" }, "geometry": { "type": "Point", "coordinates": [ 26.0261, 44.75946 ] } },
{ "type": "Feature", "properties": { "railway": "halt", "name": "Prahova" }, "geometry": { "type": "Point", "coordinates": [ 26.03081, 44.80799 ] } },
{ "type": "Feature", "properties": { "railway": "halt", "name": "Scroviștea" }, "geometry": { "type": "Point", "coordinates": [ 26.02402, 44.72071 ] } },
{ "type": "Feature", "properties": { "railway": "station", "name": "Periș" }, "geometry": { "type": "Point", "coordinates": [ 25.99708, 44.67809 ] } },
{ "type": "Feature", "properties": { "railway": "halt", "name": "Dârza" }, "geometry": { "type": "Point", "coordinates": [ 25.95683, 44.59981 ] } },
{ "type": "Feature", "properties": { "railway": "station", "name": "Cricov" }, "geometry": { "type": "Point", "coordinates": [ 26.2363, 44.94393 ] } },
{ "type": "Feature", "properties": { "railway": "halt", "name": "Muru" }, "geometry": { "type": "Point", "coordinates": [ 26.20771, 44.94706 ] } },
{ "type": "Feature", "properties": { "railway": "halt", "name": "Tomșani" }, "geometry": { "type": "Point", "coordinates": [ 26.29366, 44.95596 ] } },
{ "type": "Feature", "properties": { "railway": "station", "name": "Săhăteni" }, "geometry": { "type": "Point", "coordinates": [ 26.51818, 45.02962 ] } },
{ "type": "Feature", "properties": { "railway": "halt", "name": "Clondiru" }, "geometry": { "type": "Point", "coordinates": [ 26.60512, 45.06326 ] } },
{ "type": "Feature", "properties": { "railway": "station", "name": "Cotești" }, "geometry": { "type": "Point", "coordinates": [ 27.14949, 45.63162 ] } },
{ "type": "Feature", "properties": { "railway": "station", "name": "Boboc Hm." }, "geometry": { "type": "Point", "coordinates": [ 26.92875, 45.2095 ] } },
{ "type": "Feature", "properties": { "railway": "station", "name": "Sihlea" }, "geometry": { "type": "Point", "coordinates": [ 27.11345, 45.50358 ] } },
{ "type": "Feature", "properties": { "railway": "station", "name": "Băile Sărata Monteoru" }, "geometry": { "type": "Point", "coordinates": [ 26.70203, 45.10068 ] } },
{ "type": "Feature", "properties": { "railway": "station", "name": "Ulmeni" }, "geometry": { "type": "Point", "coordinates": [ 26.65162, 45.08134 ] } },
{ "type": "Feature", "properties": { "railway": "station", "name": "Gugești" }, "geometry": { "type": "Point", "coordinates": [ 27.13118, 45.56704 ] } },
{ "type": "Feature", "properties": { "railway": "halt", "name": "Călimănești Vrancea" }, "geometry": { "type": "Point", "coordinates": [ 27.21077, 45.96075 ] } },
{ "type": "Feature", "properties": { "railway": "station", "name": "Pădureni Putna" }, "geometry": { "type": "Point", "coordinates": [ 27.21595, 45.93204 ] } },
{ "type": "Feature", "properties": { "railway": "station", "name": "Pufești" }, "geometry": { "type": "Point", "coordinates": [ 27.20069, 46.00536 ] } },
{ "type": "Feature", "properties": { "railway": "halt", "name": "Domnesti Tirg" }, "geometry": { "type": "Point", "coordinates": [ 27.1916, 46.0283 ] } },
{ "type": "Feature", "properties": { "railway": "station", "name": "Adjud" }, "geometry": { "type": "Point", "coordinates": [ 27.19219, 46.09838 ] } },
{ "type": "Feature", "properties": { "railway": "halt", "name": "Adjud Vechi" }, "geometry": { "type": "Point", "coordinates": [ 27.16961, 46.13107 ] } },
{ "type": "Feature", "properties": { "railway": "halt", "name": "Siscani" }, "geometry": { "type": "Point", "coordinates": [ 27.15866, 46.14707 ] } },
{ "type": "Feature", "properties": { "railway": "station", "name": "Orbeni" }, "geometry": { "type": "Point", "coordinates": [ 27.05796, 46.2777 ] } },
{ "type": "Feature", "properties": { "railway": "station", "name": "Sascut" }, "geometry": { "type": "Point", "coordinates": [ 27.10959, 46.20733 ] } },
{ "type": "Feature", "properties": { "railway": "station", "name": "Răcăciuni" }, "geometry": { "type": "Point", "coordinates": [ 27.01169, 46.33212 ] } },
{ "type": "Feature", "properties": { "railway": "halt", "name": "Siretu Bacău" }, "geometry": { "type": "Point", "coordinates": [ 26.93392, 46.44336 ] } },
{ "type": "Feature", "properties": { "railway": "station", "name": "Valea Seacă" }, "geometry": { "type": "Point", "coordinates": [ 26.93504, 46.47655 ] } },
{ "type": "Feature", "properties": { "railway": "halt", "name": "Letea" }, "geometry": { "type": "Point", "coordinates": [ 26.93955, 46.5064 ] } },
{ "type": "Feature", "properties": { "railway": "halt", "name": "Șerbești Bacău" }, "geometry": { "type": "Point", "coordinates": [ 26.8873, 46.6962 ] } },
{ "type": "Feature", "properties": { "railway": "station", "name": "Itești" }, "geometry": { "type": "Point", "coordinates": [ 26.89716, 46.66751 ] } },
{ "type": "Feature", "properties": { "railway": "station", "name": "Galbeni" }, "geometry": { "type": "Point", "coordinates": [ 26.88208, 46.74748 ] } },
{ "type": "Feature", "properties": { "railway": "station", "name": "Secuieni Roman" }, "geometry": { "type": "Point", "coordinates": [ 26.87988, 46.84661 ] } },
{ "type": "Feature", "properties": { "railway": "halt", "name": "Mogoșești" }, "geometry": { "type": "Point", "coordinates": [ 26.77301, 47.13128 ] } },
{ "type": "Feature", "properties": { "railway": "halt", "name": "Stoliceni" }, "geometry": { "type": "Point", "coordinates": [ 26.74978, 47.20064 ] } },
{ "type": "Feature", "properties": { "railway": "station", "name": "Mircești" }, "geometry": { "type": "Point", "coordinates": [ 26.84201, 47.06125 ] } },
{ "type": "Feature", "properties": { "railway": "station", "name": "Hălăucești" }, "geometry": { "type": "Point", "coordinates": [ 26.8181, 47.09397 ] } },
{ "type": "Feature", "properties": { "railway": "station", "name": "Muncel" }, "geometry": { "type": "Point", "coordinates": [ 26.74751, 47.16616 ] } },
{ "type": "Feature", "properties": { "railway": "station", "name": "Pașcani" }, "geometry": { "type": "Point", "coordinates": [ 26.72454, 47.25691 ] } },
{ "type": "Feature", "properties": { "railway": "station", "name": "Ruginoasa" }, "geometry": { "type": "Point", "coordinates": [ 26.84355, 47.24111 ] } },
{ "type": "Feature", "properties": { "railway": "halt", "name": "Budăi" }, "geometry": { "type": "Point", "coordinates": [ 27.22061, 47.21782 ] } },
{ "type": "Feature", "properties": { "railway": "station", "name": "Episcopia Bihor" }, "geometry": { "type": "Point", "coordinates": [ 21.87635, 47.0996 ] } },
{ "type": "Feature", "properties": { "railway": "station", "name": "Oradea Est" }, "geometry": { "type": "Point", "coordinates": [ 21.96276, 47.04314 ] } },
{ "type": "Feature", "properties": { "railway": "halt", "name": "Oradea Est Triaj" }, "geometry": { "type": "Point", "coordinates": [ 21.96988, 47.03502 ] } },
{ "type": "Feature", "properties": { "railway": "station", "name": "Oșorhei" }, "geometry": { "type": "Point", "coordinates": [ 22.03407, 47.03942 ] } },
{ "type": "Feature", "properties": { "railway": "station", "name": "Tileagd" }, "geometry": { "type": "Point", "coordinates": [ 22.20945, 47.05389 ] } },
{ "type": "Feature", "properties": { "railway": "halt", "name": "Săbolciu" }, "geometry": { "type": "Point", "coordinates": [ 22.1399, 47.05523 ] } },
{ "type": "Feature", "properties": { "railway": "halt", "name": "Telechiu" }, "geometry": { "type": "Point", "coordinates": [ 22.26693, 47.04664 ] } },
{ "type": "Feature", "properties": { "railway": "station", "name": "Țețchea" }, "geometry": { "type": "Point", "coordinates": [ 22.31755, 47.04282 ] } },
{ "type": "Feature", "properties": { "railway": "halt", "name": "Aleșd halta" }, "geometry": { "type": "Point", "coordinates": [ 22.3896, 47.03738 ] } },
{ "type": "Feature", "properties": { "railway": "halt", "name": "Butani" }, "geometry": { "type": "Point", "coordinates": [ 22.44237, 47.01958 ] } },
{ "type": "Feature", "properties": { "railway": "halt", "name": "Lacu Crișului" }, "geometry": { "type": "Point", "coordinates": [ 22.73536, 46.95975 ] } },
{ "type": "Feature", "properties": { "railway": "halt", "name": "Stina de Vale" }, "geometry": { "type": "Point", "coordinates": [ 22.63732, 46.92993 ] } },
{ "type": "Feature", "properties": { "railway": "halt", "name": "Bălnaca" }, "geometry": { "type": "Point", "coordinates": [ 22.57817, 46.93454 ] } },
{ "type": "Feature", "properties": { "railway": "station", "name": "Bulz" }, "geometry": { "type": "Point", "coordinates": [ 22.6622, 46.93371 ] } },
{ "type": "Feature", "properties": { "railway": "halt", "name": "Negreni" }, "geometry": { "type": "Point", "coordinates": [ 22.78151, 46.95187 ] } },
{ "type": "Feature", "properties": { "railway": "station", "name": "Ciucea" }, "geometry": { "type": "Point", "coordinates": [ 22.81051, 46.95469 ] } },
{ "type": "Feature", "properties": { "railway": "halt", "name": "Bologa" }, "geometry": { "type": "Point", "coordinates": [ 22.88002, 46.89314 ] } },
{ "type": "Feature", "properties": { "railway": "halt", "name": "Jebuc" }, "geometry": { "type": "Point", "coordinates": [ 23.09652, 46.86704 ] } },
{ "type": "Feature", "properties": { "railway": "station", "name": "Aghireș" }, "geometry": { "type": "Point", "coordinates": [ 23.27817, 46.86563 ] } },
{ "type": "Feature", "properties": { "railway": "station", "name": "Gârbău" }, "geometry": { "type": "Point", "coordinates": [ 23.35891, 46.83102 ] } },
{ "type": "Feature", "properties": { "railway": "halt", "name": "Dezmir hc" }, "geometry": { "type": "Point", "coordinates": [ 23.71837, 46.78413 ] } },
{ "type": "Feature", "properties": { "railway": "halt", "name": "Livada Somes" }, "geometry": { "type": "Point", "coordinates": [ 23.8461, 47.00639 ] } },
{ "type": "Feature", "properties": { "railway": "station", "name": "Coldău" }, "geometry": { "type": "Point", "coordinates": [ 24.11888, 47.1811 ] } },
{ "type": "Feature", "properties": { "railway": "halt", "name": "Apahida h" }, "geometry": { "type": "Point", "coordinates": [ 23.75812, 46.81525 ] } },
{ "type": "Feature", "properties": { "railway": "halt", "name": "Răscruci" }, "geometry": { "type": "Point", "coordinates": [ 23.78002, 46.90078 ] } },
{ "type": "Feature", "properties": { "railway": "station", "name": "Bonțida" }, "geometry": { "type": "Point", "coordinates": [ 23.78512, 46.92516 ] } },
{ "type": "Feature", "properties": { "railway": "station", "name": "Iclod" }, "geometry": { "type": "Point", "coordinates": [ 23.8164, 46.97824 ] } },
{ "type": "Feature", "properties": { "railway": "station", "name": "Fundătura" }, "geometry": { "type": "Point", "coordinates": [ 23.80089, 46.95901 ] } },
{ "type": "Feature", "properties": { "railway": "halt", "name": "Bunești" }, "geometry": { "type": "Point", "coordinates": [ 23.91385, 47.06685 ] } },
{ "type": "Feature", "properties": { "railway": "halt", "name": "Nima" }, "geometry": { "type": "Point", "coordinates": [ 23.90577, 47.09373 ] } },
{ "type": "Feature", "properties": { "railway": "halt", "name": "Ciceu Cristur" }, "geometry": { "type": "Point", "coordinates": [ 24.09592, 47.18916 ] } },
{ "type": "Feature", "properties": { "railway": "halt", "name": "Caila" }, "geometry": { "type": "Point", "coordinates": [ 24.28775, 47.14907 ] } },
{ "type": "Feature", "properties": { "railway": "halt", "name": "Arcalia" }, "geometry": { "type": "Point", "coordinates": [ 24.37058, 47.08847 ] } },
{ "type": "Feature", "properties": { "railway": "station", "name": "Măgheruș Șieu" }, "geometry": { "type": "Point", "coordinates": [ 24.35278, 47.10162 ] } },
{ "type": "Feature", "properties": { "railway": "halt", "name": "Sfântu" }, "geometry": { "type": "Point", "coordinates": [ 24.30123, 47.13398 ] } },
{ "type": "Feature", "properties": { "railway": "station", "name": "Borzia" }, "geometry": { "type": "Point", "coordinates": [ 24.9327, 46.97024 ] } },
{ "type": "Feature", "properties": { "railway": "station", "name": "Voșlăbeni" }, "geometry": { "type": "Point", "coordinates": [ 25.61779, 46.64584 ] } },
{ "type": "Feature", "properties": { "railway": "halt", "name": "Stinceni halta" }, "geometry": { "type": "Point", "coordinates": [ 25.19281, 46.96681 ] } },
{ "type": "Feature", "properties": { "railway": "station", "name": "Stinceni" }, "geometry": { "type": "Point", "coordinates": [ 25.24057, 46.95475 ] } },
{ "type": "Feature", "properties": { "railway": "station", "name": "Subcetate Mureș" }, "geometry": { "type": "Point", "coordinates": [ 25.44016, 46.86246 ] } },
{ "type": "Feature", "properties": { "railway": "station", "name": "Lăzarea hc" }, "geometry": { "type": "Point", "coordinates": [ 25.52894, 46.74252 ] } },
{ "type": "Feature", "properties": { "railway": "halt", "name": "Valea Strâmbă hc" }, "geometry": { "type": "Point", "coordinates": [ 25.58599, 46.68973 ] } },
{ "type": "Feature", "properties": { "railway": "station", "name": "Izvoru Mureșului" }, "geometry": { "type": "Point", "coordinates": [ 25.71599, 46.62678 ] } },
{ "type": "Feature", "properties": { "railway": "station", "name": "Izvoru Oltului" }, "geometry": { "type": "Point", "coordinates": [ 25.79535, 46.56775 ] } },
{ "type": "Feature", "properties": { "railway": "halt", "name": "Tomești" }, "geometry": { "type": "Point", "coordinates": [ 25.78058, 46.54813 ] } },
{ "type": "Feature", "properties": { "railway": "halt", "name": "Caracău h" }, "geometry": { "type": "Point", "coordinates": [ 25.8591, 46.52987 ] } },
{ "type": "Feature", "properties": { "railway": "halt", "name": "Bolovăniș hc" }, "geometry": { "type": "Point", "coordinates": [ 26.04897, 46.58462 ] } },
{ "type": "Feature", "properties": { "railway": "halt", "name": "Utușoiu" }, "geometry": { "type": "Point", "coordinates": [ 25.93128, 46.53514 ] } },
{ "type": "Feature", "properties": { "railway": "station", "name": "Asău" }, "geometry": { "type": "Point", "coordinates": [ 26.38781, 46.43433 ] } },
{ "type": "Feature", "properties": { "railway": "station", "name": "Simbrea" }, "geometry": { "type": "Point", "coordinates": [ 26.2171, 46.48926 ] } },
{ "type": "Feature", "properties": { "railway": "halt", "name": "Caralița" }, "geometry": { "type": "Point", "coordinates": [ 26.33945, 46.44373 ] } },
{ "type": "Feature", "properties": { "railway": "station", "name": "Valea Uzului" }, "geometry": { "type": "Point", "coordinates": [ 26.49366, 46.3807 ] } },
{ "type": "Feature", "properties": { "railway": "halt", "name": "Valea Uzului halta" }, "geometry": { "type": "Point", "coordinates": [ 26.50044, 46.3705 ] } },
{ "type": "Feature", "properties": { "railway": "station", "name": "Dofteana Bacău" }, "geometry": { "type": "Point", "coordinates": [ 26.53403, 46.33131 ] } },
{ "type": "Feature", "properties": { "railway": "halt", "name": "Viișoara Hc" }, "geometry": { "type": "Point", "coordinates": [ 26.65831, 46.27626 ] } },
{ "type": "Feature", "properties": { "railway": "station", "name": "Cireșoaia" }, "geometry": { "type": "Point", "coordinates": [ 26.56195, 46.29567 ] } },
{ "type": "Feature", "properties": { "railway": "halt", "name": "Borzești Bacău halta" }, "geometry": { "type": "Point", "coordinates": [ 26.81683, 46.24368 ] } },
{ "type": "Feature", "properties": { "railway": "station", "name": "Borzești Bacău" }, "geometry": { "type": "Point", "coordinates": [ 26.85522, 46.22167 ] } },
{ "type": "Feature", "properties": { "railway": "station", "name": "Căiuți" }, "geometry": { "type": "Point", "coordinates": [ 26.92992, 46.18645 ] } },
{ "type": "Feature", "properties": { "railway": "station", "name": "Urechești" }, "geometry": { "type": "Point", "coordinates": [ 27.09097, 46.13206 ] } },
{ "type": "Feature", "properties": { "railway": "station", "name": "Tușnad Sat" }, "geometry": { "type": "Point", "coordinates": [ 25.89316, 46.19028 ] } },
{ "type": "Feature", "properties": { "railway": "halt", "name": "Chichiș hc" }, "geometry": { "type": "Point", "coordinates": [ 25.80511, 45.77125 ] } },
{ "type": "Feature", "properties": { "railway": "station", "name": "Bodoc" }, "geometry": { "type": "Point", "coordinates": [ 25.84303, 45.94452 ] } },
{ "type": "Feature", "properties": { "railway": "halt", "name": "Arcuș" }, "geometry": { "type": "Point", "coordinates": [ 25.82521, 45.90632 ] } },
{ "type": "Feature", "properties": { "railway": "halt", "name": "Decea" }, "geometry": { "type": "Point", "coordinates": [ 23.76647, 46.37781 ] } },
{ "type": "Feature", "properties": { "railway": "halt", "name": "Valea Viilor" }, "geometry": { "type": "Point", "coordinates": [ 21.31117, 46.09822 ] } },
{ "type": "Feature", "properties": { "railway": "halt", "name": "Tunel Hm" }, "geometry": { "type": "Point", "coordinates": [ 23.81375, 46.73196 ] } },
{ "type": "Feature", "properties": { "railway": "station", "name": "Jena" }, "geometry": { "type": "Point", "coordinates": [ 22.08172, 45.59027 ] } },
{ "type": "Feature", "properties": { "railway": "halt", "name": "Șuștra" }, "geometry": { "type": "Point", "coordinates": [ 21.58232, 45.77674 ] } },
{ "type": "Feature", "properties": { "railway": "station", "name": "Șag" }, "geometry": { "type": "Point", "coordinates": [ 21.27051, 46.05893 ] } },
{ "type": "Feature", "properties": { "railway": "station", "name": "Vinga" }, "geometry": { "type": "Point", "coordinates": [ 21.19959, 46.0168 ] } },
{ "type": "Feature", "properties": { "railway": "station", "name": "Băile Călacea" }, "geometry": { "type": "Point", "coordinates": [ 21.17011, 45.91158 ] } },
{ "type": "Feature", "properties": { "railway": "station", "name": "Orțișoara" }, "geometry": { "type": "Point", "coordinates": [ 21.1902, 45.96334 ] } },
{ "type": "Feature", "properties": { "railway": "halt", "name": "Ghiroda" }, "geometry": { "type": "Point", "coordinates": [ 21.30785, 45.77885 ] } },
{ "type": "Feature", "properties": { "railway": "station", "name": "Topolovăț" }, "geometry": { "type": "Point", "coordinates": [ 21.629, 45.76875 ] } },
{ "type": "Feature", "properties": { "railway": "station", "name": "Izvin" }, "geometry": { "type": "Point", "coordinates": [ 21.46134, 45.7944 ] } },
{ "type": "Feature", "properties": { "railway": "station", "name": "Chizătău" }, "geometry": { "type": "Point", "coordinates": [ 21.71153, 45.75005 ] } },
{ "type": "Feature", "properties": { "railway": "station", "name": "Jabăr" }, "geometry": { "type": "Point", "coordinates": [ 21.82653, 45.72671 ] } },
{ "type": "Feature", "properties": { "railway": "station", "name": "Tapia" }, "geometry": { "type": "Point", "coordinates": [ 21.96731, 45.65049 ] } },
{ "type": "Feature", "properties": { "railway": "station", "name": "Balta Sărată" }, "geometry": { "type": "Point", "coordinates": [ 22.2338, 45.3826 ] } },
{ "type": "Feature", "properties": { "railway": "halt", "name": "Sacu" }, "geometry": { "type": "Point", "coordinates": [ 22.11113, 45.57317 ] } },
{ "type": "Feature", "properties": { "railway": "station", "name": "Găvojdia" }, "geometry": { "type": "Point", "coordinates": [ 22.0245, 45.62254 ] } },
{ "type": "Feature", "properties": { "railway": "station", "name": "Căvăran" }, "geometry": { "type": "Point", "coordinates": [ 22.13874, 45.54861 ] } },
{ "type": "Feature", "properties": { "railway": "halt", "name": "Tibiscu" }, "geometry": { "type": "Point", "coordinates": [ 22.18294, 45.45565 ] } },
{ "type": "Feature", "properties": { "railway": "halt", "name": "Zăgujeni" }, "geometry": { "type": "Point", "coordinates": [ 22.16766, 45.48082 ] } },
{ "type": "Feature", "properties": { "railway": "station", "name": "Valea Timișului" }, "geometry": { "type": "Point", "coordinates": [ 22.25267, 45.35412 ] } },
{ "type": "Feature", "properties": { "railway": "halt", "name": "Petroșnița" }, "geometry": { "type": "Point", "coordinates": [ 22.26856, 45.3338 ] } },
{ "type": "Feature", "properties": { "railway": "station", "name": "Armeniș" }, "geometry": { "type": "Point", "coordinates": [ 22.30935, 45.19673 ] } },
{ "type": "Feature", "properties": { "railway": "station", "name": "Vălișoara" }, "geometry": { "type": "Point", "coordinates": [ 22.28226, 45.30493 ] } },
{ "type": "Feature", "properties": { "railway": "station", "name": "Slatina-Timiș" }, "geometry": { "type": "Point", "coordinates": [ 22.30297, 45.2496 ] } },
{ "type": "Feature", "properties": { "railway": "station", "name": "Teregova" }, "geometry": { "type": "Point", "coordinates": [ 22.30457, 45.15471 ] } },
{ "type": "Feature", "properties": { "railway": "station", "name": "Poarta" }, "geometry": { "type": "Point", "coordinates": [ 22.29597, 45.11108 ] } },
{ "type": "Feature", "properties": { "railway": "station", "name": "Mehadia Nouă" }, "geometry": { "type": "Point", "coordinates": [ 22.38345, 44.87885 ] } },
{ "type": "Feature", "properties": { "railway": "station", "name": "Domașnea Cornea" }, "geometry": { "type": "Point", "coordinates": [ 22.30833, 45.05957 ] } },
{ "type": "Feature", "properties": { "railway": "halt", "name": "Cornea" }, "geometry": { "type": "Point", "coordinates": [ 22.31912, 45.03499 ] } },
{ "type": "Feature", "properties": { "railway": "station", "name": "Crușovăț" }, "geometry": { "type": "Point", "coordinates": [ 22.32841, 44.99584 ] } },
{ "type": "Feature", "properties": { "railway": "station", "name": "Drobeta Turnu Severin Mf." }, "geometry": { "type": "Point", "coordinates": [ 22.7322, 44.60847 ] } },
{ "type": "Feature", "properties": { "railway": "station", "name": "Iablanița" }, "geometry": { "type": "Point", "coordinates": [ 22.3266, 44.94232 ] } },
{ "type": "Feature", "properties": { "railway": "station", "name": "Valea Cernei" }, "geometry": { "type": "Point", "coordinates": [ 22.39115, 44.76843 ] } },
{ "type": "Feature", "properties": { "railway": "station", "name": "Topleț" }, "geometry": { "type": "Point", "coordinates": [ 22.38556, 44.80655 ] } },
{ "type": "Feature", "properties": { "railway": "halt", "name": "Șantier Naval" }, "geometry": { "type": "Point", "coordinates": [ 22.42399, 44.72163 ] } },
{ "type": "Feature", "properties": { "railway": "halt", "name": "Virciorova" }, "geometry": { "type": "Point", "coordinates": [ 22.49108, 44.70743 ] } },
{ "type": "Feature", "properties": { "railway": "halt", "name": "Ilovița" }, "geometry": { "type": "Point", "coordinates": [ 22.46875, 44.72122 ] } },
{ "type": "Feature", "properties": { "railway": "station", "name": "Gura Văii" }, "geometry": { "type": "Point", "coordinates": [ 22.56034, 44.66006 ] } },
{ "type": "Feature", "properties": { "railway": "halt", "name": "Dinamica" }, "geometry": { "type": "Point", "coordinates": [ 22.61588, 44.62352 ] } },
{ "type": "Feature", "properties": { "railway": "station", "name": "Drobeta Turnu Severin Est" }, "geometry": { "type": "Point", "coordinates": [ 22.68502, 44.62234 ] } },
{ "type": "Feature", "properties": { "railway": "station", "name": "Valea Albă" }, "geometry": { "type": "Point", "coordinates": [ 22.79481, 44.60087 ] } },
{ "type": "Feature", "properties": { "railway": "station", "name": "Balota" }, "geometry": { "type": "Point", "coordinates": [ 22.80122, 44.61822 ] } },
{ "type": "Feature", "properties": { "railway": "station", "name": "Prunișor" }, "geometry": { "type": "Point", "coordinates": [ 22.92187, 44.60651 ] } },
{ "type": "Feature", "properties": { "railway": "station", "name": "Tâmna" }, "geometry": { "type": "Point", "coordinates": [ 23.03866, 44.59105 ] } },
{ "type": "Feature", "properties": { "railway": "station", "name": "Ciochiuța" }, "geometry": { "type": "Point", "coordinates": [ 23.12551, 44.60314 ] } },
{ "type": "Feature", "properties": { "railway": "station", "name": "Girnita" }, "geometry": { "type": "Point", "coordinates": [ 22.84898, 44.61358 ] } },
{ "type": "Feature", "properties": { "railway": "station", "name": "Igiroasa" }, "geometry": { "type": "Point", "coordinates": [ 22.9752, 44.58887 ] } },
{ "type": "Feature", "properties": { "railway": "station", "name": "Strehaia" }, "geometry": { "type": "Point", "coordinates": [ 23.21971, 44.61135 ] } },
{ "type": "Feature", "properties": { "railway": "station", "name": "Butoiești" }, "geometry": { "type": "Point", "coordinates": [ 23.35452, 44.58614 ] } },
{ "type": "Feature", "properties": { "railway": "halt", "name": "Canton 282" }, "geometry": { "type": "Point", "coordinates": [ 23.52223, 44.54581 ] } },
{ "type": "Feature", "properties": { "railway": "halt", "name": "Lunca Banului" }, "geometry": { "type": "Point", "coordinates": [ 23.27608, 44.6026 ] } },
{ "type": "Feature", "properties": { "railway": "station", "name": "Gura Motrului" }, "geometry": { "type": "Point", "coordinates": [ 23.43222, 44.57345 ] } },
{ "type": "Feature", "properties": { "railway": "halt", "name": "Brădești" }, "geometry": { "type": "Point", "coordinates": [ 23.61839, 44.49014 ] } },
{ "type": "Feature", "properties": { "railway": "station", "name": "Răcari" }, "geometry": { "type": "Point", "coordinates": [ 23.57406, 44.51519 ] } },
{ "type": "Feature", "properties": { "railway": "station", "name": "Coțofeni" }, "geometry": { "type": "Point", "coordinates": [ 23.66691, 44.46095 ] } },
{ "type": "Feature", "properties": { "railway": "station", "name": "Ișalnița" }, "geometry": { "type": "Point", "coordinates": [ 23.7158, 44.40453 ] } },
{ "type": "Feature", "properties": { "railway": "halt", "name": "Ișalnița halta" }, "geometry": { "type": "Point", "coordinates": [ 23.72261, 44.39088 ] } },
{ "type": "Feature", "properties": { "railway": "station", "name": "Craiova Triaj" }, "geometry": { "type": "Point", "coordinates": [ 23.78192, 44.3417 ] } },
{ "type": "Feature", "properties": { "railway": "halt", "name": "Viaductu Cârcea" }, "geometry": { "type": "Point", "coordinates": [ 23.8865, 44.26912 ] } },
{ "type": "Feature", "properties": { "railway": "station", "name": "Bumbești" }, "geometry": { "type": "Point", "coordinates": [ 23.37669, 45.15606 ] } },
{ "type": "Feature", "properties": { "railway": "station", "name": "Ecaterina Teodoroiu" }, "geometry": { "type": "Point", "coordinates": [ 23.30125, 45.06665 ] } },
{ "type": "Feature", "properties": { "railway": "halt", "name": "Drăguțești" }, "geometry": { "type": "Point", "coordinates": [ 23.22765, 44.96902 ] } },
{ "type": "Feature", "properties": { "railway": "station", "name": "Cârbești" }, "geometry": { "type": "Point", "coordinates": [ 23.18981, 44.94862 ] } },
{ "type": "Feature", "properties": { "railway": "station", "name": "Rogojelu" }, "geometry": { "type": "Point", "coordinates": [ 23.13507, 44.92602 ] } },
{ "type": "Feature", "properties": { "railway": "halt", "name": "Vârț" }, "geometry": { "type": "Point", "coordinates": [ 23.14104, 44.94579 ] } },
{ "type": "Feature", "properties": { "railway": "station", "name": "Rovinari" }, "geometry": { "type": "Point", "coordinates": [ 23.14786, 44.90482 ] } },
{ "type": "Feature", "properties": { "railway": "halt", "name": "Rovinari Sud" }, "geometry": { "type": "Point", "coordinates": [ 23.16555, 44.89995 ] } },
{ "type": "Feature", "properties": { "railway": "station", "name": "Vlăduleni" }, "geometry": { "type": "Point", "coordinates": [ 23.23469, 44.88474 ] } },
{ "type": "Feature", "properties": { "railway": "halt", "name": "Roșia Jiu" }, "geometry": { "type": "Point", "coordinates": [ 23.18873, 44.89717 ] } },
{ "type": "Feature", "properties": { "railway": "halt", "name": "Peșteana Jiu" }, "geometry": { "type": "Point", "coordinates": [ 23.29237, 44.84657 ] } },
{ "type": "Feature", "properties": { "railway": "halt", "name": "Bâlteni" }, "geometry": { "type": "Point", "coordinates": [ 23.27619, 44.85864 ] } },
{ "type": "Feature", "properties": { "railway": "station", "name": "Plopșoru" }, "geometry": { "type": "Point", "coordinates": [ 23.33447, 44.80148 ] } },
{ "type": "Feature", "properties": { "railway": "halt", "name": "Sărdănești" }, "geometry": { "type": "Point", "coordinates": [ 23.35605, 44.7711 ] } },
{ "type": "Feature", "properties": { "railway": "station", "name": "Turceni" }, "geometry": { "type": "Point", "coordinates": [ 23.38851, 44.67701 ] } },
{ "type": "Feature", "properties": { "railway": "halt", "name": "Termo Turceni" }, "geometry": { "type": "Point", "coordinates": [ 23.39387, 44.67094 ] } },
{ "type": "Feature", "properties": { "railway": "halt", "name": "Ionești Gorj" }, "geometry": { "type": "Point", "coordinates": [ 23.43765, 44.61931 ] } },
{ "type": "Feature", "properties": { "railway": "station", "name": "Mogoșeni" }, "geometry": { "type": "Point", "coordinates": [ 24.25148, 47.20832 ] } },
{ "type": "Feature", "properties": { "railway": "halt", "name": "Năsăud halta" }, "geometry": { "type": "Point", "coordinates": [ 24.38458, 47.29078 ] } },
{ "type": "Feature", "properties": { "railway": "station", "name": "Năsăud" }, "geometry": { "type": "Point", "coordinates": [ 24.4105, 47.28119 ] } },
{ "type": "Feature", "properties": { "railway": "station", "name": "Rebrișoara" }, "geometry": { "type": "Point", "coordinates": [ 24.4717, 47.28778 ] } },
{ "type": "Feature", "properties": { "railway": "halt", "name": "Strâmba" }, "geometry": { "type": "Point", "coordinates": [ 24.66781, 47.30443 ] } },
{ "type": "Feature", "properties": { "railway": "station", "name": "Leșu Ilvei" }, "geometry": { "type": "Point", "coordinates": [ 24.69252, 47.31598 ] } },
{ "type": "Feature", "properties": { "railway": "station", "name": "Poiana Ilvei" }, "geometry": { "type": "Point", "coordinates": [ 24.74145, 47.36906 ] } },
{ "type": "Feature", "properties": { "railway": "station", "name": "Măgura Ilvei" }, "geometry": { "type": "Point", "coordinates": [ 24.79316, 47.3793 ] } },
{ "type": "Feature", "properties": { "railway": "station", "name": "Ilva Mare" }, "geometry": { "type": "Point", "coordinates": [ 24.87192, 47.36359 ] } },
{ "type": "Feature", "properties": { "railway": "station", "name": "Lunca Ilvei" }, "geometry": { "type": "Point", "coordinates": [ 24.96357, 47.36665 ] } },
{ "type": "Feature", "properties": { "railway": "station", "name": "Silhoasa" }, "geometry": { "type": "Point", "coordinates": [ 25.01172, 47.348 ] } },
{ "type": "Feature", "properties": { "railway": "station", "name": "Larion" }, "geometry": { "type": "Point", "coordinates": [ 25.01542, 47.33163 ] } },
{ "type": "Feature", "properties": { "railway": "station", "name": "Grădinița" }, "geometry": { "type": "Point", "coordinates": [ 25.06478, 47.34178 ] } },
{ "type": "Feature", "properties": { "railway": "station", "name": "Coșna" }, "geometry": { "type": "Point", "coordinates": [ 25.15108, 47.37103 ] } },
{ "type": "Feature", "properties": { "railway": "station", "name": "Argestru" }, "geometry": { "type": "Point", "coordinates": [ 25.32071, 47.38183 ] } },
{ "type": "Feature", "properties": { "railway": "halt", "name": "Valea Putnei" }, "geometry": { "type": "Point", "coordinates": [ 25.38385, 47.48937 ] } },
{ "type": "Feature", "properties": { "railway": "station", "name": "Pojorâta" }, "geometry": { "type": "Point", "coordinates": [ 25.47553, 47.52544 ] } },
{ "type": "Feature", "properties": { "railway": "station", "name": "Frasin" }, "geometry": { "type": "Point", "coordinates": [ 25.79173, 47.54187 ] } },
{ "type": "Feature", "properties": { "railway": "station", "name": "Cacica" }, "geometry": { "type": "Point", "coordinates": [ 25.92996, 47.63868 ] } },
{ "type": "Feature", "properties": { "railway": "station", "name": "Sadova" }, "geometry": { "type": "Point", "coordinates": [ 25.51106, 47.53717 ] } },
{ "type": "Feature", "properties": { "railway": "station", "name": "Molid" }, "geometry": { "type": "Point", "coordinates": [ 25.73344, 47.56619 ] } },
{ "type": "Feature", "properties": { "railway": "station", "name": "Prisaca Dornei" }, "geometry": { "type": "Point", "coordinates": [ 25.65742, 47.53779 ] } },
{ "type": "Feature", "properties": { "railway": "station", "name": "Vama" }, "geometry": { "type": "Point", "coordinates": [ 25.69452, 47.56495 ] } },
{ "type": "Feature", "properties": { "railway": "station", "name": "Virfu Dealului" }, "geometry": { "type": "Point", "coordinates": [ 25.93829, 47.59931 ] } },
{ "type": "Feature", "properties": { "railway": "halt", "name": "Păltinoasa" }, "geometry": { "type": "Point", "coordinates": [ 25.95564, 47.56727 ] } },
{ "type": "Feature", "properties": { "railway": "station", "name": "Dărmănești" }, "geometry": { "type": "Point", "coordinates": [ 26.14096, 47.71291 ] } },
{ "type": "Feature", "properties": { "railway": "station", "name": "Lucăcești" }, "geometry": { "type": "Point", "coordinates": [ 26.10167, 47.50533 ] } },
{ "type": "Feature", "properties": { "railway": "station", "name": "Ciprian Porumbescu" }, "geometry": { "type": "Point", "coordinates": [ 26.10783, 47.55786 ] } },
{ "type": "Feature", "properties": { "railway": "station", "name": "Stroiești" }, "geometry": { "type": "Point", "coordinates": [ 26.11407, 47.61629 ] } },
{ "type": "Feature", "properties": { "railway": "station", "name": "Suceava Vest" }, "geometry": { "type": "Point", "coordinates": [ 26.22306, 47.64801 ] } },
{ "type": "Feature", "properties": { "railway": "station", "name": "Liteni" }, "geometry": { "type": "Point", "coordinates": [ 26.53353, 47.51765 ] } },
{ "type": "Feature", "properties": { "railway": "station", "name": "Văratec" }, "geometry": { "type": "Point", "coordinates": [ 26.35908, 47.63139 ] } },
{ "type": "Feature", "properties": { "railway": "halt", "name": "Bănești Suceava" }, "geometry": { "type": "Point", "coordinates": [ 26.50341, 47.56902 ] } },
{ "type": "Feature", "properties": { "railway": "halt", "name": "Corni" }, "geometry": { "type": "Point", "coordinates": [ 26.56454, 47.47512 ] } },
{ "type": "Feature", "properties": { "railway": "station", "name": "Dolhasca" }, "geometry": { "type": "Point", "coordinates": [ 26.60852, 47.42679 ] } },
{ "type": "Feature", "properties": { "railway": "station", "name": "Lespezi" }, "geometry": { "type": "Point", "coordinates": [ 26.67068, 47.34706 ] } },
{ "type": "Feature", "properties": { "railway": "station", "name": "Lunca Siretului" }, "geometry": { "type": "Point", "coordinates": [ 26.69484, 47.30647 ] } },
{ "type": "Feature", "properties": { "railway": "halt", "name": "Cristești Pașcani" }, "geometry": { "type": "Point", "coordinates": [ 26.57266, 47.26438 ] } },
{ "type": "Feature", "properties": { "railway": "station", "name": "Timișești" }, "geometry": { "type": "Point", "coordinates": [ 26.52416, 47.24125 ] } },
{ "type": "Feature", "properties": { "railway": "halt", "name": "Sfântu Mina" }, "geometry": { "type": "Point", "coordinates": [ 26.45781, 47.22172 ] } },
{ "type": "Feature", "properties": { "railway": "halt", "name": "Plăieșu" }, "geometry": { "type": "Point", "coordinates": [ 26.49426, 47.23632 ] } },
{ "type": "Feature", "properties": { "railway": "station", "name": "Utvinișu Nou" }, "geometry": { "type": "Point", "coordinates": [ 21.35475, 46.2397 ] } },
{ "type": "Feature", "properties": { "railway": "station", "name": "Coroiești" }, "geometry": { "type": "Point", "coordinates": [ 23.29651, 45.3788 ] } },
{ "type": "Feature", "properties": { "railway": "station", "name": "Vulcan" }, "geometry": { "type": "Point", "coordinates": [ 23.28586, 45.37899 ] } },
{ "type": "Feature", "properties": { "railway": "station", "name": "Lupeni Gara Tehnică" }, "geometry": { "type": "Point", "coordinates": [ 23.23232, 45.35998 ] } },
{ "type": "Feature", "properties": { "railway": "station", "name": "Ezeriș" }, "geometry": { "type": "Point", "coordinates": [ 21.90709, 45.39988 ] } },
{ "type": "Feature", "properties": { "railway": "station", "name": "Brebu" }, "geometry": { "type": "Point", "coordinates": [ 21.97864, 45.428 ] } },
{ "type": "Feature", "properties": { "railway": "halt", "name": "Islaz h." }, "geometry": { "type": "Point", "coordinates": [ 26.38438, 44.45731 ] } },
{ "type": "Feature", "properties": { "railway": "station", "name": "Pasărea" }, "geometry": { "type": "Point", "coordinates": [ 26.26553, 44.46806 ] } },
{ "type": "Feature", "properties": { "railway": "station", "name": "Fundulea" }, "geometry": { "type": "Point", "coordinates": [ 26.51131, 44.45109 ] } },
{ "type": "Feature", "properties": { "railway": "station", "name": "Dor Mărunt Sat" }, "geometry": { "type": "Point", "coordinates": [ 26.92642, 44.43553 ] } },
{ "type": "Feature", "properties": { "railway": "station", "name": "Brănești" }, "geometry": { "type": "Point", "coordinates": [ 26.35789, 44.45808 ] } },
{ "type": "Feature", "properties": { "railway": "halt", "name": null }, "geometry": { "type": "Point", "coordinates": [ 26.58103, 44.44731 ] } },
{ "type": "Feature", "properties": { "railway": "station", "name": "Sărulești" }, "geometry": { "type": "Point", "coordinates": [ 26.65471, 44.44487 ] } },
{ "type": "Feature", "properties": { "railway": "halt", "name": "Bogdana" }, "geometry": { "type": "Point", "coordinates": [ 27.14591, 44.43161 ] } },
{ "type": "Feature", "properties": { "railway": "station", "name": "Călărași Nord" }, "geometry": { "type": "Point", "coordinates": [ 27.32498, 44.26468 ] } },
{ "type": "Feature", "properties": { "railway": "halt", "name": "Ivănești" }, "geometry": { "type": "Point", "coordinates": [ 27.2597, 44.42942 ] } },
{ "type": "Feature", "properties": { "railway": "halt", "name": "Km 25 + 700" }, "geometry": { "type": "Point", "coordinates": [ 27.32186, 44.2149 ] } },
{ "type": "Feature", "properties": { "railway": "halt", "name": "Ogoarele" }, "geometry": { "type": "Point", "coordinates": [ 27.46345, 44.42533 ] } },
{ "type": "Feature", "properties": { "railway": "station", "name": "Făurei" }, "geometry": { "type": "Point", "coordinates": [ 27.27481, 45.0827 ] } },
{ "type": "Feature", "properties": { "railway": "station", "name": "Arad Vest" }, "geometry": { "type": "Point", "coordinates": [ 21.27614, 46.19982 ] } },
{ "type": "Feature", "properties": { "railway": "station", "name": "Pecica" }, "geometry": { "type": "Point", "coordinates": [ 21.08627, 46.17413 ] } },
{ "type": "Feature", "properties": { "railway": "halt", "name": "Sântoma" }, "geometry": { "type": "Point", "coordinates": [ 21.18229, 46.18462 ] } },
{ "type": "Feature", "properties": { "railway": "halt", "name": "Seitin" }, "geometry": { "type": "Point", "coordinates": [ 20.84099, 46.11812 ] } },
{ "type": "Feature", "properties": { "railway": "halt", "name": "Canton nr. 9" }, "geometry": { "type": "Point", "coordinates": [ 20.98949, 46.16796 ] } },
{ "type": "Feature", "properties": { "railway": "halt", "name": "Semlac" }, "geometry": { "type": "Point", "coordinates": [ 20.92492, 46.11602 ] } },
{ "type": "Feature", "properties": { "railway": "station", "name": "Nădlac" }, "geometry": { "type": "Point", "coordinates": [ 20.76593, 46.15999 ] } },
{ "type": "Feature", "properties": { "railway": "halt", "name": "Ronaț Triaj Cabina 1" }, "geometry": { "type": "Point", "coordinates": [ 21.17507, 45.77206 ] } },
{ "type": "Feature", "properties": { "railway": "halt", "name": "Ronaț Triaj h" }, "geometry": { "type": "Point", "coordinates": [ 21.17021, 45.78516 ] } },
{ "type": "Feature", "properties": { "railway": "station", "name": "Ronaț Triaj Grupa D" }, "geometry": { "type": "Point", "coordinates": [ 21.1674, 45.79397 ] } },
{ "type": "Feature", "properties": { "railway": "halt", "name": "Hodoni" }, "geometry": { "type": "Point", "coordinates": [ 21.08298, 45.90184 ] } },
{ "type": "Feature", "properties": { "railway": "halt", "name": "Bărăteaz" }, "geometry": { "type": "Point", "coordinates": [ 21.06887, 45.98033 ] } },
{ "type": "Feature", "properties": { "railway": "halt", "name": "Gelu" }, "geometry": { "type": "Point", "coordinates": [ 21.04407, 46.00281 ] } },
{ "type": "Feature", "properties": { "railway": "halt", "name": "Variaș" }, "geometry": { "type": "Point", "coordinates": [ 20.96468, 46.01657 ] } },
{ "type": "Feature", "properties": { "railway": "halt", "name": "Pesac" }, "geometry": { "type": "Point", "coordinates": [ 20.82839, 45.99842 ] } },
{ "type": "Feature", "properties": { "railway": "station", "name": "Biled" }, "geometry": { "type": "Point", "coordinates": [ 20.9492, 45.88356 ] } },
{ "type": "Feature", "properties": { "railway": "halt", "name": "Șandra" }, "geometry": { "type": "Point", "coordinates": [ 20.89709, 45.91899 ] } },
{ "type": "Feature", "properties": { "railway": "halt", "name": "Pescărețu Mic" }, "geometry": { "type": "Point", "coordinates": [ 21.05182, 45.82761 ] } },
{ "type": "Feature", "properties": { "railway": "station", "name": "Satu Nou" }, "geometry": { "type": "Point", "coordinates": [ 20.81805, 45.9631 ] } },
{ "type": "Feature", "properties": { "railway": "halt", "name": "Tomnatic" }, "geometry": { "type": "Point", "coordinates": [ 20.67242, 45.99201 ] } },
{ "type": "Feature", "properties": { "railway": "station", "name": "Sânnicolau Nord" }, "geometry": { "type": "Point", "coordinates": [ 20.62243, 46.08225 ] } },
{ "type": "Feature", "properties": { "railway": "station", "name": "Zădăreni" }, "geometry": { "type": "Point", "coordinates": [ 21.22109, 46.12918 ] } },
{ "type": "Feature", "properties": { "railway": "halt", "name": "Bodrogu Nou" }, "geometry": { "type": "Point", "coordinates": [ 21.1966, 46.12554 ] } },
{ "type": "Feature", "properties": { "railway": "station", "name": "Secusigiu" }, "geometry": { "type": "Point", "coordinates": [ 20.9882, 46.08429 ] } },
{ "type": "Feature", "properties": { "railway": "halt", "name": "Sânpetru German" }, "geometry": { "type": "Point", "coordinates": [ 21.04944, 46.10151 ] } },
{ "type": "Feature", "properties": { "railway": "halt", "name": "Sânpetru" }, "geometry": { "type": "Point", "coordinates": [ 20.81419, 46.03807 ] } },
{ "type": "Feature", "properties": { "railway": "halt", "name": "Saravale" }, "geometry": { "type": "Point", "coordinates": [ 20.7388, 46.05212 ] } },
{ "type": "Feature", "properties": { "railway": "halt", "name": "Dudeștii Vechi" }, "geometry": { "type": "Point", "coordinates": [ 20.47364, 46.03087 ] } },
{ "type": "Feature", "properties": { "railway": "halt", "name": "Vălcani" }, "geometry": { "type": "Point", "coordinates": [ 20.40486, 45.99234 ] } },
{ "type": "Feature", "properties": { "railway": "halt", "name": "Utvin" }, "geometry": { "type": "Point", "coordinates": [ 21.12633, 45.70489 ] } },
{ "type": "Feature", "properties": { "railway": "halt", "name": "Sânmihai" }, "geometry": { "type": "Point", "coordinates": [ 21.10614, 45.6907 ] } },
{ "type": "Feature", "properties": { "railway": "halt", "name": "Parța" }, "geometry": { "type": "Point", "coordinates": [ 21.12805, 45.64386 ] } },
{ "type": "Feature", "properties": { "railway": "station", "name": "Peciu Nou" }, "geometry": { "type": "Point", "coordinates": [ 21.05372, 45.598 ] } },
{ "type": "Feature", "properties": { "railway": "halt", "name": "Giulvaz" }, "geometry": { "type": "Point", "coordinates": [ 20.99465, 45.5489 ] } },
{ "type": "Feature", "properties": { "railway": "halt", "name": "Rudna" }, "geometry": { "type": "Point", "coordinates": [ 21.00439, 45.50336 ] } },
{ "type": "Feature", "properties": { "railway": "station", "name": "Cruceni" }, "geometry": { "type": "Point", "coordinates": [ 20.87105, 45.47127 ] } },
{ "type": "Feature", "properties": { "railway": "halt", "name": "Denta" }, "geometry": { "type": "Point", "coordinates": [ 21.23554, 45.34634 ] } },
{ "type": "Feature", "properties": { "railway": "station", "name": "Semenic" }, "geometry": { "type": "Point", "coordinates": [ 21.26401, 45.7017 ] } },
{ "type": "Feature", "properties": { "railway": "halt", "name": "Uliuc" }, "geometry": { "type": "Point", "coordinates": [ 21.36644, 45.68052 ] } },
{ "type": "Feature", "properties": { "railway": "station", "name": "Sacoșu Mic" }, "geometry": { "type": "Point", "coordinates": [ 21.42612, 45.66452 ] } },
{ "type": "Feature", "properties": { "railway": "halt", "name": "Bacova" }, "geometry": { "type": "Point", "coordinates": [ 21.55214, 45.65905 ] } },
{ "type": "Feature", "properties": { "railway": "halt", "name": "Căpăt" }, "geometry": { "type": "Point", "coordinates": [ 21.6576, 45.69032 ] } },
{ "type": "Feature", "properties": { "railway": "station", "name": "Sinia" }, "geometry": { "type": "Point", "coordinates": [ 21.71797, 45.68475 ] } },
{ "type": "Feature", "properties": { "railway": "halt", "name": "Boldur" }, "geometry": { "type": "Point", "coordinates": [ 21.7956, 45.6767 ] } },
{ "type": "Feature", "properties": { "railway": "station", "name": "Podari" }, "geometry": { "type": "Point", "coordinates": [ 23.78353, 44.24329 ] } },
{ "type": "Feature", "properties": { "railway": "halt", "name": "Segarcea Nord hc" }, "geometry": { "type": "Point", "coordinates": [ 23.73016, 44.08938 ] } },
{ "type": "Feature", "properties": { "railway": "station", "name": "Segarcea" }, "geometry": { "type": "Point", "coordinates": [ 23.72415, 44.08128 ] } },
{ "type": "Feature", "properties": { "railway": "halt", "name": "Cerăt h" }, "geometry": { "type": "Point", "coordinates": [ 23.68658, 44.06049 ] } },
{ "type": "Feature", "properties": { "railway": "halt", "name": "Urzica Mare h" }, "geometry": { "type": "Point", "coordinates": [ 23.60223, 44.03054 ] } },
{ "type": "Feature", "properties": { "railway": "station", "name": "Afumați" }, "geometry": { "type": "Point", "coordinates": [ 23.52501, 44.03135 ] } },
{ "type": "Feature", "properties": { "railway": "halt", "name": "Boureni hcv" }, "geometry": { "type": "Point", "coordinates": [ 23.43749, 44.03253 ] } },
{ "type": "Feature", "properties": { "railway": "halt", "name": "Siliștea Crucii hc" }, "geometry": { "type": "Point", "coordinates": [ 23.46761, 44.03219 ] } },
{ "type": "Feature", "properties": { "railway": "station", "name": "Băilești" }, "geometry": { "type": "Point", "coordinates": [ 23.34897, 44.03347 ] } },
{ "type": "Feature", "properties": { "railway": "station", "name": "Moțăței" }, "geometry": { "type": "Point", "coordinates": [ 23.18883, 44.03493 ] } },
{ "type": "Feature", "properties": { "railway": "halt", "name": "Maglavit hcv" }, "geometry": { "type": "Point", "coordinates": [ 23.12209, 44.01004 ] } },
{ "type": "Feature", "properties": { "railway": "halt", "name": "Cobuz h" }, "geometry": { "type": "Point", "coordinates": [ 22.95667, 43.97888 ] } },
{ "type": "Feature", "properties": { "railway": "halt", "name": "Canton 239+700" }, "geometry": { "type": "Point", "coordinates": [ 24.36987, 44.10871 ] } },
{ "type": "Feature", "properties": { "railway": "station", "name": "Grupa Tehnică Caracal" }, "geometry": { "type": "Point", "coordinates": [ 24.38026, 44.08711 ] } },
{ "type": "Feature", "properties": { "railway": "halt", "name": "Deveselu" }, "geometry": { "type": "Point", "coordinates": [ 24.39429, 44.05773 ] } },
{ "type": "Feature", "properties": { "railway": "halt", "name": "Frăsinet" }, "geometry": { "type": "Point", "coordinates": [ 24.42165, 44.00113 ] } },
{ "type": "Feature", "properties": { "railway": "halt", "name": "Vișina Veche" }, "geometry": { "type": "Point", "coordinates": [ 24.44152, 43.86443 ] } },
{ "type": "Feature", "properties": { "railway": "halt", "name": "Studinița" }, "geometry": { "type": "Point", "coordinates": [ 24.43178, 43.97415 ] } },
{ "type": "Feature", "properties": { "railway": "halt", "name": "Vișina" }, "geometry": { "type": "Point", "coordinates": [ 24.43591, 43.88661 ] } },
{ "type": "Feature", "properties": { "railway": "halt", "name": "Studina" }, "geometry": { "type": "Point", "coordinates": [ 24.42475, 43.94035 ] } },
{ "type": "Feature", "properties": { "railway": "halt", "name": "Bratcov" }, "geometry": { "type": "Point", "coordinates": [ 24.98791, 44.07075 ] } },
{ "type": "Feature", "properties": { "railway": "halt", "name": "Km. 200+400 P. Aj. M." }, "geometry": { "type": "Point", "coordinates": [ 24.98389, 44.06448 ] } },
{ "type": "Feature", "properties": { "railway": "station", "name": "Troian" }, "geometry": { "type": "Point", "coordinates": [ 24.94673, 44.00921 ] } },
{ "type": "Feature", "properties": { "railway": "station", "name": "Salcia Teleorman" }, "geometry": { "type": "Point", "coordinates": [ 24.93323, 43.93266 ] } },
{ "type": "Feature", "properties": { "railway": "halt", "name": "Km. 231+600" }, "geometry": { "type": "Point", "coordinates": [ 24.84906, 43.83284 ] } },
{ "type": "Feature", "properties": { "railway": "halt", "name": "Curcani" }, "geometry": { "type": "Point", "coordinates": [ 26.5927, 44.20676 ] } },
{ "type": "Feature", "properties": { "railway": "station", "name": "Budești" }, "geometry": { "type": "Point", "coordinates": [ 26.46624, 44.23971 ] } },
{ "type": "Feature", "properties": { "railway": "halt", "name": "Valea Roșie" }, "geometry": { "type": "Point", "coordinates": [ 26.61553, 44.16909 ] } },
{ "type": "Feature", "properties": { "railway": "halt", "name": "Negoiești" }, "geometry": { "type": "Point", "coordinates": [ 26.50148, 44.23355 ] } },
{ "type": "Feature", "properties": { "railway": "halt", "name": "Vasilați" }, "geometry": { "type": "Point", "coordinates": [ 26.4424, 44.28612 ] } },
{ "type": "Feature", "properties": { "railway": "halt", "name": "Cucuieți Sudiți" }, "geometry": { "type": "Point", "coordinates": [ 26.38727, 44.33124 ] } },
{ "type": "Feature", "properties": { "railway": "halt", "name": "Plătărești" }, "geometry": { "type": "Point", "coordinates": [ 26.37086, 44.35571 ] } },
{ "type": "Feature", "properties": { "railway": "halt", "name": "Căldăraru" }, "geometry": { "type": "Point", "coordinates": [ 26.25816, 44.41116 ] } },
{ "type": "Feature", "properties": { "railway": "halt", "name": "Tânganu" }, "geometry": { "type": "Point", "coordinates": [ 26.32026, 44.39386 ] } },
{ "type": "Feature", "properties": { "railway": "halt", "name": "Neptun h.c." }, "geometry": { "type": "Point", "coordinates": [ 28.59727, 43.87488 ] } },
{ "type": "Feature", "properties": { "railway": "station", "name": "Târgușor Dobrogea" }, "geometry": { "type": "Point", "coordinates": [ 28.43872, 44.46417 ] } },
{ "type": "Feature", "properties": { "railway": "station", "name": "Nicolae Bălcescu" }, "geometry": { "type": "Point", "coordinates": [ 28.38039, 44.37664 ] } },
{ "type": "Feature", "properties": { "railway": "station", "name": "Baia Dobrogea" }, "geometry": { "type": "Point", "coordinates": [ 28.68367, 44.72835 ] } },
{ "type": "Feature", "properties": { "railway": "station", "name": "Cogealac" }, "geometry": { "type": "Point", "coordinates": [ 28.56612, 44.57068 ] } },
{ "type": "Feature", "properties": { "railway": "station", "name": "Mihai Viteazu" }, "geometry": { "type": "Point", "coordinates": [ 28.67898, 44.65057 ] } },
{ "type": "Feature", "properties": { "railway": "halt", "name": "Codru" }, "geometry": { "type": "Point", "coordinates": [ 28.70047, 44.84026 ] } },
{ "type": "Feature", "properties": { "railway": "station", "name": "Zebil" }, "geometry": { "type": "Point", "coordinates": [ 28.71877, 44.964 ] } },
{ "type": "Feature", "properties": { "railway": "halt", "name": "Mihail Kogălniceanu" }, "geometry": { "type": "Point", "coordinates": [ 28.74601, 45.03783 ] } },
{ "type": "Feature", "properties": { "railway": "station", "name": "Tulcea Mărfuri" }, "geometry": { "type": "Point", "coordinates": [ 28.76904, 45.16192 ] } },
{ "type": "Feature", "properties": { "railway": "halt", "name": "Frumușița" }, "geometry": { "type": "Point", "coordinates": [ 28.07149, 45.65713 ] } },
{ "type": "Feature", "properties": { "railway": "station", "name": "Foltești" }, "geometry": { "type": "Point", "coordinates": [ 28.06961, 45.73866 ] } },
{ "type": "Feature", "properties": { "railway": "halt", "name": "Fârțănești" }, "geometry": { "type": "Point", "coordinates": [ 27.98109, 45.78905 ] } },
{ "type": "Feature", "properties": { "railway": "halt", "name": "Chiraftei" }, "geometry": { "type": "Point", "coordinates": [ 28.01407, 45.77011 ] } },
{ "type": "Feature", "properties": { "railway": "halt", "name": "Băleni" }, "geometry": { "type": "Point", "coordinates": [ 27.94801, 45.81295 ] } },
{ "type": "Feature", "properties": { "railway": "station", "name": "Târgu Bujor" }, "geometry": { "type": "Point", "coordinates": [ 27.92261, 45.8668 ] } },
{ "type": "Feature", "properties": { "railway": "halt", "name": "Umbrărești Sat" }, "geometry": { "type": "Point", "coordinates": [ 27.92104, 45.84895 ] } },
{ "type": "Feature", "properties": { "railway": "halt", "name": "Moscu" }, "geometry": { "type": "Point", "coordinates": [ 27.93289, 45.90566 ] } },
{ "type": "Feature", "properties": { "railway": "halt", "name": "Balintești" }, "geometry": { "type": "Point", "coordinates": [ 27.92299, 46.02358 ] } },
{ "type": "Feature", "properties": { "railway": "station", "name": "Berești" }, "geometry": { "type": "Point", "coordinates": [ 27.89126, 46.08315 ] } },
{ "type": "Feature", "properties": { "railway": "halt", "name": "Tălășmani" }, "geometry": { "type": "Point", "coordinates": [ 27.84074, 46.13198 ] } },
{ "type": "Feature", "properties": { "railway": "halt", "name": "Docăneasa" }, "geometry": { "type": "Point", "coordinates": [ 27.78369, 46.11352 ] } },
{ "type": "Feature", "properties": { "railway": "halt", "name": "Lungești" }, "geometry": { "type": "Point", "coordinates": [ 27.7519, 46.11535 ] } },
{ "type": "Feature", "properties": { "railway": "halt", "name": "Bălăbănești" }, "geometry": { "type": "Point", "coordinates": [ 27.68957, 46.13562 ] } },
{ "type": "Feature", "properties": { "railway": "halt", "name": "Grivița" }, "geometry": { "type": "Point", "coordinates": [ 27.65592, 46.1609 ] } },
{ "type": "Feature", "properties": { "railway": "station", "name": "Banca" }, "geometry": { "type": "Point", "coordinates": [ 27.79136, 46.33552 ] } },
{ "type": "Feature", "properties": { "railway": "station", "name": "Frunzeasca" }, "geometry": { "type": "Point", "coordinates": [ 27.41986, 45.90163 ] } },
{ "type": "Feature", "properties": { "railway": "station", "name": "Ghidigeni" }, "geometry": { "type": "Point", "coordinates": [ 27.47891, 46.07526 ] } },
{ "type": "Feature", "properties": { "railway": "halt", "name": "Rateș Munteni" }, "geometry": { "type": "Point", "coordinates": [ 27.4316, 45.92869 ] } },
{ "type": "Feature", "properties": { "railway": "halt", "name": "Nichișeni" }, "geometry": { "type": "Point", "coordinates": [ 27.45787, 46.04449 ] } },
{ "type": "Feature", "properties": { "railway": "station", "name": "Zorleni" }, "geometry": { "type": "Point", "coordinates": [ 27.72634, 46.26689 ] } },
{ "type": "Feature", "properties": { "railway": "halt", "name": "Dodești" }, "geometry": { "type": "Point", "coordinates": [ 27.821, 46.37553 ] } },
{ "type": "Feature", "properties": { "railway": "station", "name": "Roșiești" }, "geometry": { "type": "Point", "coordinates": [ 27.83405, 46.4301 ] } },
{ "type": "Feature", "properties": { "railway": "halt", "name": "Bulboaca" }, "geometry": { "type": "Point", "coordinates": [ 27.78423, 46.5584 ] } },
{ "type": "Feature", "properties": { "railway": "station", "name": "Bălteni" }, "geometry": { "type": "Point", "coordinates": [ 27.64288, 46.69023 ] } },
{ "type": "Feature", "properties": { "railway": "station", "name": "Munteni" }, "geometry": { "type": "Point", "coordinates": [ 27.7575, 46.59121 ] } },
{ "type": "Feature", "properties": { "railway": "halt", "name": "Brăhășoaia" }, "geometry": { "type": "Point", "coordinates": [ 27.60802, 46.71903 ] } },
{ "type": "Feature", "properties": { "railway": "halt", "name": "Bârzești" }, "geometry": { "type": "Point", "coordinates": [ 27.58791, 46.74423 ] } },
{ "type": "Feature", "properties": { "railway": "station", "name": "Buhăiești" }, "geometry": { "type": "Point", "coordinates": [ 27.56003, 46.79694 ] } },
{ "type": "Feature", "properties": { "railway": "halt", "name": "Rateșu Cuzei" }, "geometry": { "type": "Point", "coordinates": [ 27.56436, 46.83142 ] } },
{ "type": "Feature", "properties": { "railway": "station", "name": "Scânteia" }, "geometry": { "type": "Point", "coordinates": [ 27.56803, 46.92352 ] } },
{ "type": "Feature", "properties": { "railway": "station", "name": "Picioru Lupului" }, "geometry": { "type": "Point", "coordinates": [ 27.57281, 47.05543 ] } },
{ "type": "Feature", "properties": { "railway": "station", "name": "Negrești Vaslui" }, "geometry": { "type": "Point", "coordinates": [ 27.45338, 46.82317 ] } },
{ "type": "Feature", "properties": { "railway": "halt", "name": "Dumești" }, "geometry": { "type": "Point", "coordinates": [ 27.32912, 46.83704 ] } },
{ "type": "Feature", "properties": { "railway": "halt", "name": "Rafaila" }, "geometry": { "type": "Point", "coordinates": [ 27.39835, 46.83287 ] } },
{ "type": "Feature", "properties": { "railway": "station", "name": "Dagâța" }, "geometry": { "type": "Point", "coordinates": [ 27.20442, 46.91732 ] } },
{ "type": "Feature", "properties": { "railway": "halt", "name": "Bălușești" }, "geometry": { "type": "Point", "coordinates": [ 27.21502, 46.88923 ] } },
{ "type": "Feature", "properties": { "railway": "halt", "name": "Suhuleț" }, "geometry": { "type": "Point", "coordinates": [ 27.22255, 46.86269 ] } },
{ "type": "Feature", "properties": { "railway": "station", "name": "Marseal C-tin Prezan" }, "geometry": { "type": "Point", "coordinates": [ 27.26002, 46.82957 ] } },
{ "type": "Feature", "properties": { "railway": "halt", "name": "Zece Prăjini" }, "geometry": { "type": "Point", "coordinates": [ 27.18316, 46.93628 ] } },
{ "type": "Feature", "properties": { "railway": "halt", "name": "Piscu Rusului" }, "geometry": { "type": "Point", "coordinates": [ 27.1339, 46.95826 ] } },
{ "type": "Feature", "properties": { "railway": "halt", "name": "Vulpășești" }, "geometry": { "type": "Point", "coordinates": [ 27.06203, 46.98662 ] } },
{ "type": "Feature", "properties": { "railway": "halt", "name": "Erbiceni" }, "geometry": { "type": "Point", "coordinates": [ 27.24892, 47.24851 ] } },
{ "type": "Feature", "properties": { "railway": "halt", "name": "Spinoasa" }, "geometry": { "type": "Point", "coordinates": [ 27.1843, 47.25466 ] } },
{ "type": "Feature", "properties": { "railway": "halt", "name": "Răuseni" }, "geometry": { "type": "Point", "coordinates": [ 27.20623, 47.56386 ] } },
{ "type": "Feature", "properties": { "railway": "halt", "name": "Podu Ulmi" }, "geometry": { "type": "Point", "coordinates": [ 27.05839, 47.30551 ] } },
{ "type": "Feature", "properties": { "railway": "halt", "name": "Ceplenița" }, "geometry": { "type": "Point", "coordinates": [ 26.96263, 47.38084 ] } },
{ "type": "Feature", "properties": { "railway": "halt", "name": "Bădeni" }, "geometry": { "type": "Point", "coordinates": [ 26.94958, 47.40602 ] } },
{ "type": "Feature", "properties": { "railway": "station", "name": "Cotnari" }, "geometry": { "type": "Point", "coordinates": [ 26.97176, 47.34927 ] } },
{ "type": "Feature", "properties": { "railway": "station", "name": "Hârlău" }, "geometry": { "type": "Point", "coordinates": [ 26.92144, 47.4185 ] } },
{ "type": "Feature", "properties": { "railway": "station", "name": "Rediu" }, "geometry": { "type": "Point", "coordinates": [ 27.24599, 47.5416 ] } },
{ "type": "Feature", "properties": { "railway": "halt", "name": "Andrieșeni" }, "geometry": { "type": "Point", "coordinates": [ 27.27327, 47.51458 ] } },
{ "type": "Feature", "properties": { "railway": "station", "name": "Todireni" }, "geometry": { "type": "Point", "coordinates": [ 27.15286, 47.59816 ] } },
{ "type": "Feature", "properties": { "railway": "halt", "name": "Buhăceni" }, "geometry": { "type": "Point", "coordinates": [ 26.99503, 47.80739 ] } },
{ "type": "Feature", "properties": { "railway": "station", "name": "Dângeni" }, "geometry": { "type": "Point", "coordinates": [ 26.96003, 47.85189 ] } },
{ "type": "Feature", "properties": { "railway": "station", "name": "Ungureni" }, "geometry": { "type": "Point", "coordinates": [ 26.79564, 47.88553 ] } },
{ "type": "Feature", "properties": { "railway": "halt", "name": "Dângeni Nord" }, "geometry": { "type": "Point", "coordinates": [ 26.83249, 47.87334 ] } },
{ "type": "Feature", "properties": { "railway": "halt", "name": "Mateieni" }, "geometry": { "type": "Point", "coordinates": [ 26.60172, 47.91965 ] } },
{ "type": "Feature", "properties": { "railway": "halt", "name": "Corlăteni" }, "geometry": { "type": "Point", "coordinates": [ 26.5484, 47.92222 ] } },
{ "type": "Feature", "properties": { "railway": "halt", "name": "Carasa" }, "geometry": { "type": "Point", "coordinates": [ 26.51293, 47.9302 ] } },
{ "type": "Feature", "properties": { "railway": "halt", "name": "Brăești" }, "geometry": { "type": "Point", "coordinates": [ 26.46806, 47.86145 ] } },
{ "type": "Feature", "properties": { "railway": "station", "name": "Dornești" }, "geometry": { "type": "Point", "coordinates": [ 25.99987, 47.87233 ] } },
{ "type": "Feature", "properties": { "railway": "halt", "name": "Țibeni" }, "geometry": { "type": "Point", "coordinates": [ 26.02577, 47.82107 ] } },
{ "type": "Feature", "properties": { "railway": "station", "name": "Milișăuți" }, "geometry": { "type": "Point", "coordinates": [ 26.05165, 47.77305 ] } },
{ "type": "Feature", "properties": { "railway": "station", "name": "Vicșani" }, "geometry": { "type": "Point", "coordinates": [ 25.96709, 47.94164 ] } },
{ "type": "Feature", "properties": { "railway": "halt", "name": "Fiad Hm" }, "geometry": { "type": "Point", "coordinates": [ 24.3904, 47.49493 ] } },
{ "type": "Feature", "properties": { "railway": "halt", "name": "Petrova" }, "geometry": { "type": "Point", "coordinates": [ 24.21125, 47.8287 ] } },
{ "type": "Feature", "properties": { "railway": "halt", "name": "Vișeu Bistra" }, "geometry": { "type": "Point", "coordinates": [ 24.1909, 47.86364 ] } },
{ "type": "Feature", "properties": { "railway": "halt", "name": "Tisa" }, "geometry": { "type": "Point", "coordinates": [ 23.96273, 47.94608 ] } },
{ "type": "Feature", "properties": { "railway": "station", "name": "Cămara Sighet" }, "geometry": { "type": "Point", "coordinates": [ 23.90936, 47.94334 ] } },
{ "type": "Feature", "properties": { "railway": "halt", "name": "Coplean" }, "geometry": { "type": "Point", "coordinates": [ 23.82443, 47.20038 ] } },
{ "type": "Feature", "properties": { "railway": "station", "name": "Cășeiu" }, "geometry": { "type": "Point", "coordinates": [ 23.85145, 47.1887 ] } },
{ "type": "Feature", "properties": { "railway": "halt", "name": "Căpâlna pe Someș" }, "geometry": { "type": "Point", "coordinates": [ 23.73028, 47.24845 ] } },
{ "type": "Feature", "properties": { "railway": "station", "name": "Glodu Someșului" }, "geometry": { "type": "Point", "coordinates": [ 23.64551, 47.28156 ] } },
{ "type": "Feature", "properties": { "railway": "halt", "name": "Bizușa" }, "geometry": { "type": "Point", "coordinates": [ 23.60288, 47.34166 ] } },
{ "type": "Feature", "properties": { "railway": "station", "name": "Ileanda" }, "geometry": { "type": "Point", "coordinates": [ 23.60922, 47.32632 ] } },
{ "type": "Feature", "properties": { "railway": "station", "name": "Răstoci" }, "geometry": { "type": "Point", "coordinates": [ 23.54107, 47.35455 ] } },
{ "type": "Feature", "properties": { "railway": "station", "name": "Letca" }, "geometry": { "type": "Point", "coordinates": [ 23.46583, 47.33812 ] } },
{ "type": "Feature", "properties": { "railway": "halt", "name": "Țicău" }, "geometry": { "type": "Point", "coordinates": [ 23.30332, 47.44382 ] } },
{ "type": "Feature", "properties": { "railway": "halt", "name": "Var" }, "geometry": { "type": "Point", "coordinates": [ 23.29872, 47.23763 ] } },
{ "type": "Feature", "properties": { "railway": "station", "name": "Satulung pe Someș" }, "geometry": { "type": "Point", "coordinates": [ 23.41696, 47.57748 ] } },
{ "type": "Feature", "properties": { "railway": "halt", "name": "Inău" }, "geometry": { "type": "Point", "coordinates": [ 23.27055, 47.36236 ] } },
{ "type": "Feature", "properties": { "railway": "halt", "name": "Aluniș Sălaj" }, "geometry": { "type": "Point", "coordinates": [ 23.27847, 47.38414 ] } },
{ "type": "Feature", "properties": { "railway": "station", "name": "Ulmeni Sălaj" }, "geometry": { "type": "Point", "coordinates": [ 23.29863, 47.46189 ] } },
{ "type": "Feature", "properties": { "railway": "halt", "name": "Fersig" }, "geometry": { "type": "Point", "coordinates": [ 23.37489, 47.54 ] } },
{ "type": "Feature", "properties": { "railway": "station", "name": "Bușag" }, "geometry": { "type": "Point", "coordinates": [ 23.42824, 47.66472 ] } },
{ "type": "Feature", "properties": { "railway": "halt", "name": "Cicirlău" }, "geometry": { "type": "Point", "coordinates": [ 23.40086, 47.68609 ] } },
{ "type": "Feature", "properties": { "railway": "halt", "name": "Săbișa" }, "geometry": { "type": "Point", "coordinates": [ 23.32507, 47.72588 ] } },
{ "type": "Feature", "properties": { "railway": "halt", "name": "Odoreu" }, "geometry": { "type": "Point", "coordinates": [ 22.99272, 47.80049 ] } },
{ "type": "Feature", "properties": { "railway": "station", "name": "Micula" }, "geometry": { "type": "Point", "coordinates": [ 22.96124, 47.90064 ] } },
{ "type": "Feature", "properties": { "railway": "station", "name": "Porumbești" }, "geometry": { "type": "Point", "coordinates": [ 22.98557, 47.9511 ] } },
{ "type": "Feature", "properties": { "railway": "station", "name": "Halmeu" }, "geometry": { "type": "Point", "coordinates": [ 22.99781, 47.98453 ] } },
{ "type": "Feature", "properties": { "railway": "station", "name": "Diosig" }, "geometry": { "type": "Point", "coordinates": [ 22.01261, 47.29704 ] } },
{ "type": "Feature", "properties": { "railway": "halt", "name": "Giorocuta" }, "geometry": { "type": "Point", "coordinates": [ 22.77781, 47.43346 ] } },
{ "type": "Feature", "properties": { "railway": "station", "name": "Sătmărel" }, "geometry": { "type": "Point", "coordinates": [ 22.79563, 47.7418 ] } },
{ "type": "Feature", "properties": { "railway": "station", "name": "General Gheorghe Avramescu" }, "geometry": { "type": "Point", "coordinates": [ 22.67952, 47.69982 ] } },
{ "type": "Feature", "properties": { "railway": "halt", "name": "Marna" }, "geometry": { "type": "Point", "coordinates": [ 22.38746, 47.66149 ] } },
{ "type": "Feature", "properties": { "railway": "station", "name": "Sanislău" }, "geometry": { "type": "Point", "coordinates": [ 22.33737, 47.63187 ] } },
{ "type": "Feature", "properties": { "railway": "halt", "name": "Curtuișeni" }, "geometry": { "type": "Point", "coordinates": [ 22.20095, 47.55848 ] } },
{ "type": "Feature", "properties": { "railway": "halt", "name": "Simion" }, "geometry": { "type": "Point", "coordinates": [ 22.09028, 47.48393 ] } },
{ "type": "Feature", "properties": { "railway": "halt", "name": "Roșiori Bihor" }, "geometry": { "type": "Point", "coordinates": [ 21.94397, 47.26404 ] } },
{ "type": "Feature", "properties": { "railway": "halt", "name": "Tămășeu" }, "geometry": { "type": "Point", "coordinates": [ 21.9134, 47.21896 ] } },
{ "type": "Feature", "properties": { "railway": "station", "name": "Tiream" }, "geometry": { "type": "Point", "coordinates": [ 22.48344, 47.60679 ] } },
{ "type": "Feature", "properties": { "railway": "halt", "name": "Hotoan" }, "geometry": { "type": "Point", "coordinates": [ 22.50321, 47.55796 ] } },
{ "type": "Feature", "properties": { "railway": "halt", "name": "Santău" }, "geometry": { "type": "Point", "coordinates": [ 22.51744, 47.51533 ] } },
{ "type": "Feature", "properties": { "railway": "station", "name": "Tășnad" }, "geometry": { "type": "Point", "coordinates": [ 22.57886, 47.4954 ] } },
{ "type": "Feature", "properties": { "railway": "halt", "name": "Săcășeni" }, "geometry": { "type": "Point", "coordinates": [ 22.64626, 47.51343 ] } },
{ "type": "Feature", "properties": { "railway": "station", "name": "Acâș" }, "geometry": { "type": "Point", "coordinates": [ 22.77506, 47.52698 ] } },
{ "type": "Feature", "properties": { "railway": "halt", "name": "Supur halta" }, "geometry": { "type": "Point", "coordinates": [ 22.79429, 47.4649 ] } },
{ "type": "Feature", "properties": { "railway": "halt", "name": "Supur" }, "geometry": { "type": "Point", "coordinates": [ 22.78606, 47.45241 ] } },
{ "type": "Feature", "properties": { "railway": "halt", "name": "Șărmășag haltă" }, "geometry": { "type": "Point", "coordinates": [ 22.81478, 47.35803 ] } },
{ "type": "Feature", "properties": { "railway": "halt", "name": "Guruslău" }, "geometry": { "type": "Point", "coordinates": [ 22.97698, 47.25588 ] } },
{ "type": "Feature", "properties": { "railway": "halt", "name": "Cuceu Sălaj" }, "geometry": { "type": "Point", "coordinates": [ 23.2014, 47.25392 ] } },
{ "type": "Feature", "properties": { "railway": "halt", "name": "Uilacu Șimleului" }, "geometry": { "type": "Point", "coordinates": [ 22.75917, 47.27704 ] } },
{ "type": "Feature", "properties": { "railway": "halt", "name": "Porți hc" }, "geometry": { "type": "Point", "coordinates": [ 22.55241, 47.22893 ] } },
{ "type": "Feature", "properties": { "railway": "halt", "name": "Giurtelec" }, "geometry": { "type": "Point", "coordinates": [ 22.78345, 47.29827 ] } },
{ "type": "Feature", "properties": { "railway": "station", "name": "Abrami" }, "geometry": { "type": "Point", "coordinates": [ 22.37997, 47.31447 ] } },
{ "type": "Feature", "properties": { "railway": "station", "name": "Șimleu Silvaniei" }, "geometry": { "type": "Point", "coordinates": [ 22.7697, 47.24973 ] } },
{ "type": "Feature", "properties": { "railway": "station", "name": "Ipu" }, "geometry": { "type": "Point", "coordinates": [ 22.60781, 47.22073 ] } },
{ "type": "Feature", "properties": { "railway": "halt", "name": "Chiribiș" }, "geometry": { "type": "Point", "coordinates": [ 22.34285, 47.3222 ] } },
{ "type": "Feature", "properties": { "railway": "station", "name": "Marghita" }, "geometry": { "type": "Point", "coordinates": [ 22.32817, 47.33939 ] } },
{ "type": "Feature", "properties": { "railway": "halt", "name": "Petreu" }, "geometry": { "type": "Point", "coordinates": [ 22.29806, 47.3355 ] } },
{ "type": "Feature", "properties": { "railway": "halt", "name": "Bolcas" }, "geometry": { "type": "Point", "coordinates": [ 22.23203, 47.35309 ] } },
{ "type": "Feature", "properties": { "railway": "halt", "name": "Socodor" }, "geometry": { "type": "Point", "coordinates": [ 21.4325, 46.50075 ] } },
{ "type": "Feature", "properties": { "railway": "station", "name": "Nădab" }, "geometry": { "type": "Point", "coordinates": [ 21.50226, 46.48617 ] } },
{ "type": "Feature", "properties": { "railway": "halt", "name": "Șiclău" }, "geometry": { "type": "Point", "coordinates": [ 21.36365, 46.50023 ] } },
{ "type": "Feature", "properties": { "railway": "station", "name": "Oradea Vest" }, "geometry": { "type": "Point", "coordinates": [ 21.89321, 47.05949 ] } },
{ "type": "Feature", "properties": { "railway": "station", "name": "Zerind" }, "geometry": { "type": "Point", "coordinates": [ 21.54541, 46.59334 ] } },
{ "type": "Feature", "properties": { "railway": "halt", "name": "Ociu" }, "geometry": { "type": "Point", "coordinates": [ 22.57213, 46.20948 ] } },
{ "type": "Feature", "properties": { "railway": "halt", "name": "Ribița" }, "geometry": { "type": "Point", "coordinates": [ 22.76297, 46.16371 ] } },
{ "type": "Feature", "properties": { "railway": "halt", "name": "Finiș" }, "geometry": { "type": "Point", "coordinates": [ 22.31715, 46.6588 ] } },
{ "type": "Feature", "properties": { "railway": "halt", "name": "Tărcaia" }, "geometry": { "type": "Point", "coordinates": [ 22.38433, 46.6339 ] } },
{ "type": "Feature", "properties": { "railway": "halt", "name": "Tămașda" }, "geometry": { "type": "Point", "coordinates": [ 21.55332, 46.6556 ] } },
{ "type": "Feature", "properties": { "railway": "station", "name": "Leș Bihor" }, "geometry": { "type": "Point", "coordinates": [ 21.8083, 46.98108 ] } },
{ "type": "Feature", "properties": { "railway": "halt", "name": "Zimandu Nou" }, "geometry": { "type": "Point", "coordinates": [ 21.39534, 46.28283 ] } },
{ "type": "Feature", "properties": { "railway": "halt", "name": "Boiu Bihor" }, "geometry": { "type": "Point", "coordinates": [ 21.58576, 46.69273 ] } },
{ "type": "Feature", "properties": { "railway": "station", "name": "Șimand" }, "geometry": { "type": "Point", "coordinates": [ 21.4702, 46.42396 ] } },
{ "type": "Feature", "properties": { "railway": "halt", "name": "Comlăuș" }, "geometry": { "type": "Point", "coordinates": [ 21.52022, 46.36133 ] } },
{ "type": "Feature", "properties": { "railway": "halt", "name": "Utviniș" }, "geometry": { "type": "Point", "coordinates": [ 21.36407, 46.26767 ] } },
{ "type": "Feature", "properties": { "railway": "station", "name": "Batăr" }, "geometry": { "type": "Point", "coordinates": [ 21.76769, 46.72394 ] } },
{ "type": "Feature", "properties": { "railway": "halt", "name": "Gurbediu" }, "geometry": { "type": "Point", "coordinates": [ 21.89282, 46.77246 ] } },
{ "type": "Feature", "properties": { "railway": "halt", "name": "Râpa" }, "geometry": { "type": "Point", "coordinates": [ 22.03275, 46.77675 ] } },
{ "type": "Feature", "properties": { "railway": "station", "name": "Sudrigiu" }, "geometry": { "type": "Point", "coordinates": [ 22.41853, 46.60474 ] } },
{ "type": "Feature", "properties": { "railway": "station", "name": "Holod Vest" }, "geometry": { "type": "Point", "coordinates": [ 22.10524, 46.77577 ] } },
{ "type": "Feature", "properties": { "railway": "station", "name": "Holod" }, "geometry": { "type": "Point", "coordinates": [ 22.13039, 46.78168 ] } },
{ "type": "Feature", "properties": { "railway": "halt", "name": "Suplacu de Tinca" }, "geometry": { "type": "Point", "coordinates": [ 22.1249, 46.70658 ] } },
{ "type": "Feature", "properties": { "railway": "halt", "name": "Șoimi" }, "geometry": { "type": "Point", "coordinates": [ 22.12095, 46.68843 ] } },
{ "type": "Feature", "properties": { "railway": "halt", "name": "Borz" }, "geometry": { "type": "Point", "coordinates": [ 22.18662, 46.6738 ] } },
{ "type": "Feature", "properties": { "railway": "station", "name": "Gurahonț" }, "geometry": { "type": "Point", "coordinates": [ 22.34371, 46.27401 ] } },
{ "type": "Feature", "properties": { "railway": "halt", "name": "Ocișor" }, "geometry": { "type": "Point", "coordinates": [ 22.55963, 46.22336 ] } },
{ "type": "Feature", "properties": { "railway": "station", "name": "Târnova Zarand" }, "geometry": { "type": "Point", "coordinates": [ 21.78835, 46.33824 ] } },
{ "type": "Feature", "properties": { "railway": "halt", "name": "Rieni Bihor" }, "geometry": { "type": "Point", "coordinates": [ 22.43949, 46.57566 ] } },
{ "type": "Feature", "properties": { "railway": "station", "name": "Șiria" }, "geometry": { "type": "Point", "coordinates": [ 21.63614, 46.28328 ] } },
{ "type": "Feature", "properties": { "railway": "halt", "name": "Mâsca Măderat" }, "geometry": { "type": "Point", "coordinates": [ 21.66492, 46.2994 ] } },
{ "type": "Feature", "properties": { "railway": "halt", "name": "Seleuș" }, "geometry": { "type": "Point", "coordinates": [ 21.69836, 46.3443 ] } },
{ "type": "Feature", "properties": { "railway": "station", "name": "Bocsig" }, "geometry": { "type": "Point", "coordinates": [ 21.96505, 46.4392 ] } },
{ "type": "Feature", "properties": { "railway": "halt", "name": "Mocrea" }, "geometry": { "type": "Point", "coordinates": [ 21.80974, 46.38918 ] } },
{ "type": "Feature", "properties": { "railway": "halt", "name": "Tamand" }, "geometry": { "type": "Point", "coordinates": [ 21.91836, 46.44379 ] } },
{ "type": "Feature", "properties": { "railway": "halt", "name": "Răpsig" }, "geometry": { "type": "Point", "coordinates": [ 22.02405, 46.42359 ] } },
{ "type": "Feature", "properties": { "railway": "halt", "name": "Joia Mare" }, "geometry": { "type": "Point", "coordinates": [ 22.18106, 46.3027 ] } },
{ "type": "Feature", "properties": { "railway": "halt", "name": "Almaș" }, "geometry": { "type": "Point", "coordinates": [ 22.24719, 46.29644 ] } },
{ "type": "Feature", "properties": { "railway": "halt", "name": "Romanița" }, "geometry": { "type": "Point", "coordinates": [ 22.40202, 46.29147 ] } },
{ "type": "Feature", "properties": { "railway": "halt", "name": "Cariera Leasa" }, "geometry": { "type": "Point", "coordinates": [ 22.54098, 46.26676 ] } },
{ "type": "Feature", "properties": { "railway": "station", "name": "Vârfurile" }, "geometry": { "type": "Point", "coordinates": [ 22.52054, 46.29133 ] } },
{ "type": "Feature", "properties": { "railway": "station", "name": "Vața" }, "geometry": { "type": "Point", "coordinates": [ 22.59992, 46.18377 ] } },
{ "type": "Feature", "properties": { "railway": "halt", "name": "Birtin" }, "geometry": { "type": "Point", "coordinates": [ 22.6381, 46.17677 ] } },
{ "type": "Feature", "properties": { "railway": "halt", "name": "Baia de Criș" }, "geometry": { "type": "Point", "coordinates": [ 22.7114, 46.17973 ] } },
{ "type": "Feature", "properties": { "railway": "halt", "name": "Țebea" }, "geometry": { "type": "Point", "coordinates": [ 22.736, 46.17101 ] } },
{ "type": "Feature", "properties": { "railway": "halt", "name": "Lunca Moților" }, "geometry": { "type": "Point", "coordinates": [ 22.68143, 46.18027 ] } },
{ "type": "Feature", "properties": { "railway": "station", "name": "Coșteiu Mare" }, "geometry": { "type": "Point", "coordinates": [ 21.85909, 45.74949 ] } },
{ "type": "Feature", "properties": { "railway": "station", "name": "Cliciova" }, "geometry": { "type": "Point", "coordinates": [ 21.95712, 45.81227 ] } },
{ "type": "Feature", "properties": { "railway": "station", "name": "Balinț" }, "geometry": { "type": "Point", "coordinates": [ 21.86386, 45.79671 ] } },
{ "type": "Feature", "properties": { "railway": "halt", "name": "Lugoj Nord" }, "geometry": { "type": "Point", "coordinates": [ 21.88856, 45.70715 ] } },
{ "type": "Feature", "properties": { "railway": "halt", "name": "Păru" }, "geometry": { "type": "Point", "coordinates": [ 21.86113, 45.76521 ] } },
{ "type": "Feature", "properties": { "railway": "halt", "name": "Nevrincea" }, "geometry": { "type": "Point", "coordinates": [ 21.90148, 45.8041 ] } },
{ "type": "Feature", "properties": { "railway": "station", "name": "Mănăștur" }, "geometry": { "type": "Point", "coordinates": [ 22.0682, 45.8277 ] } },
{ "type": "Feature", "properties": { "railway": "station", "name": "Margina" }, "geometry": { "type": "Point", "coordinates": [ 22.26504, 45.85668 ] } },
{ "type": "Feature", "properties": { "railway": "halt", "name": "Coșteiu" }, "geometry": { "type": "Point", "coordinates": [ 22.37026, 45.89741 ] } },
{ "type": "Feature", "properties": { "railway": "halt", "name": "Răstoaca" }, "geometry": { "type": "Point", "coordinates": [ 24.34484, 45.07154 ] } },
{ "type": "Feature", "properties": { "railway": "station", "name": "Strejești" }, "geometry": { "type": "Point", "coordinates": [ 24.25915, 44.55825 ] } },
{ "type": "Feature", "properties": { "railway": "station", "name": "Zlătărei" }, "geometry": { "type": "Point", "coordinates": [ 24.25992, 44.60643 ] } },
{ "type": "Feature", "properties": { "railway": "halt", "name": "Canton 217" }, "geometry": { "type": "Point", "coordinates": [ 24.13738, 44.3355 ] } },
{ "type": "Feature", "properties": { "railway": "halt", "name": "Criva" }, "geometry": { "type": "Point", "coordinates": [ 24.29696, 44.37284 ] } },
{ "type": "Feature", "properties": { "railway": "station", "name": "Slătioara" }, "geometry": { "type": "Point", "coordinates": [ 24.33337, 44.38183 ] } },
{ "type": "Feature", "properties": { "railway": "halt", "name": "Milcov" }, "geometry": { "type": "Point", "coordinates": [ 24.38889, 44.38718 ] } },
{ "type": "Feature", "properties": { "railway": "station", "name": "Stolnici" }, "geometry": { "type": "Point", "coordinates": [ 24.78136, 44.54911 ] } },
{ "type": "Feature", "properties": { "railway": "station", "name": "Hârșești" }, "geometry": { "type": "Point", "coordinates": [ 24.75582, 44.51706 ] } },
{ "type": "Feature", "properties": { "railway": "station", "name": "Fâlfani Hm." }, "geometry": { "type": "Point", "coordinates": [ 24.82393, 44.6094 ] } },
{ "type": "Feature", "properties": { "railway": "halt", "name": "Beuca Sat" }, "geometry": { "type": "Point", "coordinates": [ 24.96962, 44.2541 ] } },
{ "type": "Feature", "properties": { "railway": "halt", "name": "Pârvu Hm." }, "geometry": { "type": "Point", "coordinates": [ 24.89684, 44.73312 ] } },
{ "type": "Feature", "properties": { "railway": "station", "name": "Pârvu Hc." }, "geometry": { "type": "Point", "coordinates": [ 24.90517, 44.77114 ] } },
{ "type": "Feature", "properties": { "railway": "halt", "name": "Km. 109" }, "geometry": { "type": "Point", "coordinates": [ 24.90083, 44.8399 ] } },
{ "type": "Feature", "properties": { "railway": "station", "name": "Bascov" }, "geometry": { "type": "Point", "coordinates": [ 24.82118, 44.89544 ] } },
{ "type": "Feature", "properties": { "railway": "halt", "name": "C.I.L." }, "geometry": { "type": "Point", "coordinates": [ 24.83492, 44.88519 ] } },
{ "type": "Feature", "properties": { "railway": "station", "name": "Clucereasa" }, "geometry": { "type": "Point", "coordinates": [ 24.9444, 44.97996 ] } },
{ "type": "Feature", "properties": { "railway": "halt", "name": "Pescăreasa" }, "geometry": { "type": "Point", "coordinates": [ 25.01684, 45.22942 ] } },
{ "type": "Feature", "properties": { "railway": "halt", "name": "Ram. Golesti" }, "geometry": { "type": "Point", "coordinates": [ 24.93352, 44.8272 ] } },
{ "type": "Feature", "properties": { "railway": "halt", "name": "Canton 97+770" }, "geometry": { "type": "Point", "coordinates": [ 24.99705, 44.8295 ] } },
{ "type": "Feature", "properties": { "railway": "station", "name": "Călinești" }, "geometry": { "type": "Point", "coordinates": [ 25.06292, 44.81032 ] } },
{ "type": "Feature", "properties": { "railway": "station", "name": "Leordeni Argeș" }, "geometry": { "type": "Point", "coordinates": [ 25.12415, 44.78377 ] } },
{ "type": "Feature", "properties": { "railway": "station", "name": "Pătroaia" }, "geometry": { "type": "Point", "coordinates": [ 25.20858, 44.74384 ] } },
{ "type": "Feature", "properties": { "railway": "halt", "name": "Găești Sud" }, "geometry": { "type": "Point", "coordinates": [ 25.32549, 44.71057 ] } },
{ "type": "Feature", "properties": { "railway": "station", "name": "Fusea" }, "geometry": { "type": "Point", "coordinates": [ 25.50291, 44.67406 ] } },
{ "type": "Feature", "properties": { "railway": "halt", "name": "Cojocaru" }, "geometry": { "type": "Point", "coordinates": [ 25.37787, 44.69969 ] } },
{ "type": "Feature", "properties": { "railway": "station", "name": "Mătăsaru" }, "geometry": { "type": "Point", "coordinates": [ 25.44314, 44.68592 ] } },
{ "type": "Feature", "properties": { "railway": "halt", "name": "Boteni" }, "geometry": { "type": "Point", "coordinates": [ 25.62467, 44.66011 ] } },
{ "type": "Feature", "properties": { "railway": "halt", "name": "Conțești" }, "geometry": { "type": "Point", "coordinates": [ 25.65162, 44.65705 ] } },
{ "type": "Feature", "properties": { "railway": "station", "name": "Ghergani" }, "geometry": { "type": "Point", "coordinates": [ 25.71665, 44.64245 ] } },
{ "type": "Feature", "properties": { "railway": "station", "name": "Ciocănești" }, "geometry": { "type": "Point", "coordinates": [ 25.85074, 44.58056 ] } },
{ "type": "Feature", "properties": { "railway": "station", "name": "Săbăreni" }, "geometry": { "type": "Point", "coordinates": [ 25.93367, 44.53167 ] } },
{ "type": "Feature", "properties": { "railway": "halt", "name": "Dimbovicioara" }, "geometry": { "type": "Point", "coordinates": [ 25.56001, 44.67881 ] } },
{ "type": "Feature", "properties": { "railway": "halt", "name": "Podu Rizii" }, "geometry": { "type": "Point", "coordinates": [ 25.55739, 44.71305 ] } },
{ "type": "Feature", "properties": { "railway": "station", "name": "Văcărești" }, "geometry": { "type": "Point", "coordinates": [ 25.49674, 44.85942 ] } },
{ "type": "Feature", "properties": { "railway": "station", "name": "Bănești" }, "geometry": { "type": "Point", "coordinates": [ 25.56927, 44.73745 ] } },
{ "type": "Feature", "properties": { "railway": "halt", "name": "Movila Dimbovița" }, "geometry": { "type": "Point", "coordinates": [ 25.56203, 44.76774 ] } },
{ "type": "Feature", "properties": { "railway": "station", "name": "Nucet" }, "geometry": { "type": "Point", "coordinates": [ 25.55351, 44.78874 ] } },
{ "type": "Feature", "properties": { "railway": "halt", "name": "Cazaci" }, "geometry": { "type": "Point", "coordinates": [ 25.54755, 44.7988 ] } },
{ "type": "Feature", "properties": { "railway": "station", "name": "Mogoșoaia" }, "geometry": { "type": "Point", "coordinates": [ 26.02346, 44.53531 ] } },
{ "type": "Feature", "properties": { "railway": "halt", "name": "Odăile" }, "geometry": { "type": "Point", "coordinates": [ 26.04852, 44.56498 ] } },
{ "type": "Feature", "properties": { "railway": "halt", "name": "Otopeni Nord PO" }, "geometry": { "type": "Point", "coordinates": [ 26.07237, 44.58459 ] } },
{ "type": "Feature", "properties": { "railway": "station", "name": "Căciulați" }, "geometry": { "type": "Point", "coordinates": [ 26.15755, 44.61023 ] } },
{ "type": "Feature", "properties": { "railway": "station", "name": "Fierbinți" }, "geometry": { "type": "Point", "coordinates": [ 26.36828, 44.66627 ] } },
{ "type": "Feature", "properties": { "railway": "station", "name": "Greci" }, "geometry": { "type": "Point", "coordinates": [ 26.29344, 44.6524 ] } },
{ "type": "Feature", "properties": { "railway": "halt", "name": "Bărbulești" }, "geometry": { "type": "Point", "coordinates": [ 26.60232, 44.72177 ] } },
{ "type": "Feature", "properties": { "railway": "station", "name": "Moldoveni" }, "geometry": { "type": "Point", "coordinates": [ 26.50901, 44.71781 ] } },
{ "type": "Feature", "properties": { "railway": "station", "name": "Armășești" }, "geometry": { "type": "Point", "coordinates": [ 26.56325, 44.72886 ] } },
{ "type": "Feature", "properties": { "railway": "station", "name": "Manasia" }, "geometry": { "type": "Point", "coordinates": [ 26.70684, 44.7325 ] } },
{ "type": "Feature", "properties": { "railway": "station", "name": "Cotorca" }, "geometry": { "type": "Point", "coordinates": [ 26.86338, 44.81422 ] } },
{ "type": "Feature", "properties": { "railway": "station", "name": "Scutelnici" }, "geometry": { "type": "Point", "coordinates": [ 26.93513, 44.85181 ] } },
{ "type": "Feature", "properties": { "railway": "halt", "name": "Brâncoveni Hc." }, "geometry": { "type": "Point", "coordinates": [ 27.36875, 44.47754 ] } },
{ "type": "Feature", "properties": { "railway": "station", "name": "Slobozia Sud" }, "geometry": { "type": "Point", "coordinates": [ 27.37055, 44.52511 ] } },
{ "type": "Feature", "properties": { "railway": "station", "name": "Dâmbu" }, "geometry": { "type": "Point", "coordinates": [ 26.0723, 44.92267 ] } },
{ "type": "Feature", "properties": { "railway": "halt", "name": "Râfov" }, "geometry": { "type": "Point", "coordinates": [ 26.14017, 44.89104 ] } },
{ "type": "Feature", "properties": { "railway": "halt", "name": "Cornurile" }, "geometry": { "type": "Point", "coordinates": [ 26.25524, 44.84259 ] } },
{ "type": "Feature", "properties": { "railway": "station", "name": "Ialomița" }, "geometry": { "type": "Point", "coordinates": [ 26.50645, 44.74865 ] } },
{ "type": "Feature", "properties": { "railway": "station", "name": "Ciorani" }, "geometry": { "type": "Point", "coordinates": [ 26.38513, 44.7891 ] } },
{ "type": "Feature", "properties": { "railway": "halt", "name": "Hătcărău" }, "geometry": { "type": "Point", "coordinates": [ 26.32547, 44.81343 ] } },
{ "type": "Feature", "properties": { "railway": "station", "name": "Andrășești" }, "geometry": { "type": "Point", "coordinates": [ 27.14804, 44.58024 ] } },
{ "type": "Feature", "properties": { "railway": "station", "name": "Drăgănești Prahova" }, "geometry": { "type": "Point", "coordinates": [ 26.30102, 44.82767 ] } },
{ "type": "Feature", "properties": { "railway": "halt", "name": "Fulga" }, "geometry": { "type": "Point", "coordinates": [ 26.43279, 44.7731 ] } },
{ "type": "Feature", "properties": { "railway": "station", "name": "Saratuica" }, "geometry": { "type": "Point", "coordinates": [ 26.90182, 44.63887 ] } },
{ "type": "Feature", "properties": { "railway": "station", "name": "Alexeni" }, "geometry": { "type": "Point", "coordinates": [ 26.70134, 44.68617 ] } },
{ "type": "Feature", "properties": { "railway": "station", "name": "Broșteni" }, "geometry": { "type": "Point", "coordinates": [ 26.76903, 44.6684 ] } },
{ "type": "Feature", "properties": { "railway": "halt", "name": "Malu" }, "geometry": { "type": "Point", "coordinates": [ 26.82404, 44.65374 ] } },
{ "type": "Feature", "properties": { "railway": "halt", "name": "Km 74 + 600" }, "geometry": { "type": "Point", "coordinates": [ 26.86568, 44.64894 ] } },
{ "type": "Feature", "properties": { "railway": "halt", "name": "Munteni Buzău" }, "geometry": { "type": "Point", "coordinates": [ 26.97225, 44.64761 ] } },
{ "type": "Feature", "properties": { "railway": "station", "name": "Căzănești" }, "geometry": { "type": "Point", "coordinates": [ 27.00445, 44.63441 ] } },
{ "type": "Feature", "properties": { "railway": "halt", "name": "Ciochina" }, "geometry": { "type": "Point", "coordinates": [ 27.0585, 44.6069 ] } },
{ "type": "Feature", "properties": { "railway": "station", "name": "Perieți" }, "geometry": { "type": "Point", "coordinates": [ 27.25422, 44.58128 ] } },
{ "type": "Feature", "properties": { "railway": "station", "name": "Bucu" }, "geometry": { "type": "Point", "coordinates": [ 27.4829, 44.60561 ] } },
{ "type": "Feature", "properties": { "railway": "halt", "name": "Fundata" }, "geometry": { "type": "Point", "coordinates": [ 27.19409, 44.58048 ] } },
{ "type": "Feature", "properties": { "railway": "station", "name": "Ograda" }, "geometry": { "type": "Point", "coordinates": [ 27.59066, 44.63117 ] } },
{ "type": "Feature", "properties": { "railway": "station", "name": "Vernești" }, "geometry": { "type": "Point", "coordinates": [ 26.73184, 45.20438 ] } },
{ "type": "Feature", "properties": { "railway": "halt", "name": "Unguriu" }, "geometry": { "type": "Point", "coordinates": [ 26.61811, 45.28282 ] } },
{ "type": "Feature", "properties": { "railway": "halt", "name": "Ojasca" }, "geometry": { "type": "Point", "coordinates": [ 26.6486, 45.28046 ] } },
{ "type": "Feature", "properties": { "railway": "station", "name": "Berca" }, "geometry": { "type": "Point", "coordinates": [ 26.67487, 45.27828 ] } },
{ "type": "Feature", "properties": { "railway": "halt", "name": "Viperești" }, "geometry": { "type": "Point", "coordinates": [ 26.45604, 45.23097 ] } },
{ "type": "Feature", "properties": { "railway": "halt", "name": "Bădila" }, "geometry": { "type": "Point", "coordinates": [ 26.50929, 45.25706 ] } },
{ "type": "Feature", "properties": { "railway": "halt", "name": "Măgura" }, "geometry": { "type": "Point", "coordinates": [ 26.58164, 45.28141 ] } },
{ "type": "Feature", "properties": { "railway": "halt", "name": "Rușavățu" }, "geometry": { "type": "Point", "coordinates": [ 26.48973, 45.24124 ] } },
{ "type": "Feature", "properties": { "railway": "halt", "name": "Cislău" }, "geometry": { "type": "Point", "coordinates": [ 26.3776, 45.24662 ] } },
{ "type": "Feature", "properties": { "railway": "halt", "name": "Gura Bascii" }, "geometry": { "type": "Point", "coordinates": [ 26.36388, 45.25893 ] } },
{ "type": "Feature", "properties": { "railway": "halt", "name": "Șețu" }, "geometry": { "type": "Point", "coordinates": [ 26.32291, 45.38131 ] } },
{ "type": "Feature", "properties": { "railway": "halt", "name": "Valea Sibiciului" }, "geometry": { "type": "Point", "coordinates": [ 26.34773, 45.35078 ] } },
{ "type": "Feature", "properties": { "railway": "station", "name": "Mărunțișu" }, "geometry": { "type": "Point", "coordinates": [ 26.36235, 45.29175 ] } },
{ "type": "Feature", "properties": { "railway": "halt", "name": "Nehoiu" }, "geometry": { "type": "Point", "coordinates": [ 26.30696, 45.41636 ] } },
{ "type": "Feature", "properties": { "railway": "halt", "name": "Păltineni" }, "geometry": { "type": "Point", "coordinates": [ 26.31964, 45.39948 ] } },
{ "type": "Feature", "properties": { "railway": "station", "name": "Plopeni Sat" }, "geometry": { "type": "Point", "coordinates": [ 25.96922, 45.06047 ] } },
{ "type": "Feature", "properties": { "railway": "halt", "name": "Găvănel" }, "geometry": { "type": "Point", "coordinates": [ 25.99464, 45.07991 ] } },
{ "type": "Feature", "properties": { "railway": "station", "name": "Coțofenești" }, "geometry": { "type": "Point", "coordinates": [ 25.99983, 45.13033 ] } },
{ "type": "Feature", "properties": { "railway": "halt", "name": "Valea Teliului" }, "geometry": { "type": "Point", "coordinates": [ 25.891, 45.68542 ] } },
{ "type": "Feature", "properties": { "railway": "halt", "name": "Teliu" }, "geometry": { "type": "Point", "coordinates": [ 25.85343, 45.6944 ] } },
{ "type": "Feature", "properties": { "railway": "halt", "name": "Poiana Florilor" }, "geometry": { "type": "Point", "coordinates": [ 25.93463, 45.68091 ] } },
{ "type": "Feature", "properties": { "railway": "halt", "name": "Zăbala" }, "geometry": { "type": "Point", "coordinates": [ 26.16272, 45.89136 ] } },
{ "type": "Feature", "properties": { "railway": "halt", "name": "Poienița" }, "geometry": { "type": "Point", "coordinates": [ 26.16739, 46.06196 ] } },
{ "type": "Feature", "properties": { "railway": "halt", "name": "Mereni Lutoasa" }, "geometry": { "type": "Point", "coordinates": [ 26.22997, 46.07328 ] } },
{ "type": "Feature", "properties": { "railway": "halt", "name": "Bălani" }, "geometry": { "type": "Point", "coordinates": [ 26.18922, 46.07858 ] } },
{ "type": "Feature", "properties": { "railway": "halt", "name": "Lemnia" }, "geometry": { "type": "Point", "coordinates": [ 26.25654, 46.05658 ] } },
{ "type": "Feature", "properties": { "railway": "station", "name": "Brețcu" }, "geometry": { "type": "Point", "coordinates": [ 26.29586, 46.04556 ] } },
{ "type": "Feature", "properties": { "railway": "station", "name": "Buhuși" }, "geometry": { "type": "Point", "coordinates": [ 26.70467, 46.70908 ] } },
{ "type": "Feature", "properties": { "railway": "halt", "name": "Hemeiuș h" }, "geometry": { "type": "Point", "coordinates": [ 26.85725, 46.6302 ] } },
{ "type": "Feature", "properties": { "railway": "halt", "name": "Săvinești hc" }, "geometry": { "type": "Point", "coordinates": [ 26.46942, 46.8658 ] } },
{ "type": "Feature", "properties": { "railway": "station", "name": "Gărleni" }, "geometry": { "type": "Point", "coordinates": [ 26.81355, 46.65707 ] } },
{ "type": "Feature", "properties": { "railway": "halt", "name": "Racova Hm" }, "geometry": { "type": "Point", "coordinates": [ 26.74186, 46.68685 ] } },
{ "type": "Feature", "properties": { "railway": "station", "name": "Costișa Hm" }, "geometry": { "type": "Point", "coordinates": [ 26.65427, 46.75322 ] } },
{ "type": "Feature", "properties": { "railway": "station", "name": "Podoleni" }, "geometry": { "type": "Point", "coordinates": [ 26.61549, 46.79645 ] } },
{ "type": "Feature", "properties": { "railway": "halt", "name": "Zănești Neamț hc" }, "geometry": { "type": "Point", "coordinates": [ 26.54931, 46.8218 ] } },
{ "type": "Feature", "properties": { "railway": "station", "name": "Roznov" }, "geometry": { "type": "Point", "coordinates": [ 26.50921, 46.8385 ] } },
{ "type": "Feature", "properties": { "railway": "station", "name": "Dumbrava Hm" }, "geometry": { "type": "Point", "coordinates": [ 26.41879, 46.90057 ] } },
{ "type": "Feature", "properties": { "railway": "station", "name": "Pângărați" }, "geometry": { "type": "Point", "coordinates": [ 26.20415, 46.93021 ] } },
{ "type": "Feature", "properties": { "railway": "halt", "name": "Stejaru" }, "geometry": { "type": "Point", "coordinates": [ 26.17685, 46.91594 ] } },
{ "type": "Feature", "properties": { "railway": "station", "name": "Tarcău Neamț Hm" }, "geometry": { "type": "Point", "coordinates": [ 26.14776, 46.89353 ] } },
{ "type": "Feature", "properties": { "railway": "halt", "name": "Vămeni" }, "geometry": { "type": "Point", "coordinates": [ 26.55297, 47.43394 ] } },
{ "type": "Feature", "properties": { "railway": "halt", "name": "Dolhești" }, "geometry": { "type": "Point", "coordinates": [ 26.51008, 47.44657 ] } },
{ "type": "Feature", "properties": { "railway": "halt", "name": "Arghira" }, "geometry": { "type": "Point", "coordinates": [ 26.45924, 47.45879 ] } },
{ "type": "Feature", "properties": { "railway": "halt", "name": "Preotești" }, "geometry": { "type": "Point", "coordinates": [ 26.41668, 47.45673 ] } },
{ "type": "Feature", "properties": { "railway": "halt", "name": "Viișoara H" }, "geometry": { "type": "Point", "coordinates": [ 24.45288, 47.10175 ] } },
{ "type": "Feature", "properties": { "railway": "halt", "name": "Bistrița Fabrici" }, "geometry": { "type": "Point", "coordinates": [ 24.4768, 47.1276 ] } },
{ "type": "Feature", "properties": { "railway": "halt", "name": "Rusu Bârgăului" }, "geometry": { "type": "Point", "coordinates": [ 24.63252, 47.20003 ] } },
{ "type": "Feature", "properties": { "railway": "halt", "name": "Mijlocenii Bârgăului" }, "geometry": { "type": "Point", "coordinates": [ 24.69053, 47.21706 ] } },
{ "type": "Feature", "properties": { "railway": "halt", "name": "Josenii Bârgăului" }, "geometry": { "type": "Point", "coordinates": [ 24.66875, 47.21443 ] } },
{ "type": "Feature", "properties": { "railway": "station", "name": "Susenii Bârgăului" }, "geometry": { "type": "Point", "coordinates": [ 24.7151, 47.21777 ] } },
{ "type": "Feature", "properties": { "railway": "halt", "name": "Bistrița Bârgăului Sat" }, "geometry": { "type": "Point", "coordinates": [ 24.76121, 47.20921 ] } },
{ "type": "Feature", "properties": { "railway": "station", "name": "Bistrița Bârgăului" }, "geometry": { "type": "Point", "coordinates": [ 24.80558, 47.18288 ] } },
{ "type": "Feature", "properties": { "railway": "halt", "name": "Bistrița Bârgăului halta" }, "geometry": { "type": "Point", "coordinates": [ 24.78775, 47.1985 ] } },
{ "type": "Feature", "properties": { "railway": "halt", "name": "Sântămăria" }, "geometry": { "type": "Point", "coordinates": [ 25.00673, 46.28 ] } },
{ "type": "Feature", "properties": { "railway": "halt", "name": "Porumbenii Mici" }, "geometry": { "type": "Point", "coordinates": [ 25.10372, 46.27659 ] } },
{ "type": "Feature", "properties": { "railway": "halt", "name": "Dobeni" }, "geometry": { "type": "Point", "coordinates": [ 25.20741, 46.25665 ] } },
{ "type": "Feature", "properties": { "railway": "station", "name": "Șona" }, "geometry": { "type": "Point", "coordinates": [ 24.00955, 46.22201 ] } },
{ "type": "Feature", "properties": { "railway": "halt", "name": "Pănade" }, "geometry": { "type": "Point", "coordinates": [ 23.96719, 46.21834 ] } },
{ "type": "Feature", "properties": { "railway": "halt", "name": "Bălcaci" }, "geometry": { "type": "Point", "coordinates": [ 24.07202, 46.23166 ] } },
{ "type": "Feature", "properties": { "railway": "halt", "name": "Sfântu Nicolae" }, "geometry": { "type": "Point", "coordinates": [ 24.04944, 46.23229 ] } },
{ "type": "Feature", "properties": { "railway": "station", "name": "Jidvei" }, "geometry": { "type": "Point", "coordinates": [ 24.10803, 46.22998 ] } },
{ "type": "Feature", "properties": { "railway": "halt", "name": "Feisa" }, "geometry": { "type": "Point", "coordinates": [ 24.13532, 46.23103 ] } },
{ "type": "Feature", "properties": { "railway": "halt", "name": "Cetatea de Baltă" }, "geometry": { "type": "Point", "coordinates": [ 24.1643, 46.24546 ] } },
{ "type": "Feature", "properties": { "railway": "halt", "name": "Adămuș" }, "geometry": { "type": "Point", "coordinates": [ 24.23607, 46.31431 ] } },
{ "type": "Feature", "properties": { "railway": "halt", "name": "Crăiești" }, "geometry": { "type": "Point", "coordinates": [ 24.20256, 46.29147 ] } },
{ "type": "Feature", "properties": { "railway": "halt", "name": "Cornești Târnava" }, "geometry": { "type": "Point", "coordinates": [ 24.21188, 46.30111 ] } },
{ "type": "Feature", "properties": { "railway": "station", "name": "Târnăveni Vest" }, "geometry": { "type": "Point", "coordinates": [ 24.26826, 46.32379 ] } },
{ "type": "Feature", "properties": { "railway": "halt", "name": "Gănești" }, "geometry": { "type": "Point", "coordinates": [ 24.36514, 46.34336 ] } },
{ "type": "Feature", "properties": { "railway": "halt", "name": "Deaj" }, "geometry": { "type": "Point", "coordinates": [ 24.39617, 46.35162 ] } },
{ "type": "Feature", "properties": { "railway": "station", "name": "Târnăveni" }, "geometry": { "type": "Point", "coordinates": [ 24.2983, 46.32816 ] } },
{ "type": "Feature", "properties": { "railway": "halt", "name": "Seuca" }, "geometry": { "type": "Point", "coordinates": [ 24.33333, 46.33525 ] } },
{ "type": "Feature", "properties": { "railway": "halt", "name": "Mica" }, "geometry": { "type": "Point", "coordinates": [ 24.42119, 46.36008 ] } },
{ "type": "Feature", "properties": { "railway": "halt", "name": "Bernadea" }, "geometry": { "type": "Point", "coordinates": [ 24.44882, 46.3735 ] } },
{ "type": "Feature", "properties": { "railway": "station", "name": "Bahnea" }, "geometry": { "type": "Point", "coordinates": [ 24.489, 46.38273 ] } },
{ "type": "Feature", "properties": { "railway": "station", "name": "Coroiu" }, "geometry": { "type": "Point", "coordinates": [ 24.61276, 46.40215 ] } },
{ "type": "Feature", "properties": { "railway": "halt", "name": "Laslău" }, "geometry": { "type": "Point", "coordinates": [ 24.54227, 46.392 ] } },
{ "type": "Feature", "properties": { "railway": "station", "name": "Bălăușeri" }, "geometry": { "type": "Point", "coordinates": [ 24.69977, 46.40685 ] } },
{ "type": "Feature", "properties": { "railway": "halt", "name": "Șoimuș" }, "geometry": { "type": "Point", "coordinates": [ 24.59217, 46.39698 ] } },
{ "type": "Feature", "properties": { "railway": "station", "name": "Fântânele" }, "geometry": { "type": "Point", "coordinates": [ 24.76094, 46.41655 ] } },
{ "type": "Feature", "properties": { "railway": "station", "name": "Praid" }, "geometry": { "type": "Point", "coordinates": [ 25.11417, 46.55146 ] } },
{ "type": "Feature", "properties": { "railway": "halt", "name": "Gura Arieșului" }, "geometry": { "type": "Point", "coordinates": [ 23.95585, 46.4269 ] } },
{ "type": "Feature", "properties": { "railway": "halt", "name": "Bogata Mureș" }, "geometry": { "type": "Point", "coordinates": [ 24.1183, 46.46203 ] } },
{ "type": "Feature", "properties": { "railway": "halt", "name": "Sângeorgiu de Pădure" }, "geometry": { "type": "Point", "coordinates": [ 24.84733, 46.42584 ] } },
{ "type": "Feature", "properties": { "railway": "halt", "name": "Cioc" }, "geometry": { "type": "Point", "coordinates": [ 24.90084, 46.47282 ] } },
{ "type": "Feature", "properties": { "railway": "halt", "name": "Chibed" }, "geometry": { "type": "Point", "coordinates": [ 24.96193, 46.53134 ] } },
{ "type": "Feature", "properties": { "railway": "halt", "name": "Sărățeni" }, "geometry": { "type": "Point", "coordinates": [ 25.0048, 46.55691 ] } },
{ "type": "Feature", "properties": { "railway": "station", "name": "Sovata" }, "geometry": { "type": "Point", "coordinates": [ 25.04961, 46.57949 ] } },
{ "type": "Feature", "properties": { "railway": "halt", "name": "Ghindari" }, "geometry": { "type": "Point", "coordinates": [ 24.92855, 46.50004 ] } },
{ "type": "Feature", "properties": { "railway": "halt", "name": "Lunca Mureș" }, "geometry": { "type": "Point", "coordinates": [ 23.91462, 46.41769 ] } },
{ "type": "Feature", "properties": { "railway": "halt", "name": "Chețani" }, "geometry": { "type": "Point", "coordinates": [ 24.01855, 46.4645 ] } },
{ "type": "Feature", "properties": { "railway": "halt", "name": "Ogra" }, "geometry": { "type": "Point", "coordinates": [ 24.32008, 46.44308 ] } },
{ "type": "Feature", "properties": { "railway": "station", "name": "Sinpaul" }, "geometry": { "type": "Point", "coordinates": [ 24.3399, 46.44754 ] } },
{ "type": "Feature", "properties": { "railway": "halt", "name": "Vidrasău" }, "geometry": { "type": "Point", "coordinates": [ 24.41428, 46.47227 ] } },
{ "type": "Feature", "properties": { "railway": "halt", "name": "Chirileu" }, "geometry": { "type": "Point", "coordinates": [ 24.37727, 46.46506 ] } },
{ "type": "Feature", "properties": { "railway": "station", "name": "Târgu Mureș Sud" }, "geometry": { "type": "Point", "coordinates": [ 24.49587, 46.50524 ] } },
{ "type": "Feature", "properties": { "railway": "station", "name": "Dumbrăvioara" }, "geometry": { "type": "Point", "coordinates": [ 24.63988, 46.64182 ] } },
{ "type": "Feature", "properties": { "railway": "halt", "name": "Gornești Mureș" }, "geometry": { "type": "Point", "coordinates": [ 24.65585, 46.6706 ] } },
{ "type": "Feature", "properties": { "railway": "halt", "name": "Petelea" }, "geometry": { "type": "Point", "coordinates": [ 24.70299, 46.73024 ] } },
{ "type": "Feature", "properties": { "railway": "halt", "name": "Periș Mureș" }, "geometry": { "type": "Point", "coordinates": [ 24.67242, 46.70187 ] } },
{ "type": "Feature", "properties": { "railway": "halt", "name": "Brincovenești" }, "geometry": { "type": "Point", "coordinates": [ 24.77017, 46.85512 ] } },
{ "type": "Feature", "properties": { "railway": "halt", "name": "Rușii Munți" }, "geometry": { "type": "Point", "coordinates": [ 24.84266, 46.91436 ] } },
{ "type": "Feature", "properties": { "railway": "halt", "name": "Luduș Sat" }, "geometry": { "type": "Point", "coordinates": [ 24.10095, 46.48508 ] } },
{ "type": "Feature", "properties": { "railway": "halt", "name": "Tăureni" }, "geometry": { "type": "Point", "coordinates": [ 24.08668, 46.57808 ] } },
{ "type": "Feature", "properties": { "railway": "halt", "name": "Melini Valea Larga" }, "geometry": { "type": "Point", "coordinates": [ 24.10866, 46.59357 ] } },
{ "type": "Feature", "properties": { "railway": "halt", "name": "Miheșu de Câmpie" }, "geometry": { "type": "Point", "coordinates": [ 24.16221, 46.67978 ] } },
{ "type": "Feature", "properties": { "railway": "halt", "name": "Sărmașel Gaz Metan" }, "geometry": { "type": "Point", "coordinates": [ 24.18765, 46.7674 ] } },
{ "type": "Feature", "properties": { "railway": "halt", "name": "Țagu Sat" }, "geometry": { "type": "Point", "coordinates": [ 24.22694, 46.81964 ] } },
{ "type": "Feature", "properties": { "railway": "halt", "name": "Budești Cluj" }, "geometry": { "type": "Point", "coordinates": [ 24.23641, 46.84095 ] } },
{ "type": "Feature", "properties": { "railway": "halt", "name": "Țagu" }, "geometry": { "type": "Point", "coordinates": [ 24.2346, 46.8289 ] } },
{ "type": "Feature", "properties": { "railway": "halt", "name": "Brăteni" }, "geometry": { "type": "Point", "coordinates": [ 24.37204, 46.92955 ] } },
{ "type": "Feature", "properties": { "railway": "halt", "name": "Miceștii de Câmpie" }, "geometry": { "type": "Point", "coordinates": [ 24.30999, 46.86944 ] } },
{ "type": "Feature", "properties": { "railway": "halt", "name": "Țigău" }, "geometry": { "type": "Point", "coordinates": [ 24.32353, 47.05749 ] } },
{ "type": "Feature", "properties": { "railway": "halt", "name": "Vermeș" }, "geometry": { "type": "Point", "coordinates": [ 24.31877, 47.00283 ] } },
{ "type": "Feature", "properties": { "railway": "station", "name": "Lechința" }, "geometry": { "type": "Point", "coordinates": [ 24.33444, 47.01781 ] } },
{ "type": "Feature", "properties": { "railway": "halt", "name": "Chintelnic" }, "geometry": { "type": "Point", "coordinates": [ 24.32718, 47.10361 ] } },
{ "type": "Feature", "properties": { "railway": "station", "name": "Acățari" }, "geometry": { "type": "Point", "coordinates": [ 24.63346, 46.47323 ] } },
{ "type": "Feature", "properties": { "railway": "halt", "name": "Poarta Albă Hc." }, "geometry": { "type": "Point", "coordinates": [ 28.38994, 44.20725 ] } },
{ "type": "Feature", "properties": { "railway": "station", "name": "Poiana Stampei" }, "geometry": { "type": "Point", "coordinates": [ 25.13136, 47.31248 ] } },
{ "type": "Feature", "properties": { "railway": "halt", "name": "Baza I.F.F." }, "geometry": { "type": "Point", "coordinates": [ 27.22344, 45.07307 ] } },
{ "type": "Feature", "properties": { "railway": "station", "name": "Alțâna" }, "geometry": { "type": "Point", "coordinates": [ 24.46673, 45.92703 ] } },
{ "type": "Feature", "properties": { "railway": "station", "name": "Benești" }, "geometry": { "type": "Point", "coordinates": [ 24.49377, 45.95922 ] } },
{ "type": "Feature", "properties": { "railway": "station", "name": "Cornățel" }, "geometry": { "type": "Point", "coordinates": [ 24.3527, 45.80263 ] } },
{ "type": "Feature", "properties": { "railway": "station", "name": "Nocrich" }, "geometry": { "type": "Point", "coordinates": [ 24.46012, 45.89407 ] } },
{ "type": "Feature", "properties": { "railway": "station", "name": "Abrud" }, "geometry": { "type": "Point", "coordinates": [ 23.05945, 46.27994 ] } },
{ "type": "Feature", "properties": { "railway": "station", "name": "Câmpeni" }, "geometry": { "type": "Point", "coordinates": [ 23.07314, 46.35875 ] } },
{ "type": "Feature", "properties": { "railway": "halt", "name": "Vatra Dornei Băi" }, "geometry": { "type": "Point", "coordinates": [ 25.35696, 47.34615 ] } },
{ "type": "Feature", "properties": { "railway": "halt", "name": "Ram. M. Kogălniceanu P. Aj. Mac." }, "geometry": { "type": "Point", "coordinates": [ 28.43885, 44.397 ] } },
{ "type": "Feature", "properties": { "railway": "station", "name": "Ceamurlia de Jos Hm" }, "geometry": { "type": "Point", "coordinates": [ 28.72205, 44.7658 ] } },
{ "type": "Feature", "properties": { "railway": "halt", "name": "Mugeni" }, "geometry": { "type": "Point", "coordinates": [ 25.21805, 46.25848 ] } },
{ "type": "Feature", "properties": { "railway": "halt", "name": "Porumbenii Mari" }, "geometry": { "type": "Point", "coordinates": [ 25.13886, 46.26843 ] } },
{ "type": "Feature", "properties": { "railway": "halt", "name": "Dragosa" }, "geometry": { "type": "Point", "coordinates": [ 25.61332, 47.61766 ] } },
{ "type": "Feature", "properties": { "railway": "station", "name": "Дяково" }, "geometry": { "type": "Point", "coordinates": [ 23.00927, 48.01673 ] } },
{ "type": "Feature", "properties": { "railway": "station", "name": "Râșnov" }, "geometry": { "type": "Point", "coordinates": [ 25.45817, 45.59485 ] } },
{ "type": "Feature", "properties": { "railway": "station", "name": "Gheorgheni" }, "geometry": { "type": "Point", "coordinates": [ 25.57371, 46.71931 ] } },
{ "type": "Feature", "properties": { "railway": "station", "name": "Odorhei" }, "geometry": { "type": "Point", "coordinates": [ 25.30139, 46.31065 ] } },
{ "type": "Feature", "properties": { "railway": "halt", "name": "Feliceni" }, "geometry": { "type": "Point", "coordinates": [ 25.2619, 46.26717 ] } },
{ "type": "Feature", "properties": { "railway": "halt", "name": "Giroc" }, "geometry": { "type": "Point", "coordinates": [ 21.23511, 45.70644 ] } },
{ "type": "Feature", "properties": { "railway": "station", "name": "Rădăuți" }, "geometry": { "type": "Point", "coordinates": [ 25.90933, 47.83957 ] } },
{ "type": "Feature", "properties": { "railway": "station", "name": "Cisnădie" }, "geometry": { "type": "Point", "coordinates": [ 24.16063, 45.71654 ] } },
{ "type": "Feature", "properties": { "railway": "station", "name": "Ghighiu" }, "geometry": { "type": "Point", "coordinates": [ 26.05854, 44.90842 ] } },
{ "type": "Feature", "properties": { "railway": "station", "name": "Laminorului" }, "geometry": { "type": "Point", "coordinates": [ 26.03195, 44.49434 ] } },
{ "type": "Feature", "properties": { "railway": "station", "name": "Străulești" }, "geometry": { "type": "Point", "coordinates": [ 26.02624, 44.50166 ] } },
{ "type": "Feature", "properties": { "railway": "station", "name": "Comana" }, "geometry": { "type": "Point", "coordinates": [ 26.14675, 44.17106 ] } },
{ "type": "Feature", "properties": { "railway": "station", "name": "Mestecăniș" }, "geometry": { "type": "Point", "coordinates": [ 25.33951, 47.45069 ] } },
{ "type": "Feature", "properties": { "railway": "station", "name": "Sângeorz - Băi" }, "geometry": { "type": "Point", "coordinates": [ 24.67355, 47.37119 ] } },
{ "type": "Feature", "properties": { "railway": "halt", "name": "Nepos" }, "geometry": { "type": "Point", "coordinates": [ 24.53652, 47.27951 ] } },
{ "type": "Feature", "properties": { "railway": "station", "name": "Beiuș" }, "geometry": { "type": "Point", "coordinates": [ 22.36066, 46.66158 ] } },
{ "type": "Feature", "properties": { "railway": "station", "name": "Borșa" }, "geometry": { "type": "Point", "coordinates": [ 24.61322, 47.65569 ] } },
{ "type": "Feature", "properties": { "railway": "halt", "name": "Sântimbru Ciuc hc" }, "geometry": { "type": "Point", "coordinates": [ 25.8737, 46.2881 ] } },
{ "type": "Feature", "properties": { "railway": "station", "name": "Politehnica" }, "geometry": { "type": "Point", "coordinates": [ 26.0554, 44.43528 ] } },
{ "type": "Feature", "properties": { "railway": "station", "name": "Caracal" }, "geometry": { "type": "Point", "coordinates": [ 24.36465, 44.11952 ] } },
{ "type": "Feature", "properties": { "railway": "station", "name": "Slobozia Veche" }, "geometry": { "type": "Point", "coordinates": [ 27.34995, 44.56469 ] } },
{ "type": "Feature", "properties": { "railway": "halt", "name": "Brădișoru de Jos" }, "geometry": { "type": "Point", "coordinates": [ 21.71426, 45.07456 ] } },
{ "type": "Feature", "properties": { "railway": "station", "name": "Lișava" }, "geometry": { "type": "Point", "coordinates": [ 21.78678, 45.1218 ] } },
{ "type": "Feature", "properties": { "railway": "station", "name": "Grivița" }, "geometry": { "type": "Point", "coordinates": [ 26.0575, 44.46176 ] } },
{ "type": "Feature", "properties": { "railway": "station", "name": "1 Mai" }, "geometry": { "type": "Point", "coordinates": [ 26.05063, 44.47053 ] } },
{ "type": "Feature", "properties": { "railway": "station", "name": "Nicolae Teclu" }, "geometry": { "type": "Point", "coordinates": [ 26.19441, 44.40729 ] } },
{ "type": "Feature", "properties": { "railway": "station", "name": "Тячів" }, "geometry": { "type": "Point", "coordinates": [ 23.576, 48.01498 ] } },
{ "type": "Feature", "properties": { "railway": "halt", "name": "Hosman" }, "geometry": { "type": "Point", "coordinates": [ 24.42434, 45.84144 ] } },
{ "type": "Feature", "properties": { "railway": "station", "name": "Parc Divertisment Chiajna" }, "geometry": { "type": "Point", "coordinates": [ 25.94185, 44.43312 ] } },
{ "type": "Feature", "properties": { "railway": "station", "name": "Imeci" }, "geometry": { "type": "Point", "coordinates": [ 26.15773, 45.9399 ] } },
{ "type": "Feature", "properties": { "railway": "halt", "name": "Vrabia hc" }, "geometry": { "type": "Point", "coordinates": [ 25.88865, 46.21716 ] } },
{ "type": "Feature", "properties": { "railway": "halt", "name": "Leordina haltă" }, "geometry": { "type": "Point", "coordinates": [ 24.28547, 47.76555 ] } },
{ "type": "Feature", "properties": { "railway": "halt", "name": "București Carpați" }, "geometry": { "type": "Point", "coordinates": [ 26.04077, 44.46826 ] } },
{ "type": "Feature", "properties": { "railway": "station", "name": "Obor" }, "geometry": { "type": "Point", "coordinates": [ 26.12461, 44.44941 ] } },
{ "type": "Feature", "properties": { "railway": "station", "name": "Piața Unirii 2" }, "geometry": { "type": "Point", "coordinates": [ 26.10408, 44.42775 ] } },
{ "type": "Feature", "properties": { "railway": "halt", "name": "București Basarab Haltă" }, "geometry": { "type": "Point", "coordinates": [ 26.05288, 44.46024 ] } },
{ "type": "Feature", "properties": { "railway": "halt", "name": "Fălcoiu" }, "geometry": { "type": "Point", "coordinates": [ 24.34566, 44.2257 ] } },
{ "type": "Feature", "properties": { "railway": "station", "name": "Zănoaga" }, "geometry": { "type": "Point", "coordinates": [ 26.20338, 44.86304 ] } },
{ "type": "Feature", "properties": { "railway": "station", "name": "Salonta" }, "geometry": { "type": "Point", "coordinates": [ 21.64198, 46.80953 ] } },
{ "type": "Feature", "properties": { "railway": "station", "name": "Aciuța" }, "geometry": { "type": "Point", "coordinates": [ 22.43436, 46.29384 ] } },
{ "type": "Feature", "properties": { "railway": "station", "name": "Inotești" }, "geometry": { "type": "Point", "coordinates": [ 26.34926, 44.97152 ] } },
{ "type": "Feature", "properties": { "railway": "halt", "name": "Târnava" }, "geometry": { "type": "Point", "coordinates": [ 24.29849, 46.1339 ] } },
{ "type": "Feature", "properties": { "railway": "halt", "name": "Ciudanovița hc" }, "geometry": { "type": "Point", "coordinates": [ 21.78798, 45.1282 ] } },
{ "type": "Feature", "properties": { "railway": "halt", "name": "Vicov Motel" }, "geometry": { "type": "Point", "coordinates": [ 25.76535, 47.90619 ] } },
{ "type": "Feature", "properties": { "railway": "station", "name": "Triaj Pascani" }, "geometry": { "type": "Point", "coordinates": [ 26.73565, 47.23834 ] } },
{ "type": "Feature", "properties": { "railway": "station", "name": "Făget Teleajen" }, "geometry": { "type": "Point", "coordinates": [ 26.02778, 45.13885 ] } },
{ "type": "Feature", "properties": { "railway": "halt", "name": "Pantelimon Vest PO" }, "geometry": { "type": "Point", "coordinates": [ 26.17745, 44.47714 ] } },
{ "type": "Feature", "properties": { "railway": "station", "name": "Vârteju" }, "geometry": { "type": "Point", "coordinates": [ 26.01493, 44.3688 ] } },
{ "type": "Feature", "properties": { "railway": "station", "name": "București Titan Sud" }, "geometry": { "type": "Point", "coordinates": [ 26.18473, 44.43459 ] } },
{ "type": "Feature", "properties": { "railway": "halt", "name": "Aranca" }, "geometry": { "type": "Point", "coordinates": [ 20.9683, 46.07521 ] } },
{ "type": "Feature", "properties": { "railway": "halt", "name": "Prăjani" }, "geometry": { "type": "Point", "coordinates": [ 25.95022, 45.20586 ] } },
{ "type": "Feature", "properties": { "railway": "station", "name": "Vlădești" }, "geometry": { "type": "Point", "coordinates": [ 25.97618, 45.17275 ] } },
{ "type": "Feature", "properties": { "railway": "halt", "name": "Vărbilău" }, "geometry": { "type": "Point", "coordinates": [ 25.95992, 45.18168 ] } },
{ "type": "Feature", "properties": { "railway": "station", "name": "P.O. Podu Pitarului" }, "geometry": { "type": "Point", "coordinates": [ 26.3786, 44.34263 ] } },
{ "type": "Feature", "properties": { "railway": "halt", "name": "Cistei" }, "geometry": { "type": "Point", "coordinates": [ 23.75495, 46.18224 ] } },
{ "type": "Feature", "properties": { "railway": "station", "name": "Păcii" }, "geometry": { "type": "Point", "coordinates": [ 26.00413, 44.43391 ] } },
{ "type": "Feature", "properties": { "railway": "halt", "name": "Parc Mogoșoaia" }, "geometry": { "type": "Point", "coordinates": [ 26.00986, 44.5209 ] } },
{ "type": "Feature", "properties": { "railway": "halt", "name": "Otopeni" }, "geometry": { "type": "Point", "coordinates": [ 26.08269, 44.53745 ] } },
{ "type": "Feature", "properties": { "railway": "station", "name": "Dăești" }, "geometry": { "type": "Point", "coordinates": [ 24.3827, 45.18649 ] } },
{ "type": "Feature", "properties": { "railway": "halt", "name": "Jidoștița h" }, "geometry": { "type": "Point", "coordinates": [ 22.53382, 44.67556 ] } },
{ "type": "Feature", "properties": { "railway": "halt", "name": "Dorna Candrenilor" }, "geometry": { "type": "Point", "coordinates": [ 25.256, 47.35807 ] } },
{ "type": "Feature", "properties": { "railway": "station", "name": "Dridu" }, "geometry": { "type": "Point", "coordinates": [ 26.44848, 44.68103 ] } },
{ "type": "Feature", "properties": { "railway": "station", "name": "Drăgănești-Olt" }, "geometry": { "type": "Point", "coordinates": [ 24.54455, 44.15424 ] } },
{ "type": "Feature", "properties": { "railway": "station", "name": "Dumbrăveni" }, "geometry": { "type": "Point", "coordinates": [ 24.56334, 46.21592 ] } },
{ "type": "Feature", "properties": { "railway": "station", "name": "Feldru" }, "geometry": { "type": "Point", "coordinates": [ 24.59368, 47.2758 ] } },
{ "type": "Feature", "properties": { "railway": "station", "name": "Gârliște Hm" }, "geometry": { "type": "Point", "coordinates": [ 21.83021, 45.14353 ] } },
{ "type": "Feature", "properties": { "railway": "halt", "name": "Grozăvești Hm." }, "geometry": { "type": "Point", "coordinates": [ 24.23481, 44.14787 ] } },
{ "type": "Feature", "properties": { "railway": "halt", "name": "Cezieni" }, "geometry": { "type": "Point", "coordinates": [ 24.3148, 44.15268 ] } },
{ "type": "Feature", "properties": { "railway": "station", "name": "Grajduri" }, "geometry": { "type": "Point", "coordinates": [ 27.55174, 46.9787 ] } },
{ "type": "Feature", "properties": { "railway": "station", "name": "Baia Mare" }, "geometry": { "type": "Point", "coordinates": [ 23.55212, 47.64706 ] } },
{ "type": "Feature", "properties": { "railway": "halt", "name": "Ilba" }, "geometry": { "type": "Point", "coordinates": [ 23.3463, 47.71439 ] } },
{ "type": "Feature", "properties": { "railway": "halt", "name": "Ianca" }, "geometry": { "type": "Point", "coordinates": [ 27.48378, 45.12806 ] } },
{ "type": "Feature", "properties": { "railway": "halt", "name": "Pasajul Coșoveni" }, "geometry": { "type": "Point", "coordinates": [ 23.92898, 44.24302 ] } },
{ "type": "Feature", "properties": { "railway": "station", "name": "Lacu Sărat" }, "geometry": { "type": "Point", "coordinates": [ 27.8671, 45.22673 ] } },
{ "type": "Feature", "properties": { "railway": "station", "name": "Carasa h." }, "geometry": { "type": "Point", "coordinates": [ 26.51854, 47.92746 ] } },
{ "type": "Feature", "properties": { "railway": "halt", "name": "Șoldana" }, "geometry": { "type": "Point", "coordinates": [ 27.29979, 47.48324 ] } },
{ "type": "Feature", "properties": { "railway": "station", "name": "Mehadia" }, "geometry": { "type": "Point", "coordinates": [ 22.36901, 44.89686 ] } },
{ "type": "Feature", "properties": { "railway": "halt", "name": "Nemeșești" }, "geometry": { "type": "Point", "coordinates": [ 22.32023, 45.88406 ] } },
{ "type": "Feature", "properties": { "railway": "station", "name": "Negrești Vaslui" }, "geometry": { "type": "Point", "coordinates": [ 27.4534, 46.8232 ] } },
{ "type": "Feature", "properties": { "railway": "halt", "name": "Halta Sălciua" }, "geometry": { "type": "Point", "coordinates": [ 23.44017, 46.40581 ] } },
{ "type": "Feature", "properties": { "railway": "station", "name": "Ploiești Nord" }, "geometry": { "type": "Point", "coordinates": [ 26.02717, 44.95368 ] } },
{ "type": "Feature", "properties": { "railway": "station", "name": "Ploiești Sud" }, "geometry": { "type": "Point", "coordinates": [ 26.02981, 44.92506 ] } },
{ "type": "Feature", "properties": { "railway": "station", "name": "Caransebeș" }, "geometry": { "type": "Point", "coordinates": [ 22.19522, 45.42002 ] } },
{ "type": "Feature", "properties": { "railway": "station", "name": "Plopeni" }, "geometry": { "type": "Point", "coordinates": [ 25.9514, 45.04557 ] } },
{ "type": "Feature", "properties": { "railway": "station", "name": "Posada" }, "geometry": { "type": "Point", "coordinates": [ 25.61833, 45.2801 ] } },
{ "type": "Feature", "properties": { "railway": "station", "name": "Prejmer" }, "geometry": { "type": "Point", "coordinates": [ 25.77795, 45.73837 ] } },
{ "type": "Feature", "properties": { "railway": "station", "name": "Pucioasa" }, "geometry": { "type": "Point", "coordinates": [ 25.43083, 45.07534 ] } },
{ "type": "Feature", "properties": { "railway": "halt", "name": "Răchita" }, "geometry": { "type": "Point", "coordinates": [ 22.11035, 45.82927 ] } },
{ "type": "Feature", "properties": { "railway": "station", "name": "Remetea Mică" }, "geometry": { "type": "Point", "coordinates": [ 21.46786, 45.97101 ] } },
{ "type": "Feature", "properties": { "railway": "station", "name": "Rușețu" }, "geometry": { "type": "Point", "coordinates": [ 27.20197, 44.9889 ] } },
{ "type": "Feature", "properties": { "railway": "station", "name": "Sărmașel" }, "geometry": { "type": "Point", "coordinates": [ 24.20364, 46.78036 ] } },
{ "type": "Feature", "properties": { "railway": "station", "name": "Braniștea" }, "geometry": { "type": "Point", "coordinates": [ 27.83404, 45.43807 ] } },
{ "type": "Feature", "properties": { "railway": "station", "name": "Meri" }, "geometry": { "type": "Point", "coordinates": [ 23.38191, 45.22037 ] } },
{ "type": "Feature", "properties": { "railway": "station", "name": "Măneciu Pământeni" }, "geometry": { "type": "Point", "coordinates": [ 25.99656, 45.29302 ] } },
{ "type": "Feature", "properties": { "railway": "station", "name": "Homorâciu" }, "geometry": { "type": "Point", "coordinates": [ 26.01632, 45.26765 ] } },
{ "type": "Feature", "properties": { "railway": "station", "name": "Măneciu" }, "geometry": { "type": "Point", "coordinates": [ 25.99715, 45.31544 ] } },
{ "type": "Feature", "properties": { "railway": "station", "name": "Cehu Silvaniei" }, "geometry": { "type": "Point", "coordinates": [ 23.16024, 47.40934 ] } },
{ "type": "Feature", "properties": { "railway": "halt", "name": "Ariniș" }, "geometry": { "type": "Point", "coordinates": [ 23.24203, 47.49816 ] } },
{ "type": "Feature", "properties": { "railway": "station", "name": "Jibou" }, "geometry": { "type": "Point", "coordinates": [ 23.263, 47.2513 ] } },
{ "type": "Feature", "properties": { "railway": "halt", "name": "Sânmihaiu de Câmpie" }, "geometry": { "type": "Point", "coordinates": [ 24.33983, 46.89388 ] } },
{ "type": "Feature", "properties": { "railway": "station", "name": "Sinaia" }, "geometry": { "type": "Point", "coordinates": [ 25.55283, 45.35256 ] } },
{ "type": "Feature", "properties": { "railway": "station", "name": "Rodna Veche" }, "geometry": { "type": "Point", "coordinates": [ 24.80132, 47.41688 ] } },
{ "type": "Feature", "properties": { "railway": "station", "name": "Moldovița" }, "geometry": { "type": "Point", "coordinates": [ 25.53661, 47.68873 ] } },
{ "type": "Feature", "properties": { "railway": "station", "name": "Leorda" }, "geometry": { "type": "Point", "coordinates": [ 26.48223, 47.81669 ] } },
{ "type": "Feature", "properties": { "railway": "station", "name": "Izvoarele" }, "geometry": { "type": "Point", "coordinates": [ 26.00254, 45.28093 ] } },
{ "type": "Feature", "properties": { "railway": "station", "name": "Teișani" }, "geometry": { "type": "Point", "coordinates": [ 26.02445, 45.23679 ] } },
{ "type": "Feature", "properties": { "railway": "station", "name": "Ștei" }, "geometry": { "type": "Point", "coordinates": [ 22.45267, 46.53566 ] } },
{ "type": "Feature", "properties": { "railway": "station", "name": "Stupini Hm" }, "geometry": { "type": "Point", "coordinates": [ 25.59549, 45.69983 ] } },
{ "type": "Feature", "properties": { "railway": "station", "name": "Battonya" }, "geometry": { "type": "Point", "coordinates": [ 21.00415, 46.28199 ] } },
{ "type": "Feature", "properties": { "railway": "station", "name": "Crețeștii" }, "geometry": { "type": "Point", "coordinates": [ 27.9664, 46.64078 ] } },
{ "type": "Feature", "properties": { "railway": "station", "name": "Fălciu Nord" }, "geometry": { "type": "Point", "coordinates": [ 28.13085, 46.28228 ] } },
{ "type": "Feature", "properties": { "railway": "halt", "name": "Timișu de Jos hc" }, "geometry": { "type": "Point", "coordinates": [ 25.62345, 45.58474 ] } },
{ "type": "Feature", "properties": { "railway": "station", "name": "Fălciu" }, "geometry": { "type": "Point", "coordinates": [ 28.10141, 46.24763 ] } },
{ "type": "Feature", "properties": { "railway": "station", "name": "Murgeni" }, "geometry": { "type": "Point", "coordinates": [ 28.01335, 46.2099 ] } },
{ "type": "Feature", "properties": { "railway": "halt", "name": null }, "geometry": { "type": "Point", "coordinates": [ 27.90123, 46.25351 ] } },
{ "type": "Feature", "properties": { "railway": "halt", "name": null }, "geometry": { "type": "Point", "coordinates": [ 27.86747, 46.26526 ] } },
{ "type": "Feature", "properties": { "railway": "halt", "name": "Trotuș" }, "geometry": { "type": "Point", "coordinates": [ 26.70628, 46.27015 ] } },
{ "type": "Feature", "properties": { "railway": "halt", "name": "Tecuci Nord" }, "geometry": { "type": "Point", "coordinates": [ 27.41113, 45.84726 ] } },
{ "type": "Feature", "properties": { "railway": "station", "name": "Traian Sat" }, "geometry": { "type": "Point", "coordinates": [ 27.73098, 45.18738 ] } },
{ "type": "Feature", "properties": { "railway": "station", "name": "Turnu Roșu" }, "geometry": { "type": "Point", "coordinates": [ 24.29581, 45.6432 ] } },
{ "type": "Feature", "properties": { "railway": "halt", "name": "Urseni" }, "geometry": { "type": "Point", "coordinates": [ 21.30713, 45.69644 ] } },
{ "type": "Feature", "properties": { "railway": "station", "name": "Tulcea Oraș" }, "geometry": { "type": "Point", "coordinates": [ 28.79006, 45.1823 ] } },
{ "type": "Feature", "properties": { "railway": "station", "name": "Vasiova" }, "geometry": { "type": "Point", "coordinates": [ 21.75915, 45.38039 ] } },
{ "type": "Feature", "properties": { "railway": "station", "name": "Eforie Nord" }, "geometry": { "type": "Point", "coordinates": [ 28.63184, 44.05784 ] } },
{ "type": "Feature", "properties": { "railway": "station", "name": "Valea Voivozilor hc" }, "geometry": { "type": "Point", "coordinates": [ 25.49313, 44.93804 ] } },
{ "type": "Feature", "properties": { "railway": "station", "name": "Vădeni" }, "geometry": { "type": "Point", "coordinates": [ 27.92013, 45.36387 ] } },
{ "type": "Feature", "properties": { "railway": "station", "name": "Orizont" }, "geometry": { "type": "Point", "coordinates": [ 26.05589, 44.42587 ] } },
{ "type": "Feature", "properties": { "railway": "station", "name": "Favorit" }, "geometry": { "type": "Point", "coordinates": [ 26.04836, 44.42464 ] } },
{ "type": "Feature", "properties": { "railway": "station", "name": "Eroilor 2" }, "geometry": { "type": "Point", "coordinates": [ 26.07384, 44.43484 ] } },
{ "type": "Feature", "properties": { "railway": "station", "name": "Academia Militară" }, "geometry": { "type": "Point", "coordinates": [ 26.06288, 44.42893 ] } },
{ "type": "Feature", "properties": { "railway": "station", "name": "Tudor Vladimirescu" }, "geometry": { "type": "Point", "coordinates": [ 26.0413, 44.42306 ] } },
{ "type": "Feature", "properties": { "railway": "station", "name": "Parc Drumul Taberei" }, "geometry": { "type": "Point", "coordinates": [ 26.03309, 44.42222 ] } },
{ "type": "Feature", "properties": { "railway": "station", "name": "Romancierilor" }, "geometry": { "type": "Point", "coordinates": [ 26.02462, 44.42299 ] } },
{ "type": "Feature", "properties": { "railway": "station", "name": "Râul Doamnei" }, "geometry": { "type": "Point", "coordinates": [ 26.0242, 44.41524 ] } },
{ "type": "Feature", "properties": { "railway": "station", "name": "Constantin Brâncuși" }, "geometry": { "type": "Point", "coordinates": [ 26.02029, 44.41912 ] } },
{ "type": "Feature", "properties": { "railway": "station", "name": "Valea Ialomiței" }, "geometry": { "type": "Point", "coordinates": [ 26.01444, 44.42111 ] } },
{ "type": "Feature", "properties": { "railway": "station", "name": "C.A. Rosetti" }, "geometry": { "type": "Point", "coordinates": [ 27.15072, 45.05887 ] } },
{ "type": "Feature", "properties": { "railway": "halt", "name": "Viștea hc" }, "geometry": { "type": "Point", "coordinates": [ 24.7144, 45.79768 ] } },
{ "type": "Feature", "properties": { "railway": "halt", "name": "Vicovu de Jos" }, "geometry": { "type": "Point", "coordinates": [ 25.72605, 47.90409 ] } },
{ "type": "Feature", "properties": { "railway": "halt", "name": "Vicovu de Jos hc" }, "geometry": { "type": "Point", "coordinates": [ 25.71951, 47.90301 ] } },
{ "type": "Feature", "properties": { "railway": "station", "name": "Vicovu de Sus" }, "geometry": { "type": "Point", "coordinates": [ 25.69365, 47.91009 ] } },
{ "type": "Feature", "properties": { "railway": "station", "name": "Podu Olt" }, "geometry": { "type": "Point", "coordinates": [ 24.29864, 45.66179 ] } },
{ "type": "Feature", "properties": { "railway": "station", "name": "Vulcana Pandele" }, "geometry": { "type": "Point", "coordinates": [ 25.40849, 45.01598 ] } },
{ "type": "Feature", "properties": { "railway": "halt", "name": "Bratei" }, "geometry": { "type": "Point", "coordinates": [ 24.41413, 46.17389 ] } },
{ "type": "Feature", "properties": { "railway": "station", "name": "General Nicolae Dăscălescu" }, "geometry": { "type": "Point", "coordinates": [ 24.46238, 46.49093 ] } },
{ "type": "Feature", "properties": { "railway": "station", "name": "Reghin" }, "geometry": { "type": "Point", "coordinates": [ 24.71943, 46.78039 ] } },
{ "type": "Feature", "properties": { "railway": "station", "name": "Moacșa" }, "geometry": { "type": "Point", "coordinates": [ 25.93928, 45.85756 ] } },
{ "type": "Feature", "properties": { "railway": "station", "name": "Onești" }, "geometry": { "type": "Point", "coordinates": [ 26.77925, 46.25904 ] } },
{ "type": "Feature", "properties": { "railway": "station", "name": "Ion Luca Caragiale" }, "geometry": { "type": "Point", "coordinates": [ 25.72373, 44.90799 ] } },
{ "type": "Feature", "properties": { "railway": "station", "name": "Crângu lui Bot" }, "geometry": { "type": "Point", "coordinates": [ 25.9169, 44.92386 ] } },
{ "type": "Feature", "properties": { "railway": "halt", "name": "Bistrița Neamț" }, "geometry": { "type": "Point", "coordinates": [ 26.28171, 46.94069 ] } },
{ "type": "Feature", "properties": { "railway": "station", "name": "Gălănești" }, "geometry": { "type": "Point", "coordinates": [ 25.80136, 47.9059 ] } },
{ "type": "Feature", "properties": { "railway": "halt", "name": "Rădăuți Gara Mică" }, "geometry": { "type": "Point", "coordinates": [ 25.91981, 47.84316 ] } },
{ "type": "Feature", "properties": { "railway": "halt", "name": "Turda" }, "geometry": { "type": "Point", "coordinates": [ 23.78788, 46.56106 ] } },
{ "type": "Feature", "properties": { "railway": "station", "name": "Ciumeghiu" }, "geometry": { "type": "Point", "coordinates": [ 21.59508, 46.72548 ] } },
{ "type": "Feature", "properties": { "railway": "station", "name": "Brad" }, "geometry": { "type": "Point", "coordinates": [ 22.78256, 46.13659 ] } },
{ "type": "Feature", "properties": { "railway": "station", "name": "Hălmagiu" }, "geometry": { "type": "Point", "coordinates": [ 22.56889, 46.25439 ] } },
{ "type": "Feature", "properties": { "railway": "station", "name": "Ineu" }, "geometry": { "type": "Point", "coordinates": [ 21.82792, 46.42088 ] } },
{ "type": "Feature", "properties": { "railway": "station", "name": "Chișineu-Criș" }, "geometry": { "type": "Point", "coordinates": [ 21.53141, 46.52408 ] } },
{ "type": "Feature", "properties": { "railway": "station", "name": "Voiteni" }, "geometry": { "type": "Point", "coordinates": [ 21.22354, 45.47582 ] } },
{ "type": "Feature", "properties": { "railway": "station", "name": "Buziaș" }, "geometry": { "type": "Point", "coordinates": [ 21.58132, 45.6577 ] } },
{ "type": "Feature", "properties": { "railway": "station", "name": "Lugoj" }, "geometry": { "type": "Point", "coordinates": [ 21.89667, 45.67987 ] } },
{ "type": "Feature", "properties": { "railway": "station", "name": "Dobra" }, "geometry": { "type": "Point", "coordinates": [ 22.56989, 45.91806 ] } },
{ "type": "Feature", "properties": { "railway": "station", "name": "Post 8 km" }, "geometry": { "type": "Point", "coordinates": [ 28.15042, 46.26621 ] } },
{ "type": "Feature", "properties": { "railway": "halt", "name": "Patinoar PO" }, "geometry": { "type": "Point", "coordinates": [ 26.0672, 44.56719 ] } },
{ "type": "Feature", "properties": { "railway": "halt", "name": "Рені-Порт" }, "geometry": { "type": "Point", "coordinates": [ 28.2866, 45.44204 ] } },
{ "type": "Feature", "properties": { "railway": "station", "name": "Рені-Основна" }, "geometry": { "type": "Point", "coordinates": [ 28.26456, 45.45855 ] } },
{ "type": "Feature", "properties": { "railway": "station", "name": "Galați Largă Frontieră" }, "geometry": { "type": "Point", "coordinates": [ 28.11789, 45.4496 ] } },
{ "type": "Feature", "properties": { "railway": "station", "name": "Galați Transbordare" }, "geometry": { "type": "Point", "coordinates": [ 28.08576, 45.45128 ] } },
{ "type": "Feature", "properties": { "railway": "station", "name": "Galați" }, "geometry": { "type": "Point", "coordinates": [ 28.06104, 45.44487 ] } },
{ "type": "Feature", "properties": { "railway": "station", "name": "Stație tehnică de pasageri" }, "geometry": { "type": "Point", "coordinates": [ 28.05797, 45.45241 ] } },
{ "type": "Feature", "properties": { "railway": "halt", "name": "Barboși Triaj" }, "geometry": { "type": "Point", "coordinates": [ 27.95441, 45.40469 ] } },
{ "type": "Feature", "properties": { "railway": "station", "name": "Barboși Triaj" }, "geometry": { "type": "Point", "coordinates": [ 27.95816, 45.40457 ] } },
{ "type": "Feature", "properties": { "railway": "station", "name": "Galați Brateș" }, "geometry": { "type": "Point", "coordinates": [ 28.0706, 45.45324 ] } },
{ "type": "Feature", "properties": { "railway": "station", "name": "Galați Bazin" }, "geometry": { "type": "Point", "coordinates": [ 28.09054, 45.44846 ] } },
{ "type": "Feature", "properties": { "railway": "station", "name": "Galați Mărfuri" }, "geometry": { "type": "Point", "coordinates": [ 28.07134, 45.44341 ] } },
{ "type": "Feature", "properties": { "railway": "station", "name": "Galați Largă" }, "geometry": { "type": "Point", "coordinates": [ 28.10019, 45.44931 ] } },
{ "type": "Feature", "properties": { "railway": "station", "name": "Barboşi Port" }, "geometry": { "type": "Point", "coordinates": [ 28.01846, 45.38522 ] } },
{ "type": "Feature", "properties": { "railway": "station", "name": "Cătuşa" }, "geometry": { "type": "Point", "coordinates": [ 27.99576, 45.43496 ] } },
{ "type": "Feature", "properties": { "railway": "station", "name": "Aradu Nou" }, "geometry": { "type": "Point", "coordinates": [ 21.33509, 46.14473 ] } },
{ "type": "Feature", "properties": { "railway": "halt", "name": "stația Est" }, "geometry": { "type": "Point", "coordinates": [ 24.58829, 46.54898 ] } },
{ "type": "Feature", "properties": { "railway": "halt", "name": "stația Capăt" }, "geometry": { "type": "Point", "coordinates": [ 24.58874, 46.54769 ] } },
{ "type": "Feature", "properties": { "railway": "halt", "name": "stația Zoo" }, "geometry": { "type": "Point", "coordinates": [ 24.58952, 46.55162 ] } },
{ "type": "Feature", "properties": { "railway": "halt", "name": "stația Vest" }, "geometry": { "type": "Point", "coordinates": [ 24.58766, 46.5505 ] } },
{ "type": "Feature", "properties": { "railway": "station", "name": "Argel" }, "geometry": { "type": "Point", "coordinates": [ 25.46927, 47.76122 ] } },
{ "type": "Feature", "properties": { "railway": "station", "name": "Plopu" }, "geometry": { "type": "Point", "coordinates": [ 27.52194, 45.14058 ] } },
{ "type": "Feature", "properties": { "railway": "halt", "name": "Surdila" }, "geometry": { "type": "Point", "coordinates": [ 27.24285, 45.03559 ] } },
{ "type": "Feature", "properties": { "railway": "station", "name": "Golenți" }, "geometry": { "type": "Point", "coordinates": [ 23.05176, 43.98059 ] } },
{ "type": "Feature", "properties": { "railway": "station", "name": "Calafat" }, "geometry": { "type": "Point", "coordinates": [ 22.92477, 43.99394 ] } },
{ "type": "Feature", "properties": { "railway": "station", "name": "Buzău" }, "geometry": { "type": "Point", "coordinates": [ 26.82593, 45.14269 ] } },
{ "type": "Feature", "properties": { "railway": "halt", "name": "Valea Seacă" }, "geometry": { "type": "Point", "coordinates": [ 26.35841, 45.27713 ] } },
{ "type": "Feature", "properties": { "railway": "station", "name": "Ploiești Triaj" }, "geometry": { "type": "Point", "coordinates": [ 26.01437, 44.9032 ] } },
{ "type": "Feature", "properties": { "railway": "station", "name": "Nehoiașu" }, "geometry": { "type": "Point", "coordinates": [ 26.30614, 45.43137 ] } },
{ "type": "Feature", "properties": { "railway": "station", "name": "Măgurele Prahova" }, "geometry": { "type": "Point", "coordinates": [ 26.04446, 45.09777 ] } },
{ "type": "Feature", "properties": { "railway": "station", "name": "Voluntari" }, "geometry": { "type": "Point", "coordinates": [ 26.21641, 44.48723 ] } },
{ "type": "Feature", "properties": { "railway": "station", "name": "Pitești" }, "geometry": { "type": "Point", "coordinates": [ 24.88761, 44.84759 ] } },
{ "type": "Feature", "properties": { "railway": "station", "name": "Ploieşti Crâng" }, "geometry": { "type": "Point", "coordinates": [ 25.98765, 44.9447 ] } },
{ "type": "Feature", "properties": { "railway": "station", "name": "Depoul Drezinei" }, "geometry": { "type": "Point", "coordinates": [ 24.49532, 46.91555 ] } },
{ "type": "Feature", "properties": { "railway": "station", "name": "Teaca" }, "geometry": { "type": "Point", "coordinates": [ 24.49577, 46.91528 ] } },
{ "type": "Feature", "properties": { "railway": "station", "name": "P. Mac. R1 Buciumeni" }, "geometry": { "type": "Point", "coordinates": [ 25.96491, 44.53447 ] } },
{ "type": "Feature", "properties": { "railway": "station", "name": "București Triaj" }, "geometry": { "type": "Point", "coordinates": [ 26.01456, 44.48046 ] } },
{ "type": "Feature", "properties": { "railway": "station", "name": "Giurgiu" }, "geometry": { "type": "Point", "coordinates": [ 25.96139, 43.89554 ] } },
{ "type": "Feature", "properties": { "railway": "halt", "name": "Andreneasa hc" }, "geometry": { "type": "Point", "coordinates": [ 25.0315, 46.96062 ] } },
{ "type": "Feature", "properties": { "railway": "halt", "name": "Ilieni" }, "geometry": { "type": "Point", "coordinates": [ 25.76327, 45.72626 ] } },
{ "type": "Feature", "properties": { "railway": "station", "name": "Stolniceni HC" }, "geometry": { "type": "Point", "coordinates": [ 26.7499, 47.20023 ] } },
{ "type": "Feature", "properties": { "railway": "station", "name": "Dagâţa" }, "geometry": { "type": "Point", "coordinates": [ 27.20409, 46.91799 ] } },
{ "type": "Feature", "properties": { "railway": "station", "name": "Portărești" }, "geometry": { "type": "Point", "coordinates": [ 23.64553, 44.03785 ] } },
{ "type": "Feature", "properties": { "railway": "station", "name": "Brăila" }, "geometry": { "type": "Point", "coordinates": [ 27.95565, 45.28141 ] } },
{ "type": "Feature", "properties": { "railway": "station", "name": "Tomșani" }, "geometry": { "type": "Point", "coordinates": [ 24.04659, 45.12617 ] } },
{ "type": "Feature", "properties": { "railway": "station", "name": "Brașov" }, "geometry": { "type": "Point", "coordinates": [ 25.61358, 45.66121 ] } },
{ "type": "Feature", "properties": { "railway": "station", "name": "Remetea Mare" }, "geometry": { "type": "Point", "coordinates": [ 21.36336, 45.78633 ] } },
{ "type": "Feature", "properties": { "railway": "station", "name": "Timișoara Est" }, "geometry": { "type": "Point", "coordinates": [ 21.24412, 45.7668 ] } },
{ "type": "Feature", "properties": { "railway": "station", "name": "Timișoara Nord" }, "geometry": { "type": "Point", "coordinates": [ 21.20717, 45.75108 ] } },
{ "type": "Feature", "properties": { "railway": "station", "name": "Reșița Nord" }, "geometry": { "type": "Point", "coordinates": [ 21.87042, 45.32243 ] } },
{ "type": "Feature", "properties": { "railway": "station", "name": "Mintia" }, "geometry": { "type": "Point", "coordinates": [ 22.84977, 45.92028 ] } },
{ "type": "Feature", "properties": { "railway": "station", "name": "Deva" }, "geometry": { "type": "Point", "coordinates": [ 22.91056, 45.8844 ] } },
{ "type": "Feature", "properties": { "railway": "station", "name": "Ghioroc" }, "geometry": { "type": "Point", "coordinates": [ 21.58377, 46.14805 ] } },
{ "type": "Feature", "properties": { "railway": "station", "name": "Suceava" }, "geometry": { "type": "Point", "coordinates": [ 26.26607, 47.67036 ] } },
{ "type": "Feature", "properties": { "railway": "station", "name": "Suceava Nord" }, "geometry": { "type": "Point", "coordinates": [ 26.23585, 47.67639 ] } },
{ "type": "Feature", "properties": { "railway": "station", "name": "Aeroport Henri Coandă" }, "geometry": { "type": "Point", "coordinates": [ 26.0753, 44.56903 ] } },
{ "type": "Feature", "properties": { "railway": "station", "name": "Constanța" }, "geometry": { "type": "Point", "coordinates": [ 28.63157, 44.16874 ] } },
{ "type": "Feature", "properties": { "railway": "station", "name": "Ágerdőmajor" }, "geometry": { "type": "Point", "coordinates": [ 22.42914, 47.77638 ] } },
{ "type": "Feature", "properties": { "railway": "station", "name": "Jebel" }, "geometry": { "type": "Point", "coordinates": [ 21.19807, 45.55655 ] } },
{ "type": "Feature", "properties": { "railway": "halt", "name": "Horodnic" }, "geometry": { "type": "Point", "coordinates": [ 25.86125, 47.86683 ] } },
{ "type": "Feature", "properties": { "railway": "halt", "name": "Bivolăria" }, "geometry": { "type": "Point", "coordinates": [ 25.65603, 47.91419 ] } },
{ "type": "Feature", "properties": { "railway": "halt", "name": "Putna Troiță" }, "geometry": { "type": "Point", "coordinates": [ 25.613, 47.90346 ] } },
{ "type": "Feature", "properties": { "railway": "halt", "name": "Putna Centru" }, "geometry": { "type": "Point", "coordinates": [ 25.61546, 47.88019 ] } },
{ "type": "Feature", "properties": { "railway": "station", "name": "Blejoi" }, "geometry": { "type": "Point", "coordinates": [ 26.01602, 44.98651 ] } },
{ "type": "Feature", "properties": { "railway": "station", "name": "Scăieni" }, "geometry": { "type": "Point", "coordinates": [ 26.0256, 45.01571 ] } },
{ "type": "Feature", "properties": { "railway": "station", "name": "Bistrița Nord" }, "geometry": { "type": "Point", "coordinates": [ 24.48387, 47.13265 ] } },
{ "type": "Feature", "properties": { "railway": "halt", "name": "Horticola h" }, "geometry": { "type": "Point", "coordinates": [ 23.27621, 44.03418 ] } },
{ "type": "Feature", "properties": { "railway": "station", "name": "Palas" }, "geometry": { "type": "Point", "coordinates": [ 28.5839, 44.16526 ] } },
{ "type": "Feature", "properties": { "railway": "station", "name": "Arad" }, "geometry": { "type": "Point", "coordinates": [ 21.32508, 46.18952 ] } },
{ "type": "Feature", "properties": { "railway": "station", "name": "Târgoviște" }, "geometry": { "type": "Point", "coordinates": [ 25.45465, 44.91584 ] } },
{ "type": "Feature", "properties": { "railway": "station", "name": "Satu Mare" }, "geometry": { "type": "Point", "coordinates": [ 22.89313, 47.79522 ] } },
{ "type": "Feature", "properties": { "railway": "station", "name": "Sânnicolau Mare" }, "geometry": { "type": "Point", "coordinates": [ 20.64238, 46.05482 ] } },
{ "type": "Feature", "properties": { "railway": "station", "name": "Periam" }, "geometry": { "type": "Point", "coordinates": [ 20.87199, 46.03656 ] } },
{ "type": "Feature", "properties": { "railway": "station", "name": "Cărpiniș" }, "geometry": { "type": "Point", "coordinates": [ 20.90695, 45.78365 ] } },
{ "type": "Feature", "properties": { "railway": "station", "name": "Mărășești" }, "geometry": { "type": "Point", "coordinates": [ 27.2144, 45.87571 ] } },
{ "type": "Feature", "properties": { "railway": "station", "name": "Tecuci" }, "geometry": { "type": "Point", "coordinates": [ 27.4231, 45.83516 ] } },
{ "type": "Feature", "properties": { "railway": "station", "name": "Giurgiuleşti" }, "geometry": { "type": "Point", "coordinates": [ 28.20267, 45.47178 ] } },
{ "type": "Feature", "properties": { "railway": "halt", "name": "Trestieni" }, "geometry": { "type": "Point", "coordinates": [ 26.17814, 44.87205 ] } },
{ "type": "Feature", "properties": { "railway": "station", "name": "Valea Vișeului" }, "geometry": { "type": "Point", "coordinates": [ 24.15557, 47.91463 ] } },
{ "type": "Feature", "properties": { "railway": "station", "name": "Jucu" }, "geometry": { "type": "Point", "coordinates": [ 23.76384, 46.86278 ] } },
{ "type": "Feature", "properties": { "railway": "station", "name": "Lovrin" }, "geometry": { "type": "Point", "coordinates": [ 20.75569, 45.9652 ] } },
{ "type": "Feature", "properties": { "railway": "halt", "name": "Gura Vitioarei PO" }, "geometry": { "type": "Point", "coordinates": [ 26.02951, 45.16151 ] } },
{ "type": "Feature", "properties": { "railway": "halt", "name": "Dobrei P. aj. M" }, "geometry": { "type": "Point", "coordinates": [ 21.76897, 45.10125 ] } },
{ "type": "Feature", "properties": { "railway": "station", "name": "Ilia" }, "geometry": { "type": "Point", "coordinates": [ 22.65906, 45.94003 ] } },
{ "type": "Feature", "properties": { "railway": "station", "name": "Dârste" }, "geometry": { "type": "Point", "coordinates": [ 25.6536, 45.61884 ] } },
{ "type": "Feature", "properties": { "railway": "station", "name": "Timișeni" }, "geometry": { "type": "Point", "coordinates": [ 21.18012, 45.65168 ] } },
{ "type": "Feature", "properties": { "railway": "halt", "name": "Romlux hc" }, "geometry": { "type": "Point", "coordinates": [ 25.43601, 44.92881 ] } },
{ "type": "Feature", "properties": { "railway": "station", "name": "Târgoviște Nord" }, "geometry": { "type": "Point", "coordinates": [ 25.46264, 44.94775 ] } },
{ "type": "Feature", "properties": { "railway": "halt", "name": "Răzvad" }, "geometry": { "type": "Point", "coordinates": [ 25.52178, 44.9302 ] } },
{ "type": "Feature", "properties": { "railway": "station", "name": "Adânca Hm" }, "geometry": { "type": "Point", "coordinates": [ 25.59647, 44.92128 ] } },
{ "type": "Feature", "properties": { "railway": "station", "name": "Mija" }, "geometry": { "type": "Point", "coordinates": [ 25.6588, 44.91254 ] } },
{ "type": "Feature", "properties": { "railway": "station", "name": "Brașov Triaj" }, "geometry": { "type": "Point", "coordinates": [ 25.64957, 45.6681 ] } },
{ "type": "Feature", "properties": { "railway": "station", "name": "Iernut" }, "geometry": { "type": "Point", "coordinates": [ 24.22336, 46.44075 ] } },
{ "type": "Feature", "properties": { "railway": "halt", "name": "Brătășanca hc" }, "geometry": { "type": "Point", "coordinates": [ 25.82114, 44.91349 ] } },
{ "type": "Feature", "properties": { "railway": "halt", "name": "Crângul lui Tei hc" }, "geometry": { "type": "Point", "coordinates": [ 25.88448, 44.92165 ] } },
{ "type": "Feature", "properties": { "railway": "station", "name": "Sânandrei" }, "geometry": { "type": "Point", "coordinates": [ 21.14916, 45.84882 ] } },
{ "type": "Feature", "properties": { "railway": "halt", "name": "Biserica Larga Jijia h" }, "geometry": { "type": "Point", "coordinates": [ 27.38562, 47.31679 ] } },
{ "type": "Feature", "properties": { "railway": "station", "name": "Bacău" }, "geometry": { "type": "Point", "coordinates": [ 26.89456, 46.56556 ] } },
{ "type": "Feature", "properties": { "railway": "station", "name": "Glogovăț" }, "geometry": { "type": "Point", "coordinates": [ 21.40949, 46.17644 ] } },
{ "type": "Feature", "properties": { "railway": "station", "name": "Huedin" }, "geometry": { "type": "Point", "coordinates": [ 23.03139, 46.86722 ] } },
{ "type": "Feature", "properties": { "railway": "station", "name": "Câmpuri Surduc" }, "geometry": { "type": "Point", "coordinates": [ 22.52986, 45.93789 ] } },
{ "type": "Feature", "properties": { "railway": "halt", "name": "Bretea Mureșană Hc" }, "geometry": { "type": "Point", "coordinates": [ 22.70937, 45.93142 ] } },
{ "type": "Feature", "properties": { "railway": "station", "name": "Lőkösháza" }, "geometry": { "type": "Point", "coordinates": [ 21.23781, 46.43229 ] } },
{ "type": "Feature", "properties": { "railway": "halt", "name": "Halta Conop" }, "geometry": { "type": "Point", "coordinates": [ 21.87364, 46.10099 ] } },
{ "type": "Feature", "properties": { "railway": "station", "name": "Bârzava Nouă" }, "geometry": { "type": "Point", "coordinates": [ 21.97285, 46.10363 ] } },
{ "type": "Feature", "properties": { "railway": "station", "name": "Sibiu" }, "geometry": { "type": "Point", "coordinates": [ 24.16172, 45.80016 ] } },
{ "type": "Feature", "properties": { "railway": "station", "name": "Făgăraș" }, "geometry": { "type": "Point", "coordinates": [ 24.9761, 45.8301 ] } },
{ "type": "Feature", "properties": { "railway": "halt", "name": "Betel" }, "geometry": { "type": "Point", "coordinates": [ 24.29509, 45.3711 ] } },
{ "type": "Feature", "properties": { "railway": "halt", "name": "Marginea Bihor" }, "geometry": { "type": "Point", "coordinates": [ 22.41735, 47.30352 ] } },
{ "type": "Feature", "properties": { "railway": "station", "name": "Bratca" }, "geometry": { "type": "Point", "coordinates": [ 22.6029, 46.92881 ] } },
{ "type": "Feature", "properties": { "railway": "station", "name": "Băile Herculane" }, "geometry": { "type": "Point", "coordinates": [ 22.38797, 44.86266 ] } },
{ "type": "Feature", "properties": { "railway": "station", "name": "Deta" }, "geometry": { "type": "Point", "coordinates": [ 21.23069, 45.39659 ] } },
{ "type": "Feature", "properties": { "railway": "halt", "name": "Dorolțu" }, "geometry": { "type": "Point", "coordinates": [ 23.30039, 46.86024 ] } },
{ "type": "Feature", "properties": { "railway": "station", "name": "Fărcașele" }, "geometry": { "type": "Point", "coordinates": [ 24.45213, 44.12154 ] } },
{ "type": "Feature", "properties": { "railway": "halt", "name": "Gălășeni" }, "geometry": { "type": "Point", "coordinates": [ 23.17688, 46.87946 ] } },
{ "type": "Feature", "properties": { "railway": "halt", "name": "Caransebeș hc" }, "geometry": { "type": "Point", "coordinates": [ 22.20493, 45.40753 ] } },
{ "type": "Feature", "properties": { "railway": "halt", "name": "Halta Geoagiu" }, "geometry": { "type": "Point", "coordinates": [ 23.2488, 45.88427 ] } },
{ "type": "Feature", "properties": { "railway": "station", "name": "Milova" }, "geometry": { "type": "Point", "coordinates": [ 21.78697, 46.09383 ] } },
{ "type": "Feature", "properties": { "railway": "halt", "name": "Lipănești hc" }, "geometry": { "type": "Point", "coordinates": [ 26.02347, 45.05418 ] } },
{ "type": "Feature", "properties": { "railway": "halt", "name": "Halta Boldești" }, "geometry": { "type": "Point", "coordinates": [ 26.02424, 45.02893 ] } },
{ "type": "Feature", "properties": { "railway": "halt", "name": "Timișu de Sus" }, "geometry": { "type": "Point", "coordinates": [ 25.58826, 45.5472 ] } },
{ "type": "Feature", "properties": { "railway": "station", "name": "Teiuș" }, "geometry": { "type": "Point", "coordinates": [ 23.69054, 46.20275 ] } },
{ "type": "Feature", "properties": { "railway": "halt", "name": "Sibiu Gr. Șelimbăr Hm" }, "geometry": { "type": "Point", "coordinates": [ 24.19987, 45.76874 ] } },
{ "type": "Feature", "properties": { "railway": "halt", "name": "Checea Sat" }, "geometry": { "type": "Point", "coordinates": [ 20.84942, 45.78879 ] } },
{ "type": "Feature", "properties": { "railway": "station", "name": "Timișoara Vest" }, "geometry": { "type": "Point", "coordinates": [ 21.1716, 45.72618 ] } },
{ "type": "Feature", "properties": { "railway": "station", "name": "Timișoara Sud" }, "geometry": { "type": "Point", "coordinates": [ 21.20275, 45.71595 ] } },
{ "type": "Feature", "properties": { "railway": "station", "name": "Baciu Triaj" }, "geometry": { "type": "Point", "coordinates": [ 23.52729, 46.78708 ] } },
{ "type": "Feature", "properties": { "railway": "halt", "name": "Baciu h" }, "geometry": { "type": "Point", "coordinates": [ 23.51599, 46.79522 ] } },
{ "type": "Feature", "properties": { "railway": "halt", "name": "Suceag hc" }, "geometry": { "type": "Point", "coordinates": [ 23.48376, 46.79785 ] } },
{ "type": "Feature", "properties": { "railway": "halt", "name": "Râmnicu Vâlcea Nord" }, "geometry": { "type": "Point", "coordinates": [ 24.37373, 45.11623 ] } },
{ "type": "Feature", "properties": { "railway": "halt", "name": "Ostroveni" }, "geometry": { "type": "Point", "coordinates": [ 24.36669, 45.096 ] } },
{ "type": "Feature", "properties": { "railway": "station", "name": "Aninoasa Hm" }, "geometry": { "type": "Point", "coordinates": [ 25.44219, 44.95876 ] } },
{ "type": "Feature", "properties": { "railway": "station", "name": "Doicești" }, "geometry": { "type": "Point", "coordinates": [ 25.41112, 44.98739 ] } },
{ "type": "Feature", "properties": { "railway": "station", "name": "Doicești hc." }, "geometry": { "type": "Point", "coordinates": [ 25.40151, 44.99813 ] } },
{ "type": "Feature", "properties": { "railway": "halt", "name": "Rădaia h" }, "geometry": { "type": "Point", "coordinates": [ 23.46272, 46.80109 ] } },
{ "type": "Feature", "properties": { "railway": "halt", "name": "Strehaia halta" }, "geometry": { "type": "Point", "coordinates": [ 23.19342, 44.61604 ] } },
{ "type": "Feature", "properties": { "railway": "halt", "name": "Pescăruș Hc." }, "geometry": { "type": "Point", "coordinates": [ 28.6201, 43.9068 ] } },
{ "type": "Feature", "properties": { "railway": "station", "name": "Bujoreni Vâlcea" }, "geometry": { "type": "Point", "coordinates": [ 24.37585, 45.14616 ] } },
{ "type": "Feature", "properties": { "railway": "station", "name": "Tudor Arghezi" }, "geometry": { "type": "Point", "coordinates": [ 26.15926, 44.34804 ] } },
{ "type": "Feature", "properties": { "railway": "station", "name": "Văradia" }, "geometry": { "type": "Point", "coordinates": [ 22.13709, 46.01404 ] } },
{ "type": "Feature", "properties": { "railway": "station", "name": "Mănăstirea Moldovița" }, "geometry": { "type": "Point", "coordinates": [ 25.56932, 47.6563 ] } },
{ "type": "Feature", "properties": { "railway": "station", "name": "Curtici" }, "geometry": { "type": "Point", "coordinates": [ 21.29794, 46.34089 ] } },
{ "type": "Feature", "properties": { "railway": "halt", "name": "Dănești" }, "geometry": { "type": "Point", "coordinates": [ 25.7503, 46.51045 ] } },
{ "type": "Feature", "properties": { "railway": "station", "name": "Vișeu de Jos" }, "geometry": { "type": "Point", "coordinates": [ 24.36723, 47.7207 ] } },
{ "type": "Feature", "properties": { "railway": "station", "name": "Cozia" }, "geometry": { "type": "Point", "coordinates": [ 24.28319, 45.32473 ] } },
{ "type": "Feature", "properties": { "railway": "station", "name": "Aleșd" }, "geometry": { "type": "Point", "coordinates": [ 22.35576, 47.04021 ] } },
{ "type": "Feature", "properties": { "railway": "station", "name": "Holboca" }, "geometry": { "type": "Point", "coordinates": [ 27.6941, 47.14801 ] } },
{ "type": "Feature", "properties": { "railway": "station", "name": "Câmpinița" }, "geometry": { "type": "Point", "coordinates": [ 25.73672, 45.13174 ] } },
{ "type": "Feature", "properties": { "railway": "station", "name": "Telega" }, "geometry": { "type": "Point", "coordinates": [ 25.77144, 45.14135 ] } },
{ "type": "Feature", "properties": { "railway": "halt", "name": "Sibiel" }, "geometry": { "type": "Point", "coordinates": [ 23.94077, 45.76564 ] } },
{ "type": "Feature", "properties": { "railway": "station", "name": "Grădiștea" }, "geometry": { "type": "Point", "coordinates": [ 26.16311, 44.20559 ] } },
{ "type": "Feature", "properties": { "railway": "halt", "name": "Săcelu Sibiului" }, "geometry": { "type": "Point", "coordinates": [ 23.94411, 45.78728 ] } },
{ "type": "Feature", "properties": { "railway": "halt", "name": "Valea Păltinișului hc" }, "geometry": { "type": "Point", "coordinates": [ 22.16923, 45.44122 ] } },
{ "type": "Feature", "properties": { "railway": "halt", "name": "Cârțani hc" }, "geometry": { "type": "Point", "coordinates": [ 25.7672, 46.53207 ] } },
{ "type": "Feature", "properties": { "railway": "station", "name": "Bradu de Sus" }, "geometry": { "type": "Point", "coordinates": [ 24.9157, 44.81345 ] } },
{ "type": "Feature", "properties": { "railway": "station", "name": "Jilava" }, "geometry": { "type": "Point", "coordinates": [ 26.10656, 44.34189 ] } },
{ "type": "Feature", "properties": { "railway": "station", "name": "Vidra" }, "geometry": { "type": "Point", "coordinates": [ 26.15363, 44.26901 ] } },
{ "type": "Feature", "properties": { "railway": "station", "name": "Băneasa Giurgiu" }, "geometry": { "type": "Point", "coordinates": [ 26.046, 44.05196 ] } },
{ "type": "Feature", "properties": { "railway": "station", "name": "Frățești" }, "geometry": { "type": "Point", "coordinates": [ 25.97137, 43.96405 ] } },
{ "type": "Feature", "properties": { "railway": "halt", "name": "Daia Hm" }, "geometry": { "type": "Point", "coordinates": [ 25.99088, 43.98964 ] } },
{ "type": "Feature", "properties": { "railway": "station", "name": "Mihai Bravu" }, "geometry": { "type": "Point", "coordinates": [ 26.08297, 44.11717 ] } },
{ "type": "Feature", "properties": { "railway": "halt", "name": "Vlad Țepeș hc" }, "geometry": { "type": "Point", "coordinates": [ 26.12585, 44.13834 ] } },
{ "type": "Feature", "properties": { "railway": "halt", "name": "Sintești hc" }, "geometry": { "type": "Point", "coordinates": [ 26.13055, 44.30432 ] } },
{ "type": "Feature", "properties": { "railway": "halt", "name": "Unirea hc" }, "geometry": { "type": "Point", "coordinates": [ 23.83973, 46.39922 ] } },
{ "type": "Feature", "properties": { "railway": "station", "name": "Constanța Mărfuri" }, "geometry": { "type": "Point", "coordinates": [ 28.60755, 44.17819 ] } },
{ "type": "Feature", "properties": { "railway": "station", "name": "Dacic Horse Train" }, "geometry": { "type": "Point", "coordinates": [ 23.18592, 45.77835 ] } },
{ "type": "Feature", "properties": { "railway": "halt", "name": "PO Văradia" }, "geometry": { "type": "Point", "coordinates": [ 22.15583, 46.00206 ] } },
{ "type": "Feature", "properties": { "railway": "station", "name": "Miercurea Ciuc" }, "geometry": { "type": "Point", "coordinates": [ 25.79345, 46.35956 ] } },
{ "type": "Feature", "properties": { "railway": "station", "name": "Bicsadu Oltului Hm." }, "geometry": { "type": "Point", "coordinates": [ 25.84708, 46.10033 ] } },
{ "type": "Feature", "properties": { "railway": "station", "name": "Petroşani" }, "geometry": { "type": "Point", "coordinates": [ 23.36617, 45.42323 ] } },
{ "type": "Feature", "properties": { "railway": "halt", "name": "Mintia h" }, "geometry": { "type": "Point", "coordinates": [ 22.82675, 45.917 ] } },
{ "type": "Feature", "properties": { "railway": "halt", "name": "Bichigiu h" }, "geometry": { "type": "Point", "coordinates": [ 24.38292, 47.39944 ] } },
{ "type": "Feature", "properties": { "railway": "halt", "name": "CTF Făurei h." }, "geometry": { "type": "Point", "coordinates": [ 27.24755, 45.07761 ] } },
{ "type": "Feature", "properties": { "railway": "halt", "name": "Fiezel" }, "geometry": { "type": "Point", "coordinates": [ 24.3903, 47.45923 ] } },
{ "type": "Feature", "properties": { "railway": "halt", "name": "Ram. Golenţi" }, "geometry": { "type": "Point", "coordinates": [ 22.97146, 43.97842 ] } },
{ "type": "Feature", "properties": { "railway": "halt", "name": "Probota" }, "geometry": { "type": "Point", "coordinates": [ 26.6409, 47.38763 ] } },
{ "type": "Feature", "properties": { "railway": "halt", "name": "Zigoneni" }, "geometry": { "type": "Point", "coordinates": [ 24.67331, 45.09033 ] } },
{ "type": "Feature", "properties": { "railway": "halt", "name": "Voetin h." }, "geometry": { "type": "Point", "coordinates": [ 27.09599, 45.44196 ] } },
{ "type": "Feature", "properties": { "railway": "halt", "name": "Şeica Mică" }, "geometry": { "type": "Point", "coordinates": [ 24.16192, 46.10775 ] } },
{ "type": "Feature", "properties": { "railway": "halt", "name": "Săcuienii Noi" }, "geometry": { "type": "Point", "coordinates": [ 24.97209, 46.25756 ] } },
{ "type": "Feature", "properties": { "railway": "halt", "name": "Suseni" }, "geometry": { "type": "Point", "coordinates": [ 24.8916, 44.69861 ] } },
{ "type": "Feature", "properties": { "railway": "halt", "name": "Saschiz" }, "geometry": { "type": "Point", "coordinates": [ 24.96199, 46.23948 ] } },
{ "type": "Feature", "properties": { "railway": "halt", "name": "Ciceu Mihăeşti" }, "geometry": { "type": "Point", "coordinates": [ 23.98246, 47.17645 ] } },
{ "type": "Feature", "properties": { "railway": "halt", "name": "Recolta" }, "geometry": { "type": "Point", "coordinates": [ 27.5369, 44.4237 ] } },
{ "type": "Feature", "properties": { "railway": "halt", "name": "Depoul Buc.Triaj (IIIK)" }, "geometry": { "type": "Point", "coordinates": [ 26.03004, 44.47543 ] } },
{ "type": "Feature", "properties": { "railway": "halt", "name": "Km. 106+800" }, "geometry": { "type": "Point", "coordinates": [ 24.89801, 44.84175 ] } },
{ "type": "Feature", "properties": { "railway": "halt", "name": "R. Aeroport T1" }, "geometry": { "type": "Point", "coordinates": [ 26.04209, 44.55752 ] } },
{ "type": "Feature", "properties": { "railway": "halt", "name": "C. C. H. Dej" }, "geometry": { "type": "Point", "coordinates": [ 23.8738, 47.15424 ] } },
{ "type": "Feature", "properties": { "railway": "halt", "name": "Todireşti" }, "geometry": { "type": "Point", "coordinates": [ 26.04276, 47.69256 ] } },
{ "type": "Feature", "properties": { "railway": "halt", "name": "Făncica" }, "geometry": { "type": "Point", "coordinates": [ 22.24302, 47.32397 ] } },
{ "type": "Feature", "properties": { "railway": "halt", "name": "Vicov h." }, "geometry": { "type": "Point", "coordinates": [ 25.74076, 47.90494 ] } },
{ "type": "Feature", "properties": { "railway": "halt", "name": "Lalaşinţ" }, "geometry": { "type": "Point", "coordinates": [ 22.03622, 46.07208 ] } },
{ "type": "Feature", "properties": { "railway": "halt", "name": "R. 1 Jiu" }, "geometry": { "type": "Point", "coordinates": [ 23.84276, 44.3022 ] } },
{ "type": "Feature", "properties": { "railway": "station", "name": "Constanța Ferry-Boat" }, "geometry": { "type": "Point", "coordinates": [ 28.64791, 44.086 ] } },
{ "type": "Feature", "properties": { "railway": "halt", "name": "Berceni" }, "geometry": { "type": "Point", "coordinates": [ 26.13965, 44.33674 ] } },
{ "type": "Feature", "properties": { "railway": "halt", "name": "Punct de oprire Lalașinț" }, "geometry": { "type": "Point", "coordinates": [ 22.02328, 46.07232 ] } },
{ "type": "Feature", "properties": { "railway": "halt", "name": "Letea h" }, "geometry": { "type": "Point", "coordinates": [ 26.93412, 46.52184 ] } },
{ "type": "Feature", "properties": { "railway": "station", "name": "București Progresu" }, "geometry": { "type": "Point", "coordinates": [ 26.09128, 44.36546 ] } },
{ "type": "Feature", "properties": { "railway": "station", "name": "Gara de Nord" }, "geometry": { "type": "Point", "coordinates": [ 26.07384, 44.44674 ] } },
{ "type": "Feature", "properties": { "railway": "halt", "name": "Băcia hm" }, "geometry": { "type": "Point", "coordinates": [ 23.00083, 45.79526 ] } },
{ "type": "Feature", "properties": { "railway": "station", "name": "Lunca Arieșului" }, "geometry": { "type": "Point", "coordinates": [ 23.4544, 46.43581 ] } },
{ "type": "Feature", "properties": { "railway": "station", "name": "Gherla" }, "geometry": { "type": "Point", "coordinates": [ 23.91242, 47.02755 ] } },
{ "type": "Feature", "properties": { "railway": "station", "name": "Parc Bazilescu" }, "geometry": { "type": "Point", "coordinates": [ 26.03757, 44.48665 ] } },
{ "type": "Feature", "properties": { "railway": "halt", "name": "Macău" }, "geometry": { "type": "Point", "coordinates": [ 23.31355, 46.84719 ] } },
{ "type": "Feature", "properties": { "railway": "halt", "name": "Beclean pe Olt h" }, "geometry": { "type": "Point", "coordinates": [ 24.91582, 45.83158 ] } },
{ "type": "Feature", "properties": { "railway": "station", "name": "Видин" }, "geometry": { "type": "Point", "coordinates": [ 22.87523, 43.98432 ] } },
{ "type": "Feature", "properties": { "railway": "halt", "name": "Halta Pârteștii de Jos" }, "geometry": { "type": "Point", "coordinates": [ 25.97964, 47.64446 ] } },
{ "type": "Feature", "properties": { "railway": "station", "name": "București Băneasa" }, "geometry": { "type": "Point", "coordinates": [ 26.07407, 44.4851 ] } },
{ "type": "Feature", "properties": { "railway": "station", "name": "București Vest" }, "geometry": { "type": "Point", "coordinates": [ 25.9678, 44.42722 ] } },
{ "type": "Feature", "properties": { "railway": "station", "name": "Pantelimon" }, "geometry": { "type": "Point", "coordinates": [ 26.19186, 44.47806 ] } },
{ "type": "Feature", "properties": { "railway": "station", "name": "Drobeta Turnu Severin" }, "geometry": { "type": "Point", "coordinates": [ 22.64417, 44.6221 ] } },
{ "type": "Feature", "properties": { "railway": "station", "name": "Pietroșița" }, "geometry": { "type": "Point", "coordinates": [ 25.43958, 45.18365 ] } },
{ "type": "Feature", "properties": { "railway": "station", "name": "Sfântu Gheorghe" }, "geometry": { "type": "Point", "coordinates": [ 25.81051, 45.86326 ] } },
{ "type": "Feature", "properties": { "railway": "halt", "name": "Stamora Germană" }, "geometry": { "type": "Point", "coordinates": [ 21.25475, 45.28244 ] } },
{ "type": "Feature", "properties": { "railway": "station", "name": "Zam" }, "geometry": { "type": "Point", "coordinates": [ 22.44032, 46.00066 ] } },
{ "type": "Feature", "properties": { "railway": "halt", "name": "Punct oprire Brănișca" }, "geometry": { "type": "Point", "coordinates": [ 22.78177, 45.90901 ] } },
{ "type": "Feature", "properties": { "railway": "halt", "name": "Punct oprire Vețel" }, "geometry": { "type": "Point", "coordinates": [ 22.80358, 45.90744 ] } },
{ "type": "Feature", "properties": { "railway": "station", "name": null }, "geometry": { "type": "Point", "coordinates": [ 27.27949, 45.31827 ] } },
{ "type": "Feature", "properties": { "railway": "halt", "name": "Malnaș hc" }, "geometry": { "type": "Point", "coordinates": [ 25.8416, 46.00128 ] } },
{ "type": "Feature", "properties": { "railway": "halt", "name": "Musculești" }, "geometry": { "type": "Point", "coordinates": [ 23.51142, 44.81862 ] } },
{ "type": "Feature", "properties": { "railway": "halt", "name": "Scârlența" }, "geometry": { "type": "Point", "coordinates": [ 25.42606, 45.03408 ] } },
{ "type": "Feature", "properties": { "railway": "halt", "name": "Săcuieni" }, "geometry": { "type": "Point", "coordinates": [ 25.57166, 44.92418 ] } },
{ "type": "Feature", "properties": { "railway": "station", "name": "Fieni" }, "geometry": { "type": "Point", "coordinates": [ 25.42122, 45.12566 ] } },
{ "type": "Feature", "properties": { "railway": "station", "name": "Țepeș Vodă" }, "geometry": { "type": "Point", "coordinates": [ 25.44701, 45.14918 ] } },
{ "type": "Feature", "properties": { "railway": "halt", "name": "Prundu Bârgăului" }, "geometry": { "type": "Point", "coordinates": [ 24.74303, 47.21791 ] } },
{ "type": "Feature", "properties": { "railway": "station", "name": "Văleni Nord" }, "geometry": { "type": "Point", "coordinates": [ 26.03948, 45.20927 ] } },
{ "type": "Feature", "properties": { "railway": "halt", "name": "Cernica" }, "geometry": { "type": "Point", "coordinates": [ 26.27616, 44.40531 ] } },
{ "type": "Feature", "properties": { "railway": "halt", "name": "Trainica" }, "geometry": { "type": "Point", "coordinates": [ 25.43664, 45.04808 ] } },
{ "type": "Feature", "properties": { "railway": "halt", "name": "Gheaba 2" }, "geometry": { "type": "Point", "coordinates": [ 25.99678, 45.31037 ] } },
{ "type": "Feature", "properties": { "railway": "halt", "name": "Măgurele Nord" }, "geometry": { "type": "Point", "coordinates": [ 26.03553, 45.12541 ] } },
{ "type": "Feature", "properties": { "railway": "halt", "name": "Moțăieni" }, "geometry": { "type": "Point", "coordinates": [ 25.42238, 45.09819 ] } },
{ "type": "Feature", "properties": { "railway": "halt", "name": "Stoicani" }, "geometry": { "type": "Point", "coordinates": [ 28.08278, 45.70284 ] } },
{ "type": "Feature", "properties": { "railway": "halt", "name": "Km. 9 + 820" }, "geometry": { "type": "Point", "coordinates": [ 23.41193, 44.64838 ] } },
{ "type": "Feature", "properties": { "railway": "halt", "name": "Bârgău h" }, "geometry": { "type": "Point", "coordinates": [ 24.75093, 47.21529 ] } },
{ "type": "Feature", "properties": { "railway": "halt", "name": "P.O. Lustic" }, "geometry": { "type": "Point", "coordinates": [ 25.50317, 45.638 ] } },
{ "type": "Feature", "properties": { "railway": "halt", "name": "Broscăuţi" }, "geometry": { "type": "Point", "coordinates": [ 26.45583, 47.95736 ] } },
{ "type": "Feature", "properties": { "railway": "halt", "name": "Pricaz" }, "geometry": { "type": "Point", "coordinates": [ 23.17146, 45.85444 ] } },
{ "type": "Feature", "properties": { "railway": "station", "name": "Bod" }, "geometry": { "type": "Point", "coordinates": [ 25.60438, 45.75895 ] } },
{ "type": "Feature", "properties": { "railway": "halt", "name": "Sibiu Triaj h" }, "geometry": { "type": "Point", "coordinates": [ 24.18768, 45.78012 ] } },
{ "type": "Feature", "properties": { "railway": "halt", "name": "Beresti Tunel" }, "geometry": { "type": "Point", "coordinates": [ 27.88172, 46.10764 ] } },
{ "type": "Feature", "properties": { "railway": "station", "name": "Călan" }, "geometry": { "type": "Point", "coordinates": [ 22.98912, 45.72961 ] } },
{ "type": "Feature", "properties": { "railway": "station", "name": "Lupeni" }, "geometry": { "type": "Point", "coordinates": [ 23.22214, 45.35674 ] } },
{ "type": "Feature", "properties": { "railway": "station", "name": "Livezeni" }, "geometry": { "type": "Point", "coordinates": [ 23.3669, 45.37772 ] } },
{ "type": "Feature", "properties": { "railway": "station", "name": "Filiași" }, "geometry": { "type": "Point", "coordinates": [ 23.51092, 44.55233 ] } },
{ "type": "Feature", "properties": { "railway": "station", "name": "Târgu Jiu" }, "geometry": { "type": "Point", "coordinates": [ 23.28116, 45.0319 ] } },
{ "type": "Feature", "properties": { "railway": "station", "name": "Strâmbuța" }, "geometry": { "type": "Point", "coordinates": [ 23.38128, 45.35456 ] } },
{ "type": "Feature", "properties": { "railway": "station", "name": "Lainici" }, "geometry": { "type": "Point", "coordinates": [ 23.38466, 45.26995 ] } },
{ "type": "Feature", "properties": { "railway": "station", "name": "Amaradia" }, "geometry": { "type": "Point", "coordinates": [ 23.24629, 44.98661 ] } },
{ "type": "Feature", "properties": { "railway": "station", "name": "Bibești" }, "geometry": { "type": "Point", "coordinates": [ 23.50062, 44.77874 ] } },
{ "type": "Feature", "properties": { "railway": "station", "name": "Mehadia" }, "geometry": { "type": "Point", "coordinates": [ 22.36898, 44.89684 ] } },
{ "type": "Feature", "properties": { "railway": "station", "name": "Gătaia" }, "geometry": { "type": "Point", "coordinates": [ 21.42801, 45.42254 ] } },
{ "type": "Feature", "properties": { "railway": "station", "name": "Vințu de Jos" }, "geometry": { "type": "Point", "coordinates": [ 23.4983, 45.98892 ] } },
{ "type": "Feature", "properties": { "railway": "station", "name": "Bușteni" }, "geometry": { "type": "Point", "coordinates": [ 25.53736, 45.41588 ] } },
{ "type": "Feature", "properties": { "railway": "station", "name": "Azuga" }, "geometry": { "type": "Point", "coordinates": [ 25.55249, 45.44503 ] } },
{ "type": "Feature", "properties": { "railway": "halt", "name": "Valea Drăganului" }, "geometry": { "type": "Point", "coordinates": [ 22.84412, 46.93457 ] } },
{ "type": "Feature", "properties": { "railway": "halt", "name": "Nădejdea Sat h" }, "geometry": { "type": "Point", "coordinates": [ 25.82818, 46.48928 ] } },
{ "type": "Feature", "properties": { "railway": "station", "name": "Apahida" }, "geometry": { "type": "Point", "coordinates": [ 23.7427, 46.79155 ] } },
{ "type": "Feature", "properties": { "railway": "station", "name": "Monor-Gledin" }, "geometry": { "type": "Point", "coordinates": [ 24.70436, 46.96106 ] } },
{ "type": "Feature", "properties": { "railway": "station", "name": "Valea Largă" }, "geometry": { "type": "Point", "coordinates": [ 25.56856, 45.30931 ] } },
{ "type": "Feature", "properties": { "railway": "halt", "name": "Roșcani" }, "geometry": { "type": "Point", "coordinates": [ 27.93743, 45.95351 ] } },
{ "type": "Feature", "properties": { "railway": "station", "name": "Iscroni" }, "geometry": { "type": "Point", "coordinates": [ 23.33511, 45.37869 ] } },
{ "type": "Feature", "properties": { "railway": "halt", "name": "Faraoani" }, "geometry": { "type": "Point", "coordinates": [ 26.96533, 46.39493 ] } }
]
}
