{"type":"FeatureCollection","features":[{"type":"Feature","properties":{"leftregion":"Sud-Vest","rightregion":null},"geometry":{"type":"MultiLineString","coordinates":[[[22.9484,43.8188],[22.9528,43.8132]],[[22.934,43.8236],[22.9484,43.8188]],[[22.913,43.825],[22.934,43.8236]],[[22.8949,43.8288],[22.913,43.825]],[[22.8735,43.8351],[22.8949,43.8288]],[[22.8665,43.8383],[22.8735,43.8351]],[[22.853,43.8505],[22.8665,43.8383]],[[22.8427,43.8638],[22.853,43.8505]],[[22.8419,43.8728],[22.8427,43.8638]],[[22.8387,43.8779],[22.8419,43.8728]],[[22.8383,43.8867],[22.8387,43.8779]],[[22.8383,43.8867],[22.8477,43.9042]],[[22.8477,43.9042],[22.8621,43.9239]],[[22.8621,43.9239],[22.8635,43.9329]],[[22.8602,43.9338],[22.8635,43.9329]],[[22.8602,43.9338],[22.8683,43.9476]],[[22.8683,43.9476],[22.8733,43.9661]],[[22.8733,43.9661],[22.8787,43.9816]],[[22.8787,43.9816],[22.8917,43.9918]],[[22.8917,43.9918],[22.9097,43.9945]],[[22.9097,43.9945],[22.9289,44.0013]],[[22.9289,44.0013],[22.9698,44.0085]],[[22.9698,44.0085],[22.9707,44.0057]],[[22.9707,44.0057],[22.9786,44.0064]],[[22.9786,44.0064],[23.0041,44.0111]],[[23.0041,44.0111],[23.0101,44.0134]],[[23.0101,44.0134],[23.0165,44.0186]],[[23.0139,44.0206],[23.0165,44.0186]],[[23.0139,44.0206],[23.023,44.0278]],[[23.023,44.0278],[23.0305,44.0355]],[[23.0305,44.0355],[23.0378,44.0447]],[[23.0378,44.0447],[23.0457,44.0579]],[[23.0457,44.0579],[23.0459,44.0635]],[[23.0445,44.068],[23.0459,44.0635]],[[23.0373,44.0796],[23.0445,44.068]],[[23.0244,44.0894],[23.0373,44.0796]],[[23.0132,44.0937],[23.0244,44.0894]],[[22.9916,44.0978],[23.0132,44.0937]],[[22.9639,44.0985],[22.9916,44.0978]],[[22.936,44.0998],[22.9639,44.0985]],[[22.9255,44.1021],[22.936,44.0998]],[[22.899,44.1147],[22.9255,44.1021]],[[22.8802,44.1276],[22.899,44.1147]],[[22.871,44.1331],[22.8802,44.1276]],[[22.8481,44.1425],[22.871,44.1331]],[[22.8406,44.1465],[22.8481,44.1425]],[[22.8132,44.1538],[22.8406,44.1465]],[[22.7962,44.1631],[22.8132,44.1538]],[[22.7822,44.1719],[22.7962,44.1631]],[[22.7494,44.1979],[22.7822,44.1719]],[[22.7363,44.201],[22.7494,44.1979]],[[22.7181,44.203],[22.7363,44.201]],[[22.7081,44.2031],[22.7181,44.203]],[[22.6945,44.2045],[22.7081,44.2031]],[[22.686,44.208],[22.6945,44.2045]],[[22.6734,44.2168],[22.686,44.208]],[[22.6718,44.2224],[22.6734,44.2168]],[[22.6718,44.2224],[22.6737,44.233]],[[22.6737,44.233],[22.6844,44.251]],[[22.6844,44.251],[22.6852,44.2652]],[[22.6788,44.2781],[22.6852,44.2652]],[[22.6719,44.2836],[22.6788,44.2781]],[[22.645,44.2925],[22.6719,44.2836]],[[22.6369,44.2938],[22.645,44.2925]],[[22.6173,44.2933],[22.6369,44.2938]],[[22.6052,44.2955],[22.6173,44.2933]],[[22.594,44.299],[22.6052,44.2955]],[[22.5782,44.3036],[22.594,44.299]],[[22.5636,44.3055],[22.5782,44.3036]],[[22.5556,44.3116],[22.5636,44.3055]],[[22.5478,44.3227],[22.5556,44.3116]],[[22.5297,44.3344],[22.5478,44.3227]],[[22.5239,44.3393],[22.5297,44.3344]],[[22.5166,44.3584],[22.5239,44.3393]],[[22.5085,44.3741],[22.5166,44.3584]],[[22.5038,44.3805],[22.5085,44.3741]],[[22.5008,44.391],[22.5038,44.3805]],[[22.4989,44.4125],[22.5008,44.391]],[[22.4989,44.4125],[22.5017,44.4173]],[[22.4811,44.4327],[22.5017,44.4173]],[[22.4718,44.4368],[22.4811,44.4327]],[[22.4643,44.4449],[22.4718,44.4368]],[[22.4617,44.4528],[22.4643,44.4449]],[[22.4577,44.4591],[22.4617,44.4528]],[[22.456,44.47],[22.4577,44.4591]],[[22.456,44.47],[22.461,44.4775]],[[22.461,44.4775],[22.4657,44.4797]],[[22.4657,44.4797],[22.4739,44.4806]],[[22.4739,44.4806],[22.4965,44.4776]],[[22.4965,44.4776],[22.5168,44.4717]],[[22.5168,44.4717],[22.5242,44.4726]],[[22.5242,44.4726],[22.5482,44.4817]],[[22.5482,44.4817],[22.5552,44.4898]],[[22.5552,44.4898],[22.5604,44.5052]],[[22.5604,44.5052],[22.5605,44.5205]],[[22.5605,44.5205],[22.5629,44.5332]],[[22.5629,44.5332],[22.5725,44.5435]],[[22.5725,44.5435],[22.5822,44.5493]],[[22.5822,44.5493],[22.6005,44.5522]],[[22.6005,44.5522],[22.6147,44.5524]],[[22.6147,44.5524],[22.6265,44.55]],[[22.6265,44.55],[22.6347,44.5462]],[[22.6347,44.5462],[22.6428,44.5445]],[[22.6428,44.5445],[22.6503,44.539]],[[22.6503,44.539],[22.6547,44.536]],[[22.6547,44.536],[22.6843,44.5198]],[[22.6843,44.5198],[22.6919,44.5172]],[[22.6919,44.5172],[22.6991,44.5168]],[[22.6991,44.5168],[22.7114,44.5195]],[[22.7114,44.5195],[22.7306,44.5272]],[[22.7306,44.5272],[22.759,44.5367]],[[22.759,44.5367],[22.7631,44.54]],[[22.7631,44.54],[22.7638,44.5474]],[[22.7613,44.5552],[22.7638,44.5474]],[[22.7564,44.5622],[22.7613,44.5552]],[[22.7341,44.5822],[22.7564,44.5622]],[[22.7092,44.602],[22.7341,44.5822]],[[22.6923,44.605],[22.7092,44.602]],[[22.6828,44.6087],[22.6923,44.605]],[[22.6771,44.6175],[22.6828,44.6087]],[[22.6681,44.6192],[22.6771,44.6175]],[[22.6398,44.6148],[22.6681,44.6192]],[[22.6267,44.6141],[22.6398,44.6148]],[[22.6182,44.6155],[22.6267,44.6141]],[[22.6012,44.6223],[22.6182,44.6155]],[[22.5805,44.6322],[22.6012,44.6223]],[[22.5688,44.6371],[22.5805,44.6322]],[[22.5593,44.6487],[22.5688,44.6371]],[[22.5443,44.6611],[22.5593,44.6487]],[[22.538,44.6637],[22.5443,44.6611]],[[22.5349,44.6678],[22.538,44.6637]],[[22.5241,44.6762],[22.5349,44.6678]],[[22.5146,44.6819],[22.5241,44.6762]],[[22.5091,44.6898],[22.5146,44.6819]],[[22.4954,44.6979],[22.5091,44.6898]],[[22.4793,44.7096],[22.4954,44.6979]],[[22.4691,44.7135],[22.4793,44.7096]],[[22.4665,44.7142],[22.4691,44.7135]],[[22.4639,44.7148],[22.4665,44.7142]],[[22.4323,44.7101],[22.4639,44.7148]],[[22.4209,44.7062],[22.4323,44.7101]],[[22.4098,44.6963],[22.4209,44.7062]],[[22.3984,44.6846],[22.4098,44.6963]],[[22.3897,44.6793],[22.3984,44.6846]],[[22.3837,44.6763],[22.3897,44.6793]],[[22.3679,44.6723],[22.3837,44.6763]],[[22.3573,44.6727],[22.3679,44.6723]],[[22.3392,44.6765],[22.3573,44.6727]],[[22.3317,44.6753],[22.3392,44.6765]],[[22.3188,44.6652],[22.3317,44.6753]],[[22.3085,44.6587],[22.3188,44.6652]],[[22.3034,44.6532],[22.3085,44.6587]],[[22.3025,44.6445],[22.3034,44.6532]],[[22.2991,44.6381],[22.3025,44.6445]],[[22.2744,44.6254],[22.2991,44.6381]],[[22.2706,44.6084],[22.2744,44.6254]],[[22.2645,44.5962],[22.2706,44.6084]],[[22.2558,44.5874],[22.2645,44.5962]],[[22.2412,44.5708],[22.2558,44.5874]],[[22.2302,44.5614],[22.2412,44.5708]],[[22.2142,44.5364],[22.2302,44.5614]],[[22.2085,44.5253],[22.2142,44.5364]],[[22.2025,44.5168],[22.2085,44.5253]],[[22.1952,44.5098],[22.2025,44.5168]],[[22.1899,44.4982],[22.1952,44.5098]],[[22.1899,44.4982],[22.1913,44.4928]],[[22.1873,44.485],[22.1913,44.4928]],[[22.1831,44.481],[22.1873,44.485]],[[22.1731,44.4759],[22.1831,44.481]],[[22.1455,44.4727],[22.1731,44.4759]],[[22.1371,44.473],[22.1455,44.4727]],[[22.1281,44.4753],[22.1371,44.473]],[[22.1235,44.4782],[22.1281,44.4753]],[[22.0897,44.4958],[22.1235,44.4782]],[[22.0763,44.5053],[22.0897,44.4958]],[[22.0735,44.5128],[22.0763,44.5053]],[[22.0735,44.5128],[22.0738,44.52]],[[22.0681,44.5287],[22.0738,44.52]],[[22.0565,44.536],[22.0681,44.5287]],[[22.0416,44.5432],[22.0565,44.536]],[[22.0353,44.5492],[22.0416,44.5432]],[[22.0281,44.563],[22.0353,44.5492]],[[22.0255,44.5729],[22.0281,44.563]],[[22.0255,44.5729],[22.0267,44.5891]],[[22.0248,44.5938],[22.0267,44.5891]],[[22.0162,44.5992],[22.0248,44.5938]],[[24.6407,43.7341],[24.6571,43.7237]],[[24.6231,43.7424],[24.6407,43.7341]],[[24.6108,43.7461],[24.6231,43.7424]],[[24.5892,43.7512],[24.6108,43.7461]],[[24.5702,43.7549],[24.5892,43.7512]],[[24.5592,43.7549],[24.5702,43.7549]],[[24.5242,43.76],[24.5592,43.7549]],[[24.5127,43.7625],[24.5242,43.76]],[[24.5127,43.7625],[24.5129,43.7649]],[[24.498,43.7614],[24.5129,43.7649]],[[24.4672,43.7491],[24.498,43.7614]],[[24.4461,43.7419],[24.4672,43.7491]],[[24.4444,43.7446],[24.4461,43.7419]],[[24.4159,43.7389],[24.4444,43.7446]],[[24.406,43.7357],[24.4159,43.7389]],[[24.3956,43.7275],[24.406,43.7357]],[[24.3945,43.7252],[24.3956,43.7275]],[[24.3829,43.7196],[24.3945,43.7252]],[[24.3793,43.7158],[24.3829,43.7196]],[[24.3793,43.7158],[24.3816,43.7127]],[[24.3698,43.7078],[24.3816,43.7127]],[[24.3546,43.6996],[24.3698,43.7078]],[[24.3486,43.6974],[24.3546,43.6996]],[[24.3413,43.6972],[24.3486,43.6974]],[[24.3178,43.7006],[24.3413,43.6972]],[[24.2917,43.6979],[24.3178,43.7006]],[[24.26,43.6927],[24.2917,43.6979]],[[24.2554,43.6914],[24.26,43.6927]],[[24.2387,43.6902],[24.2554,43.6914]],[[24.2189,43.6856],[24.2387,43.6902]],[[24.2071,43.6853],[24.2189,43.6856]],[[24.1958,43.6839],[24.2071,43.6853]],[[24.1865,43.6824],[24.1958,43.6839]],[[24.1734,43.6826],[24.1865,43.6824]],[[24.1587,43.6856],[24.1734,43.6826]],[[24.1456,43.6907],[24.1587,43.6856]],[[24.1236,43.6973],[24.1456,43.6907]],[[24.1127,43.6996],[24.1236,43.6973]],[[24.0864,43.7022],[24.1127,43.6996]],[[24.0721,43.7109],[24.0864,43.7022]],[[24.0696,43.715],[24.0721,43.7109]],[[24.0555,43.7206],[24.0696,43.715]],[[24.0298,43.7272],[24.0555,43.7206]],[[24.0197,43.7292],[24.0298,43.7272]],[[23.9886,43.7396],[24.0197,43.7292]],[[23.9758,43.7424],[23.9886,43.7396]],[[23.9591,43.7451],[23.9758,43.7424]],[[23.9264,43.7451],[23.9591,43.7451]],[[23.9103,43.7482],[23.9264,43.7451]],[[23.8735,43.753],[23.9103,43.7482]],[[23.8563,43.7572],[23.8735,43.753]],[[23.8485,43.7607],[23.8563,43.7572]],[[23.8311,43.7659],[23.8485,43.7607]],[[23.8311,43.7659],[23.8322,43.7675]],[[23.8191,43.7714],[23.8322,43.7675]],[[23.8107,43.7755],[23.8191,43.7714]],[[23.8031,43.7757],[23.8107,43.7755]],[[23.7817,43.7797],[23.8031,43.7757]],[[23.7651,43.7859],[23.7817,43.7797]],[[23.7498,43.8012],[23.7651,43.7859]],[[23.7289,43.8016],[23.7498,43.8012]],[[23.7143,43.8036],[23.7289,43.8016]],[[23.7008,43.8041],[23.7143,43.8036]],[[23.695,43.8026],[23.7008,43.8041]],[[23.686,43.803],[23.695,43.8026]],[[23.664,43.7993],[23.686,43.803]],[[23.6422,43.794],[23.664,43.7993]],[[23.6187,43.7913],[23.6422,43.794]],[[23.6015,43.7948],[23.6187,43.7913]],[[23.5937,43.7973],[23.6015,43.7948]],[[23.581,43.7971],[23.5937,43.7973]],[[23.5679,43.8008],[23.581,43.7971]],[[23.5624,43.8048],[23.5679,43.8008]],[[23.5436,43.812],[23.5624,43.8048]],[[23.5238,43.8231],[23.5436,43.812]],[[23.5238,43.8231],[23.5256,43.8246]],[[23.5152,43.8311],[23.5256,43.8246]],[[23.5075,43.8338],[23.5152,43.8311]],[[23.498,43.8344],[23.5075,43.8338]],[[23.4806,43.8379],[23.498,43.8344]],[[23.4643,43.8401],[23.4806,43.8379]],[[23.4475,43.8465],[23.4643,43.8401]],[[23.4333,43.8506],[23.4475,43.8465]],[[23.4152,43.8528],[23.4333,43.8506]],[[23.3906,43.8505],[23.4152,43.8528]],[[23.3735,43.8475],[23.3906,43.8505]],[[23.3522,43.8491],[23.3735,43.8475]],[[23.3362,43.85],[23.3522,43.8491]],[[23.321,43.8499],[23.3362,43.85]],[[23.2999,43.8481],[23.321,43.8499]],[[23.2678,43.8468],[23.2999,43.8481]],[[23.2589,43.8445],[23.2678,43.8468]],[[23.2465,43.8392],[23.2589,43.8445]],[[23.239,43.8371],[23.2465,43.8392]],[[23.229,43.8374],[23.239,43.8371]],[[23.2129,43.833],[23.229,43.8374]],[[23.2032,43.8292],[23.2129,43.833]],[[23.1901,43.8254],[23.2032,43.8292]],[[23.1753,43.8211],[23.1901,43.8254]],[[23.1381,43.8078],[23.1753,43.8211]],[[23.1271,43.8047],[23.1381,43.8078]],[[23.0803,43.7992],[23.1271,43.8047]],[[23.0752,43.7974],[23.0803,43.7992]],[[23.0568,43.7958],[23.0752,43.7974]],[[23.043,43.7963],[23.0568,43.7958]],[[23.029,43.8036],[23.043,43.7963]],[[23.0075,43.8056],[23.029,43.8036]],[[22.9856,43.8095],[23.0075,43.8056]],[[22.9844,43.8073],[22.9856,43.8095]],[[22.9752,43.8085],[22.9844,43.8073]],[[22.9584,43.8132],[22.9752,43.8085]],[[22.9528,43.8132],[22.9584,43.8132]]]}},{"type":"Feature","properties":{"leftregion":"Sud","rightregion":"Sud-Vest"},"geometry":{"type":"MultiLineString","coordinates":[[[24.6571,43.7237],[24.6652,43.7426]],[[24.6506,43.7468],[24.6652,43.7426]],[[24.6506,43.7468],[24.6564,43.7547]],[[24.6564,43.7547],[24.6746,43.7515]],[[24.6746,43.7515],[24.6762,43.7584]],[[24.6762,43.7584],[24.6867,43.7597]],[[24.6839,43.7723],[24.6867,43.7597]],[[24.6839,43.7723],[24.6963,43.774]],[[24.6944,43.7818],[24.6963,43.774]],[[24.6944,43.7818],[24.7141,43.7852]],[[24.7141,43.7852],[24.7467,43.792]],[[24.737,43.8043],[24.7467,43.792]],[[24.737,43.8043],[24.7388,43.8145]],[[24.7388,43.8145],[24.755,43.8144]],[[24.755,43.8144],[24.7551,43.8176]],[[24.7458,43.8194],[24.7551,43.8176]],[[24.7438,43.8221],[24.7458,43.8194]],[[24.7435,43.8221],[24.7438,43.8221]],[[24.7359,43.8225],[24.7435,43.8221]],[[24.726,43.8261],[24.7359,43.8225]],[[24.7154,43.8249],[24.726,43.8261]],[[24.7087,43.8259],[24.7154,43.8249]],[[24.6959,43.8249],[24.7087,43.8259]],[[24.6912,43.8282],[24.6959,43.8249]],[[24.6912,43.8282],[24.6983,43.8316]],[[24.6983,43.8316],[24.7058,43.8282]],[[24.7058,43.8282],[24.7139,43.8287]],[[24.7139,43.8287],[24.7237,43.8325]],[[24.7235,43.8358],[24.7237,43.8325]],[[24.7173,43.8396],[24.7235,43.8358]],[[24.7128,43.8445],[24.7173,43.8396]],[[24.7026,43.8512],[24.7128,43.8445]],[[24.7005,43.8606],[24.7026,43.8512]],[[24.6952,43.8638],[24.7005,43.8606]],[[24.6935,43.8708],[24.6952,43.8638]],[[24.6683,43.8667],[24.6935,43.8708]],[[24.6624,43.8831],[24.6683,43.8667]],[[24.6624,43.8831],[24.6778,43.8853]],[[24.6765,43.8922],[24.6778,43.8853]],[[24.6755,43.8981],[24.6765,43.8922]],[[24.6617,43.8979],[24.6755,43.8981]],[[24.6568,43.9004],[24.6617,43.8979]],[[24.6481,43.912],[24.6568,43.9004]],[[24.6466,43.9169],[24.6481,43.912]],[[24.6379,43.9265],[24.6466,43.9169]],[[24.631,43.9252],[24.6379,43.9265]],[[24.6276,43.9359],[24.631,43.9252]],[[24.6276,43.9359],[24.6482,43.9408]],[[24.6471,43.9433],[24.6482,43.9408]],[[24.6343,43.9445],[24.6471,43.9433]],[[24.6322,43.9616],[24.6343,43.9445]],[[24.6196,43.9605],[24.6322,43.9616]],[[24.618,43.9638],[24.6196,43.9605]],[[24.6085,43.9614],[24.618,43.9638]],[[24.6023,43.9621],[24.6085,43.9614]],[[24.6019,43.9701],[24.6023,43.9621]],[[24.6019,43.9701],[24.6069,43.9704]],[[24.6069,43.9704],[24.6091,43.9779]],[[24.5993,43.9766],[24.6091,43.9779]],[[24.596,43.9799],[24.5993,43.9766]],[[24.596,43.9799],[24.6043,43.9822]],[[24.6043,43.9822],[24.6072,43.985]],[[24.6071,43.9913],[24.6072,43.985]],[[24.5981,43.9871],[24.6071,43.9913]],[[24.5969,43.9903],[24.5981,43.9871]],[[24.5969,43.9903],[24.6057,43.9931]],[[24.6057,43.9931],[24.6108,43.9978]],[[24.6108,43.9978],[24.6158,44.0094]],[[24.614,44.0125],[24.6158,44.0094]],[[24.6131,44.0142],[24.614,44.0125]],[[24.6131,44.0142],[24.6284,44.0217]],[[24.6284,44.0217],[24.6328,44.0202]],[[24.6328,44.0202],[24.6596,44.0283]],[[24.6596,44.0283],[24.7202,44.0381]],[[24.7193,44.0433],[24.7202,44.0381]],[[24.7127,44.0447],[24.7193,44.0433]],[[24.7127,44.0447],[24.7186,44.0489]],[[24.7109,44.0591],[24.7186,44.0489]],[[24.7109,44.0591],[24.7223,44.0614]],[[24.7223,44.0614],[24.7605,44.0688]],[[24.7589,44.0736],[24.7605,44.0688]],[[24.7589,44.0736],[24.7655,44.0745]],[[24.7655,44.0745],[24.8032,44.0785]],[[24.8006,44.0843],[24.8032,44.0785]],[[24.8006,44.0843],[24.8351,44.0882]],[[24.8351,44.0882],[24.8425,44.0899]],[[24.8425,44.0899],[24.8439,44.0861]],[[24.8439,44.0861],[24.8555,44.0919]],[[24.851,44.102],[24.8555,44.0919]],[[24.851,44.102],[24.8536,44.1102]],[[24.8504,44.1169],[24.8536,44.1102]],[[24.8445,44.1252],[24.8504,44.1169]],[[24.8442,44.1332],[24.8445,44.1252]],[[24.8391,44.1363],[24.8442,44.1332]],[[24.8172,44.1489],[24.8391,44.1363]],[[24.8081,44.1562],[24.8172,44.1489]],[[24.8053,44.1708],[24.8081,44.1562]],[[24.8031,44.1767],[24.8053,44.1708]],[[24.7936,44.1913],[24.8031,44.1767]],[[24.7936,44.1913],[24.8027,44.2013]],[[24.8027,44.2013],[24.826,44.2176]],[[24.826,44.2176],[24.8372,44.2263]],[[24.8349,44.2274],[24.8372,44.2263]],[[24.8178,44.2332],[24.8349,44.2274]],[[24.8178,44.2332],[24.8281,44.2368]],[[24.8202,44.2421],[24.8281,44.2368]],[[24.8202,44.2421],[24.8245,44.2441]],[[24.8245,44.2441],[24.8275,44.2588]],[[24.8275,44.2588],[24.8292,44.2722]],[[24.8246,44.2801],[24.8292,44.2722]],[[24.8224,44.2829],[24.8246,44.2801]],[[24.8215,44.2906],[24.8224,44.2829]],[[24.8215,44.2906],[24.8242,44.2983]],[[24.8242,44.2983],[24.8356,44.3019]],[[24.831,44.3095],[24.8356,44.3019]],[[24.831,44.3095],[24.8402,44.3113]],[[24.8402,44.3113],[24.8442,44.3142]],[[24.8442,44.3142],[24.8472,44.3195]],[[24.8378,44.323],[24.8472,44.3195]],[[24.8281,44.333],[24.8378,44.323]],[[24.8281,44.333],[24.8296,44.3372]],[[24.8179,44.3551],[24.8296,44.3372]],[[24.8173,44.3613],[24.8179,44.3551]],[[24.8173,44.3613],[24.8275,44.3645]],[[24.8275,44.3645],[24.8472,44.3683]],[[24.8472,44.3683],[24.866,44.3694]],[[24.866,44.3694],[24.8802,44.3688]],[[24.8802,44.3688],[24.8851,44.3734]],[[24.8851,44.3734],[24.8865,44.3796]],[[24.884,44.3826],[24.8865,44.3796]],[[24.8813,44.3873],[24.884,44.3826]],[[24.8803,44.3942],[24.8813,44.3873]],[[24.8732,44.394],[24.8803,44.3942]],[[24.8596,44.3945],[24.8732,44.394]],[[24.8182,44.3939],[24.8596,44.3945]],[[24.8182,44.3874],[24.8182,44.3939]],[[24.8109,44.387],[24.8182,44.3874]],[[24.8047,44.3934],[24.8109,44.387]],[[24.7878,44.3924],[24.8047,44.3934]],[[24.7864,44.3983],[24.7878,44.3924]],[[24.7548,44.3907],[24.7864,44.3983]],[[24.7548,44.3907],[24.7552,44.3934]],[[24.7444,44.3962],[24.7552,44.3934]],[[24.7444,44.3962],[24.7465,44.3994]],[[24.7465,44.3994],[24.7527,44.4014]],[[24.7527,44.4014],[24.7529,44.4052]],[[24.744,44.4229],[24.7529,44.4052]],[[24.744,44.4229],[24.752,44.4247]],[[24.752,44.4247],[24.7545,44.435]],[[24.7525,44.4459],[24.7545,44.435]],[[24.7525,44.4459],[24.7559,44.4528]],[[24.7544,44.4559],[24.7559,44.4528]],[[24.7544,44.4559],[24.756,44.4651]],[[24.734,44.4652],[24.756,44.4651]],[[24.734,44.4652],[24.7347,44.4918]],[[24.7274,44.4924],[24.7347,44.4918]],[[24.7274,44.4924],[24.7294,44.5115]],[[24.7294,44.5115],[24.7317,44.5197]],[[24.7317,44.5197],[24.7356,44.5279]],[[24.7356,44.5279],[24.7426,44.5378]],[[24.74,44.5452],[24.7426,44.5378]],[[24.7325,44.5463],[24.74,44.5452]],[[24.7297,44.5533],[24.7325,44.5463]],[[24.7297,44.5533],[24.7353,44.553]],[[24.7352,44.5581],[24.7353,44.553]],[[24.7301,44.5615],[24.7352,44.5581]],[[24.7287,44.5721],[24.7301,44.5615]],[[24.7209,44.5811],[24.7287,44.5721]],[[24.7105,44.5823],[24.7209,44.5811]],[[24.7087,44.6166],[24.7105,44.5823]],[[24.7087,44.6166],[24.7124,44.6229]],[[24.7124,44.6229],[24.7167,44.6261]],[[24.7104,44.6283],[24.7167,44.6261]],[[24.7075,44.6381],[24.7104,44.6283]],[[24.7024,44.6415],[24.7075,44.6381]],[[24.7024,44.6415],[24.7046,44.6488]],[[24.7013,44.6542],[24.7046,44.6488]],[[24.7013,44.6542],[24.7052,44.6563]],[[24.703,44.6605],[24.7052,44.6563]],[[24.6912,44.6955],[24.703,44.6605]],[[24.6857,44.7001],[24.6912,44.6955]],[[24.6857,44.7001],[24.7105,44.7105]],[[24.7105,44.7105],[24.7108,44.7145]],[[24.7108,44.7145],[24.7217,44.7146]],[[24.7104,44.7217],[24.7217,44.7146]],[[24.7034,44.7325],[24.7104,44.7217]],[[24.6883,44.7339],[24.7034,44.7325]],[[24.6834,44.7376],[24.6883,44.7339]],[[24.6692,44.736],[24.6834,44.7376]],[[24.6634,44.7376],[24.6692,44.736]],[[24.6499,44.7354],[24.6634,44.7376]],[[24.6305,44.7298],[24.6499,44.7354]],[[24.6305,44.7298],[24.6314,44.7329]],[[24.6174,44.746],[24.6314,44.7329]],[[24.6097,44.7496],[24.6174,44.746]],[[24.6069,44.7538],[24.6097,44.7496]],[[24.6,44.7531],[24.6069,44.7538]],[[24.5946,44.751],[24.6,44.7531]],[[24.591,44.7582],[24.5946,44.751]],[[24.5889,44.7693],[24.591,44.7582]],[[24.5879,44.7755],[24.5889,44.7693]],[[24.5826,44.775],[24.5879,44.7755]],[[24.5826,44.775],[24.5886,44.7982]],[[24.5787,44.7982],[24.5886,44.7982]],[[24.5746,44.8085],[24.5787,44.7982]],[[24.5721,44.8103],[24.5746,44.8085]],[[24.5716,44.8171],[24.5721,44.8103]],[[24.562,44.8227],[24.5716,44.8171]],[[24.5551,44.8341],[24.562,44.8227]],[[24.5538,44.8427],[24.5551,44.8341]],[[24.5508,44.8472],[24.5538,44.8427]],[[24.5508,44.8472],[24.5521,44.8526]],[[24.5504,44.8592],[24.5521,44.8526]],[[24.5425,44.8614],[24.5504,44.8592]],[[24.5425,44.8614],[24.544,44.8784]],[[24.5407,44.8911],[24.544,44.8784]],[[24.5338,44.8917],[24.5407,44.8911]],[[24.5241,44.8945],[24.5338,44.8917]],[[24.5178,44.8826],[24.5241,44.8945]],[[24.5135,44.8776],[24.5178,44.8826]],[[24.5135,44.8776],[24.5153,44.8722]],[[24.5137,44.8668],[24.5153,44.8722]],[[24.5055,44.8659],[24.5137,44.8668]],[[24.5055,44.8659],[24.5102,44.8568]],[[24.5094,44.8455],[24.5102,44.8568]],[[24.5069,44.8437],[24.5094,44.8455]],[[24.4991,44.8453],[24.5069,44.8437]],[[24.494,44.8371],[24.4991,44.8453]],[[24.494,44.8371],[24.4946,44.8314]],[[24.483,44.8299],[24.4946,44.8314]],[[24.4802,44.8218],[24.483,44.8299]],[[24.4651,44.8185],[24.4802,44.8218]],[[24.4522,44.8152],[24.4651,44.8185]],[[24.4453,44.8108],[24.4522,44.8152]],[[24.4443,44.816],[24.4453,44.8108]],[[24.433,44.8178],[24.4443,44.816]],[[24.424,44.8236],[24.433,44.8178]],[[24.4215,44.8271],[24.424,44.8236]],[[24.4215,44.8271],[24.4363,44.8416]],[[24.4363,44.8416],[24.4381,44.8454]],[[24.4381,44.8454],[24.4452,44.853]],[[24.4452,44.853],[24.4521,44.8538]],[[24.4521,44.8538],[24.4631,44.8624]],[[24.4631,44.8624],[24.4673,44.8708]],[[24.4646,44.8738],[24.4673,44.8708]],[[24.4646,44.8738],[24.4679,44.8809]],[[24.4679,44.8809],[24.4762,44.8902]],[[24.4762,44.8902],[24.4801,44.8991]],[[24.4672,44.9018],[24.4801,44.8991]],[[24.4643,44.9053],[24.4672,44.9018]],[[24.4642,44.9144],[24.4643,44.9053]],[[24.4642,44.9144],[24.4707,44.9207]],[[24.4703,44.9244],[24.4707,44.9207]],[[24.4703,44.9244],[24.4786,44.9288]],[[24.4786,44.9288],[24.4862,44.9377]],[[24.4862,44.9377],[24.4966,44.9412]],[[24.4966,44.9412],[24.4998,44.9454]],[[24.4861,44.9532],[24.4998,44.9454]],[[24.4762,44.9494],[24.4861,44.9532]],[[24.4687,44.9482],[24.4762,44.9494]],[[24.4687,44.9482],[24.4792,44.9637]],[[24.4778,44.9714],[24.4792,44.9637]],[[24.4778,44.9714],[24.4811,44.9759]],[[24.4811,44.9759],[24.4879,44.9797]],[[24.4879,44.9797],[24.4912,44.9871]],[[24.4912,44.9871],[24.5037,44.9969]],[[24.5037,44.9969],[24.5089,44.9979]],[[24.4933,45.0103],[24.5089,44.9979]],[[24.4884,45.0117],[24.4933,45.0103]],[[24.4852,45.0165],[24.4884,45.0117]],[[24.4852,45.0165],[24.4931,45.0238]],[[24.4931,45.0238],[24.4969,45.0235]],[[24.4969,45.0235],[24.5087,45.0351]],[[24.5087,45.0351],[24.5183,45.041]],[[24.5183,45.041],[24.5205,45.049]],[[24.5146,45.0506],[24.5205,45.049]],[[24.512,45.055],[24.5146,45.0506]],[[24.4985,45.056],[24.512,45.055]],[[24.4814,45.061],[24.4985,45.056]],[[24.4814,45.061],[24.4846,45.0643]],[[24.4846,45.0643],[24.4866,45.0709]],[[24.4866,45.0709],[24.4918,45.0766]],[[24.4918,45.0766],[24.5027,45.08]],[[24.5027,45.08],[24.5071,45.0851]],[[24.505,45.0893],[24.5071,45.0851]],[[24.4974,45.0914],[24.505,45.0893]],[[24.4974,45.0914],[24.5003,45.0953]],[[24.4983,45.1004],[24.5003,45.0953]],[[24.4911,45.1027],[24.4983,45.1004]],[[24.4911,45.1027],[24.4927,45.1106]],[[24.4927,45.1106],[24.5022,45.1154]],[[24.5022,45.1154],[24.5124,45.1083]],[[24.5124,45.1083],[24.516,45.1146]],[[24.5145,45.1206],[24.516,45.1146]],[[24.5145,45.1206],[24.5178,45.1271]],[[24.5162,45.1296],[24.5178,45.1271]],[[24.5162,45.1296],[24.5196,45.1347]],[[24.5159,45.1437],[24.5196,45.1347]],[[24.5012,45.1565],[24.5159,45.1437]],[[24.4979,45.1656],[24.5012,45.1565]],[[24.4979,45.1656],[24.5032,45.1643]],[[24.5032,45.1643],[24.5129,45.1658]],[[24.5104,45.175],[24.5129,45.1658]],[[24.5104,45.175],[24.5194,45.1765]],[[24.5194,45.1765],[24.522,45.1798]],[[24.5133,45.1889],[24.522,45.1798]],[[24.5001,45.1892],[24.5133,45.1889]],[[24.4875,45.196],[24.5001,45.1892]],[[24.4875,45.196],[24.4938,45.2009]],[[24.4938,45.2009],[24.5013,45.2021]],[[24.4966,45.208],[24.5013,45.2021]],[[24.4848,45.2114],[24.4966,45.208]],[[24.4778,45.2084],[24.4848,45.2114]],[[24.4727,45.2119],[24.4778,45.2084]],[[24.4689,45.2232],[24.4727,45.2119]],[[24.4689,45.2232],[24.4701,45.2282]],[[24.4668,45.2317],[24.4701,45.2282]],[[24.4668,45.2317],[24.4743,45.238]],[[24.4713,45.2411],[24.4743,45.238]],[[24.4713,45.2411],[24.4771,45.2448]],[[24.4771,45.2448],[24.4838,45.2586]],[[24.4838,45.2586],[24.4838,45.2644]],[[24.4796,45.2683],[24.4838,45.2644]],[[24.4796,45.2683],[24.4919,45.2779]],[[24.4919,45.2779],[24.4923,45.2821]],[[24.4877,45.2888],[24.4923,45.2821]],[[24.4877,45.2888],[24.4894,45.2926]],[[24.482,45.2966],[24.4894,45.2926]],[[24.4812,45.3027],[24.482,45.2966]],[[24.4812,45.3027],[24.4898,45.3073]],[[24.4898,45.3073],[24.4919,45.3146]],[[24.4891,45.3223],[24.4919,45.3146]],[[24.4891,45.3223],[24.4913,45.3239]],[[24.4829,45.3318],[24.4913,45.3239]],[[24.4735,45.33],[24.4829,45.3318]],[[24.4732,45.3401],[24.4735,45.33]],[[24.4695,45.3479],[24.4732,45.3401]],[[24.4695,45.3479],[24.4727,45.3525]],[[24.4727,45.3525],[24.4728,45.3577]],[[24.4728,45.3577],[24.4867,45.3585]],[[24.4867,45.3585],[24.5009,45.3531]],[[24.5009,45.3531],[24.5045,45.3604]],[[24.5005,45.3631],[24.5045,45.3604]],[[24.4969,45.3699],[24.5005,45.3631]],[[24.4969,45.3699],[24.4991,45.3715]],[[24.4943,45.3772],[24.4991,45.3715]],[[24.4943,45.3772],[24.4959,45.3799]],[[24.4959,45.3799],[24.5043,45.3794]],[[24.5043,45.3794],[24.5055,45.3825]],[[24.5026,45.3891],[24.5055,45.3825]],[[24.4915,45.3986],[24.5026,45.3891]],[[24.4898,45.4098],[24.4915,45.3986]],[[24.4836,45.4156],[24.4898,45.4098]],[[24.4836,45.4156],[24.4848,45.4276]],[[24.479,45.4378],[24.4848,45.4276]],[[24.479,45.4378],[24.4807,45.4492]],[[24.4807,45.4492],[24.4856,45.4626]],[[24.4856,45.4626],[24.496,45.4646]],[[24.496,45.4646],[24.5111,45.4635]],[[24.5111,45.4635],[24.5155,45.4659]],[[24.5155,45.4659],[24.5248,45.475]],[[24.524,45.4822],[24.5248,45.475]],[[24.524,45.4822],[24.5271,45.4979]],[[24.5199,45.507],[24.5271,45.4979]],[[24.5137,45.5107],[24.5199,45.507]],[[24.5119,45.5175],[24.5137,45.5107]],[[24.5119,45.5175],[24.5162,45.5225]],[[24.5162,45.5225],[24.5229,45.5245]],[[24.5229,45.5245],[24.5268,45.5286]],[[24.5268,45.5286],[24.5313,45.5289]],[[24.5313,45.5289],[24.5405,45.5356]],[[24.5361,45.5433],[24.5405,45.5356]],[[24.5299,45.5614],[24.5361,45.5433]],[[24.5299,45.5614],[24.5312,45.5697]],[[24.5231,45.5806],[24.5312,45.5697]]]}},{"type":"Feature","properties":{"leftregion":"Centru","rightregion":"Sud-Vest"},"geometry":{"type":"MultiLineString","coordinates":[[[23.5973,45.4735],[23.605,45.4679]],[[23.605,45.4679],[23.6095,45.4685]],[[23.6095,45.4685],[23.6172,45.4658]],[[23.6172,45.4658],[23.6256,45.4686]],[[23.6256,45.4686],[23.6311,45.4656]],[[23.6298,45.4586],[23.6311,45.4656]],[[23.6298,45.4586],[23.6403,45.4554]],[[23.6403,45.4554],[23.6474,45.46]],[[23.6474,45.46],[23.6537,45.4573]],[[23.6537,45.4573],[23.6592,45.4614]],[[23.6592,45.4614],[23.6789,45.4648]],[[23.6789,45.4648],[23.6794,45.47]],[[23.6794,45.47],[23.6892,45.4781]],[[23.6892,45.4781],[23.6892,45.4833]],[[23.6892,45.4833],[23.6978,45.4879]],[[23.6978,45.4879],[23.7036,45.4968]],[[23.7036,45.4968],[23.7214,45.5024]],[[23.7214,45.5024],[23.7256,45.5012]],[[23.7256,45.5012],[23.7414,45.5012]],[[23.7414,45.5012],[23.7464,45.5056]],[[23.7464,45.5056],[23.7597,45.5083]],[[23.7597,45.5083],[23.765,45.5111]],[[23.765,45.5111],[23.7712,45.5107]],[[23.7712,45.5107],[23.7909,45.5281]],[[23.7909,45.5281],[23.7948,45.5302]],[[23.7948,45.5302],[23.8051,45.532]],[[23.8051,45.532],[23.8107,45.53]],[[23.8107,45.53],[23.8198,45.5294]],[[23.8198,45.5294],[23.8285,45.5312]],[[23.8285,45.5312],[23.8578,45.535]],[[23.8578,45.535],[23.8672,45.5257]],[[23.8672,45.5257],[23.8755,45.5229]],[[23.8755,45.5229],[23.8809,45.527]],[[23.8809,45.527],[23.9046,45.5289]],[[23.9046,45.5289],[23.9144,45.5319]],[[23.9144,45.5319],[23.9223,45.536]],[[23.9223,45.536],[23.9325,45.5355]],[[23.9325,45.5355],[23.9504,45.5316]],[[23.9504,45.5316],[23.9665,45.5303]],[[23.9665,45.5303],[23.9748,45.5338]],[[23.9748,45.5338],[23.9812,45.5328]],[[23.9812,45.5328],[23.9935,45.5317]],[[23.9935,45.5317],[24.001,45.5266]],[[24.001,45.5266],[24.0114,45.5319]],[[24.0114,45.5319],[24.0244,45.5287]],[[24.0244,45.5287],[24.0365,45.5228]],[[24.0365,45.5228],[24.0426,45.5222]],[[24.0426,45.5222],[24.0595,45.5189]],[[24.0595,45.5189],[24.0618,45.5174]],[[24.0618,45.5174],[24.0698,45.5151]],[[24.0698,45.5151],[24.0848,45.5125]],[[24.0848,45.5125],[24.0945,45.5134]],[[24.0945,45.5134],[24.1027,45.5112]],[[24.1027,45.5112],[24.114,45.5124]],[[24.114,45.5124],[24.119,45.5088]],[[24.119,45.5088],[24.1193,45.5119]],[[24.1193,45.5119],[24.1363,45.5151]],[[24.1363,45.5151],[24.1477,45.5126]],[[24.1477,45.5126],[24.1526,45.5166]],[[24.1526,45.5166],[24.1604,45.5138]],[[24.1604,45.5138],[24.1722,45.5144]],[[24.1722,45.5144],[24.1798,45.5207]],[[24.1798,45.5207],[24.1986,45.5238]],[[24.1986,45.5238],[24.2041,45.5234]],[[24.2041,45.5234],[24.2137,45.5286]],[[24.2132,45.5319],[24.2137,45.5286]],[[24.2132,45.5319],[24.2239,45.5401]],[[24.2239,45.5401],[24.2284,45.5473]],[[24.2284,45.5473],[24.2413,45.5434]],[[24.2413,45.5434],[24.2575,45.5432]],[[24.2575,45.5432],[24.2668,45.5494]],[[24.2662,45.5558],[24.2668,45.5494]],[[24.2662,45.5558],[24.2768,45.5553]],[[24.2768,45.5553],[24.2842,45.5613]],[[24.2842,45.5613],[24.2992,45.5636]],[[24.2992,45.5636],[24.3083,45.5667]],[[24.3083,45.5667],[24.3243,45.5764]],[[24.3243,45.5764],[24.3324,45.577]],[[24.3324,45.577],[24.3358,45.5725]],[[24.3358,45.5725],[24.3436,45.5764]],[[24.3436,45.5764],[24.3485,45.5748]],[[24.3485,45.5748],[24.3582,45.5763]],[[24.3582,45.5763],[24.373,45.5823]],[[24.373,45.5823],[24.3799,45.582]],[[24.3799,45.582],[24.3872,45.5839]],[[24.3872,45.5839],[24.3928,45.5821]],[[24.3928,45.5821],[24.4112,45.584]],[[24.4112,45.584],[24.4213,45.5819]],[[24.4213,45.5819],[24.4339,45.5825]],[[24.4339,45.5825],[24.4373,45.5878]],[[24.4373,45.5878],[24.4461,45.5909]],[[24.4461,45.5909],[24.458,45.5822]],[[24.458,45.5822],[24.4686,45.581]],[[24.4686,45.581],[24.4748,45.5828]],[[24.4748,45.5828],[24.4814,45.5725]],[[24.4814,45.5725],[24.4847,45.5734]],[[24.4847,45.5734],[24.5021,45.5816]],[[24.5021,45.5816],[24.5058,45.5853]],[[24.5058,45.5853],[24.5133,45.5867]],[[24.5133,45.5867],[24.5231,45.5806]]]}},{"type":"Feature","properties":{"leftregion":"Centru","rightregion":"Sud"},"geometry":{"type":"MultiLineString","coordinates":[[[24.5231,45.5806],[24.5269,45.5802]],[[24.5269,45.5802],[24.5332,45.584]],[[24.5332,45.584],[24.5535,45.5878]],[[24.5535,45.5878],[24.5659,45.5792]],[[24.5659,45.5792],[24.5702,45.5819]],[[24.5702,45.5819],[24.586,45.5879]],[[24.586,45.5879],[24.5966,45.5962]],[[24.5966,45.5962],[24.6019,45.5946]],[[24.6019,45.5946],[24.6077,45.5989]],[[24.6077,45.5989],[24.612,45.598]],[[24.612,45.598],[24.6225,45.5995]],[[24.6225,45.5995],[24.6263,45.6039]],[[24.6263,45.6039],[24.6333,45.6012]],[[24.6333,45.6012],[24.6443,45.6038]],[[24.6443,45.6038],[24.649,45.6017]],[[24.649,45.6017],[24.658,45.6031]],[[24.658,45.6031],[24.6585,45.5983]],[[24.6585,45.5983],[24.6619,45.5955]],[[24.6619,45.5955],[24.6711,45.5946]],[[24.6711,45.5946],[24.6791,45.5987]],[[24.6791,45.5987],[24.6849,45.6041]],[[24.6849,45.6041],[24.6947,45.6058]],[[24.6947,45.6058],[24.6989,45.6024]],[[24.6989,45.6024],[24.71,45.6045]],[[24.71,45.6045],[24.716,45.6073]],[[24.716,45.6073],[24.7257,45.6068]],[[24.7257,45.6068],[24.7286,45.6084]],[[24.7286,45.6084],[24.7359,45.6031]],[[24.7359,45.6031],[24.7582,45.6096]],[[24.7582,45.6096],[24.7699,45.6109]],[[24.7699,45.6109],[24.7763,45.6104]],[[24.7763,45.6104],[24.7948,45.603]],[[24.7948,45.603],[24.8027,45.6054]],[[24.8027,45.6054],[24.8102,45.6107]],[[24.8102,45.6107],[24.8137,45.6077]],[[24.8137,45.6077],[24.8231,45.6056]],[[24.8231,45.6056],[24.8298,45.6065]],[[24.8298,45.6065],[24.8323,45.6028]],[[24.8323,45.6028],[24.833,45.5962]],[[24.833,45.5962],[24.836,45.5923]],[[24.836,45.5923],[24.8485,45.5933]],[[24.8485,45.5933],[24.8549,45.591]],[[24.8549,45.591],[24.859,45.5942]],[[24.859,45.5942],[24.871,45.5941]],[[24.871,45.5941],[24.8741,45.5926]],[[24.8741,45.5926],[24.8849,45.594]],[[24.8849,45.594],[24.9007,45.5951]],[[24.9007,45.5951],[24.91,45.5926]],[[24.91,45.5926],[24.9169,45.5946]],[[24.9169,45.5946],[24.9361,45.5828]],[[24.9361,45.5828],[24.9412,45.5821]],[[24.9412,45.5821],[24.9581,45.5927]],[[24.9581,45.5927],[24.9673,45.5929]],[[24.9673,45.5929],[24.98,45.5897]],[[24.98,45.5897],[24.9848,45.5864]],[[24.9848,45.5864],[24.994,45.5882]],[[24.994,45.5882],[25.0009,45.5866]],[[25.0009,45.5866],[25.0134,45.586]],[[25.0134,45.586],[25.0259,45.5884]],[[25.0259,45.5884],[25.0361,45.5927]],[[25.0361,45.5927],[25.0517,45.5867]],[[25.0517,45.5867],[25.07,45.5854]],[[25.07,45.5854],[25.0816,45.5817]],[[25.0816,45.5817],[25.1032,45.5852]],[[25.1032,45.5852],[25.1093,45.5814]],[[25.1093,45.5814],[25.113,45.5767]],[[25.113,45.5767],[25.1258,45.5718]],[[25.1258,45.5718],[25.1296,45.5654]],[[25.1296,45.5654],[25.135,45.5611]],[[25.135,45.5611],[25.1455,45.5586]],[[25.1455,45.5586],[25.1517,45.5458]],[[25.1517,45.5458],[25.1572,45.5422]],[[25.1572,45.5422],[25.1621,45.5419]],[[25.1621,45.5419],[25.171,45.5367]],[[25.171,45.5367],[25.1751,45.5361]],[[25.1751,45.5361],[25.189,45.5228]],[[25.189,45.5228],[25.2034,45.5197]],[[25.2034,45.5197],[25.2116,45.5269]],[[25.2116,45.5269],[25.2186,45.5216]],[[25.2186,45.5216],[25.2261,45.5181]],[[25.2261,45.5181],[25.2369,45.5176]],[[25.2332,45.5118],[25.2369,45.5176]],[[25.2332,45.5118],[25.2361,45.5048]],[[25.2361,45.5048],[25.2416,45.4997]],[[25.2405,45.4888],[25.2416,45.4997]],[[25.2374,45.4821],[25.2405,45.4888]],[[25.2374,45.4821],[25.2383,45.4755]],[[25.2383,45.4755],[25.2465,45.4701]],[[25.2465,45.4701],[25.2501,45.4632]],[[25.2501,45.4632],[25.2586,45.4558]],[[25.2574,45.4521],[25.2586,45.4558]],[[25.2574,45.4521],[25.2679,45.4464]],[[25.2679,45.4464],[25.2717,45.4469]],[[25.2717,45.4469],[25.2758,45.4421]],[[25.27,45.4391],[25.2758,45.4421]],[[25.2633,45.4383],[25.27,45.4391]],[[25.2534,45.4288],[25.2633,45.4383]],[[25.2534,45.4288],[25.2663,45.4159]],[[25.2663,45.4159],[25.2676,45.409]],[[25.2676,45.409],[25.2716,45.4079]],[[25.2716,45.4079],[25.2749,45.4086]],[[25.2749,45.4086],[25.2802,45.4147]],[[25.2802,45.4147],[25.2875,45.4158]],[[25.2875,45.4158],[25.2934,45.4213]],[[25.2934,45.4213],[25.3016,45.4224]],[[25.3016,45.4224],[25.3064,45.4145]],[[25.3064,45.4145],[25.308,45.4058]],[[25.308,45.4058],[25.3122,45.3993]],[[25.3118,45.3947],[25.3122,45.3993]],[[25.308,45.3895],[25.3118,45.3947]],[[25.308,45.3895],[25.3216,45.3811]],[[25.3216,45.3811],[25.3452,45.3862]],[[25.3452,45.3862],[25.3477,45.3883]],[[25.3477,45.3883],[25.359,45.3886]],[[25.359,45.3886],[25.3617,45.3915]],[[25.3617,45.3915],[25.3733,45.3911]],[[25.3733,45.3911],[25.3785,45.3896]],[[25.3785,45.3896],[25.388,45.3901]],[[25.388,45.3901],[25.4031,45.3874]],[[25.4031,45.3874],[25.4085,45.3908]],[[25.4085,45.3908],[25.4104,45.4008]],[[25.4076,45.4141],[25.4104,45.4008]],[[25.4076,45.4141],[25.41,45.4228]],[[25.41,45.4228],[25.4103,45.4265]],[[25.4103,45.4265],[25.4152,45.4305]],[[25.4152,45.4305],[25.4299,45.438]],[[25.4299,45.438],[25.435,45.4366]],[[25.435,45.4366],[25.4525,45.4414]],[[25.4525,45.4414],[25.4549,45.4472]],[[25.4549,45.4472],[25.4617,45.4539]],[[25.4617,45.4539],[25.4702,45.4526]],[[25.4702,45.4526],[25.4801,45.4549]],[[25.4801,45.4549],[25.4855,45.4611]],[[25.4855,45.4611],[25.5117,45.4703]],[[25.5117,45.4703],[25.5245,45.4656]],[[25.5245,45.4656],[25.5317,45.4591]],[[25.5317,45.4591],[25.5508,45.4649]],[[25.5508,45.4649],[25.5568,45.4644]],[[25.5568,45.4644],[25.5723,45.4677]],[[25.5723,45.4677],[25.5774,45.4676]],[[25.5774,45.4676],[25.589,45.4611]],[[25.589,45.4611],[25.6031,45.4634]],[[25.6031,45.4634],[25.607,45.4761]],[[25.607,45.4761],[25.6246,45.4851]],[[25.6246,45.4851],[25.6295,45.4899]],[[25.6295,45.4899],[25.63,45.4961]],[[25.63,45.4961],[25.6427,45.4954]],[[25.6427,45.4954],[25.6441,45.4926]],[[25.6441,45.4926],[25.6683,45.4958]],[[25.6683,45.4958],[25.681,45.5006]],[[25.681,45.5006],[25.6999,45.4902]],[[25.6999,45.4902],[25.7001,45.4837]],[[25.7001,45.4837],[25.7041,45.4795]],[[25.7041,45.4795],[25.7117,45.4756]],[[25.7117,45.4756],[25.7267,45.4654]],[[25.7267,45.4654],[25.743,45.4679]],[[25.743,45.4679],[25.7538,45.4677]],[[25.7538,45.4677],[25.7659,45.4656]],[[25.7659,45.4656],[25.7706,45.4692]],[[25.7706,45.4692],[25.7716,45.4736]],[[25.7716,45.4736],[25.7785,45.4775]],[[25.7785,45.4775],[25.7865,45.4796]],[[25.7865,45.4796],[25.7902,45.4786]],[[25.7902,45.4786],[25.7972,45.4713]],[[25.7972,45.4713],[25.8078,45.469]],[[25.8078,45.469],[25.8244,45.4433]],[[25.8244,45.4433],[25.8275,45.4422]],[[25.8275,45.4422],[25.828,45.4356]],[[25.8229,45.432],[25.828,45.4356]],[[25.8229,45.432],[25.8295,45.4294]],[[25.8295,45.4294],[25.843,45.4296]],[[25.843,45.4296],[25.8563,45.4259]],[[25.8563,45.4259],[25.86,45.4219]],[[25.86,45.4219],[25.8676,45.4231]],[[25.8676,45.4231],[25.869,45.4355]],[[25.869,45.4355],[25.8797,45.4429]],[[25.8797,45.4429],[25.8886,45.4458]],[[25.8886,45.4458],[25.8891,45.4544]],[[25.8891,45.4544],[25.8923,45.4597]],[[25.8874,45.4668],[25.8923,45.4597]],[[25.8874,45.4668],[25.8929,45.4709]],[[25.8929,45.4709],[25.8973,45.4782]],[[25.891,45.4879],[25.8973,45.4782]],[[25.891,45.4879],[25.9003,45.4993]],[[25.9003,45.4993],[25.9077,45.501]],[[25.9077,45.501],[25.9138,45.5105]],[[25.9138,45.5105],[25.918,45.5141]],[[25.918,45.5141],[25.9194,45.5196]],[[25.9194,45.5196],[25.9269,45.5217]],[[25.9269,45.5217],[25.9378,45.5125]],[[25.9378,45.5125],[25.9432,45.5131]],[[25.9432,45.5131],[25.9608,45.5108]],[[25.9608,45.5108],[25.9672,45.5078]],[[25.9672,45.5078],[25.9735,45.5112]],[[25.9735,45.5112],[25.9805,45.5115]],[[25.9805,45.5115],[25.9956,45.5143]],[[25.9956,45.5143],[26.006,45.5075]],[[26.006,45.5075],[26.0126,45.4973]],[[26.0126,45.4973],[26.0137,45.4901]],[[26.0137,45.4901],[26.0203,45.4897]],[[26.0203,45.4897],[26.0284,45.4862]],[[26.0284,45.4862],[26.0311,45.4858]],[[26.0311,45.4858],[26.0411,45.4784]],[[26.0411,45.4784],[26.0542,45.4848]],[[26.0542,45.4848],[26.0655,45.4853]],[[26.0655,45.4853],[26.0676,45.4967]],[[26.067,45.5025],[26.0676,45.4967]],[[26.067,45.5025],[26.0727,45.5058]]]}},{"type":"Feature","properties":{"leftregion":"Centru","rightregion":"Vest"},"geometry":{"type":"MultiLineString","coordinates":[[[22.6756,46.395],[22.6766,46.4058]],[[22.6756,46.395],[22.6807,46.3877]],[[22.6807,46.3877],[22.6823,46.3852]],[[22.6823,46.3852],[22.6915,46.3839]],[[22.6915,46.3839],[22.6987,46.3787]],[[22.6977,46.371],[22.6987,46.3787]],[[22.6977,46.371],[22.6993,46.3656]],[[22.6993,46.3656],[22.7139,46.3622]],[[22.7139,46.3622],[22.7278,46.3636]],[[22.7278,46.3636],[22.7344,46.359]],[[22.7344,46.359],[22.7431,46.3567]],[[22.7431,46.3567],[22.7487,46.3512]],[[22.7487,46.3512],[22.7618,46.3527]],[[22.7618,46.3527],[22.7663,46.3503]],[[22.7663,46.3503],[22.7739,46.3504]],[[22.7739,46.3504],[22.7831,46.3414]],[[22.7831,46.3414],[22.7896,46.3387]],[[22.7896,46.3387],[22.7994,46.3388]],[[22.7994,46.3388],[22.8037,46.3344]],[[22.8037,46.3344],[22.8047,46.3298]],[[22.8047,46.3298],[22.812,46.3261]],[[22.812,46.3261],[22.8211,46.3288]],[[22.8211,46.3288],[22.8346,46.3277]],[[22.8346,46.3277],[22.8518,46.3296]],[[22.8518,46.3296],[22.8553,46.3356]],[[22.8553,46.3356],[22.8706,46.3379]],[[22.8706,46.3379],[22.8781,46.3373]],[[22.8781,46.3373],[22.8893,46.3333]],[[22.8893,46.3333],[22.8986,46.3321]],[[22.8986,46.3321],[22.9165,46.3297]],[[22.9165,46.3297],[22.9257,46.3306]],[[22.9257,46.3306],[22.9356,46.3247]],[[22.9354,46.3174],[22.9356,46.3247]],[[22.9354,46.3174],[22.9391,46.3106]],[[22.9391,46.3106],[22.9433,46.3068]],[[22.9434,46.2983],[22.9433,46.3068]],[[22.9434,46.2983],[22.9522,46.2964]],[[22.9522,46.2964],[22.9582,46.2928]],[[22.9582,46.2928],[22.96,46.2874]],[[22.96,46.2874],[22.9651,46.2824]],[[22.9546,46.2713],[22.9651,46.2824]],[[22.9477,46.267],[22.9546,46.2713]],[[22.9477,46.267],[22.9549,46.2606]],[[22.9541,46.255],[22.9549,46.2606]],[[22.9541,46.255],[22.9569,46.2455]],[[22.9569,46.2455],[22.9602,46.2442]],[[22.9602,46.2442],[22.9673,46.2405]],[[22.9673,46.2405],[22.9679,46.2362]],[[22.9679,46.2362],[22.9753,46.2339]],[[22.9753,46.2339],[22.9795,46.2275]],[[22.9795,46.2275],[22.9822,46.2174]],[[22.9822,46.2174],[22.9911,46.2182]],[[22.9911,46.2182],[23.0027,46.2117]],[[23.0027,46.2117],[23.0122,46.2148]],[[23.0122,46.2148],[23.0164,46.2123]],[[23.0164,46.2123],[23.0251,46.2122]],[[23.0251,46.2122],[23.0298,46.2096]],[[23.0298,46.2096],[23.0394,46.2081]],[[23.0394,46.2081],[23.0505,46.2138]],[[23.0505,46.2138],[23.0573,46.2093]],[[23.0573,46.2093],[23.0694,46.2076]],[[23.0694,46.1987],[23.0694,46.2076]],[[23.0694,46.1987],[23.0866,46.189]],[[23.0866,46.189],[23.0902,46.1844]],[[23.0902,46.1844],[23.0955,46.1823]],[[23.0913,46.1772],[23.0955,46.1823]],[[23.0905,46.1659],[23.0913,46.1772]],[[23.0905,46.1659],[23.0964,46.1626]],[[23.0953,46.1588],[23.0964,46.1626]],[[23.0953,46.1588],[23.1038,46.1537]],[[23.1038,46.1537],[23.1044,46.15]],[[23.099,46.1389],[23.1044,46.15]],[[23.0856,46.1451],[23.099,46.1389]],[[23.0801,46.1496],[23.0856,46.1451]],[[23.0764,46.1451],[23.0801,46.1496]],[[23.0661,46.1427],[23.0764,46.1451]],[[23.0588,46.1428],[23.0661,46.1427]],[[23.0554,46.1406],[23.0588,46.1428]],[[23.0554,46.1406],[23.0579,46.1316]],[[23.0579,46.1316],[23.0679,46.1223]],[[23.0644,46.1168],[23.0679,46.1223]],[[23.0644,46.1168],[23.0648,46.11]],[[23.062,46.1063],[23.0648,46.11]],[[23.062,46.1063],[23.0753,46.1072]],[[23.0753,46.1072],[23.0895,46.1002]],[[23.0895,46.1002],[23.0907,46.0949]],[[23.0863,46.0942],[23.0907,46.0949]],[[23.0863,46.0942],[23.0872,46.0887]],[[23.0811,46.0815],[23.0872,46.0887]],[[23.0811,46.0815],[23.0894,46.0767]],[[23.0862,46.0677],[23.0894,46.0767]],[[23.0862,46.0677],[23.0989,46.0641]],[[23.0989,46.0641],[23.1027,46.0617]],[[23.1027,46.0617],[23.1036,46.0519]],[[23.1018,46.0455],[23.1036,46.0519]],[[23.1018,46.0455],[23.1086,46.0467]],[[23.1086,46.0467],[23.1188,46.0423]],[[23.1188,46.0423],[23.1294,46.0428]],[[23.1294,46.0428],[23.1345,46.0388]],[[23.1345,46.0388],[23.1534,46.035]],[[23.1534,46.035],[23.1629,46.032]],[[23.1629,46.032],[23.1697,46.0329]],[[23.1697,46.0329],[23.1779,46.0314]],[[23.1779,46.0314],[23.1842,46.0271]],[[23.1842,46.0271],[23.2001,46.0328]],[[23.2001,46.0328],[23.2048,46.036]],[[23.2048,46.036],[23.2158,46.0352]],[[23.2158,46.0352],[23.2236,46.0329]],[[23.2236,46.0329],[23.2301,46.0358]],[[23.2301,46.0358],[23.2347,46.0401]],[[23.2347,46.0401],[23.2417,46.0386]],[[23.2349,46.0305],[23.2417,46.0386]],[[23.2349,46.0305],[23.238,46.0202]],[[23.2367,46.0162],[23.238,46.0202]],[[23.2367,46.0162],[23.2404,46.0088]],[[23.2377,45.9957],[23.2404,46.0088]],[[23.235,45.9895],[23.2377,45.9957]],[[23.235,45.9895],[23.2362,45.985]],[[23.2362,45.985],[23.2475,45.9762]],[[23.2475,45.9762],[23.2523,45.9693]],[[23.2511,45.9617],[23.2523,45.9693]],[[23.2511,45.9617],[23.2554,45.9558]],[[23.2554,45.9558],[23.2592,45.9435]],[[23.2592,45.9435],[23.2651,45.9336]],[[23.2651,45.9336],[23.2695,45.9291]],[[23.2695,45.9291],[23.2807,45.9272]],[[23.2807,45.9272],[23.2907,45.92]],[[23.2907,45.92],[23.2983,45.9182]],[[23.2983,45.9182],[23.3126,45.9224]],[[23.3126,45.9224],[23.3149,45.9196]],[[23.3149,45.9196],[23.3229,45.9213]],[[23.3229,45.9213],[23.3287,45.9156]],[[23.3287,45.9156],[23.3377,45.9181]],[[23.3377,45.9181],[23.3382,45.9123]],[[23.3338,45.9088],[23.3382,45.9123]],[[23.3147,45.9046],[23.3338,45.9088]],[[23.3033,45.8938],[23.3147,45.9046]],[[23.3033,45.8938],[23.3085,45.8932]],[[23.3085,45.8932],[23.3176,45.8893]],[[23.3176,45.8893],[23.3256,45.8807]],[[23.3256,45.8807],[23.3317,45.8798]],[[23.3317,45.8798],[23.3327,45.871]],[[23.3272,45.8666],[23.3327,45.871]],[[23.3272,45.8666],[23.3301,45.8598]],[[23.3247,45.8517],[23.3301,45.8598]],[[23.3247,45.8517],[23.3268,45.8426]],[[23.3237,45.8381],[23.3268,45.8426]],[[23.3237,45.8381],[23.3292,45.8315]],[[23.3292,45.8315],[23.3309,45.824]],[[23.3309,45.824],[23.3371,45.82]],[[23.3371,45.82],[23.3397,45.8096]],[[23.3397,45.8096],[23.3437,45.8076]],[[23.3437,45.7993],[23.3437,45.8076]],[[23.3437,45.7993],[23.3529,45.7928]],[[23.3478,45.7879],[23.3529,45.7928]],[[23.3478,45.7879],[23.3569,45.7763]],[[23.3569,45.7763],[23.3658,45.7758]],[[23.3658,45.7758],[23.3754,45.7715]],[[23.3755,45.765],[23.3754,45.7715]],[[23.3755,45.765],[23.381,45.7592]],[[23.3801,45.753],[23.381,45.7592]],[[23.375,45.749],[23.3801,45.753]],[[23.3746,45.7443],[23.375,45.749]],[[23.37,45.7381],[23.3746,45.7443]],[[23.3677,45.7275],[23.37,45.7381]],[[23.3602,45.7179],[23.3677,45.7275]],[[23.3602,45.7179],[23.3632,45.715]],[[23.3632,45.715],[23.366,45.7074]],[[23.366,45.7074],[23.3821,45.6948]],[[23.3821,45.6948],[23.395,45.6942]],[[23.395,45.6942],[23.4047,45.687]],[[23.4047,45.687],[23.4141,45.6838]],[[23.4141,45.6838],[23.4183,45.684]],[[23.4183,45.684],[23.4227,45.6787]],[[23.4221,45.6701],[23.4227,45.6787]],[[23.4086,45.6684],[23.4221,45.6701]],[[23.4018,45.6589],[23.4086,45.6684]],[[23.3867,45.657],[23.4018,45.6589]],[[23.3851,45.6503],[23.3867,45.657]],[[23.3719,45.6443],[23.3851,45.6503]],[[23.3658,45.6375],[23.3719,45.6443]],[[23.3658,45.6375],[23.3699,45.6262]],[[23.3699,45.6262],[23.3769,45.6219]],[[23.3769,45.6219],[23.3944,45.6306]],[[23.3944,45.6306],[23.4091,45.6338]],[[23.4091,45.6338],[23.4153,45.6314]],[[23.4153,45.6314],[23.4196,45.6265]],[[23.4196,45.6265],[23.4267,45.6231]],[[23.4217,45.618],[23.4267,45.6231]],[[23.4204,45.6138],[23.4217,45.618]],[[23.4204,45.6138],[23.4242,45.6074]],[[23.4193,45.6021],[23.4242,45.6074]],[[23.4194,45.5919],[23.4193,45.6021]],[[23.4194,45.5919],[23.4282,45.5846]],[[23.4282,45.5846],[23.4407,45.5879]],[[23.4407,45.5879],[23.4462,45.5858]],[[23.4462,45.5858],[23.4541,45.5798]],[[23.4541,45.5798],[23.4652,45.5818]],[[23.4652,45.5818],[23.4796,45.5788]],[[23.4796,45.5788],[23.4832,45.5737]],[[23.4832,45.5737],[23.489,45.5774]],[[23.489,45.5774],[23.5004,45.5791]],[[23.5004,45.5791],[23.5045,45.5709]],[[23.5033,45.5633],[23.5045,45.5709]],[[23.5033,45.5633],[23.515,45.5526]],[[23.515,45.5526],[23.5233,45.5502]],[[23.5233,45.5502],[23.5366,45.5498]],[[23.5366,45.5498],[23.5406,45.5448]],[[23.5406,45.5448],[23.5511,45.5383]],[[23.5511,45.5383],[23.5541,45.5308]],[[23.5541,45.5308],[23.5622,45.5286]],[[23.5622,45.5286],[23.5682,45.5252]],[[23.5682,45.5252],[23.5721,45.5206]],[[23.5721,45.5206],[23.5726,45.5152]],[[23.5726,45.5152],[23.5777,45.5071]],[[23.5777,45.5071],[23.5829,45.5047]],[[23.5829,45.5047],[23.5842,45.5001]],[[23.5842,45.5001],[23.5956,45.4906]],[[23.5919,45.4866],[23.5956,45.4906]],[[23.5919,45.4866],[23.5981,45.478]],[[23.5973,45.4735],[23.5981,45.478]]]}},{"type":"Feature","properties":{"leftregion":"Sud-Vest","rightregion":"Vest"},"geometry":{"type":"MultiLineString","coordinates":[[[22.0162,44.5992],[22.0235,44.6072]],[[22.0235,44.6072],[22.0297,44.6058]],[[22.0297,44.6058],[22.0616,44.6099]],[[22.0616,44.6099],[22.0638,44.6151]],[[22.0638,44.6151],[22.0706,44.6166]],[[22.0706,44.6166],[22.0786,44.6218]],[[22.0786,44.6218],[22.0844,44.618]],[[22.0844,44.618],[22.0917,44.6194]],[[22.0917,44.6194],[22.0969,44.6138]],[[22.0969,44.6138],[22.0987,44.6088]],[[22.0987,44.6088],[22.1042,44.6043]],[[22.1042,44.6043],[22.1092,44.5965]],[[22.1092,44.5965],[22.1174,44.5918]],[[22.1174,44.5918],[22.1294,44.5934]],[[22.1294,44.5934],[22.1305,44.598]],[[22.1305,44.598],[22.1347,44.5995]],[[22.1347,44.5995],[22.1433,44.5893]],[[22.1433,44.5893],[22.1478,44.5872]],[[22.1478,44.5872],[22.157,44.5936]],[[22.1547,44.5988],[22.157,44.5936]],[[22.1547,44.5988],[22.1633,44.6053]],[[22.1633,44.6053],[22.1639,44.6103]],[[22.1639,44.6103],[22.1728,44.6186]],[[22.1728,44.6186],[22.1763,44.6245]],[[22.1728,44.6339],[22.1763,44.6245]],[[22.1728,44.6339],[22.1774,44.6399]],[[22.1714,44.6486],[22.1774,44.6399]],[[22.1593,44.6509],[22.1714,44.6486]],[[22.1542,44.6499],[22.1593,44.6509]],[[22.1464,44.6534],[22.1542,44.6499]],[[22.1392,44.6602],[22.1464,44.6534]],[[22.1392,44.6602],[22.1449,44.6785]],[[22.1449,44.6785],[22.1492,44.684]],[[22.1458,44.6897],[22.1492,44.684]],[[22.1458,44.6897],[22.1489,44.6964]],[[22.1469,44.7008],[22.1489,44.6964]],[[22.1469,44.7008],[22.1494,44.7046]],[[22.1494,44.7046],[22.1536,44.7115]],[[22.1536,44.7115],[22.1535,44.7159]],[[22.1535,44.7159],[22.157,44.7311]],[[22.1557,44.7358],[22.157,44.7311]],[[22.1557,44.7358],[22.1668,44.7413]],[[22.1668,44.7413],[22.184,44.7407]],[[22.184,44.7407],[22.1929,44.7457]],[[22.1916,44.7496],[22.1929,44.7457]],[[22.1916,44.7496],[22.2042,44.7614]],[[22.1989,44.7662],[22.2042,44.7614]],[[22.1952,44.779],[22.1989,44.7662]],[[22.1952,44.779],[22.1985,44.783]],[[22.1985,44.783],[22.1992,44.7912]],[[22.1992,44.7912],[22.2072,44.7994]],[[22.2067,44.8053],[22.2072,44.7994]],[[22.2067,44.8053],[22.2088,44.8121]],[[22.2068,44.8175],[22.2088,44.8121]],[[22.2068,44.8175],[22.2235,44.8141]],[[22.2235,44.8141],[22.2321,44.8095]],[[22.2321,44.8095],[22.2367,44.8089]],[[22.2367,44.8089],[22.2435,44.8075]],[[22.2435,44.8075],[22.2513,44.7991]],[[22.2513,44.7991],[22.252,44.7938]],[[22.252,44.7938],[22.2597,44.7913]],[[22.2597,44.7913],[22.2632,44.7848]],[[22.2632,44.7848],[22.2776,44.7809]],[[22.2776,44.7809],[22.2974,44.7802]],[[22.2974,44.7802],[22.3109,44.775]],[[22.3109,44.775],[22.3217,44.7753]],[[22.3217,44.7753],[22.3271,44.7782]],[[22.3271,44.7782],[22.3321,44.7778]],[[22.3321,44.7778],[22.3416,44.7741]],[[22.3416,44.7741],[22.346,44.7681]],[[22.346,44.7681],[22.354,44.7531]],[[22.354,44.7418],[22.354,44.7531]],[[22.354,44.7418],[22.3655,44.7428]],[[22.3655,44.7428],[22.3665,44.7537]],[[22.3665,44.7537],[22.3731,44.7569]],[[22.3731,44.7569],[22.3823,44.7565]],[[22.3823,44.7565],[22.3889,44.7614]],[[22.3889,44.7614],[22.3988,44.7589]],[[22.3988,44.7589],[22.4042,44.7546]],[[22.4042,44.7546],[22.414,44.7568]],[[22.414,44.7568],[22.4182,44.7559]],[[22.4182,44.7559],[22.4206,44.7628]],[[22.4175,44.7707],[22.4206,44.7628]],[[22.4175,44.7707],[22.4213,44.7728]],[[22.4213,44.7728],[22.4249,44.7791]],[[22.4249,44.7791],[22.4297,44.7807]],[[22.4259,44.7871],[22.4297,44.7807]],[[22.4259,44.7871],[22.4263,44.7922]],[[22.4237,44.8005],[22.4263,44.7922]],[[22.4237,44.8005],[22.4282,44.8024]],[[22.4282,44.8024],[22.4306,44.8092]],[[22.4306,44.8092],[22.4386,44.813]],[[22.4386,44.813],[22.4464,44.8222]],[[22.4446,44.8324],[22.4464,44.8222]],[[22.4446,44.8324],[22.4534,44.8376]],[[22.4534,44.8376],[22.4598,44.8453]],[[22.4575,44.8513],[22.4598,44.8453]],[[22.4575,44.8513],[22.4603,44.8531]],[[22.4603,44.8531],[22.4676,44.8574]],[[22.4676,44.8574],[22.4711,44.8694]],[[22.4711,44.8694],[22.4781,44.8726]],[[22.4769,44.877],[22.4781,44.8726]],[[22.4769,44.877],[22.4858,44.8805]],[[22.4858,44.8805],[22.4865,44.8884]],[[22.4865,44.8884],[22.4888,44.8941]],[[22.4822,44.9069],[22.4888,44.8941]],[[22.4822,44.9069],[22.4901,44.9086]],[[22.4893,44.914],[22.4901,44.9086]],[[22.4893,44.914],[22.4955,44.9244]],[[22.4903,44.9337],[22.4955,44.9244]],[[22.4903,44.9337],[22.4901,44.9409]],[[22.4868,44.9426],[22.4901,44.9409]],[[22.4868,44.9426],[22.4866,44.9493]],[[22.4866,44.9493],[22.4938,44.9503]],[[22.4938,44.9503],[22.5022,44.9555]],[[22.5022,44.9555],[22.5164,44.9557]],[[22.5152,44.9623],[22.5164,44.9557]],[[22.5093,44.9672],[22.5152,44.9623]],[[22.4922,44.9733],[22.5093,44.9672]],[[22.4922,44.9733],[22.5036,44.984]],[[22.5036,44.984],[22.5241,44.9962]],[[22.5241,44.9962],[22.53,44.9975]],[[22.53,44.9975],[22.5366,45.002]],[[22.5366,45.002],[22.5463,45.0133]],[[22.5463,45.0133],[22.559,45.0219]],[[22.559,45.0219],[22.5636,45.0345]],[[22.5636,45.0345],[22.5759,45.0432]],[[22.5759,45.0432],[22.585,45.0435]],[[22.585,45.0435],[22.5869,45.0468]],[[22.5869,45.0468],[22.5935,45.0499]],[[22.5935,45.0499],[22.5945,45.0541]],[[22.5945,45.0541],[22.6011,45.0552]],[[22.6007,45.0599],[22.6011,45.0552]],[[22.6007,45.0599],[22.6094,45.0656]],[[22.6094,45.0656],[22.6153,45.0738]],[[22.6153,45.0738],[22.6191,45.0746]],[[22.6191,45.0746],[22.6313,45.0849]],[[22.6313,45.0849],[22.6378,45.0949]],[[22.6378,45.0949],[22.6429,45.0962]],[[22.6429,45.0962],[22.6485,45.1014]],[[22.6485,45.1014],[22.6536,45.1025]],[[22.6536,45.1025],[22.6566,45.1082]],[[22.6566,45.1082],[22.6575,45.1149]],[[22.6495,45.1278],[22.6575,45.1149]],[[22.6397,45.1272],[22.6495,45.1278]],[[22.6284,45.1349],[22.6397,45.1272]],[[22.6157,45.1342],[22.6284,45.1349]],[[22.6057,45.1378],[22.6157,45.1342]],[[22.5949,45.1343],[22.6057,45.1378]],[[22.5809,45.1376],[22.5949,45.1343]],[[22.5683,45.1463],[22.5809,45.1376]],[[22.5592,45.1569],[22.5683,45.1463]],[[22.5592,45.1569],[22.5602,45.1636]],[[22.5602,45.1636],[22.5664,45.1701]],[[22.5664,45.1701],[22.5746,45.1758]],[[22.5746,45.1758],[22.5756,45.1834]],[[22.5756,45.1834],[22.5854,45.1902]],[[22.5854,45.1902],[22.5887,45.1958]],[[22.5887,45.1958],[22.596,45.1985]],[[22.596,45.1985],[22.6008,45.2055]],[[22.6008,45.2055],[22.6149,45.2094]],[[22.6149,45.2094],[22.6266,45.2088]],[[22.6266,45.2088],[22.6377,45.2165]],[[22.6377,45.2165],[22.6456,45.2199]],[[22.6456,45.2199],[22.6501,45.2255]],[[22.649,45.2337],[22.6501,45.2255]],[[22.649,45.2337],[22.665,45.2358]],[[22.665,45.2358],[22.674,45.2411]],[[22.674,45.2411],[22.6777,45.2484]],[[22.6777,45.2484],[22.6861,45.2528]],[[22.6861,45.2528],[22.6863,45.258]],[[22.6863,45.258],[22.6917,45.2557]],[[22.6917,45.252],[22.6917,45.2557]],[[22.6917,45.252],[22.6997,45.2538]],[[22.6987,45.26],[22.6997,45.2538]],[[22.6987,45.26],[22.7085,45.2588]],[[22.7085,45.2588],[22.7201,45.2538]],[[22.7201,45.2538],[22.7352,45.2534]],[[22.7352,45.2534],[22.7366,45.2582]],[[22.7366,45.2582],[22.7426,45.2607]],[[22.7426,45.2607],[22.7446,45.2651]],[[22.7446,45.2651],[22.7588,45.2648]],[[22.7588,45.2648],[22.7633,45.2693]],[[22.7633,45.2693],[22.7754,45.269]],[[22.7754,45.269],[22.7801,45.2627]],[[22.7801,45.2627],[22.7848,45.2624]],[[22.7848,45.2624],[22.7992,45.2711]],[[22.7992,45.2711],[22.8058,45.2699]],[[22.8058,45.2699],[22.8145,45.2724]],[[22.8145,45.2724],[22.824,45.2792]],[[22.824,45.2792],[22.8239,45.2852]],[[22.8239,45.2852],[22.8363,45.2824]],[[22.8363,45.2824],[22.8433,45.2791]],[[22.8433,45.2791],[22.8494,45.274]],[[22.8494,45.274],[22.8578,45.2758]],[[22.8578,45.2758],[22.8644,45.2611]],[[22.8644,45.2611],[22.8716,45.2622]],[[22.8716,45.2622],[22.8809,45.2677]],[[22.8809,45.2677],[22.8921,45.2703]],[[22.8921,45.2703],[22.8968,45.2745]],[[22.8968,45.2745],[22.9035,45.2746]],[[22.9035,45.2746],[22.9165,45.2794]],[[22.9165,45.2794],[22.9178,45.2773]],[[22.9178,45.2773],[22.9333,45.2786]],[[22.9333,45.2786],[22.9444,45.2732]],[[22.9444,45.2732],[22.956,45.2728]],[[22.945,45.2674],[22.956,45.2728]],[[22.9376,45.2524],[22.945,45.2674]],[[22.9316,45.2462],[22.9376,45.2524]],[[22.9222,45.2414],[22.9316,45.2462]],[[22.9222,45.2414],[22.9426,45.2384]],[[22.9426,45.2384],[22.9459,45.2413]],[[22.9459,45.2413],[22.9457,45.2485]],[[22.9457,45.2485],[22.9516,45.2597]],[[22.9502,45.2671],[22.9516,45.2597]],[[22.9502,45.2671],[22.956,45.2714]],[[22.956,45.2714],[22.9638,45.2713]],[[22.9638,45.2713],[22.9682,45.2592]],[[22.9682,45.2592],[22.9751,45.2541]],[[22.9751,45.2541],[22.9863,45.2551]],[[22.9863,45.2551],[22.9962,45.2602]],[[22.9962,45.2602],[23.0012,45.2554]],[[23.0012,45.2554],[23.0076,45.2534]],[[23.0076,45.2534],[23.0138,45.2567]],[[23.0138,45.2567],[23.0197,45.2556]],[[23.0197,45.2556],[23.0344,45.2589]],[[23.0344,45.2589],[23.0558,45.2666]],[[23.0558,45.2666],[23.0649,45.2653]],[[23.0649,45.2653],[23.0715,45.2771]],[[23.0715,45.2771],[23.0772,45.276]],[[23.0772,45.276],[23.0839,45.2808]],[[23.0839,45.2808],[23.0933,45.2913]],[[23.0933,45.2913],[23.1194,45.2868]],[[23.1194,45.2868],[23.1323,45.2808]],[[23.1323,45.2808],[23.141,45.2812]],[[23.141,45.2812],[23.1495,45.2869]],[[23.1495,45.2869],[23.1569,45.2801]],[[23.1569,45.2801],[23.1696,45.2798]],[[23.1696,45.2798],[23.1775,45.2812]],[[23.1775,45.2812],[23.1807,45.2852]],[[23.1807,45.2852],[23.1869,45.2854]],[[23.1869,45.2854],[23.202,45.2788]],[[23.202,45.2788],[23.2074,45.2773]],[[23.2074,45.2773],[23.2145,45.2822]],[[23.2145,45.2822],[23.2151,45.2889]],[[23.2151,45.2889],[23.2247,45.2996]],[[23.2247,45.2996],[23.2325,45.3002]],[[23.2325,45.3002],[23.2348,45.3035]],[[23.2348,45.3035],[23.2466,45.3072]],[[23.2466,45.3072],[23.2578,45.3077]],[[23.2578,45.3077],[23.2668,45.3079]],[[23.2668,45.3079],[23.2766,45.3063]],[[23.2766,45.3063],[23.2894,45.3098]],[[23.2894,45.3098],[23.3031,45.3042]],[[23.3031,45.3042],[23.31,45.2999]],[[23.31,45.2999],[23.3174,45.3029]],[[23.3174,45.3029],[23.3268,45.31]],[[23.3268,45.31],[23.328,45.3201]],[[23.328,45.3201],[23.3348,45.3283]],[[23.3348,45.3283],[23.3394,45.3314]],[[23.3394,45.3314],[23.3535,45.3316]],[[23.3535,45.3316],[23.3568,45.3335]],[[23.3568,45.3335],[23.3751,45.3319]],[[23.3751,45.3319],[23.3776,45.3385]],[[23.3776,45.3385],[23.3856,45.3369]],[[23.3856,45.3369],[23.3916,45.3334]],[[23.3916,45.3334],[23.4022,45.3348]],[[23.4022,45.3348],[23.4052,45.3313]],[[23.4052,45.3313],[23.4058,45.3227]],[[23.4004,45.3159],[23.4058,45.3227]],[[23.4004,45.3159],[23.4138,45.311]],[[23.4138,45.311],[23.42,45.3072]],[[23.42,45.3072],[23.4372,45.3038]],[[23.4372,45.3038],[23.4397,45.2983]],[[23.4397,45.2983],[23.4525,45.2985]],[[23.4525,45.2985],[23.4601,45.3016]],[[23.4601,45.3016],[23.4724,45.3029]],[[23.4724,45.3029],[23.4778,45.307]],[[23.4778,45.307],[23.4801,45.3122]],[[23.4801,45.3122],[23.4899,45.3151]],[[23.4899,45.3151],[23.4953,45.3194]],[[23.4953,45.3194],[23.502,45.3213]],[[23.502,45.3213],[23.513,45.3271]],[[23.513,45.3271],[23.5293,45.3289]],[[23.5293,45.3289],[23.5373,45.3323]],[[23.5373,45.3323],[23.5391,45.3401]],[[23.5391,45.3401],[23.5512,45.3391]],[[23.5512,45.3391],[23.5626,45.3435]],[[23.5626,45.3435],[23.567,45.35]],[[23.567,45.35],[23.5806,45.3524]],[[23.5806,45.3524],[23.5906,45.3531]],[[23.5859,45.3571],[23.5906,45.3531]],[[23.5853,45.3693],[23.5859,45.3571]],[[23.5853,45.3693],[23.5898,45.3736]],[[23.5898,45.3736],[23.6003,45.3769]],[[23.6003,45.3769],[23.6017,45.3824]],[[23.6004,45.3879],[23.6017,45.3824]],[[23.5961,45.3923],[23.6004,45.3879]],[[23.5912,45.401],[23.5961,45.3923]],[[23.5901,45.4124],[23.5912,45.401]],[[23.5901,45.4124],[23.5941,45.4153]],[[23.5917,45.4216],[23.5941,45.4153]],[[23.5859,45.4215],[23.5917,45.4216]],[[23.5761,45.4244],[23.5859,45.4215]],[[23.5761,45.4244],[23.5764,45.4286]],[[23.5764,45.4286],[23.5847,45.4343]],[[23.5847,45.4343],[23.5876,45.4445]],[[23.5876,45.4445],[23.596,45.4545]],[[23.5936,45.4618],[23.596,45.4545]],[[23.5936,45.4618],[23.5973,45.4678]],[[23.5973,45.4678],[23.5973,45.4735]]]}},{"type":"Feature","properties":{"leftregion":"Vest","rightregion":null},"geometry":{"type":"MultiLineString","coordinates":[[[21.6891,44.6653],[21.6965,44.6637]],[[21.6757,44.665],[21.6891,44.6653]],[[21.6526,44.6604],[21.6757,44.665]],[[21.6412,44.6593],[21.6526,44.6604]],[[21.6327,44.6613],[21.6412,44.6593]],[[21.6201,44.6689],[21.6327,44.6613]],[[21.6116,44.6863],[21.6201,44.6689]],[[21.6116,44.6863],[21.6109,44.6997]],[[21.6109,44.6997],[21.6153,44.7134]],[[21.6092,44.7316],[21.6153,44.7134]],[[21.6052,44.7381],[21.6092,44.7316]],[[21.5915,44.7556],[21.6052,44.7381]],[[21.5878,44.7584],[21.5915,44.7556]],[[21.5643,44.767],[21.5878,44.7584]],[[21.5402,44.7722],[21.5643,44.767]],[[21.531,44.773],[21.5402,44.7722]],[[21.5043,44.7712],[21.531,44.773]],[[21.4598,44.7769],[21.5043,44.7712]],[[21.4463,44.7752],[21.4598,44.7769]],[[21.4353,44.7754],[21.4463,44.7752]],[[21.4248,44.7734],[21.4353,44.7754]],[[21.4148,44.7741],[21.4248,44.7734]],[[21.3992,44.778],[21.4148,44.7741]],[[21.3922,44.7829],[21.3992,44.778]],[[21.3895,44.7886],[21.3922,44.7829]],[[21.3852,44.8051],[21.3895,44.7886]],[[21.3765,44.8153],[21.3852,44.8051]],[[21.3655,44.82],[21.3765,44.8153]],[[21.3583,44.8217],[21.3655,44.82]],[[21.3564,44.8271],[21.3583,44.8217]],[[21.3564,44.8271],[21.3642,44.8292]],[[21.3541,44.8383],[21.3642,44.8292]],[[21.3541,44.8383],[21.3583,44.8438]],[[21.3577,44.8499],[21.3583,44.8438]],[[21.3577,44.8499],[21.3669,44.8646]],[[21.3669,44.8646],[21.371,44.8667]],[[21.371,44.8667],[21.3833,44.8653]],[[21.3833,44.8653],[21.3878,44.8698]],[[21.3878,44.8698],[21.3966,44.8666]],[[21.3966,44.8666],[21.4067,44.8667]],[[21.4067,44.8667],[21.4158,44.8727]],[[21.4158,44.8727],[21.4269,44.8713]],[[21.4269,44.8713],[21.4315,44.8683]],[[21.4315,44.8683],[21.4356,44.871]],[[21.4356,44.871],[21.4411,44.8696]],[[21.4411,44.8696],[21.4452,44.8735]],[[21.4452,44.8735],[21.4545,44.8735]],[[21.4545,44.8735],[21.464,44.8674]],[[21.464,44.8674],[21.4676,44.8702]],[[21.4676,44.8702],[21.4796,44.8709]],[[21.4796,44.8709],[21.4849,44.8684]],[[21.4849,44.8684],[21.4885,44.8716]],[[21.4885,44.8716],[21.4934,44.8713]],[[21.4934,44.8713],[21.5068,44.8762]],[[21.5068,44.8762],[21.5108,44.8801]],[[21.5108,44.8801],[21.5327,44.8825]],[[21.5327,44.8825],[21.5601,44.889]],[[21.5574,44.9048],[21.5601,44.889]],[[21.5574,44.9048],[21.5582,44.9066]],[[21.5508,44.9158],[21.5582,44.9066]],[[21.5508,44.9158],[21.5527,44.9239]],[[21.5467,44.9305],[21.5527,44.9239]],[[21.5255,44.9395],[21.5467,44.9305]],[[21.5198,44.938],[21.5255,44.9395]],[[21.5066,44.9443],[21.5198,44.938]],[[21.4897,44.9495],[21.5066,44.9443]],[[21.4693,44.9585],[21.4897,44.9495]],[[21.4455,44.9622],[21.4693,44.9585]],[[21.4382,44.9606],[21.4455,44.9622]],[[21.4068,44.9785],[21.4382,44.9606]],[[21.4068,44.9785],[21.4148,44.9868]],[[21.4051,44.9898],[21.4148,44.9868]],[[21.4051,44.9898],[21.4066,44.9925]],[[21.3884,44.9981],[21.4066,44.9925]],[[21.383,45.0018],[21.3884,44.9981]],[[21.3602,45.0204],[21.383,45.0018]],[[21.3602,45.0204],[21.374,45.0281]],[[21.374,45.0281],[21.391,45.027]],[[21.391,45.027],[21.4001,45.0302]],[[21.4001,45.0302],[21.405,45.0347]],[[21.405,45.0347],[21.4123,45.0363]],[[21.4123,45.0363],[21.4263,45.0354]],[[21.4263,45.0354],[21.4561,45.0404]],[[21.4502,45.0521],[21.4561,45.0404]],[[21.4472,45.0548],[21.4502,45.0521]],[[21.4472,45.0548],[21.4507,45.0611]],[[21.4507,45.0611],[21.4552,45.0631]],[[21.4552,45.0631],[21.4602,45.0724]],[[21.4602,45.0724],[21.4733,45.0831]],[[21.4733,45.0831],[21.4748,45.0862]],[[21.4748,45.0862],[21.4833,45.0913]],[[21.4811,45.0954],[21.4833,45.0913]],[[21.4754,45.0988],[21.4811,45.0954]],[[21.4698,45.1047],[21.4754,45.0988]],[[21.4698,45.1047],[21.4746,45.1117]],[[21.4746,45.1117],[21.4784,45.1213]],[[21.4784,45.1213],[21.4876,45.1255]],[[21.4876,45.1255],[21.4957,45.1246]],[[21.4957,45.1246],[21.5032,45.1281]],[[21.5032,45.1281],[21.5275,45.1379]],[[21.5275,45.1379],[21.5289,45.1474]],[[21.5273,45.151],[21.5289,45.1474]],[[21.5236,45.1594],[21.5273,45.151]],[[21.5164,45.1689],[21.5236,45.1594]],[[21.493,45.1736],[21.5164,45.1689]],[[21.4834,45.1914],[21.493,45.1736]],[[21.4792,45.1931],[21.4834,45.1914]],[[21.4578,45.1987],[21.4792,45.1931]],[[21.4388,45.2028],[21.4578,45.1987]],[[21.4305,45.2133],[21.4388,45.2028]],[[21.4116,45.2216],[21.4305,45.2133]],[[21.4109,45.2248],[21.4116,45.2216]],[[21.4031,45.2292],[21.4109,45.2248]],[[21.3954,45.2188],[21.4031,45.2292]],[[21.3697,45.2261],[21.3954,45.2188]],[[21.3601,45.2221],[21.3697,45.2261]],[[21.3438,45.2318],[21.3601,45.2221]],[[21.3394,45.2358],[21.3438,45.2318]],[[21.3326,45.2346],[21.3394,45.2358]],[[21.3202,45.2373],[21.3326,45.2346]],[[21.3053,45.2392],[21.3202,45.2373]],[[21.2923,45.2423],[21.3053,45.2392]],[[21.2752,45.2295],[21.2923,45.2423]],[[21.2571,45.2394],[21.2752,45.2295]],[[21.2557,45.2414],[21.2571,45.2394]],[[21.2234,45.253],[21.2557,45.2414]],[[21.2186,45.2506],[21.2234,45.253]],[[21.2025,45.2652],[21.2186,45.2506]],[[21.2025,45.2652],[21.2086,45.2751]],[[21.1966,45.2821],[21.2086,45.2751]],[[21.1911,45.2872],[21.1966,45.2821]],[[21.1895,45.2939],[21.1911,45.2872]],[[21.1797,45.3124],[21.1895,45.2939]],[[21.1797,45.3124],[21.1834,45.3163]],[[21.1834,45.3163],[21.1833,45.321]],[[21.1753,45.3253],[21.1833,45.321]],[[21.166,45.3197],[21.1753,45.3253]],[[21.1616,45.3251],[21.166,45.3197]],[[21.1496,45.3159],[21.1616,45.3251]],[[21.1496,45.3159],[21.1542,45.3124]],[[21.1445,45.3048],[21.1542,45.3124]],[[21.128,45.3047],[21.1445,45.3048]],[[21.1197,45.3021],[21.128,45.3047]],[[21.1097,45.3007],[21.1197,45.3021]],[[21.0966,45.2959],[21.1097,45.3007]],[[21.081,45.3178],[21.0966,45.2959]],[[21.0711,45.3152],[21.081,45.3178]],[[21.0612,45.3159],[21.0711,45.3152]],[[21.0612,45.3159],[21.0635,45.3319]],[[21.0297,45.3261],[21.0635,45.3319]],[[21.0207,45.325],[21.0297,45.3261]],[[21.0166,45.3246],[21.0207,45.325]],[[21.0099,45.3413],[21.0166,45.3246]],[[20.9996,45.3416],[21.0099,45.3413]],[[20.9874,45.3503],[20.9996,45.3416]],[[20.9817,45.3573],[20.9874,45.3503]],[[20.9693,45.3639],[20.9817,45.3573]],[[20.9603,45.3668],[20.9693,45.3639]],[[20.9509,45.3748],[20.9603,45.3668]],[[20.9483,45.3856],[20.9509,45.3748]],[[20.9312,45.3868],[20.9483,45.3856]],[[20.9301,45.3923],[20.9312,45.3868]],[[20.9301,45.3923],[20.9355,45.3927]],[[20.9314,45.402],[20.9355,45.3927]],[[20.924,45.4072],[20.9314,45.402]],[[20.9203,45.4172],[20.924,45.4072]],[[20.9005,45.4169],[20.9203,45.4172]],[[20.8751,45.4259],[20.9005,45.4169]],[[20.8647,45.4318],[20.8751,45.4259]],[[20.8647,45.4318],[20.8658,45.4353]],[[20.8658,45.4353],[20.8754,45.4391]],[[20.8742,45.4464],[20.8754,45.4391]],[[20.8742,45.4464],[20.8811,45.4462]],[[20.8776,45.4502],[20.8811,45.4462]],[[20.8776,45.4502],[20.8788,45.4539]],[[20.8705,45.4558],[20.8788,45.4539]],[[20.8705,45.4558],[20.8712,45.4599]],[[20.8661,45.4652],[20.8712,45.4599]],[[20.8598,45.4664],[20.8661,45.4652]],[[20.833,45.48],[20.8598,45.4664]],[[20.7711,45.4799],[20.833,45.48]],[[20.7711,45.4799],[20.7711,45.4881]],[[20.7711,45.4881],[20.777,45.4905]],[[20.7688,45.5001],[20.777,45.4905]],[[20.7688,45.5001],[20.8043,45.5147]],[[20.8043,45.5147],[20.8071,45.5158]],[[20.8071,45.5158],[20.8281,45.534]],[[20.8281,45.534],[20.8328,45.5359]],[[20.8196,45.5504],[20.8328,45.5359]],[[20.8196,45.5504],[20.8232,45.5519]],[[20.8113,45.5658],[20.8232,45.5519]],[[20.8113,45.5658],[20.8135,45.568]],[[20.7954,45.5875],[20.8135,45.568]],[[20.772,45.5828],[20.7954,45.5875]],[[20.7658,45.6126],[20.772,45.5828]],[[20.7658,45.6126],[20.7795,45.6226]],[[20.7795,45.6226],[20.7888,45.6455]],[[20.7888,45.6455],[20.8049,45.6573]],[[20.8,45.6719],[20.8049,45.6573]],[[20.8,45.6719],[20.803,45.682]],[[20.7962,45.687],[20.803,45.682]],[[20.7962,45.687],[20.8025,45.6999]],[[20.8011,45.7019],[20.8025,45.6999]],[[20.8011,45.7019],[20.8026,45.7378]],[[20.8026,45.7378],[20.8081,45.7484]],[[20.8081,45.7484],[20.816,45.7493]],[[20.816,45.7493],[20.8175,45.7521]],[[20.8175,45.7521],[20.8231,45.7751]],[[20.7836,45.7859],[20.8231,45.7751]],[[20.7741,45.7545],[20.7836,45.7859]],[[20.7327,45.7558],[20.7741,45.7545]],[[20.7179,45.7519],[20.7327,45.7558]],[[20.7132,45.7497],[20.7179,45.7519]],[[20.7075,45.7513],[20.7132,45.7497]],[[20.7003,45.7507],[20.7075,45.7513]],[[20.6969,45.7605],[20.7003,45.7507]],[[20.693,45.7598],[20.6969,45.7605]],[[20.6907,45.7663],[20.693,45.7598]],[[20.6907,45.7663],[20.6947,45.7669]],[[20.6906,45.7783],[20.6947,45.7669]],[[20.6814,45.7973],[20.6906,45.7783]],[[20.6628,45.7942],[20.6814,45.7973]],[[20.6571,45.808],[20.6628,45.7942]],[[20.6506,45.8116],[20.6571,45.808]],[[20.6506,45.8116],[20.6579,45.8246]],[[20.6579,45.8246],[20.6604,45.8292]],[[20.6118,45.8639],[20.6604,45.8292]],[[20.5989,45.8617],[20.6118,45.8639]],[[20.5944,45.8716],[20.5989,45.8617]],[[20.5815,45.8694],[20.5944,45.8716]],[[20.5746,45.884],[20.5815,45.8694]],[[20.5746,45.884],[20.5788,45.885]],[[20.5693,45.9101],[20.5788,45.885]],[[20.5543,45.9074],[20.5693,45.9101]],[[20.5465,45.9059],[20.5543,45.9074]],[[20.5465,45.9059],[20.5496,45.8999]],[[20.5158,45.8921],[20.5496,45.8999]],[[20.5018,45.9107],[20.5158,45.8921]],[[20.4829,45.9534],[20.5018,45.9107]],[[20.4475,45.9701],[20.4829,45.9534]],[[20.4055,45.9652],[20.4475,45.9701]],[[20.3483,45.9996],[20.4055,45.9652]],[[20.3483,45.9996],[20.3576,46.0059]],[[20.3406,46.0363],[20.3576,46.0059]],[[20.3399,46.0392],[20.3406,46.0363]],[[20.3399,46.0392],[20.3432,46.0472]],[[20.3293,46.0586],[20.3432,46.0472]],[[20.3093,46.0721],[20.3293,46.0586]],[[20.3022,46.0866],[20.3093,46.0721]],[[20.2732,46.0983],[20.3022,46.0866]],[[20.2646,46.1091],[20.2732,46.0983]],[[20.2646,46.1091],[20.2754,46.1126]],[[20.272,46.1163],[20.2754,46.1126]],[[20.2631,46.1188],[20.272,46.1163]],[[20.2631,46.1188],[20.2643,46.1263]],[[20.2643,46.1263],[20.2702,46.1272]],[[20.2702,46.1272],[20.2714,46.1321]],[[20.2714,46.1321],[20.2755,46.1336]],[[20.2755,46.1336],[20.2831,46.1418]],[[20.2831,46.1418],[20.2969,46.1522]],[[20.2969,46.1522],[20.3092,46.1565]],[[20.3092,46.1565],[20.3127,46.1502]],[[20.3127,46.1502],[20.3556,46.1697]],[[20.3556,46.1697],[20.3685,46.1529]],[[20.3685,46.1529],[20.3776,46.1578]],[[20.3776,46.1578],[20.3812,46.1579]],[[20.3812,46.1579],[20.3943,46.1526]],[[20.3943,46.1526],[20.3975,46.1574]],[[20.3975,46.1574],[20.4171,46.1484]],[[20.4171,46.1484],[20.4263,46.1452]],[[20.4263,46.1452],[20.4455,46.1418]],[[20.4455,46.1418],[20.4592,46.1429]],[[20.4592,46.1429],[20.4729,46.1524]],[[20.4729,46.1524],[20.4768,46.1564]],[[20.4768,46.1564],[20.4933,46.1693]],[[20.4933,46.1693],[20.4964,46.178]],[[20.4918,46.1807],[20.4964,46.178]],[[20.4918,46.1807],[20.4975,46.1842]],[[20.4965,46.1884],[20.4975,46.1842]],[[20.4965,46.1884],[20.5013,46.19]],[[20.5013,46.19],[20.5236,46.1813]],[[20.5236,46.1813],[20.5415,46.1796]],[[20.5415,46.1796],[20.5494,46.1769]],[[20.5494,46.1769],[20.5536,46.1736]],[[20.5536,46.1736],[20.5954,46.1501]],[[20.5954,46.1501],[20.6113,46.1444]],[[20.6113,46.1444],[20.6162,46.14]],[[20.6162,46.14],[20.627,46.1314]],[[20.627,46.1314],[20.6346,46.127]],[[20.6346,46.127],[20.6426,46.1285]],[[20.6426,46.1285],[20.6494,46.1353]],[[20.6494,46.1353],[20.65,46.1428]],[[20.65,46.1428],[20.6542,46.1488]],[[20.6542,46.1488],[20.6681,46.1509]],[[20.6681,46.1509],[20.6801,46.1451]],[[20.6801,46.1451],[20.6856,46.1452]],[[20.6856,46.1452],[20.6912,46.1495]],[[20.6912,46.1495],[20.6951,46.1587]],[[20.6951,46.1587],[20.7053,46.1613]],[[20.7053,46.1613],[20.714,46.1659]],[[20.714,46.1659],[20.7224,46.1875]],[[20.7224,46.1875],[20.7314,46.1905]],[[20.7314,46.1905],[20.7337,46.1931]],[[20.7257,46.1965],[20.7337,46.1931]],[[20.7257,46.1965],[20.7285,46.205]],[[20.7274,46.2074],[20.7285,46.205]],[[20.7274,46.2074],[20.7619,46.2044]],[[20.7488,46.2506],[20.7619,46.2044]],[[20.7488,46.2506],[20.7756,46.2759]],[[20.7756,46.2759],[20.7892,46.2731]],[[20.7892,46.2731],[20.8734,46.2874]],[[20.8734,46.2874],[20.8905,46.2714]],[[20.8905,46.2714],[20.9222,46.2618]],[[20.9222,46.2618],[20.9251,46.2762]],[[20.9251,46.2762],[20.9467,46.2792]],[[20.9467,46.2792],[20.9525,46.2648]],[[20.9525,46.2648],[20.9612,46.2623]],[[20.9612,46.2623],[20.9904,46.2595]],[[20.9904,46.2595],[21.0162,46.2633]],[[21.0162,46.2633],[21.025,46.2665]],[[21.025,46.2665],[21.0367,46.2479]],[[21.0367,46.2479],[21.0598,46.2447]],[[21.0598,46.2447],[21.066,46.2428]],[[21.066,46.2428],[21.0712,46.2539]],[[21.0712,46.2539],[21.0798,46.252]],[[21.0798,46.252],[21.0907,46.2581]],[[21.0907,46.2581],[21.0944,46.2624]],[[21.0944,46.2624],[21.1032,46.2626]],[[21.1032,46.2626],[21.1091,46.278]],[[21.1091,46.278],[21.1155,46.3016]],[[21.1155,46.3016],[21.1226,46.3009]],[[21.1226,46.3009],[21.1454,46.3047]],[[21.1454,46.3047],[21.1476,46.2992]],[[21.1476,46.2992],[21.1515,46.2976]],[[21.1515,46.2976],[21.1536,46.2985]],[[21.1536,46.2985],[21.17,46.298]],[[21.17,46.298],[21.1757,46.3029]],[[21.1757,46.3029],[21.1805,46.3041]],[[21.1731,46.3184],[21.1805,46.3041]],[[21.1731,46.3184],[21.1775,46.3235]],[[21.1762,46.3356],[21.1775,46.3235]],[[21.1762,46.3356],[21.1904,46.3391]],[[21.1904,46.3391],[21.1953,46.3439]],[[21.1953,46.3439],[21.1995,46.3479]],[[21.1975,46.3697],[21.1995,46.3479]],[[21.1965,46.3708],[21.1975,46.3697]],[[21.1965,46.3708],[21.201,46.3858]],[[21.201,46.3858],[21.2063,46.4032]],[[21.2063,46.4032],[21.2163,46.4018]],[[21.2163,46.4018],[21.2191,46.4111]],[[21.2191,46.4111],[21.2254,46.4135]],[[21.2254,46.4135],[21.2396,46.4103]],[[21.2396,46.4103],[21.2527,46.4097]],[[21.2527,46.4097],[21.2754,46.4067]],[[21.2754,46.4067],[21.2833,46.4032]],[[21.2833,46.4032],[21.2963,46.4067]],[[21.2895,46.4135],[21.2963,46.4067]],[[21.2895,46.4135],[21.3034,46.4321]],[[21.3034,46.4321],[21.3119,46.4405]],[[21.3119,46.4405],[21.3133,46.4495]],[[21.3133,46.4495],[21.3175,46.4507]],[[21.2963,46.4761],[21.3175,46.4507]],[[21.2841,46.4773],[21.2963,46.4761]],[[21.2743,46.4765],[21.2841,46.4773]],[[21.2728,46.4834],[21.2743,46.4765]],[[21.2604,46.5019],[21.2728,46.4834]],[[21.2604,46.5019],[21.2761,46.535]],[[21.2742,46.5407],[21.2761,46.535]],[[21.2742,46.5407],[21.2804,46.545]],[[21.2804,46.545],[21.2897,46.5443]],[[21.2897,46.5443],[21.2936,46.5522]],[[21.2936,46.5522],[21.2975,46.5534]],[[21.2975,46.5534],[21.3048,46.5612]],[[21.3035,46.5643],[21.3048,46.5612]],[[21.3035,46.5643],[21.3144,46.575]],[[21.3144,46.575],[21.3207,46.5828]],[[21.3071,46.5864],[21.3207,46.5828]],[[21.3012,46.5908],[21.3071,46.5864]],[[21.3012,46.5908],[21.3069,46.5989]],[[21.3069,46.5989],[21.3069,46.6018]],[[21.3069,46.6018],[21.3141,46.6176]],[[21.3141,46.6176],[21.3247,46.6281]],[[21.3247,46.6281],[21.3299,46.6316]],[[21.3299,46.6316],[21.3346,46.6291]],[[21.3346,46.6291],[21.3478,46.6314]],[[21.3478,46.6314],[21.3531,46.6303]],[[21.3531,46.6303],[21.3656,46.6379]],[[21.3656,46.6379],[21.3789,46.6329]],[[21.3789,46.6329],[21.3816,46.6283]],[[21.3816,46.6283],[21.4093,46.6221]],[[21.4093,46.6221],[21.4118,46.6255]],[[21.4118,46.6255],[21.4139,46.6346]],[[21.4139,46.6346],[21.4164,46.6425]],[[21.4164,46.6425],[21.4217,46.6465]],[[21.4217,46.6465],[21.4321,46.6481]],[[21.4321,46.6481],[21.4415,46.6514]],[[22.0054,44.607],[22.0162,44.5992]],[[21.9987,44.6285],[22.0054,44.607]],[[21.9896,44.6337],[21.9987,44.6285]],[[21.9714,44.6331],[21.9896,44.6337]],[[21.9508,44.6351],[21.9714,44.6331]],[[21.9407,44.6383],[21.9508,44.6351]],[[21.9203,44.6468],[21.9407,44.6383]],[[21.9144,44.6476],[21.9203,44.6468]],[[21.898,44.6449],[21.9144,44.6476]],[[21.8885,44.6455],[21.898,44.6449]],[[21.8679,44.6503],[21.8885,44.6455]],[[21.8591,44.6509],[21.8679,44.6503]],[[21.8422,44.6543],[21.8591,44.6509]],[[21.8297,44.6513],[21.8422,44.6543]],[[21.8163,44.6504],[21.8297,44.6513]],[[21.8098,44.6519],[21.8163,44.6504]],[[21.7966,44.663],[21.8098,44.6519]],[[21.7914,44.6641],[21.7966,44.663]],[[21.7711,44.6611],[21.7914,44.6641]],[[21.744,44.6554],[21.7711,44.6611]],[[21.7288,44.6535],[21.744,44.6554]],[[21.7188,44.6539],[21.7288,44.6535]],[[21.7123,44.6559],[21.7188,44.6539]],[[21.6965,44.6637],[21.7123,44.6559]]]}},{"type":"Feature","properties":{"leftregion":"Nord-Vest","rightregion":null},"geometry":{"type":"MultiLineString","coordinates":[[[21.4415,46.6514],[21.4547,46.6608]],[[21.4547,46.6608],[21.4556,46.6671]],[[21.4427,46.6664],[21.4556,46.6671]],[[21.4314,46.6776],[21.4427,46.6664]],[[21.4314,46.6776],[21.4316,46.6821]],[[21.4278,46.6895],[21.4316,46.6821]],[[21.4278,46.6895],[21.4344,46.6956]],[[21.4344,46.6956],[21.4512,46.6885]],[[21.4512,46.6885],[21.4696,46.6954]],[[21.4696,46.6954],[21.4842,46.6914]],[[21.4842,46.6914],[21.4903,46.6858]],[[21.4903,46.6858],[21.4955,46.6877]],[[21.4955,46.6877],[21.4984,46.694]],[[21.4984,46.694],[21.5076,46.6981]],[[21.5076,46.6981],[21.5077,46.7049]],[[21.5077,46.7049],[21.5115,46.7074]],[[21.5115,46.7074],[21.5114,46.7118]],[[21.5114,46.7118],[21.5207,46.7144]],[[21.5207,46.7144],[21.5293,46.7208]],[[21.5293,46.7208],[21.5304,46.7273]],[[21.5289,46.7323],[21.5304,46.7273]],[[21.5248,46.7399],[21.5289,46.7323]],[[21.5117,46.7451],[21.5248,46.7399]],[[21.4932,46.7575],[21.5117,46.7451]],[[21.4848,46.7585],[21.4932,46.7575]],[[21.4841,46.7649],[21.4848,46.7585]],[[21.4841,46.7649],[21.4903,46.7758]],[[21.4903,46.7758],[21.4935,46.775]],[[21.4935,46.775],[21.5094,46.7834]],[[21.5094,46.7834],[21.5138,46.7955]],[[21.5138,46.7955],[21.5187,46.8]],[[21.5187,46.8],[21.5217,46.8079]],[[21.5217,46.8079],[21.5211,46.8198]],[[21.5191,46.8359],[21.5211,46.8198]],[[21.5191,46.8359],[21.523,46.839]],[[21.523,46.839],[21.5345,46.8396]],[[21.5345,46.8396],[21.5379,46.8474]],[[21.5379,46.8474],[21.5481,46.8488]],[[21.5481,46.8488],[21.5571,46.8537]],[[21.5571,46.8537],[21.5691,46.854]],[[21.5691,46.854],[21.5809,46.8575]],[[21.5809,46.8575],[21.5844,46.8598]],[[21.5844,46.8598],[21.5952,46.8605]],[[21.5952,46.8605],[21.6033,46.8687]],[[21.6011,46.8789],[21.6033,46.8687]],[[21.6011,46.8789],[21.6035,46.8848]],[[21.6035,46.8848],[21.6142,46.8865]],[[21.6073,46.9046],[21.6142,46.8865]],[[21.6028,46.9042],[21.6073,46.9046]],[[21.5991,46.9092],[21.6028,46.9042]],[[21.5973,46.918],[21.5991,46.9092]],[[21.5973,46.918],[21.5988,46.9272]],[[21.5988,46.9272],[21.6062,46.9325]],[[21.6062,46.9325],[21.6384,46.9329]],[[21.6384,46.9329],[21.6408,46.9389]],[[21.6408,46.9389],[21.6499,46.9436]],[[21.6499,46.9436],[21.6512,46.9477]],[[21.6512,46.9477],[21.6602,46.9559]],[[21.6602,46.9559],[21.6733,46.9538]],[[21.6733,46.9538],[21.6789,46.9604]],[[21.6789,46.9604],[21.6819,46.9669]],[[21.6765,46.9692],[21.6819,46.9669]],[[21.6679,46.9702],[21.6765,46.9692]],[[21.6679,46.9702],[21.6704,46.9801]],[[21.6704,46.9801],[21.6762,46.9858]],[[21.6762,46.9858],[21.676,46.9926]],[[21.676,46.9926],[21.6794,46.998]],[[21.6794,46.998],[21.6876,46.9996]],[[21.6828,47.0042],[21.6876,46.9996]],[[21.6784,47.0125],[21.6828,47.0042]],[[21.6779,47.0184],[21.6784,47.0125]],[[21.6619,47.0203],[21.6779,47.0184]],[[21.65,47.0338],[21.6619,47.0203]],[[21.6487,47.0403],[21.65,47.0338]],[[21.6487,47.0403],[21.6623,47.0415]],[[21.6623,47.0415],[21.6703,47.0444]],[[21.6703,47.0444],[21.6828,47.0457]],[[21.6828,47.0457],[21.6848,47.0523]],[[21.6848,47.0523],[21.6886,47.0555]],[[21.6886,47.0555],[21.6975,47.058]],[[21.6957,47.0604],[21.6975,47.058]],[[21.6957,47.0604],[21.7048,47.0634]],[[21.7014,47.0682],[21.7048,47.0634]],[[21.7014,47.0682],[21.7164,47.0749]],[[21.7127,47.0825],[21.7164,47.0749]],[[21.7127,47.0825],[21.7261,47.0985]],[[21.7261,47.0985],[21.7512,47.1051]],[[21.7512,47.1051],[21.7724,47.109]],[[21.7724,47.109],[21.7908,47.1059]],[[21.7908,47.1059],[21.7928,47.107]],[[21.7892,47.1129],[21.7928,47.107]],[[21.7892,47.1129],[21.7922,47.1198]],[[21.7914,47.124],[21.7922,47.1198]],[[21.7914,47.124],[21.8004,47.1306]],[[21.8004,47.1306],[21.8004,47.1372]],[[21.8004,47.1372],[21.8106,47.1625]],[[21.8106,47.1625],[21.8174,47.1727]],[[21.8174,47.1727],[21.8295,47.175]],[[21.8295,47.175],[21.8309,47.1789]],[[21.8309,47.1789],[21.8387,47.1772]],[[21.8387,47.1772],[21.8477,47.1845]],[[21.8477,47.1845],[21.8581,47.187]],[[21.8581,47.187],[21.8595,47.2067]],[[21.8581,47.2201],[21.8595,47.2067]],[[21.8468,47.2238],[21.8581,47.2201]],[[21.8468,47.2238],[21.8516,47.2391]],[[21.8516,47.2391],[21.8568,47.2432]],[[21.8568,47.2432],[21.8643,47.2528]],[[21.8643,47.2528],[21.8651,47.2568]],[[21.8651,47.2568],[21.8749,47.2642]],[[21.8749,47.2642],[21.88,47.2648]],[[21.88,47.2648],[21.8878,47.2721]],[[21.8878,47.2721],[21.8882,47.2779]],[[21.8787,47.2841],[21.8882,47.2779]],[[21.8787,47.2841],[21.8788,47.2874]],[[21.8788,47.2874],[21.8858,47.2893]],[[21.8858,47.2893],[21.889,47.2961]],[[21.889,47.2961],[21.8933,47.3063]],[[21.8933,47.3063],[21.8953,47.3148]],[[21.8953,47.3148],[21.9052,47.3229]],[[21.9052,47.3229],[21.908,47.3288]],[[21.908,47.3288],[21.914,47.3328]],[[21.914,47.3328],[21.9234,47.3442]],[[21.9234,47.3442],[21.9255,47.3535]],[[21.9255,47.3535],[21.9349,47.3603]],[[21.9349,47.3603],[21.9398,47.3677]],[[21.9385,47.373],[21.9398,47.3677]],[[21.9385,47.373],[21.9453,47.3752]],[[21.9453,47.3752],[21.953,47.3746]],[[21.953,47.3746],[21.9615,47.3812]],[[21.9615,47.3812],[21.9749,47.3801]],[[21.9749,47.3801],[21.9785,47.3783]],[[21.9785,47.3783],[21.9868,47.3815]],[[21.9868,47.3815],[21.9949,47.3809]],[[21.9949,47.3809],[21.9994,47.3771]],[[21.9994,47.3771],[22.012,47.3758]],[[22.012,47.3758],[22.0189,47.3871]],[[22.0189,47.3871],[22.0227,47.3902]],[[22.0227,47.3902],[22.0278,47.4]],[[22.0278,47.4],[22.0347,47.4116]],[[22.0347,47.4116],[22.0352,47.416]],[[22.0297,47.4227],[22.0352,47.416]],[[22.0297,47.4227],[22.0354,47.4274]],[[22.0259,47.4424],[22.0354,47.4274]],[[22.0259,47.4424],[22.0327,47.451]],[[22.021,47.4546],[22.0327,47.451]],[[22.0074,47.4759],[22.021,47.4546]],[[22.0074,47.4759],[22.0071,47.4833]],[[22.0071,47.4833],[22.0108,47.4908]],[[22.0108,47.4908],[22.0126,47.5014]],[[22.0126,47.5014],[22.0163,47.5051]],[[22.0163,47.5051],[22.0188,47.5117]],[[22.0188,47.5117],[22.0241,47.5199]],[[22.0241,47.5199],[22.0397,47.5329]],[[22.0397,47.5329],[22.0454,47.5398]],[[22.0454,47.5398],[22.0615,47.529]],[[22.0615,47.529],[22.0714,47.538]],[[22.0547,47.547],[22.0714,47.538]],[[22.0547,47.547],[22.058,47.551]],[[22.058,47.551],[22.0724,47.5576]],[[22.0724,47.5576],[22.0792,47.5624]],[[22.0792,47.5624],[22.0867,47.5611]],[[22.0867,47.5611],[22.0907,47.5574]],[[22.0907,47.5574],[22.0973,47.5609]],[[22.0973,47.5609],[22.1024,47.5669]],[[22.1024,47.5669],[22.1039,47.5716]],[[22.1039,47.5716],[22.113,47.5748]],[[22.113,47.5748],[22.119,47.579]],[[22.119,47.579],[22.1251,47.5875]],[[22.1251,47.5875],[22.1291,47.5893]],[[22.1291,47.5893],[22.1292,47.5972]],[[22.1292,47.5972],[22.1394,47.5981]],[[22.1394,47.5981],[22.1458,47.5948]],[[22.1458,47.5948],[22.16,47.5924]],[[22.16,47.5924],[22.171,47.5917]],[[22.171,47.5917],[22.1766,47.5944]],[[22.1766,47.5944],[22.1808,47.6001]],[[22.1808,47.6001],[22.183,47.6064]],[[22.183,47.6064],[22.188,47.6092]],[[22.188,47.6092],[22.1927,47.6217]],[[22.1927,47.6217],[22.1933,47.627]],[[22.1933,47.627],[22.1991,47.6362]],[[22.1991,47.6362],[22.2033,47.6549]],[[22.2033,47.6549],[22.2116,47.6539]],[[22.2116,47.6539],[22.2208,47.6605]],[[22.2208,47.6605],[22.2232,47.6684]],[[22.2224,47.673],[22.2232,47.6684]],[[22.2224,47.673],[22.2251,47.6807]],[[22.2228,47.6826],[22.2251,47.6807]],[[22.2228,47.6826],[22.231,47.6933]],[[22.231,47.6933],[22.2416,47.6952]],[[22.2416,47.6952],[22.254,47.6951]],[[22.254,47.6951],[22.2588,47.6982]],[[22.2588,47.6982],[22.2623,47.7137]],[[22.2593,47.7174],[22.2623,47.7137]],[[22.2593,47.7174],[22.2645,47.7312]],[[22.2645,47.7312],[22.2666,47.731]],[[22.2666,47.731],[22.2854,47.7294]],[[22.2854,47.7294],[22.3061,47.7414]],[[22.3061,47.7414],[22.3117,47.7422]],[[22.3117,47.7422],[22.3175,47.7433]],[[22.3175,47.7433],[22.3209,47.755]],[[22.3172,47.7659],[22.3209,47.755]],[[22.3172,47.7659],[22.3242,47.7668]],[[22.3242,47.7668],[22.3304,47.7651]],[[22.3304,47.7651],[22.3454,47.755]],[[22.3454,47.755],[22.3463,47.7529]],[[22.3463,47.7529],[22.357,47.749]],[[22.357,47.749],[22.389,47.7454]],[[22.389,47.7454],[22.3937,47.7476]],[[22.3937,47.7476],[22.4104,47.7467]],[[22.4104,47.7467],[22.4115,47.7424]],[[22.4115,47.7424],[22.4301,47.741]],[[22.4299,47.7452],[22.4301,47.741]],[[22.4258,47.7501],[22.4299,47.7452]],[[22.4258,47.7501],[22.427,47.7545]],[[22.427,47.7545],[22.4326,47.762]],[[22.4326,47.762],[22.441,47.7919]],[[22.441,47.7919],[22.4479,47.8031]],[[22.4479,47.8031],[22.467,47.8051]],[[22.467,47.8051],[22.4815,47.8109]],[[22.4815,47.8109],[22.4885,47.8059]],[[22.4885,47.8059],[22.5399,47.782]],[[22.5399,47.782],[22.5495,47.7727]],[[22.5495,47.7727],[22.5631,47.7726]],[[22.5631,47.7726],[22.6116,47.772]],[[22.6116,47.772],[22.6151,47.777]],[[22.6151,47.777],[22.6282,47.7764]],[[22.6282,47.7764],[22.6368,47.7807]],[[22.6368,47.7807],[22.6467,47.7791]],[[22.6467,47.7791],[22.6601,47.7819]],[[22.6601,47.7819],[22.6661,47.7869]],[[22.6661,47.7869],[22.6739,47.7881]],[[22.6739,47.7881],[22.6802,47.7877]],[[22.6802,47.7877],[22.688,47.7956]],[[22.688,47.7956],[22.6952,47.8084]],[[22.6952,47.8084],[22.7014,47.815]],[[22.6997,47.8184],[22.7014,47.815]],[[22.6997,47.8184],[22.7094,47.8239]],[[22.7094,47.8239],[22.7099,47.8285]],[[22.7099,47.8285],[22.7109,47.8345]],[[22.7109,47.8345],[22.7157,47.8371]],[[22.7157,47.8371],[22.7237,47.8383]],[[22.7237,47.8383],[22.731,47.8358]],[[22.731,47.8358],[22.7453,47.8345]],[[22.7453,47.8345],[22.7562,47.8349]],[[22.7562,47.8349],[22.766,47.8413]],[[22.766,47.8413],[22.7741,47.8428]],[[22.7741,47.8428],[22.7775,47.8521]],[[22.7727,47.8595],[22.7775,47.8521]],[[22.7727,47.8595],[22.773,47.8631]],[[22.7662,47.8642],[22.773,47.8631]],[[22.7621,47.867],[22.7662,47.8642]],[[22.7621,47.867],[22.7685,47.8786]],[[22.7582,47.886],[22.7685,47.8786]],[[22.7569,47.8904],[22.7582,47.886]],[[22.7569,47.8904],[22.7632,47.8927]],[[22.7632,47.8927],[22.7786,47.8926]],[[22.7786,47.8926],[22.7832,47.8938]],[[22.7832,47.8938],[22.7947,47.8926]],[[22.7947,47.8926],[22.8062,47.8983]],[[22.8062,47.8983],[22.8149,47.9008]],[[22.8149,47.9008],[22.8242,47.9071]],[[22.8242,47.9071],[22.8325,47.9093]],[[22.8325,47.9093],[22.847,47.9081]],[[22.847,47.9081],[22.8563,47.9164]],[[22.8563,47.9164],[22.8579,47.9202]],[[22.8579,47.9202],[22.8632,47.9222]],[[22.8632,47.9222],[22.8665,47.929]],[[22.8665,47.929],[22.8725,47.9324]],[[22.8725,47.9324],[22.8727,47.9363]],[[22.8727,47.9363],[22.8802,47.9439]],[[22.8802,47.9439],[22.885,47.9447]],[[22.885,47.9447],[22.8867,47.9515]],[[22.8867,47.9515],[22.9007,47.9545]],[[22.9007,47.9545],[22.9072,47.9599]],[[22.9072,47.9599],[22.9133,47.9577]],[[22.9133,47.9577],[22.9292,47.9593]],[[22.9292,47.9593],[22.9445,47.9692]],[[22.94,47.9832],[22.9445,47.9692]],[[22.94,47.9832],[22.94,47.9892]],[[22.9356,47.999],[22.94,47.9892]],[[22.9231,48.0022],[22.9356,47.999]],[[22.9214,48.0073],[22.9231,48.0022]],[[22.9214,48.0073],[22.9219,48.0145]],[[22.9219,48.0145],[22.927,48.0192]],[[22.927,48.0192],[22.9443,48.0166]],[[22.9443,48.0166],[22.9601,48.0082]],[[22.9601,48.0082],[22.9629,48.0116]],[[22.9629,48.0116],[22.9778,48.0099]],[[22.9768,48.0068],[22.9778,48.0099]],[[22.9768,48.0068],[22.9869,48.0053]],[[22.9869,48.0053],[22.9957,48.0012]],[[22.9957,48.0012],[22.9967,47.996]],[[22.9967,47.996],[23.0061,47.9956]],[[23.0061,47.9956],[23.0134,47.9907]],[[23.0134,47.9907],[23.0241,47.9917]],[[23.0241,47.9917],[23.0305,48.0003]],[[23.0305,48.0003],[23.057,48.0034]],[[23.057,48.0034],[23.0656,48.0078]],[[23.0656,48.0078],[23.0745,48.0086]],[[23.0745,48.0086],[23.0832,48.0048]],[[23.0832,48.0048],[23.091,48.0054]],[[23.091,48.0054],[23.092,48.0103]],[[23.092,48.0103],[23.0979,48.0158]],[[23.0903,48.0165],[23.0979,48.0158]],[[23.0898,48.0195],[23.0903,48.0165]],[[23.0898,48.0195],[23.0987,48.0244]],[[23.0987,48.0244],[23.1057,48.0304]],[[23.1057,48.0304],[23.1092,48.0383]],[[23.101,48.0409],[23.1092,48.0383]],[[23.0981,48.0442],[23.101,48.0409]],[[23.0981,48.0442],[23.1121,48.054]],[[23.1066,48.0635],[23.1121,48.054]],[[23.1066,48.0635],[23.1073,48.0671]],[[23.1073,48.0671],[23.1138,48.0696]],[[23.1138,48.0696],[23.118,48.0766]],[[23.118,48.0766],[23.121,48.0761]],[[23.121,48.0761],[23.1236,48.0818]],[[23.114,48.0862],[23.1236,48.0818]],[[23.114,48.0862],[23.1185,48.0901]],[[23.1185,48.0901],[23.1272,48.0923]],[[23.1272,48.0923],[23.1303,48.0957]],[[23.1303,48.0957],[23.1407,48.0973]],[[23.1407,48.0973],[23.1464,48.0998]],[[23.1464,48.0998],[23.1509,48.1117]],[[23.1509,48.1117],[23.1569,48.1146]],[[23.1569,48.1146],[23.1656,48.1153]],[[23.1656,48.1153],[23.1771,48.1198]],[[23.1771,48.1198],[23.1812,48.1173]],[[23.1812,48.1173],[23.1817,48.1119]],[[23.1817,48.1119],[23.1863,48.1116]],[[23.1863,48.1116],[23.1892,48.0977]],[[23.1892,48.0977],[23.2356,48.092]],[[23.2356,48.092],[23.242,48.0941]],[[23.242,48.0941],[23.2464,48.0919]],[[23.2464,48.0919],[23.2518,48.1008]],[[23.2518,48.1008],[23.2678,48.1001]],[[23.2678,48.1001],[23.2687,48.087]],[[23.2687,48.087],[23.2712,48.0842]],[[23.2712,48.0842],[23.2804,48.0821]],[[23.2804,48.0821],[23.2873,48.0755]],[[23.2819,48.0625],[23.2873,48.0755]],[[23.2768,48.0576],[23.2819,48.0625]],[[23.2768,48.0576],[23.2793,48.0566]],[[23.2793,48.0566],[23.288,48.0468]],[[23.288,48.0468],[23.2939,48.0444]],[[23.2939,48.0444],[23.3047,48.043]],[[23.3047,48.043],[23.3128,48.045]],[[23.3128,48.045],[23.3223,48.0402]],[[23.3223,48.0402],[23.3265,48.0358]],[[23.3265,48.0358],[23.3323,48.0334]],[[23.3285,48.0261],[23.3323,48.0334]],[[23.3285,48.0261],[23.3319,48.0206]],[[23.3319,48.0206],[23.3385,48.0182]],[[23.3385,48.0182],[23.3487,48.0207]],[[23.3487,48.0207],[23.3573,48.0143]],[[23.3573,48.0143],[23.3734,48.0098]],[[23.3734,48.0098],[23.3785,48.0031]],[[23.3785,48.0031],[23.3876,48.0044]],[[23.3876,48.0044],[23.3949,48.0008]],[[23.3949,48.0008],[23.4034,47.999]],[[23.4016,47.995],[23.4034,47.999]],[[23.4016,47.995],[23.405,47.9918]],[[23.405,47.9918],[23.4174,47.9866]],[[23.4174,47.9866],[23.423,47.989]],[[23.423,47.989],[23.4336,47.9905]],[[23.4336,47.9905],[23.4373,47.9843]],[[23.4373,47.9843],[23.4462,47.9812]],[[23.4462,47.9812],[23.4499,47.9766]],[[23.4499,47.9766],[23.4616,47.9738]],[[23.4616,47.9738],[23.4745,47.9741]],[[23.4745,47.9741],[23.4804,47.9733]],[[23.4804,47.9733],[23.4936,47.9678]],[[23.4936,47.9678],[23.5011,47.9687]],[[23.5011,47.9687],[23.5052,47.9806]],[[23.5052,47.9806],[23.5123,47.9856]],[[23.5123,47.9856],[23.5171,47.9926]],[[23.5171,47.9926],[23.5213,47.9947]],[[23.5213,47.9947],[23.5215,47.9997]],[[23.5215,47.9997],[23.5257,48.0048]],[[23.5257,48.0048],[23.5259,48.0127]],[[23.5259,48.0127],[23.5291,48.0198]],[[23.5291,48.0198],[23.5361,48.0154]],[[23.5361,48.0154],[23.5407,48.0099]],[[23.5407,48.0099],[23.5518,48.0085]],[[23.5518,48.0085],[23.5663,48.0031]],[[23.5663,48.0031],[23.5778,48.0054]],[[23.5778,48.0054],[23.5852,48.0037]],[[23.5852,48.0037],[23.5935,48.0083]],[[23.5935,48.0083],[23.6043,48.0063]],[[23.6043,48.0063],[23.6103,48.0081]],[[23.6103,48.0081],[23.6236,48.0026]],[[23.6236,48.0026],[23.6347,48.003]],[[23.6347,48.003],[23.6422,47.9997]],[[23.6422,47.9997],[23.6452,47.9922]],[[23.6452,47.9922],[23.6613,47.9863]],[[23.6613,47.9863],[23.6647,47.9837]],[[23.6647,47.9837],[23.6729,47.9863]],[[23.6729,47.9863],[23.6852,47.987]],[[23.6852,47.987],[23.7076,47.9943]],[[23.7076,47.9943],[23.714,47.9893]],[[23.714,47.9893],[23.7196,47.9899]],[[23.7196,47.9899],[23.7206,47.995]],[[23.7206,47.995],[23.7287,47.9935]],[[23.7287,47.9935],[23.7431,47.996]],[[23.7431,47.996],[23.7539,47.9962]],[[23.7539,47.9962],[23.7623,47.9929]],[[23.7623,47.9929],[23.7718,47.9949]],[[23.7718,47.9949],[23.7917,47.986]],[[23.7917,47.986],[23.8002,47.9866]],[[23.8002,47.9866],[23.8171,47.982]],[[23.8171,47.982],[23.8215,47.979]],[[23.8189,47.9745],[23.8215,47.979]],[[23.8189,47.9745],[23.8343,47.967]],[[23.8326,47.9607],[23.8343,47.967]],[[23.8326,47.9607],[23.8434,47.9486]],[[23.8424,47.9438],[23.8434,47.9486]],[[23.8424,47.9438],[23.851,47.9369]],[[23.851,47.9369],[23.8641,47.9318]],[[23.8641,47.9318],[23.8674,47.9321]],[[23.8674,47.9321],[23.8844,47.9442]],[[23.8844,47.9442],[23.8945,47.9429]],[[23.8945,47.9429],[23.8977,47.9447]],[[23.8977,47.9447],[23.9134,47.9471]],[[23.9134,47.9471],[23.9212,47.9453]],[[23.9212,47.9453],[23.9302,47.9488]],[[23.9302,47.9488],[23.942,47.9485]],[[23.942,47.9485],[23.945,47.9523]],[[23.945,47.9523],[23.9486,47.9615]],[[23.9486,47.9615],[23.9573,47.965]],[[23.9573,47.965],[23.966,47.9626]],[[23.966,47.9626],[23.9736,47.9679]],[[23.9736,47.9679],[23.9777,47.9674]],[[23.9777,47.9674],[23.9803,47.9597]],[[23.9803,47.9597],[23.9908,47.9632]],[[23.9908,47.9632],[23.9967,47.962]],[[23.9967,47.962],[24.004,47.9665]],[[24.004,47.9665],[24.009,47.9673]],[[24.009,47.9673],[24.0255,47.957]],[[24.0255,47.957],[24.0318,47.9493]],[[24.0318,47.9493],[24.0497,47.9534]],[[24.0497,47.9534],[24.0622,47.9534]],[[24.0622,47.9534],[24.0711,47.947]],[[24.0711,47.947],[24.0826,47.9434]],[[24.0826,47.9434],[24.0986,47.9365]],[[24.0986,47.9365],[24.0994,47.9304]],[[24.0994,47.9304],[24.1098,47.916]],[[24.1098,47.916],[24.1181,47.915]],[[24.1181,47.915],[24.1319,47.9155]],[[24.1319,47.9155],[24.1385,47.912]],[[24.1385,47.912],[24.145,47.9129]],[[24.145,47.9129],[24.1497,47.9168]],[[24.1497,47.9168],[24.1602,47.9149]],[[24.1602,47.9149],[24.1651,47.9203]],[[24.1651,47.9203],[24.1815,47.915]],[[24.1815,47.915],[24.1967,47.9161]],[[24.1967,47.9161],[24.2014,47.9115]],[[24.2014,47.9115],[24.2088,47.9089]],[[24.2088,47.9089],[24.2174,47.9028]],[[24.2174,47.9028],[24.2185,47.8976]],[[24.2185,47.8976],[24.2283,47.8965]],[[24.2283,47.8965],[24.2404,47.8993]],[[24.2404,47.8993],[24.2555,47.9067]],[[24.2555,47.9067],[24.2655,47.9075]],[[24.2655,47.9075],[24.2796,47.906]],[[24.2796,47.906],[24.2924,47.9112]],[[24.2924,47.9112],[24.2978,47.9115]],[[24.2978,47.9115],[24.3038,47.9171]],[[24.3038,47.9171],[24.3093,47.9183]],[[24.3093,47.9183],[24.3159,47.9232]],[[24.3159,47.9232],[24.3249,47.9259]],[[24.3249,47.9259],[24.3347,47.9178]],[[24.3347,47.9178],[24.3446,47.9147]],[[24.3446,47.9147],[24.3501,47.9155]],[[24.3501,47.9155],[24.3686,47.9233]],[[24.3686,47.9233],[24.3816,47.9266]],[[24.3803,47.9339],[24.3816,47.9266]],[[24.3803,47.9339],[24.3921,47.9484]],[[24.3921,47.9484],[24.3922,47.9528]],[[24.3922,47.9528],[24.4097,47.9601]],[[24.4097,47.9601],[24.4172,47.9597]],[[24.4172,47.9597],[24.4289,47.9677]],[[24.4289,47.9677],[24.4359,47.9705]],[[24.4359,47.9705],[24.4468,47.9642]],[[24.4468,47.9642],[24.464,47.9617]],[[24.464,47.9617],[24.4717,47.9631]],[[24.4717,47.9631],[24.4877,47.9559]],[[24.4877,47.9559],[24.4944,47.9555]],[[24.4944,47.9555],[24.502,47.9523]],[[24.502,47.9523],[24.5135,47.9537]],[[24.5135,47.9537],[24.527,47.9615]],[[24.527,47.9615],[24.5369,47.9619]],[[24.5369,47.9619],[24.5496,47.9599]],[[24.5496,47.9599],[24.5629,47.9686]],[[24.5629,47.9686],[24.5754,47.9674]],[[24.5754,47.9674],[24.5833,47.9649]],[[24.5833,47.9649],[24.5841,47.9607]],[[24.5841,47.9607],[24.5927,47.9566]],[[24.5927,47.9566],[24.6017,47.9453]],[[24.6017,47.9453],[24.6108,47.9518]],[[24.6108,47.9518],[24.6234,47.9518]],[[24.6234,47.9518],[24.6284,47.9479]],[[24.6284,47.9479],[24.6323,47.9398]],[[24.6298,47.9344],[24.6323,47.9398]],[[24.6298,47.9344],[24.6365,47.9298]],[[24.635,47.9246],[24.6365,47.9298]],[[24.635,47.9246],[24.6516,47.9191]],[[24.6516,47.9191],[24.6526,47.9107]],[[24.6526,47.9107],[24.661,47.9089]],[[24.661,47.9089],[24.6738,47.8964]],[[24.6673,47.8857],[24.6738,47.8964]],[[24.6673,47.8857],[24.6682,47.8812]],[[24.6658,47.8765],[24.6682,47.8812]],[[24.6658,47.8765],[24.6709,47.8653]],[[24.6709,47.8653],[24.6723,47.8631]],[[24.6723,47.8631],[24.6818,47.8603]],[[24.6818,47.8603],[24.6852,47.8551]],[[24.6852,47.8551],[24.7029,47.8525]],[[24.7029,47.8525],[24.7058,47.8401]],[[24.7058,47.8401],[24.7198,47.8393]],[[24.7198,47.8393],[24.7344,47.8439]],[[24.7344,47.8439],[24.7393,47.8411]],[[24.7393,47.8411],[24.7408,47.8369]],[[24.7408,47.8369],[24.753,47.8297]],[[24.753,47.8297],[24.7584,47.8371]],[[24.7584,47.8371],[24.7653,47.8393]],[[24.7653,47.8393],[24.7781,47.8374]],[[24.7781,47.8374],[24.7789,47.8313]],[[24.7789,47.8313],[24.7841,47.8234]],[[24.7841,47.8234],[24.7975,47.8247]],[[24.7975,47.8247],[24.8277,47.8205]],[[24.8232,47.8127],[24.8277,47.8205]],[[24.8215,47.8062],[24.8232,47.8127]],[[24.8215,47.8062],[24.8335,47.7976]],[[24.8335,47.7976],[24.8366,47.7936]],[[24.8366,47.7936],[24.8377,47.7864]],[[24.8365,47.7795],[24.8377,47.7864]],[[24.8365,47.7795],[24.8514,47.7747]],[[24.8514,47.7747],[24.8548,47.7707]],[[24.8548,47.7707],[24.8553,47.7658]],[[24.8553,47.7658],[24.8782,47.7527]],[[24.8782,47.7527],[24.8814,47.739]],[[24.8814,47.739],[24.8864,47.7339]],[[24.8831,47.7244],[24.8864,47.7339]],[[24.8831,47.7244],[24.9012,47.7247]],[[24.9012,47.7247],[24.9471,47.7291]]]}},{"type":"Feature","properties":{"leftregion":"Nord-Vest","rightregion":"Vest"},"geometry":{"type":"MultiLineString","coordinates":[[[21.4415,46.6514],[21.4493,46.6515]],[[21.4493,46.6515],[21.4738,46.6545]],[[21.4647,46.659],[21.4738,46.6545]],[[21.4601,46.6551],[21.4647,46.659]],[[21.4539,46.6582],[21.4601,46.6551]],[[21.4539,46.6582],[21.4591,46.6619]],[[21.4591,46.6619],[21.4714,46.6608]],[[21.4714,46.6608],[21.4786,46.6559]],[[21.4786,46.6559],[21.481,46.6514]],[[21.481,46.6514],[21.49,46.6534]],[[21.49,46.6534],[21.4975,46.6612]],[[21.4975,46.6612],[21.5028,46.6596]],[[21.5028,46.6596],[21.5102,46.6538]],[[21.5102,46.6538],[21.5122,46.6467]],[[21.5115,46.6366],[21.5122,46.6467]],[[21.5115,46.6366],[21.5333,46.6321]],[[21.5333,46.6321],[21.5393,46.6292]],[[21.5393,46.6292],[21.5431,46.6206]],[[21.5431,46.6206],[21.5468,46.6013]],[[21.5468,46.6013],[21.552,46.603]],[[21.552,46.603],[21.5677,46.6004]],[[21.5677,46.6004],[21.5678,46.6129]],[[21.5604,46.6195],[21.5678,46.6129]],[[21.5604,46.6195],[21.5688,46.6257]],[[21.5644,46.6299],[21.5688,46.6257]],[[21.5628,46.6396],[21.5644,46.6299]],[[21.5628,46.6396],[21.5655,46.6403]],[[21.5655,46.6403],[21.5717,46.6502]],[[21.5717,46.6502],[21.5846,46.6502]],[[21.5846,46.6502],[21.5891,46.6478]],[[21.5891,46.6478],[21.6033,46.6476]],[[21.6033,46.6476],[21.6097,46.6449]],[[21.6097,46.6449],[21.6204,46.6462]],[[21.6204,46.6462],[21.6286,46.6495]],[[21.6286,46.6495],[21.6306,46.6522]],[[21.6306,46.6522],[21.6355,46.6551]],[[21.6355,46.6551],[21.6451,46.6653]],[[21.6451,46.6653],[21.652,46.6627]],[[21.652,46.6627],[21.6637,46.6646]],[[21.6637,46.6646],[21.6702,46.6635]],[[21.6702,46.6635],[21.6887,46.6651]],[[21.6887,46.6651],[21.6976,46.6598]],[[21.6976,46.6598],[21.7058,46.6593]],[[21.7058,46.6593],[21.714,46.6585]],[[21.714,46.6585],[21.7214,46.662]],[[21.7214,46.662],[21.7294,46.6634]],[[21.7294,46.6634],[21.7314,46.6595]],[[21.7314,46.6595],[21.7409,46.662]],[[21.7409,46.662],[21.7552,46.6633]],[[21.7552,46.6633],[21.7728,46.659]],[[21.7728,46.659],[21.7837,46.6541]],[[21.7837,46.6541],[21.8096,46.6559]],[[21.8096,46.6559],[21.8219,46.6615]],[[21.8219,46.6615],[21.8291,46.6631]],[[21.8291,46.6631],[21.8391,46.6684]],[[21.8391,46.6684],[21.8524,46.669]],[[21.8524,46.669],[21.8621,46.6725]],[[21.8621,46.6725],[21.8693,46.6809]],[[21.8693,46.6809],[21.8742,46.6801]],[[21.8742,46.6801],[21.8847,46.6747]],[[21.8847,46.6747],[21.8944,46.6727]],[[21.8944,46.6727],[21.9054,46.6686]],[[21.9054,46.6686],[21.9105,46.663]],[[21.9074,46.6574],[21.9105,46.663]],[[21.8951,46.6469],[21.9074,46.6574]],[[21.8867,46.638],[21.8951,46.6469]],[[21.8813,46.6312],[21.8867,46.638]],[[21.8813,46.6312],[21.9108,46.6305]],[[21.9105,46.6275],[21.9108,46.6305]],[[21.9105,46.6275],[21.9266,46.6227]],[[21.9266,46.6227],[21.944,46.6213]],[[21.944,46.6213],[21.9522,46.6171]],[[21.9522,46.6171],[21.958,46.6171]],[[21.958,46.6171],[21.9654,46.6211]],[[21.9654,46.6211],[21.9772,46.6201]],[[21.9772,46.6201],[21.989,46.6207]],[[21.989,46.6207],[21.9919,46.6238]],[[21.9919,46.6238],[21.9989,46.6241]],[[21.9989,46.6241],[22.0067,46.6309]],[[22.0067,46.6309],[22.0096,46.6372]],[[22.0096,46.6372],[22.0172,46.6415]],[[22.0172,46.6415],[22.0213,46.6503]],[[22.0213,46.6503],[22.0252,46.6497]],[[22.0252,46.6497],[22.0284,46.6448]],[[22.0284,46.6448],[22.0419,46.642]],[[22.0419,46.642],[22.0455,46.6371]],[[22.0455,46.6371],[22.0539,46.6381]],[[22.0539,46.6381],[22.0783,46.6323]],[[22.0783,46.6323],[22.0865,46.6349]],[[22.0865,46.6349],[22.089,46.6295]],[[22.0882,46.619],[22.089,46.6295]],[[22.0882,46.619],[22.0941,46.6143]],[[22.0941,46.6143],[22.1015,46.6136]],[[22.1015,46.6136],[22.1084,46.6156]],[[22.1084,46.6156],[22.1096,46.6072]],[[22.1096,46.6072],[22.114,46.6044]],[[22.114,46.6044],[22.1222,46.6019]],[[22.1222,46.6019],[22.1306,46.6027]],[[22.1306,46.6027],[22.133,46.6066]],[[22.133,46.6066],[22.1404,46.6028]],[[22.1404,46.6028],[22.1477,46.6028]],[[22.1477,46.6028],[22.1564,46.605]],[[22.1564,46.605],[22.1684,46.6039]],[[22.1684,46.6039],[22.1753,46.5963]],[[22.17,46.5833],[22.1753,46.5963]],[[22.1665,46.5819],[22.17,46.5833]],[[22.1645,46.5712],[22.1665,46.5819]],[[22.1645,46.5712],[22.1701,46.5648]],[[22.1693,46.5608],[22.1701,46.5648]],[[22.1693,46.5608],[22.1749,46.5582]],[[22.1749,46.5582],[22.1755,46.5534]],[[22.1755,46.5534],[22.1791,46.5469]],[[22.1791,46.5469],[22.1797,46.5395]],[[22.1755,46.5364],[22.1797,46.5395]],[[22.1755,46.5364],[22.184,46.526]],[[22.184,46.526],[22.1897,46.5244]],[[22.1897,46.5244],[22.1916,46.5207]],[[22.1916,46.5207],[22.2033,46.512]],[[22.2033,46.512],[22.2093,46.5121]],[[22.2093,46.5121],[22.218,46.5212]],[[22.218,46.5212],[22.2221,46.516]],[[22.2221,46.516],[22.229,46.5142]],[[22.229,46.509],[22.229,46.5142]],[[22.229,46.509],[22.2389,46.5083]],[[22.2389,46.5083],[22.241,46.506]],[[22.241,46.506],[22.2461,46.5023]],[[22.2461,46.5023],[22.2509,46.5039]],[[22.2509,46.5039],[22.2568,46.5071]],[[22.2568,46.5071],[22.2724,46.5008]],[[22.2724,46.5008],[22.2818,46.5026]],[[22.2818,46.5026],[22.2969,46.5101]],[[22.2969,46.5101],[22.302,46.5099]],[[22.302,46.5099],[22.3149,46.5151]],[[22.3149,46.5151],[22.3252,46.5145]],[[22.3233,46.5114],[22.3252,46.5145]],[[22.3233,46.5114],[22.3274,46.5016]],[[22.3234,46.4954],[22.3274,46.5016]],[[22.3234,46.4954],[22.3284,46.4904]],[[22.3233,46.4835],[22.3284,46.4904]],[[22.3233,46.4835],[22.329,46.4784]],[[22.329,46.4784],[22.335,46.4781]],[[22.335,46.4781],[22.3394,46.4736]],[[22.3394,46.4736],[22.3446,46.4617]],[[22.3446,46.4617],[22.3467,46.4533]],[[22.3454,46.4497],[22.3467,46.4533]],[[22.3454,46.4497],[22.3519,46.4428]],[[22.3519,46.4428],[22.3601,46.4389]],[[22.3601,46.4389],[22.3739,46.4391]],[[22.3739,46.4391],[22.379,46.4341]],[[22.379,46.4341],[22.382,46.4303]],[[22.3692,46.4277],[22.382,46.4303]],[[22.3692,46.4277],[22.3773,46.4244]],[[22.3773,46.4244],[22.4012,46.4097]],[[22.4012,46.4097],[22.4114,46.4092]],[[22.4114,46.4092],[22.4161,46.4014]],[[22.4161,46.4014],[22.4245,46.3975]],[[22.4241,46.3933],[22.4245,46.3975]],[[22.4241,46.3933],[22.4306,46.392]],[[22.4306,46.392],[22.4524,46.385]],[[22.4524,46.385],[22.4659,46.3869]],[[22.4659,46.3869],[22.4702,46.3856]],[[22.4702,46.3856],[22.5038,46.3862]],[[22.5038,46.3862],[22.5185,46.387]],[[22.5185,46.387],[22.5353,46.3898]],[[22.5353,46.3898],[22.5544,46.394]],[[22.5544,46.394],[22.5658,46.3924]],[[22.5658,46.3924],[22.5738,46.3978]],[[22.5738,46.3978],[22.5925,46.3973]],[[22.5925,46.3973],[22.6066,46.3931]],[[22.6066,46.3931],[22.6262,46.3901]],[[22.6262,46.3901],[22.6346,46.3897]],[[22.6346,46.3897],[22.6493,46.3915]],[[22.6493,46.3915],[22.6565,46.3971]],[[22.6565,46.3971],[22.6608,46.3977]],[[22.6608,46.3977],[22.6664,46.4041]],[[22.6664,46.4041],[22.6766,46.4058]]]}},{"type":"Feature","properties":{"leftregion":"Centru","rightregion":"Nord-Vest"},"geometry":{"type":"MultiLineString","coordinates":[[[23.5692,46.4922],[23.5745,46.4972]],[[23.5631,46.492],[23.5692,46.4922]],[[23.5595,46.4882],[23.5631,46.492]],[[23.555,46.4926],[23.5595,46.4882]],[[23.5487,46.5037],[23.555,46.4926]],[[23.5362,46.4987],[23.5487,46.5037]],[[23.5294,46.4988],[23.5362,46.4987]],[[23.5294,46.4988],[23.5309,46.4916]],[[23.5231,46.486],[23.5309,46.4916]],[[23.5146,46.4931],[23.5231,46.486]],[[23.5024,46.4962],[23.5146,46.4931]],[[23.4979,46.495],[23.5024,46.4962]],[[23.4872,46.4997],[23.4979,46.495]],[[23.4622,46.5045],[23.4872,46.4997]],[[23.4545,46.5174],[23.4622,46.5045]],[[23.4545,46.5174],[23.4601,46.5254]],[[23.453,46.5273],[23.4601,46.5254]],[[23.4394,46.5232],[23.453,46.5273]],[[23.4345,46.5282],[23.4394,46.5232]],[[23.4269,46.5297],[23.4345,46.5282]],[[23.4225,46.5272],[23.4269,46.5297]],[[23.4139,46.5297],[23.4225,46.5272]],[[23.4005,46.5306],[23.4139,46.5297]],[[23.3917,46.5396],[23.4005,46.5306]],[[23.3821,46.5406],[23.3917,46.5396]],[[23.3676,46.5377],[23.3821,46.5406]],[[23.3583,46.5344],[23.3676,46.5377]],[[23.3544,46.5313],[23.3583,46.5344]],[[23.3467,46.5334],[23.3544,46.5313]],[[23.3407,46.5301],[23.3467,46.5334]],[[23.3352,46.5327],[23.3407,46.5301]],[[23.33,46.5281],[23.3352,46.5327]],[[23.3162,46.5253],[23.33,46.5281]],[[23.3048,46.5251],[23.3162,46.5253]],[[23.2985,46.5302],[23.3048,46.5251]],[[23.2911,46.529],[23.2985,46.5302]],[[23.2822,46.5299],[23.2911,46.529]],[[23.2778,46.5262],[23.2822,46.5299]],[[23.2778,46.5262],[23.2799,46.5126]],[[23.2799,46.5126],[23.2896,46.5089]],[[23.2826,46.5092],[23.2896,46.5089]],[[23.2728,46.504],[23.2826,46.5092]],[[23.2696,46.4978],[23.2728,46.504]],[[23.2565,46.499],[23.2696,46.4978]],[[23.2485,46.4978],[23.2565,46.499]],[[23.2369,46.4909],[23.2485,46.4978]],[[23.2287,46.4926],[23.2369,46.4909]],[[23.2178,46.4905],[23.2287,46.4926]],[[23.1956,46.4925],[23.2178,46.4905]],[[23.192,46.4943],[23.1956,46.4925]],[[23.1851,46.5096],[23.192,46.4943]],[[23.1668,46.5056],[23.1851,46.5096]],[[23.1629,46.5073],[23.1668,46.5056]],[[23.1567,46.5049],[23.1629,46.5073]],[[23.1519,46.5062],[23.1567,46.5049]],[[23.1438,46.5034],[23.1519,46.5062]],[[23.1376,46.4959],[23.1438,46.5034]],[[23.1322,46.4919],[23.1376,46.4959]],[[23.119,46.4874],[23.1322,46.4919]],[[23.108,46.4919],[23.119,46.4874]],[[23.1033,46.4896],[23.108,46.4919]],[[23.1033,46.4896],[23.1045,46.4854]],[[23.0995,46.4804],[23.1045,46.4854]],[[23.0976,46.471],[23.0995,46.4804]],[[23.0862,46.4666],[23.0976,46.471]],[[23.0748,46.4677],[23.0862,46.4666]],[[23.0691,46.4709],[23.0748,46.4677]],[[23.0569,46.4703],[23.0691,46.4709]],[[23.0556,46.4666],[23.0569,46.4703]],[[23.0472,46.4682],[23.0556,46.4666]],[[23.0463,46.4772],[23.0472,46.4682]],[[23.0463,46.4772],[23.053,46.4851]],[[23.0519,46.488],[23.053,46.4851]],[[23.0519,46.488],[23.0556,46.4925]],[[23.0395,46.4978],[23.0556,46.4925]],[[23.0326,46.502],[23.0395,46.4978]],[[23.0231,46.5002],[23.0326,46.502]],[[23.0165,46.5013],[23.0231,46.5002]],[[23.0096,46.5057],[23.0165,46.5013]],[[23.0069,46.5087],[23.0096,46.5057]],[[23.0069,46.5087],[23.0099,46.5141]],[[23.0059,46.5241],[23.0099,46.5141]],[[23.0014,46.5272],[23.0059,46.5241]],[[23.0005,46.5344],[23.0014,46.5272]],[[22.9889,46.5379],[23.0005,46.5344]],[[22.9889,46.5379],[22.9998,46.5484]],[[22.9998,46.5484],[22.9999,46.5526]],[[22.9901,46.5546],[22.9999,46.5526]],[[22.978,46.5487],[22.9901,46.5546]],[[22.9736,46.5485],[22.978,46.5487]],[[22.9683,46.5485],[22.9736,46.5485]],[[22.9447,46.5554],[22.9683,46.5485]],[[22.9308,46.5551],[22.9447,46.5554]],[[22.9224,46.5532],[22.9308,46.5551]],[[22.9086,46.5444],[22.9224,46.5532]],[[22.9022,46.5441],[22.9086,46.5444]],[[22.8955,46.5387],[22.9022,46.5441]],[[22.8877,46.5383],[22.8955,46.5387]],[[22.8828,46.536],[22.8877,46.5383]],[[22.8711,46.5389],[22.8828,46.536]],[[22.8595,46.54],[22.8711,46.5389]],[[22.8559,46.5506],[22.8595,46.54]],[[22.8479,46.5459],[22.8559,46.5506]],[[22.8408,46.5465],[22.8479,46.5459]],[[22.836,46.5464],[22.8408,46.5465]],[[22.8243,46.5537],[22.836,46.5464]],[[22.8124,46.5571],[22.8243,46.5537]],[[22.8106,46.5636],[22.8124,46.5571]],[[22.8106,46.5636],[22.812,46.5689]],[[22.7921,46.5667],[22.812,46.5689]],[[22.7858,46.5661],[22.7921,46.5667]],[[22.7826,46.5716],[22.7858,46.5661]],[[22.7695,46.5751],[22.7826,46.5716]],[[22.7628,46.5751],[22.7695,46.5751]],[[22.7522,46.5691],[22.7628,46.5751]],[[22.7522,46.5691],[22.7548,46.5629]],[[22.7548,46.5629],[22.7554,46.553]],[[22.7513,46.5492],[22.7554,46.553]],[[22.7406,46.5489],[22.7513,46.5492]],[[22.7261,46.5469],[22.7406,46.5489]],[[22.722,46.5412],[22.7261,46.5469]],[[22.7034,46.5314],[22.722,46.5412]],[[22.7003,46.5248],[22.7034,46.5314]],[[22.6897,46.5185],[22.7003,46.5248]],[[22.677,46.5233],[22.6897,46.5185]],[[22.677,46.5233],[22.678,46.5166]],[[22.6747,46.5066],[22.678,46.5166]],[[22.6747,46.5066],[22.6797,46.4925]],[[22.6725,46.4896],[22.6797,46.4925]],[[22.6725,46.4896],[22.6727,46.4856]],[[22.6638,46.4798],[22.6727,46.4856]],[[22.6638,46.4798],[22.6759,46.4802]],[[22.6759,46.4802],[22.6798,46.4764]],[[22.6774,46.4686],[22.6798,46.4764]],[[22.6774,46.4686],[22.683,46.4657]],[[22.683,46.4657],[22.686,46.4585]],[[22.686,46.4585],[22.6925,46.4533]],[[22.6882,46.4416],[22.6925,46.4533]],[[22.6882,46.4416],[22.6934,46.4378]],[[22.6934,46.4378],[22.7034,46.4341]],[[22.7034,46.4341],[22.7199,46.4309]],[[22.6967,46.4195],[22.7199,46.4309]],[[22.6863,46.412],[22.6967,46.4195]],[[22.6788,46.4112],[22.6863,46.412]],[[22.6766,46.4058],[22.6788,46.4112]],[[25.0494,47.1312],[25.0634,47.1366]],[[25.0453,47.1332],[25.0494,47.1312]],[[25.0341,47.1263],[25.0453,47.1332]],[[25.0323,47.1194],[25.0341,47.1263]],[[25.0189,47.1124],[25.0323,47.1194]],[[24.9988,47.1108],[25.0189,47.1124]],[[24.9935,47.113],[24.9988,47.1108]],[[24.9869,47.1188],[24.9935,47.113]],[[24.9785,47.1139],[24.9869,47.1188]],[[24.9707,47.1154],[24.9785,47.1139]],[[24.9642,47.1189],[24.9707,47.1154]],[[24.9547,47.1198],[24.9642,47.1189]],[[24.9494,47.1176],[24.9547,47.1198]],[[24.9413,47.1065],[24.9494,47.1176]],[[24.9412,47.1021],[24.9413,47.1065]],[[24.9324,47.0962],[24.9412,47.1021]],[[24.922,47.098],[24.9324,47.0962]],[[24.9138,47.1022],[24.922,47.098]],[[24.9056,47.1006],[24.9138,47.1022]],[[24.9034,47.1052],[24.9056,47.1006]],[[24.8986,47.1085],[24.9034,47.1052]],[[24.8702,47.1049],[24.8986,47.1085]],[[24.8694,47.1031],[24.8702,47.1049]],[[24.8549,47.0963],[24.8694,47.1031]],[[24.8466,47.0892],[24.8549,47.0963]],[[24.8391,47.0804],[24.8466,47.0892]],[[24.8218,47.0712],[24.8391,47.0804]],[[24.8152,47.0625],[24.8218,47.0712]],[[24.8079,47.0572],[24.8152,47.0625]],[[24.7947,47.051],[24.8079,47.0572]],[[24.7848,47.0389],[24.7947,47.051]],[[24.7835,47.0313],[24.7848,47.0389]],[[24.7772,47.0174],[24.7835,47.0313]],[[24.7769,47.0135],[24.7772,47.0174]],[[24.7676,47.0008],[24.7769,47.0135]],[[24.7621,46.9957],[24.7676,47.0008]],[[24.7529,46.9955],[24.7621,46.9957]],[[24.743,46.9859],[24.7529,46.9955]],[[24.7403,46.9805],[24.743,46.9859]],[[24.74,46.9731],[24.7403,46.9805]],[[24.74,46.9731],[24.745,46.9721]],[[24.7399,46.9601],[24.745,46.9721]],[[24.7332,46.9574],[24.7399,46.9601]],[[24.7332,46.9574],[24.7411,46.9535]],[[24.734,46.9476],[24.7411,46.9535]],[[24.7326,46.9426],[24.734,46.9476]],[[24.7217,46.9324],[24.7326,46.9426]],[[24.7217,46.9324],[24.727,46.9288]],[[24.727,46.9288],[24.7357,46.9262]],[[24.7357,46.9262],[24.7426,46.9208]],[[24.7426,46.9208],[24.7511,46.9142]],[[24.7511,46.9142],[24.7543,46.9097]],[[24.7456,46.9058],[24.7543,46.9097]],[[24.7284,46.9113],[24.7456,46.9058]],[[24.7249,46.9037],[24.7284,46.9113]],[[24.7091,46.9021],[24.7249,46.9037]],[[24.703,46.9046],[24.7091,46.9021]],[[24.6913,46.9085],[24.703,46.9046]],[[24.6827,46.9074],[24.6913,46.9085]],[[24.6715,46.9096],[24.6827,46.9074]],[[24.6622,46.9101],[24.6715,46.9096]],[[24.6529,46.9167],[24.6622,46.9101]],[[24.6474,46.9173],[24.6529,46.9167]],[[24.6474,46.9173],[24.6534,46.9232]],[[24.64,46.9255],[24.6534,46.9232]],[[24.64,46.9255],[24.6446,46.9372]],[[24.6384,46.9378],[24.6446,46.9372]],[[24.6384,46.9378],[24.6387,46.9452]],[[24.6277,46.9488],[24.6387,46.9452]],[[24.6229,46.943],[24.6277,46.9488]],[[24.6088,46.9442],[24.6229,46.943]],[[24.6006,46.948],[24.6088,46.9442]],[[24.5939,46.9449],[24.6006,46.948]],[[24.59,46.9351],[24.5939,46.9449]],[[24.5855,46.9288],[24.59,46.9351]],[[24.5787,46.9259],[24.5855,46.9288]],[[24.5787,46.9259],[24.5853,46.9211]],[[24.5845,46.9152],[24.5853,46.9211]],[[24.5729,46.9153],[24.5845,46.9152]],[[24.5649,46.9124],[24.5729,46.9153]],[[24.5649,46.9124],[24.5674,46.9094]],[[24.56,46.9054],[24.5674,46.9094]],[[24.5473,46.9049],[24.56,46.9054]],[[24.5328,46.9068],[24.5473,46.9049]],[[24.5318,46.899],[24.5328,46.9068]],[[24.5318,46.899],[24.5402,46.8916]],[[24.532,46.8812],[24.5402,46.8916]],[[24.532,46.8812],[24.539,46.8755]],[[24.5351,46.8734],[24.539,46.8755]],[[24.5244,46.8526],[24.5351,46.8734]],[[24.5099,46.8504],[24.5244,46.8526]],[[24.5053,46.8461],[24.5099,46.8504]],[[24.5036,46.8396],[24.5053,46.8461]],[[24.4936,46.8411],[24.5036,46.8396]],[[24.4899,46.8363],[24.4936,46.8411]],[[24.4793,46.8308],[24.4899,46.8363]],[[24.4693,46.8279],[24.4793,46.8308]],[[24.4644,46.8221],[24.4693,46.8279]],[[24.4582,46.8201],[24.4644,46.8221]],[[24.4582,46.8201],[24.4634,46.8116]],[[24.4564,46.8055],[24.4634,46.8116]],[[24.4563,46.8011],[24.4564,46.8055]],[[24.4494,46.79],[24.4563,46.8011]],[[24.4494,46.79],[24.457,46.7856]],[[24.457,46.7856],[24.4602,46.7894]],[[24.4602,46.7894],[24.4669,46.7891]],[[24.4669,46.7891],[24.4722,46.7829]],[[24.4641,46.7765],[24.4722,46.7829]],[[24.4555,46.7674],[24.4641,46.7765]],[[24.4521,46.7657],[24.4555,46.7674]],[[24.4421,46.7678],[24.4521,46.7657]],[[24.4375,46.771],[24.4421,46.7678]],[[24.4326,46.7699],[24.4375,46.771]],[[24.4306,46.7754],[24.4326,46.7699]],[[24.4256,46.7762],[24.4306,46.7754]],[[24.424,46.7721],[24.4256,46.7762]],[[24.4152,46.7732],[24.424,46.7721]],[[24.4092,46.7721],[24.4152,46.7732]],[[24.4083,46.7676],[24.4092,46.7721]],[[24.4034,46.7656],[24.4083,46.7676]],[[24.3993,46.7573],[24.4034,46.7656]],[[24.3993,46.7573],[24.4033,46.7543]],[[24.401,46.7505],[24.4033,46.7543]],[[24.3885,46.7513],[24.401,46.7505]],[[24.384,46.7472],[24.3885,46.7513]],[[24.3732,46.7487],[24.384,46.7472]],[[24.3621,46.7464],[24.3732,46.7487]],[[24.3396,46.7577],[24.3621,46.7464]],[[24.3332,46.7574],[24.3396,46.7577]],[[24.3244,46.7541],[24.3332,46.7574]],[[24.3156,46.7582],[24.3244,46.7541]],[[24.3085,46.7582],[24.3156,46.7582]],[[24.3011,46.7532],[24.3085,46.7582]],[[24.2919,46.758],[24.3011,46.7532]],[[24.2892,46.7597],[24.2919,46.758]],[[24.2772,46.7607],[24.2892,46.7597]],[[24.2603,46.7667],[24.2772,46.7607]],[[24.2595,46.7686],[24.2603,46.7667]],[[24.2402,46.7746],[24.2595,46.7686]],[[24.2249,46.7807],[24.2402,46.7746]],[[24.2185,46.7811],[24.2249,46.7807]],[[24.2151,46.7845],[24.2185,46.7811]],[[24.2151,46.7845],[24.217,46.7879]],[[24.2093,46.791],[24.217,46.7879]],[[24.1977,46.7999],[24.2093,46.791]],[[24.182,46.8024],[24.1977,46.7999]],[[24.1796,46.8047],[24.182,46.8024]],[[24.1796,46.8047],[24.188,46.7931]],[[24.1815,46.7879],[24.188,46.7931]],[[24.1696,46.7851],[24.1815,46.7879]],[[24.1675,46.7812],[24.1696,46.7851]],[[24.1489,46.78],[24.1675,46.7812]],[[24.1348,46.7751],[24.1489,46.78]],[[24.127,46.7762],[24.1348,46.7751]],[[24.1184,46.7743],[24.127,46.7762]],[[24.1154,46.7686],[24.1184,46.7743]],[[24.1154,46.7686],[24.1209,46.7545]],[[24.1209,46.7545],[24.1261,46.7465]],[[24.1152,46.7426],[24.1261,46.7465]],[[24.1034,46.7489],[24.1152,46.7426]],[[24.0972,46.7489],[24.1034,46.7489]],[[24.0879,46.7536],[24.0972,46.7489]],[[24.0838,46.7494],[24.0879,46.7536]],[[24.0838,46.7494],[24.0849,46.7463]],[[24.0745,46.7454],[24.0849,46.7463]],[[24.0665,46.7335],[24.0745,46.7454]],[[24.0665,46.7335],[24.0706,46.731]],[[24.0706,46.731],[24.0834,46.7183]],[[24.0834,46.7183],[24.0851,46.7138]],[[24.0851,46.7138],[24.09,46.7107]],[[24.09,46.7107],[24.1028,46.7085]],[[24.1028,46.7085],[24.1136,46.7086]],[[24.1136,46.7086],[24.1143,46.7048]],[[24.1143,46.7048],[24.1236,46.699]],[[24.1143,46.6939],[24.1236,46.699]],[[24.1143,46.6939],[24.1155,46.6892]],[[24.1134,46.6836],[24.1155,46.6892]],[[24.1052,46.6699],[24.1134,46.6836]],[[24.1024,46.6616],[24.1052,46.6699]],[[24.0938,46.6615],[24.1024,46.6616]],[[24.0929,46.6572],[24.0938,46.6615]],[[24.0847,46.6588],[24.0929,46.6572]],[[24.0699,46.6553],[24.0847,46.6588]],[[24.0641,46.6565],[24.0699,46.6553]],[[24.0589,46.6511],[24.0641,46.6565]],[[24.0466,46.6489],[24.0589,46.6511]],[[24.0336,46.6451],[24.0466,46.6489]],[[24.0336,46.6451],[24.0348,46.6421]],[[24.0317,46.6338],[24.0348,46.6421]],[[24.0268,46.6284],[24.0317,46.6338]],[[24.0202,46.6279],[24.0268,46.6284]],[[24.0202,46.6279],[24.0262,46.6176]],[[24.0262,46.6176],[24.0422,46.613]],[[24.0422,46.613],[24.0482,46.6096]],[[24.0482,46.6096],[24.0644,46.6092]],[[24.0644,46.6092],[24.0688,46.6051]],[[24.0675,46.6011],[24.0688,46.6051]],[[24.0675,46.6011],[24.0676,46.5985]],[[24.0602,46.591],[24.0676,46.5985]],[[24.0578,46.5832],[24.0602,46.591]],[[24.0525,46.575],[24.0578,46.5832]],[[24.0526,46.5618],[24.0525,46.575]],[[24.0478,46.5584],[24.0526,46.5618]],[[24.0375,46.5573],[24.0478,46.5584]],[[24.0375,46.5573],[24.0454,46.5451]],[[24.0433,46.5438],[24.0454,46.5451]],[[24.0343,46.5421],[24.0433,46.5438]],[[24.0293,46.5334],[24.0343,46.5421]],[[24.0196,46.5313],[24.0293,46.5334]],[[24.0136,46.5328],[24.0196,46.5313]],[[24.0032,46.5412],[24.0136,46.5328]],[[23.9897,46.5431],[24.0032,46.5412]],[[23.9851,46.5409],[23.9897,46.5431]],[[23.9697,46.5255],[23.9851,46.5409]],[[23.9671,46.5202],[23.9697,46.5255]],[[23.9591,46.5154],[23.9671,46.5202]],[[23.9591,46.5154],[23.9678,46.5076]],[[23.9678,46.5076],[23.9703,46.5028]],[[23.9642,46.4985],[23.9703,46.5028]],[[23.9642,46.4985],[23.9737,46.482]],[[23.9631,46.4764],[23.9737,46.482]],[[23.9631,46.4764],[23.9678,46.4726]],[[23.9678,46.4726],[23.9693,46.463]],[[23.9693,46.463],[23.9724,46.4585]],[[23.9724,46.4585],[23.9805,46.4582]],[[23.9795,46.4533],[23.9805,46.4582]],[[23.9795,46.4533],[23.99,46.4527]],[[23.99,46.4527],[24.0049,46.4422]],[[23.9991,46.437],[24.0049,46.4422]],[[23.9853,46.4309],[23.9991,46.437]],[[23.9791,46.431],[23.9853,46.4309]],[[23.9641,46.4365],[23.9791,46.431]],[[23.9535,46.4456],[23.9641,46.4365]],[[23.9464,46.449],[23.9535,46.4456]],[[23.9233,46.4493],[23.9464,46.449]],[[23.9157,46.4549],[23.9233,46.4493]],[[23.9097,46.4635],[23.9157,46.4549]],[[23.8962,46.4608],[23.9097,46.4635]],[[23.8953,46.4634],[23.8962,46.4608]],[[23.8867,46.4635],[23.8953,46.4634]],[[23.8867,46.4635],[23.8879,46.4593]],[[23.876,46.4535],[23.8879,46.4593]],[[23.876,46.4535],[23.8801,46.4501]],[[23.8684,46.4474],[23.8801,46.4501]],[[23.8642,46.4511],[23.8684,46.4474]],[[23.8636,46.4571],[23.8642,46.4511]],[[23.8551,46.451],[23.8636,46.4571]],[[23.8502,46.4548],[23.8551,46.451]],[[23.8432,46.4634],[23.8502,46.4548]],[[23.8381,46.466],[23.8432,46.4634]],[[23.8291,46.4672],[23.8381,46.466]],[[23.8254,46.4629],[23.8291,46.4672]],[[23.814,46.4664],[23.8254,46.4629]],[[23.802,46.4657],[23.814,46.4664]],[[23.7897,46.4631],[23.802,46.4657]],[[23.7897,46.4631],[23.7917,46.4601]],[[23.7823,46.4581],[23.7917,46.4601]],[[23.7722,46.4622],[23.7823,46.4581]],[[23.7655,46.462],[23.7722,46.4622]],[[23.7562,46.4574],[23.7655,46.462]],[[23.7454,46.4586],[23.7562,46.4574]],[[23.7379,46.4535],[23.7454,46.4586]],[[23.7303,46.4515],[23.7379,46.4535]],[[23.7185,46.4532],[23.7303,46.4515]],[[23.7009,46.4574],[23.7185,46.4532]],[[23.6929,46.456],[23.7009,46.4574]],[[23.6772,46.4495],[23.6929,46.456]],[[23.6739,46.4434],[23.6772,46.4495]],[[23.6686,46.4391],[23.6739,46.4434]],[[23.6686,46.4391],[23.6723,46.4297]],[[23.6661,46.43],[23.6723,46.4297]],[[23.651,46.4277],[23.6661,46.43]],[[23.651,46.4277],[23.655,46.4242]],[[23.655,46.4242],[23.6554,46.4187]],[[23.6554,46.4187],[23.6667,46.4152]],[[23.6667,46.4152],[23.6712,46.4185]],[[23.6712,46.4185],[23.6811,46.4085]],[[23.6742,46.4075],[23.6811,46.4085]],[[23.6678,46.4034],[23.6742,46.4075]],[[23.6611,46.3968],[23.6678,46.4034]],[[23.6429,46.4032],[23.6611,46.3968]],[[23.6297,46.4043],[23.6429,46.4032]],[[23.6149,46.4103],[23.6297,46.4043]],[[23.6119,46.4136],[23.6149,46.4103]],[[23.6031,46.4155],[23.6119,46.4136]],[[23.6027,46.427],[23.6031,46.4155]],[[23.5969,46.4343],[23.6027,46.427]],[[23.5919,46.4363],[23.5969,46.4343]],[[23.5915,46.4451],[23.5919,46.4363]],[[23.589,46.4497],[23.5915,46.4451]],[[23.589,46.4497],[23.5898,46.4565]],[[23.5898,46.4565],[23.5954,46.4587]],[[23.5954,46.4587],[23.6031,46.4694]],[[23.6004,46.4778],[23.6031,46.4694]],[[23.6004,46.4778],[23.6129,46.4784]],[[23.611,46.4835],[23.6129,46.4784]],[[23.6029,46.4876],[23.611,46.4835]],[[23.5958,46.4871],[23.6029,46.4876]],[[23.5838,46.4946],[23.5958,46.4871]],[[23.5745,46.4972],[23.5838,46.4946]]]}},{"type":"Feature","properties":{"leftregion":"Nord-Est","rightregion":"Nord-Vest"},"geometry":{"type":"MultiLineString","coordinates":[[[25.0634,47.1366],[25.0659,47.1431]],[[25.0577,47.1503],[25.0659,47.1431]],[[25.0577,47.1503],[25.0665,47.1649]],[[25.0646,47.1755],[25.0665,47.1649]],[[25.0615,47.1845],[25.0646,47.1755]],[[25.0566,47.188],[25.0615,47.1845]],[[25.0561,47.1931],[25.0566,47.188]],[[25.0561,47.1931],[25.0591,47.1991]],[[25.0443,47.2161],[25.0591,47.1991]],[[25.0443,47.2161],[25.0593,47.2345]],[[25.0593,47.2345],[25.0749,47.2462]],[[25.0749,47.2462],[25.0796,47.2586]],[[25.0695,47.261],[25.0796,47.2586]],[[25.0513,47.2702],[25.0695,47.261]],[[25.0384,47.283],[25.0513,47.2702]],[[25.0281,47.2867],[25.0384,47.283]],[[25.0281,47.2867],[25.0333,47.2928]],[[25.0333,47.2928],[25.0453,47.3001]],[[25.0453,47.3001],[25.0476,47.3037]],[[25.0476,47.3037],[25.0583,47.3044]],[[25.0583,47.3044],[25.0622,47.3097]],[[25.0622,47.3097],[25.0764,47.3109]],[[25.0764,47.3109],[25.0787,47.315]],[[25.075,47.3198],[25.0787,47.315]],[[25.075,47.3198],[25.0759,47.325]],[[25.073,47.3282],[25.0759,47.325]],[[25.0729,47.335],[25.073,47.3282]],[[25.0729,47.335],[25.0764,47.3412]],[[25.0722,47.3421],[25.0764,47.3412]],[[25.0623,47.3491],[25.0722,47.3421]],[[25.0606,47.3536],[25.0623,47.3491]],[[25.0606,47.3536],[25.0643,47.3664]],[[25.0643,47.3664],[25.0691,47.3691]],[[25.0626,47.3792],[25.0691,47.3691]],[[25.0506,47.3775],[25.0626,47.3792]],[[25.04,47.3804],[25.0506,47.3775]],[[25.0347,47.385],[25.04,47.3804]],[[25.0347,47.385],[25.0358,47.3915]],[[25.0269,47.3968],[25.0358,47.3915]],[[25.0192,47.4045],[25.0269,47.3968]],[[25.007,47.4101],[25.0192,47.4045]],[[25.0034,47.4131],[25.007,47.4101]],[[24.9962,47.4132],[25.0034,47.4131]],[[24.9913,47.4181],[24.9962,47.4132]],[[24.9856,47.4181],[24.9913,47.4181]],[[24.9828,47.424],[24.9856,47.4181]],[[24.9828,47.424],[24.9865,47.4246]],[[24.9865,47.4246],[24.9946,47.4201]],[[24.9946,47.4201],[24.9995,47.4202]],[[24.9995,47.4202],[25.0121,47.4284]],[[25.0121,47.4284],[25.0146,47.4334]],[[25.0146,47.4334],[25.0267,47.4358]],[[25.0267,47.4358],[25.0325,47.4333]],[[25.0325,47.4333],[25.05,47.4184]],[[25.05,47.4184],[25.0583,47.4165]],[[25.0583,47.4165],[25.0591,47.4208]],[[25.0509,47.4241],[25.0591,47.4208]],[[25.0509,47.4241],[25.0524,47.431]],[[25.0524,47.431],[25.0615,47.4334]],[[25.0615,47.4334],[25.0623,47.437]],[[25.0623,47.437],[25.0735,47.4369]],[[25.0735,47.4369],[25.0779,47.4385]],[[25.0779,47.4385],[25.0889,47.4467]],[[25.0816,47.4539],[25.0889,47.4467]],[[25.0702,47.4504],[25.0816,47.4539]],[[25.0633,47.4547],[25.0702,47.4504]],[[25.06,47.4627],[25.0633,47.4547]],[[25.0561,47.4668],[25.06,47.4627]],[[25.047,47.4702],[25.0561,47.4668]],[[25.0454,47.481],[25.047,47.4702]],[[25.0454,47.481],[25.0521,47.4808]],[[25.0521,47.4808],[25.0701,47.4873]],[[25.0701,47.4873],[25.0728,47.4931]],[[25.0728,47.4931],[25.0804,47.4964]],[[25.0804,47.4964],[25.0938,47.504]],[[25.0935,47.5103],[25.0938,47.504]],[[25.0935,47.5103],[25.095,47.5159]],[[25.0918,47.5199],[25.095,47.5159]],[[25.0813,47.5261],[25.0918,47.5199]],[[25.0665,47.5304],[25.0813,47.5261]],[[25.061,47.537],[25.0665,47.5304]],[[25.0559,47.5481],[25.061,47.537]],[[25.0559,47.5481],[25.0566,47.5525]],[[25.052,47.5605],[25.0566,47.5525]],[[25.0445,47.5599],[25.052,47.5605]],[[25.0364,47.5616],[25.0445,47.5599]],[[25.019,47.5681],[25.0364,47.5616]],[[25.0078,47.5688],[25.019,47.5681]],[[25.0009,47.5759],[25.0078,47.5688]],[[24.9942,47.5772],[25.0009,47.5759]],[[24.9902,47.5857],[24.9942,47.5772]],[[24.9831,47.5873],[24.9902,47.5857]],[[24.9749,47.5925],[24.9831,47.5873]],[[24.9608,47.5969],[24.9749,47.5925]],[[24.9588,47.6034],[24.9608,47.5969]],[[24.9586,47.6152],[24.9588,47.6034]],[[24.9586,47.6152],[24.9642,47.6162]],[[24.9642,47.6162],[24.9742,47.6137]],[[24.9742,47.6137],[24.9843,47.6204]],[[24.9843,47.6204],[24.9905,47.6202]],[[24.9905,47.6202],[24.9932,47.6252]],[[24.9932,47.6252],[24.9984,47.6261]],[[24.9984,47.6261],[25.0097,47.6329]],[[25.0097,47.6329],[25.0242,47.6339]],[[25.0242,47.6339],[25.0327,47.6379]],[[25.0327,47.6379],[25.0531,47.6414]],[[25.0531,47.6414],[25.0564,47.6479]],[[25.0555,47.6544],[25.0564,47.6479]],[[25.0505,47.6591],[25.0555,47.6544]],[[25.0441,47.6593],[25.0505,47.6591]],[[25.0384,47.6641],[25.0441,47.6593]],[[25.0222,47.6664],[25.0384,47.6641]],[[25.0172,47.6744],[25.0222,47.6664]],[[25.0076,47.6767],[25.0172,47.6744]],[[25.0007,47.683],[25.0076,47.6767]],[[24.9961,47.684],[25.0007,47.683]],[[24.982,47.6948],[24.9961,47.684]],[[24.9747,47.6992],[24.982,47.6948]],[[24.9595,47.7056],[24.9747,47.6992]],[[24.952,47.7058],[24.9595,47.7056]],[[24.952,47.7058],[24.9537,47.7118]],[[24.9479,47.7172],[24.9537,47.7118]],[[24.9471,47.7291],[24.9479,47.7172]]]}},{"type":"Feature","properties":{"leftregion":"Centru","rightregion":"Nord-Est"},"geometry":{"type":"MultiLineString","coordinates":[[[26.4379,46.0536],[26.44,46.0389]],[[26.4327,46.0584],[26.4379,46.0536]],[[26.4323,46.0632],[26.4327,46.0584]],[[26.4251,46.067],[26.4323,46.0632]],[[26.4251,46.067],[26.4276,46.0756]],[[26.4276,46.0756],[26.4306,46.078]],[[26.4204,46.083],[26.4306,46.078]],[[26.4086,46.0912],[26.4204,46.083]],[[26.4075,46.1037],[26.4086,46.0912]],[[26.3932,46.101],[26.4075,46.1037]],[[26.3838,46.1027],[26.3932,46.101]],[[26.3763,46.1068],[26.3838,46.1027]],[[26.3719,46.1086],[26.3763,46.1068]],[[26.3675,46.1182],[26.3719,46.1086]],[[26.3675,46.1182],[26.3775,46.1241]],[[26.3775,46.1241],[26.3793,46.1277]],[[26.3793,46.1277],[26.3857,46.1287]],[[26.3857,46.1287],[26.3895,46.133]],[[26.3877,46.1378],[26.3895,46.133]],[[26.3837,46.1389],[26.3877,46.1378]],[[26.3837,46.1389],[26.3853,46.145]],[[26.3752,46.1458],[26.3853,46.145]],[[26.359,46.1406],[26.3752,46.1458]],[[26.3547,46.1416],[26.359,46.1406]],[[26.343,46.1377],[26.3547,46.1416]],[[26.343,46.1377],[26.3477,46.1527]],[[26.3447,46.1557],[26.3477,46.1527]],[[26.3447,46.1557],[26.3475,46.1616]],[[26.3436,46.1669],[26.3475,46.1616]],[[26.3344,46.1752],[26.3436,46.1669]],[[26.331,46.186],[26.3344,46.1752]],[[26.331,46.186],[26.3333,46.1958]],[[26.3333,46.1958],[26.3415,46.201]],[[26.338,46.2153],[26.3415,46.201]],[[26.3341,46.2183],[26.338,46.2153]],[[26.3249,46.2312],[26.3341,46.2183]],[[26.3098,46.239],[26.3249,46.2312]],[[26.2849,46.2457],[26.3098,46.239]],[[26.2749,46.2469],[26.2849,46.2457]],[[26.2634,46.2464],[26.2749,46.2469]],[[26.2587,46.25],[26.2634,46.2464]],[[26.2587,46.25],[26.2605,46.2583]],[[26.2581,46.2644],[26.2605,46.2583]],[[26.2534,46.2666],[26.2581,46.2644]],[[26.2533,46.2771],[26.2534,46.2666]],[[26.2533,46.2771],[26.2626,46.2799]],[[26.2626,46.2799],[26.2686,46.2867]],[[26.2686,46.2867],[26.2744,46.2874]],[[26.2712,46.2929],[26.2744,46.2874]],[[26.2712,46.2929],[26.2722,46.2964]],[[26.2722,46.2964],[26.2786,46.2993]],[[26.2786,46.2993],[26.281,46.3134]],[[26.281,46.3134],[26.2838,46.3214]],[[26.2838,46.3214],[26.2882,46.3235]],[[26.2882,46.3235],[26.2928,46.3342]],[[26.2885,46.3376],[26.2928,46.3342]],[[26.2826,46.3382],[26.2885,46.3376]],[[26.2709,46.3449],[26.2826,46.3382]],[[26.2571,46.3411],[26.2709,46.3449]],[[26.2446,46.34],[26.2571,46.3411]],[[26.2421,46.3359],[26.2446,46.34]],[[26.2355,46.3349],[26.2421,46.3359]],[[26.2317,46.3253],[26.2355,46.3349]],[[26.2244,46.3166],[26.2317,46.3253]],[[26.2084,46.3119],[26.2244,46.3166]],[[26.2009,46.3109],[26.2084,46.3119]],[[26.191,46.3124],[26.2009,46.3109]],[[26.1773,46.3107],[26.191,46.3124]],[[26.1628,46.3164],[26.1773,46.3107]],[[26.1561,46.3152],[26.1628,46.3164]],[[26.1507,46.3216],[26.1561,46.3152]],[[26.1492,46.329],[26.1507,46.3216]],[[26.1492,46.329],[26.1549,46.34]],[[26.1549,46.34],[26.1644,46.3471]],[[26.1644,46.3471],[26.1666,46.3549]],[[26.1635,46.3619],[26.1666,46.3549]],[[26.1635,46.3619],[26.1668,46.3693]],[[26.1635,46.3729],[26.1668,46.3693]],[[26.1627,46.3808],[26.1635,46.3729]],[[26.1597,46.3858],[26.1627,46.3808]],[[26.1492,46.3887],[26.1597,46.3858]],[[26.1465,46.3912],[26.1492,46.3887]],[[26.1266,46.3976],[26.1465,46.3912]],[[26.1186,46.3974],[26.1266,46.3976]],[[26.1095,46.4006],[26.1186,46.3974]],[[26.0999,46.4014],[26.1095,46.4006]],[[26.0853,46.3993],[26.0999,46.4014]],[[26.0619,46.4007],[26.0853,46.3993]],[[26.0564,46.4036],[26.0619,46.4007]],[[26.0564,46.4036],[26.0618,46.4113]],[[26.0469,46.4166],[26.0618,46.4113]],[[26.0332,46.4168],[26.0469,46.4166]],[[26.03,46.4101],[26.0332,46.4168]],[[26.0249,46.4149],[26.03,46.4101]],[[26.0205,46.4143],[26.0249,46.4149]],[[26.0196,46.4092],[26.0205,46.4143]],[[26.0099,46.4125],[26.0196,46.4092]],[[26.0035,46.4064],[26.0099,46.4125]],[[25.9952,46.4068],[26.0035,46.4064]],[[25.9952,46.4068],[26.0002,46.4136]],[[25.9971,46.4201],[26.0002,46.4136]],[[25.9971,46.4201],[26.0036,46.4231]],[[26.002,46.4273],[26.0036,46.4231]],[[25.9948,46.4328],[26.002,46.4273]],[[25.9872,46.4391],[25.9948,46.4328]],[[25.9872,46.4391],[26.0058,46.4449]],[[26.0045,46.453],[26.0058,46.4449]],[[26.0045,46.453],[26.0079,46.4586]],[[26.0079,46.4586],[26.0154,46.46]],[[26.0152,46.4646],[26.0154,46.46]],[[26.0116,46.4692],[26.0152,46.4646]],[[26.0116,46.4692],[26.0167,46.4728]],[[26.0165,46.4776],[26.0167,46.4728]],[[26.0066,46.4817],[26.0165,46.4776]],[[26.0066,46.4817],[26.018,46.4919]],[[26.018,46.4919],[26.0341,46.4912]],[[26.0341,46.4912],[26.0474,46.4922]],[[26.0474,46.4922],[26.0584,46.4942]],[[26.0584,46.4942],[26.0641,46.4875]],[[26.0641,46.4875],[26.0746,46.4845]],[[26.0746,46.4845],[26.0816,46.5075]],[[26.0816,46.5075],[26.0832,46.5125]],[[26.0746,46.5224],[26.0832,46.5125]],[[26.0738,46.5257],[26.0746,46.5224]],[[26.0614,46.5257],[26.0738,46.5257]],[[26.0572,46.529],[26.0614,46.5257]],[[26.0482,46.532],[26.0572,46.529]],[[26.0351,46.5447],[26.0482,46.532]],[[26.0351,46.5447],[26.0405,46.5504]],[[26.0392,46.5557],[26.0405,46.5504]],[[26.0323,46.5591],[26.0392,46.5557]],[[26.0312,46.5675],[26.0323,46.5591]],[[26.0312,46.5675],[26.0336,46.5704]],[[26.0261,46.5773],[26.0336,46.5704]],[[26.0217,46.5885],[26.0261,46.5773]],[[26.0122,46.59],[26.0217,46.5885]],[[26.0099,46.5937],[26.0122,46.59]],[[26.0035,46.5966],[26.0099,46.5937]],[[25.9983,46.6018],[26.0035,46.5966]],[[25.9971,46.609],[25.9983,46.6018]],[[25.9905,46.6161],[25.9971,46.609]],[[25.9905,46.6161],[25.9929,46.6229]],[[25.9929,46.6229],[25.9995,46.6249]],[[25.9995,46.6249],[26.0074,46.6353]],[[26.0074,46.6353],[26.0194,46.6343]],[[26.0123,46.6447],[26.0194,46.6343]],[[26.0077,46.6484],[26.0123,46.6447]],[[26.0065,46.6597],[26.0077,46.6484]],[[26.0001,46.6633],[26.0065,46.6597]],[[25.9994,46.6664],[26.0001,46.6633]],[[25.9921,46.674],[25.9994,46.6664]],[[25.981,46.6802],[25.9921,46.674]],[[25.9746,46.6895],[25.981,46.6802]],[[25.9746,46.6895],[25.9752,46.6973]],[[25.9616,46.6991],[25.9752,46.6973]],[[25.955,46.6952],[25.9616,46.6991]],[[25.9478,46.6989],[25.955,46.6952]],[[25.9318,46.7024],[25.9478,46.6989]],[[25.917,46.7003],[25.9318,46.7024]],[[25.9083,46.7009],[25.917,46.7003]],[[25.904,46.704],[25.9083,46.7009]],[[25.8913,46.6992],[25.904,46.704]],[[25.8894,46.6932],[25.8913,46.6992]],[[25.8839,46.6887],[25.8894,46.6932]],[[25.8839,46.6887],[25.8861,46.6833]],[[25.8861,46.6833],[25.8953,46.6756]],[[25.8953,46.6756],[25.898,46.6705]],[[25.898,46.6705],[25.9033,46.6677]],[[25.903,46.6644],[25.9033,46.6677]],[[25.903,46.6644],[25.9086,46.6561]],[[25.9015,46.6494],[25.9086,46.6561]],[[25.8885,46.6481],[25.9015,46.6494]],[[25.8772,46.6509],[25.8885,46.6481]],[[25.8674,46.6494],[25.8772,46.6509]],[[25.862,46.6553],[25.8674,46.6494]],[[25.8604,46.6601],[25.862,46.6553]],[[25.8542,46.664],[25.8604,46.6601]],[[25.8483,46.671],[25.8542,46.664]],[[25.8421,46.6723],[25.8483,46.671]],[[25.8374,46.6768],[25.8421,46.6723]],[[25.8356,46.6827],[25.8374,46.6768]],[[25.8289,46.6857],[25.8356,46.6827]],[[25.813,46.6981],[25.8289,46.6857]],[[25.8043,46.7068],[25.813,46.6981]],[[25.7953,46.7199],[25.8043,46.7068]],[[25.7953,46.7199],[25.7997,46.7282]],[[25.7997,46.7282],[25.8072,46.7374]],[[25.8036,46.7414],[25.8072,46.7374]],[[25.8036,46.7414],[25.8046,46.7524]],[[25.8031,46.7611],[25.8046,46.7524]],[[25.8031,46.7611],[25.805,46.7649]],[[25.8002,46.7681],[25.805,46.7649]],[[25.8002,46.7681],[25.801,46.7726]],[[25.801,46.7726],[25.8063,46.7763]],[[25.8063,46.7763],[25.8086,46.7858]],[[25.8086,46.7858],[25.8088,46.7929]],[[25.8009,46.8001],[25.8088,46.7929]],[[25.8009,46.8001],[25.807,46.8052]],[[25.7947,46.8108],[25.807,46.8052]],[[25.7851,46.8128],[25.7947,46.8108]],[[25.7799,46.8249],[25.7851,46.8128]],[[25.7799,46.8249],[25.7828,46.8338]],[[25.7828,46.8338],[25.7941,46.8331]],[[25.7941,46.8331],[25.8048,46.8406]],[[25.7928,46.8483],[25.8048,46.8406]],[[25.7823,46.8512],[25.7928,46.8483]],[[25.7794,46.8505],[25.7823,46.8512]],[[25.7794,46.8505],[25.7801,46.8434]],[[25.7801,46.8434],[25.7838,46.8416]],[[25.7795,46.8342],[25.7838,46.8416]],[[25.7721,46.8346],[25.7795,46.8342]],[[25.7624,46.8412],[25.7721,46.8346]],[[25.7624,46.8412],[25.7628,46.8461]],[[25.7628,46.8461],[25.7749,46.8532]],[[25.7749,46.8532],[25.7814,46.8635]],[[25.7802,46.8654],[25.7814,46.8635]],[[25.7802,46.8654],[25.7811,46.8686]],[[25.7753,46.8711],[25.7811,46.8686]],[[25.7669,46.8803],[25.7753,46.8711]],[[25.7654,46.8845],[25.7669,46.8803]],[[25.7654,46.8845],[25.7708,46.8878]],[[25.7708,46.8878],[25.7899,46.9075]],[[25.7899,46.9075],[25.7957,46.9097]],[[25.7957,46.9097],[25.8015,46.9153]],[[25.801,46.9261],[25.8015,46.9153]],[[25.801,46.9261],[25.8037,46.929]],[[25.8037,46.929],[25.8132,46.9271]],[[25.8132,46.9271],[25.8232,46.9235]],[[25.8232,46.9235],[25.8392,46.9235]],[[25.8392,46.9235],[25.8421,46.9204]],[[25.8421,46.9204],[25.8558,46.9208]],[[25.8558,46.9208],[25.862,46.9234]],[[25.8543,46.9243],[25.862,46.9234]],[[25.852,46.9317],[25.8543,46.9243]],[[25.8424,46.9432],[25.852,46.9317]],[[25.8422,46.9518],[25.8424,46.9432]],[[25.8384,46.9623],[25.8422,46.9518]],[[25.8288,46.9723],[25.8384,46.9623]],[[25.8201,46.9765],[25.8288,46.9723]],[[25.8059,46.965],[25.8201,46.9765]],[[25.8016,46.9676],[25.8059,46.965]],[[25.7931,46.9788],[25.8016,46.9676]],[[25.7905,46.9863],[25.7931,46.9788]],[[25.7898,46.9964],[25.7905,46.9863]],[[25.7807,47.0081],[25.7898,46.9964]],[[25.7733,47.012],[25.7807,47.0081]],[[25.7692,47.0174],[25.7733,47.012]],[[25.7692,47.0174],[25.773,47.0244]],[[25.7694,47.0353],[25.773,47.0244]],[[25.7628,47.04],[25.7694,47.0353]],[[25.7483,47.0472],[25.7628,47.04]],[[25.7425,47.0545],[25.7483,47.0472]],[[25.7393,47.07],[25.7425,47.0545]],[[25.7332,47.0741],[25.7393,47.07]],[[25.7142,47.0773],[25.7332,47.0741]],[[25.7095,47.0815],[25.7142,47.0773]],[[25.7046,47.0797],[25.7095,47.0815]],[[25.691,47.0848],[25.7046,47.0797]],[[25.6817,47.086],[25.691,47.0848]],[[25.6771,47.0896],[25.6817,47.086]],[[25.6647,47.0887],[25.6771,47.0896]],[[25.6616,47.0917],[25.6647,47.0887]],[[25.6521,47.0872],[25.6616,47.0917]],[[25.6404,47.0932],[25.6521,47.0872]],[[25.6302,47.095],[25.6404,47.0932]],[[25.6212,47.0937],[25.6302,47.095]],[[25.6194,47.0892],[25.6212,47.0937]],[[25.6132,47.0835],[25.6194,47.0892]],[[25.6016,47.0773],[25.6132,47.0835]],[[25.5898,47.0797],[25.6016,47.0773]],[[25.5744,47.0847],[25.5898,47.0797]],[[25.5613,47.0836],[25.5744,47.0847]],[[25.5523,47.0812],[25.5613,47.0836]],[[25.5398,47.0822],[25.5523,47.0812]],[[25.532,47.0867],[25.5398,47.0822]],[[25.5314,47.0972],[25.532,47.0867]],[[25.5274,47.1001],[25.5314,47.0972]],[[25.5268,47.1053],[25.5274,47.1001]],[[25.5268,47.1053],[25.5303,47.1105]],[[25.5249,47.1153],[25.5303,47.1105]],[[25.5167,47.119],[25.5249,47.1153]],[[25.509,47.1169],[25.5167,47.119]],[[25.4984,47.1229],[25.509,47.1169]],[[25.4946,47.1286],[25.4984,47.1229]],[[25.4875,47.1306],[25.4946,47.1286]],[[25.4808,47.1347],[25.4875,47.1306]],[[25.4735,47.1363],[25.4808,47.1347]],[[25.4713,47.1398],[25.4735,47.1363]],[[25.4567,47.1455],[25.4713,47.1398]],[[25.4456,47.1533],[25.4567,47.1455]],[[25.4406,47.1598],[25.4456,47.1533]],[[25.4254,47.1713],[25.4406,47.1598]],[[25.4254,47.1713],[25.4277,47.1806]],[[25.4251,47.1839],[25.4277,47.1806]],[[25.4135,47.1828],[25.4251,47.1839]],[[25.4039,47.1785],[25.4135,47.1828]],[[25.3994,47.1808],[25.4039,47.1785]],[[25.385,47.1799],[25.3994,47.1808]],[[25.3734,47.1753],[25.385,47.1799]],[[25.3591,47.1797],[25.3734,47.1753]],[[25.3521,47.1746],[25.3591,47.1797]],[[25.3319,47.1701],[25.3521,47.1746]],[[25.3246,47.166],[25.3319,47.1701]],[[25.3164,47.1649],[25.3246,47.166]],[[25.307,47.1657],[25.3164,47.1649]],[[25.2944,47.1559],[25.307,47.1657]],[[25.2944,47.1559],[25.2961,47.1484]],[[25.2922,47.1435],[25.2961,47.1484]],[[25.2872,47.1332],[25.2922,47.1435]],[[25.2872,47.1332],[25.297,47.1207]],[[25.2962,47.1157],[25.297,47.1207]],[[25.2794,47.1037],[25.2962,47.1157]],[[25.264,47.1036],[25.2794,47.1037]],[[25.2515,47.0978],[25.264,47.1036]],[[25.2467,47.0979],[25.2515,47.0978]],[[25.241,47.0968],[25.2467,47.0979]],[[25.2334,47.0983],[25.241,47.0968]],[[25.2251,47.1086],[25.2334,47.0983]],[[25.2109,47.1121],[25.2251,47.1086]],[[25.2,47.1136],[25.2109,47.1121]],[[25.1909,47.1198],[25.2,47.1136]],[[25.1823,47.128],[25.1909,47.1198]],[[25.1734,47.1305],[25.1823,47.128]],[[25.1643,47.1297],[25.1734,47.1305]],[[25.1571,47.1224],[25.1643,47.1297]],[[25.1507,47.1191],[25.1571,47.1224]],[[25.1444,47.1133],[25.1507,47.1191]],[[25.1376,47.1168],[25.1444,47.1133]],[[25.129,47.1182],[25.1376,47.1168]],[[25.1222,47.1219],[25.129,47.1182]],[[25.1093,47.1196],[25.1222,47.1219]],[[25.0938,47.1207],[25.1093,47.1196]],[[25.0834,47.1265],[25.0938,47.1207]],[[25.079,47.1263],[25.0834,47.1265]],[[25.0711,47.1345],[25.079,47.1263]],[[25.0634,47.1366],[25.0711,47.1345]]]}},{"type":"Feature","properties":{"leftregion":"Nord-Est","rightregion":null},"geometry":{"type":"MultiLineString","coordinates":[[[24.9471,47.7291],[24.9834,47.7295]],[[24.9834,47.7295],[24.9965,47.7252]],[[24.9965,47.7252],[25.0069,47.7344]],[[25.0069,47.7344],[25.0167,47.731]],[[25.0167,47.731],[25.0263,47.731]],[[25.0263,47.731],[25.0293,47.7278]],[[25.0293,47.7278],[25.0401,47.7254]],[[25.0401,47.7254],[25.0425,47.7314]],[[25.0425,47.7314],[25.0502,47.7397]],[[25.0502,47.7397],[25.0544,47.7461]],[[25.0544,47.7461],[25.063,47.7405]],[[25.063,47.7405],[25.0767,47.7455]],[[25.0767,47.7455],[25.0825,47.7452]],[[25.0825,47.7452],[25.0888,47.7489]],[[25.0888,47.7489],[25.098,47.7493]],[[25.098,47.7493],[25.1032,47.7529]],[[25.1032,47.7529],[25.1156,47.7548]],[[25.1156,47.7548],[25.1161,47.7677]],[[25.1161,47.7677],[25.1329,47.7805]],[[25.1329,47.7805],[25.1417,47.7858]],[[25.1417,47.7858],[25.1488,47.792]],[[25.1488,47.792],[25.1533,47.7892]],[[25.1533,47.7892],[25.1658,47.7907]],[[25.1658,47.7907],[25.1708,47.7966]],[[25.1702,47.805],[25.1708,47.7966]],[[25.1669,47.809],[25.1702,47.805]],[[25.1669,47.809],[25.1775,47.8141]],[[25.1775,47.8141],[25.1808,47.8214]],[[25.18,47.8253],[25.1808,47.8214]],[[25.18,47.8253],[25.1966,47.8342]],[[25.1966,47.8342],[25.2025,47.8402]],[[25.202,47.8431],[25.2025,47.8402]],[[25.2013,47.8496],[25.202,47.8431]],[[25.2013,47.8496],[25.2067,47.8538]],[[25.2067,47.8538],[25.2219,47.8587]],[[25.2219,47.8587],[25.2223,47.8698]],[[25.2223,47.8698],[25.2248,47.8729]],[[25.2225,47.8795],[25.2248,47.8729]],[[25.2225,47.8795],[25.2294,47.8924]],[[25.2294,47.8924],[25.2378,47.8953]],[[25.2378,47.8953],[25.2449,47.8932]],[[25.2449,47.8932],[25.2519,47.8951]],[[25.2519,47.8951],[25.2583,47.892]],[[25.2583,47.892],[25.2624,47.8938]],[[25.2624,47.8938],[25.2698,47.8924]],[[25.2698,47.8924],[25.3109,47.9143]],[[25.3109,47.9143],[25.3259,47.9136]],[[25.3259,47.9136],[25.3423,47.9144]],[[25.3423,47.9144],[25.3467,47.916]],[[25.3467,47.916],[25.4,47.9216]],[[25.4,47.9216],[25.4553,47.9277]],[[25.4553,47.9277],[25.5014,47.9328]],[[25.5014,47.9328],[25.5809,47.9377]],[[25.5809,47.9377],[25.5923,47.9384]],[[25.5923,47.9384],[25.6255,47.9488]],[[25.6255,47.9488],[25.6562,47.9494]],[[25.6562,47.9494],[25.6861,47.944]],[[25.6861,47.944],[25.6982,47.9454]],[[25.6982,47.9454],[25.7171,47.9409]],[[25.7171,47.9409],[25.7206,47.9444]],[[25.7206,47.9444],[25.7333,47.9457]],[[25.7333,47.9457],[25.7393,47.9416]],[[25.7393,47.9416],[25.7746,47.9394]],[[25.7746,47.9394],[25.795,47.9452]],[[25.795,47.9452],[25.8117,47.9515]],[[25.8117,47.9515],[25.8187,47.9541]],[[25.8187,47.9541],[25.8259,47.9639]],[[25.8259,47.9639],[25.8375,47.9672]],[[25.8375,47.9672],[25.8613,47.9702]],[[25.8613,47.9702],[25.88,47.9631]],[[25.88,47.9631],[25.8919,47.9612]],[[25.8919,47.9612],[25.9007,47.9633]],[[25.9007,47.9633],[25.9079,47.9649]],[[25.9079,47.9649],[25.9147,47.9774]],[[25.9147,47.9774],[25.9241,47.9774]],[[25.9241,47.9774],[25.9404,47.9758]],[[25.9404,47.9758],[25.952,47.9709]],[[25.952,47.9709],[25.9753,47.9753]],[[25.9753,47.9753],[26.0302,47.9834]],[[26.0302,47.9834],[26.0611,47.988]],[[26.0611,47.988],[26.0727,47.9859]],[[26.0727,47.9859],[26.0988,47.9788]],[[26.0988,47.9788],[26.101,47.9783]],[[26.101,47.9783],[26.1171,47.9818]],[[26.1171,47.9818],[26.1265,47.9878]],[[26.1265,47.9878],[26.1374,47.9842]],[[26.1374,47.9842],[26.1441,47.986]],[[26.1441,47.986],[26.171,47.9908]],[[26.171,47.9908],[26.188,47.9955]],[[26.188,47.9955],[26.1992,48.008]],[[26.1992,48.008],[26.2079,48.0289]],[[26.2079,48.0289],[26.2121,48.0508]],[[26.2121,48.0508],[26.2185,48.0546]],[[26.2185,48.0546],[26.2319,48.0614]],[[26.2319,48.0614],[26.2608,48.0744]],[[26.2608,48.0744],[26.2669,48.0765]],[[26.2669,48.0765],[26.2754,48.0862]],[[26.2754,48.0862],[26.2778,48.0952]],[[26.2778,48.0952],[26.2824,48.1008]],[[26.2824,48.1008],[26.2848,48.1133]],[[26.2848,48.1133],[26.2873,48.1184]],[[26.2873,48.1184],[26.298,48.1337]],[[26.298,48.1337],[26.3071,48.1414]],[[26.3071,48.1414],[26.3165,48.1486]],[[26.3165,48.1486],[26.328,48.153]],[[26.328,48.153],[26.3342,48.1594]],[[26.3337,48.1668],[26.3342,48.1594]],[[26.3278,48.1762],[26.3337,48.1668]],[[26.3278,48.1762],[26.3345,48.1842]],[[26.3345,48.1842],[26.3488,48.1833]],[[26.3488,48.1833],[26.3518,48.1915]],[[26.3518,48.1915],[26.3575,48.1849]],[[26.3575,48.1849],[26.3616,48.1858]],[[26.3616,48.1858],[26.3702,48.1918]],[[26.3702,48.1918],[26.371,48.1957]],[[26.371,48.1957],[26.3778,48.1987]],[[26.3778,48.1987],[26.386,48.1947]],[[26.3791,48.1888],[26.386,48.1947]],[[26.3791,48.1888],[26.3868,48.187]],[[26.3868,48.187],[26.3933,48.1896]],[[26.3933,48.1896],[26.4009,48.1888]],[[26.4009,48.1888],[26.4163,48.1967]],[[26.4163,48.1967],[26.4204,48.2015]],[[26.4204,48.2015],[26.4251,48.2]],[[26.4251,48.2],[26.4381,48.1943]],[[26.4381,48.1943],[26.4384,48.1985]],[[26.4322,48.2],[26.4384,48.1985]],[[26.4322,48.2],[26.4352,48.2045]],[[26.4352,48.2045],[26.447,48.2038]],[[26.447,48.2038],[26.456,48.206]],[[26.456,48.206],[26.4606,48.2099]],[[26.4567,48.2137],[26.4606,48.2099]],[[26.4567,48.2137],[26.4674,48.2162]],[[26.4674,48.2162],[26.4723,48.2202]],[[26.4723,48.2202],[26.4775,48.216]],[[26.4775,48.216],[26.4855,48.2157]],[[26.4855,48.2157],[26.4945,48.2184]],[[26.4945,48.2184],[26.5073,48.2149]],[[26.5073,48.2149],[26.5183,48.2113]],[[26.5183,48.2113],[26.5238,48.2137]],[[26.5238,48.2137],[26.5301,48.21]],[[26.5301,48.21],[26.5394,48.2146]],[[26.5394,48.2146],[26.5499,48.2165]],[[26.5478,48.2223],[26.5499,48.2165]],[[26.5478,48.2223],[26.5497,48.2251]],[[26.5497,48.2251],[26.5699,48.2194]],[[26.5699,48.2194],[26.5731,48.2236]],[[26.569,48.2301],[26.5731,48.2236]],[[26.569,48.2301],[26.5713,48.2383]],[[26.5713,48.2383],[26.5782,48.244]],[[26.5782,48.244],[26.5897,48.2458]],[[26.5897,48.2458],[26.5982,48.2384]],[[26.5982,48.2384],[26.6103,48.2401]],[[26.6103,48.2401],[26.621,48.2411]],[[26.6148,48.2491],[26.621,48.2411]],[[26.6148,48.2491],[26.6207,48.2513]],[[26.6207,48.2513],[26.6291,48.2475]],[[26.6291,48.2475],[26.6309,48.2525]],[[26.6305,48.2601],[26.6309,48.2525]],[[26.6305,48.2601],[26.6364,48.2619]],[[26.6364,48.2619],[26.6443,48.2558]],[[26.6443,48.2558],[26.6457,48.2524]],[[26.6457,48.2524],[26.6529,48.2544]],[[26.6529,48.2544],[26.6611,48.2643]],[[26.6611,48.2643],[26.6658,48.262]],[[26.6658,48.262],[26.666,48.2575]],[[26.6628,48.253],[26.666,48.2575]],[[26.6628,48.253],[26.6678,48.2467]],[[26.6678,48.2467],[26.684,48.2496]],[[26.684,48.2496],[26.692,48.2544]],[[26.692,48.2544],[26.6958,48.2632]],[[26.6958,48.2632],[26.7045,48.2634]],[[26.7045,48.2634],[26.7084,48.253]],[[26.7084,48.253],[26.7212,48.2463]],[[26.7212,48.2463],[26.7293,48.2465]],[[26.7293,48.2465],[26.7318,48.2503]],[[26.7263,48.2568],[26.7318,48.2503]],[[26.7263,48.2568],[26.7319,48.2582]],[[26.7319,48.2582],[26.7419,48.2548]],[[26.7419,48.2548],[26.7424,48.2529]],[[26.7336,48.2464],[26.7424,48.2529]],[[26.7336,48.2464],[26.7405,48.2451]],[[26.7405,48.2451],[26.7533,48.2483]],[[26.7533,48.2483],[26.7566,48.2476]],[[26.7566,48.2476],[26.767,48.2482]],[[26.767,48.2482],[26.7816,48.2431]],[[26.7816,48.2431],[26.7855,48.2448]],[[26.7855,48.2448],[26.7885,48.2502]],[[26.7885,48.2502],[26.7988,48.2504]],[[26.7988,48.2504],[26.8065,48.2545]],[[26.8065,48.2545],[26.8158,48.2489]],[[26.8158,48.2489],[26.817,48.2459]],[[26.817,48.2459],[26.8266,48.2442]],[[26.8266,48.2442],[26.8294,48.235]],[[26.829,48.2303],[26.8294,48.235]],[[26.829,48.2303],[26.8339,48.226]],[[26.8339,48.226],[26.8421,48.2284]],[[26.8421,48.2284],[26.846,48.2323]],[[26.846,48.2323],[26.8517,48.2341]],[[26.8517,48.2341],[26.8559,48.231]],[[26.8559,48.231],[26.8607,48.2181]],[[26.8607,48.2181],[26.8734,48.2111]],[[26.8734,48.2111],[26.8842,48.2024]],[[26.8842,48.2024],[26.8884,48.2009]],[[26.8884,48.2009],[26.9038,48.2022]],[[26.9038,48.2022],[26.9088,48.1992]],[[26.9022,48.1943],[26.9088,48.1992]],[[26.8939,48.1937],[26.9022,48.1943]],[[26.8933,48.1885],[26.8939,48.1937]],[[26.8933,48.1885],[26.9013,48.182]],[[26.9013,48.182],[26.9089,48.1798]],[[26.9089,48.1798],[26.9189,48.1812]],[[26.9189,48.1812],[26.921,48.1836]],[[26.9132,48.197],[26.921,48.1836]],[[26.9132,48.197],[26.9149,48.199]],[[26.9149,48.199],[26.9304,48.1999]],[[26.9304,48.1999],[26.9424,48.1965]],[[26.9424,48.1965],[26.9501,48.1873]],[[26.9457,48.1794],[26.9501,48.1873]],[[26.9331,48.1711],[26.9457,48.1794]],[[26.9331,48.1711],[26.9359,48.1635]],[[26.9359,48.1635],[26.946,48.1603]],[[26.946,48.1603],[26.9695,48.1618]],[[26.9695,48.1618],[26.9855,48.1569]],[[26.9855,48.1569],[26.9917,48.1498]],[[26.99,48.1469],[26.9917,48.1498]],[[26.9813,48.1437],[26.99,48.1469]],[[26.9679,48.1473],[26.9813,48.1437]],[[26.9591,48.1521],[26.9679,48.1473]],[[26.9513,48.1495],[26.9591,48.1521]],[[26.951,48.1444],[26.9513,48.1495]],[[26.951,48.1444],[26.9563,48.1351]],[[26.9563,48.1351],[26.9642,48.1313]],[[26.9642,48.1313],[26.9678,48.1295]],[[26.9678,48.1295],[26.9816,48.1294]],[[26.9816,48.1294],[26.9884,48.1277]],[[26.9884,48.1277],[26.9973,48.1226]],[[26.9973,48.1226],[27.0043,48.1228]],[[27.0043,48.1228],[27.0168,48.1368]],[[27.0168,48.1368],[27.021,48.1385]],[[27.021,48.1385],[27.029,48.1363]],[[27.0229,48.1254],[27.029,48.1363]],[[27.0229,48.1254],[27.0299,48.1246]],[[27.0299,48.1246],[27.0348,48.1297]],[[27.0348,48.1297],[27.0395,48.1282]],[[27.0337,48.1153],[27.0395,48.1282]],[[27.0337,48.1153],[27.0403,48.1068]],[[27.037,48.098],[27.0403,48.1068]],[[27.0269,48.0926],[27.037,48.098]],[[27.0269,48.0926],[27.0279,48.0872]],[[27.0279,48.0872],[27.0413,48.0822]],[[27.0413,48.0822],[27.0428,48.0805]],[[27.0428,48.0805],[27.0432,48.0722]],[[27.0432,48.0722],[27.046,48.0687]],[[27.046,48.0687],[27.0585,48.0637]],[[27.0585,48.0637],[27.0754,48.0543]],[[27.0754,48.0543],[27.0814,48.0495]],[[27.0814,48.0495],[27.0837,48.045]],[[27.0822,48.0377],[27.0837,48.045]],[[27.0822,48.0377],[27.0849,48.0343]],[[27.0849,48.0343],[27.0921,48.0329]],[[27.0921,48.0329],[27.1026,48.0338]],[[27.1026,48.0338],[27.1087,48.0288]],[[27.092,48.0217],[27.1087,48.0288]],[[27.0895,48.0097],[27.092,48.0217]],[[27.0895,48.0097],[27.0919,48.0068]],[[27.0919,48.0068],[27.0987,48.0056]],[[27.0987,48.0056],[27.1153,48.0149]],[[27.1153,48.0149],[27.1234,48.0162]],[[27.1234,48.0162],[27.1304,48.0115]],[[27.1209,48.0047],[27.1304,48.0115]],[[27.1168,48],[27.1209,48.0047]],[[27.1168,48],[27.1234,47.9932]],[[27.1234,47.9932],[27.135,47.9913]],[[27.135,47.9913],[27.1661,47.9949]],[[27.1591,47.9867],[27.1661,47.9949]],[[27.1532,47.9716],[27.1591,47.9867]],[[27.1414,47.967],[27.1532,47.9716]],[[27.1414,47.967],[27.154,47.9609]],[[27.154,47.9609],[27.1655,47.9554]],[[27.1655,47.9554],[27.1781,47.9469]],[[27.1508,47.9213],[27.1781,47.9469]],[[27.1508,47.9213],[27.1999,47.9018]],[[27.1999,47.9018],[27.209,47.8494]],[[27.209,47.8494],[27.2299,47.8386]],[[27.2299,47.8386],[27.2425,47.8378]],[[27.2425,47.8378],[27.2478,47.835]],[[27.2457,47.8295],[27.2478,47.835]],[[27.2325,47.8249],[27.2457,47.8295]],[[27.227,47.8305],[27.2325,47.8249]],[[27.2228,47.8317],[27.227,47.8305]],[[27.2159,47.8257],[27.2228,47.8317]],[[27.2146,47.821],[27.2159,47.8257]],[[27.2146,47.821],[27.2207,47.8148]],[[27.2207,47.8148],[27.2408,47.8162]],[[27.2408,47.8162],[27.241,47.8121]],[[27.2308,47.8063],[27.241,47.8121]],[[27.2308,47.8063],[27.2309,47.7998]],[[27.2309,47.7998],[27.2487,47.7947]],[[27.2487,47.7947],[27.2502,47.7868]],[[27.2502,47.7868],[27.2539,47.7847]],[[27.2539,47.7847],[27.2542,47.7786]],[[27.2542,47.7786],[27.265,47.781]],[[27.265,47.781],[27.2679,47.768]],[[27.2646,47.7638],[27.2679,47.768]],[[27.2646,47.7638],[27.2674,47.7602]],[[27.2674,47.7602],[27.2789,47.7646]],[[27.2789,47.7646],[27.2853,47.7576]],[[27.2796,47.7508],[27.2853,47.7576]],[[27.2796,47.7508],[27.2836,47.7487]],[[27.2836,47.7487],[27.2969,47.7521]],[[27.2952,47.7463],[27.2969,47.7521]],[[27.2859,47.7446],[27.2952,47.7463]],[[27.2807,47.7359],[27.2859,47.7446]],[[27.2807,47.7359],[27.2861,47.7301]],[[27.2861,47.7301],[27.2934,47.7292]],[[27.2925,47.7233],[27.2934,47.7292]],[[27.2841,47.724],[27.2925,47.7233]],[[27.2796,47.7281],[27.2841,47.724]],[[27.2673,47.7276],[27.2796,47.7281]],[[27.2668,47.7325],[27.2673,47.7276]],[[27.2599,47.7306],[27.2668,47.7325]],[[27.2553,47.7222],[27.2599,47.7306]],[[27.25,47.7195],[27.2553,47.7222]],[[27.25,47.7195],[27.2594,47.7141]],[[27.2594,47.7141],[27.266,47.7128]],[[27.266,47.7128],[27.2689,47.7083]],[[27.2679,47.7039],[27.2689,47.7083]],[[27.2679,47.7039],[27.2709,47.6999]],[[27.2709,47.6999],[27.2827,47.6996]],[[27.2774,47.6918],[27.2827,47.6996]],[[27.2734,47.6896],[27.2774,47.6918]],[[27.2734,47.6896],[27.2843,47.6826]],[[27.2843,47.6826],[27.2966,47.6798]],[[27.2966,47.6798],[27.2967,47.6733]],[[27.294,47.6683],[27.2967,47.6733]],[[27.294,47.6683],[27.2948,47.6624]],[[27.2948,47.6624],[27.3046,47.6624]],[[27.3046,47.6624],[27.3127,47.654]],[[27.3127,47.654],[27.3152,47.6482]],[[27.3145,47.6436],[27.3152,47.6482]],[[27.3145,47.6436],[27.3226,47.6387]],[[27.3226,47.6387],[27.3313,47.6292]],[[27.3313,47.6292],[27.3396,47.6254]],[[27.3396,47.6254],[27.3586,47.6209]],[[27.3586,47.6209],[27.3627,47.6181]],[[27.3627,47.6181],[27.3638,47.6125]],[[27.3638,47.6125],[27.3709,47.5997]],[[27.3709,47.5997],[27.3803,47.5934]],[[27.3803,47.5934],[27.3914,47.5895]],[[27.3914,47.5895],[27.4047,47.5829]],[[27.4047,47.5829],[27.411,47.5826]],[[27.411,47.5826],[27.4247,47.5841]],[[27.4247,47.5841],[27.4286,47.5805]],[[27.4166,47.5714],[27.4286,47.5805]],[[27.4166,47.5714],[27.4217,47.5629]],[[27.4217,47.5629],[27.4329,47.562]],[[27.424,47.5553],[27.4329,47.562]],[[27.424,47.5553],[27.4252,47.5531]],[[27.4252,47.5531],[27.4366,47.551]],[[27.432,47.5434],[27.4366,47.551]],[[27.432,47.5434],[27.4396,47.5407]],[[27.4396,47.5407],[27.4443,47.5357]],[[27.4443,47.5357],[27.4529,47.5371]],[[27.4529,47.5371],[27.4559,47.5336]],[[27.4461,47.532],[27.4559,47.5336]],[[27.4461,47.532],[27.4523,47.5215]],[[27.4523,47.5215],[27.4596,47.5242]],[[27.4555,47.5156],[27.4596,47.5242]],[[27.4543,47.5078],[27.4555,47.5156]],[[27.4543,47.5078],[27.4576,47.5042]],[[27.4576,47.5042],[27.4674,47.4999]],[[27.4674,47.4999],[27.4677,47.4937]],[[27.4677,47.4937],[27.472,47.4903]],[[27.472,47.4903],[27.4764,47.485]],[[27.4764,47.485],[27.4916,47.4887]],[[27.4916,47.4887],[27.4915,47.4839]],[[27.4915,47.4839],[27.4953,47.4794]],[[27.4953,47.4794],[27.5042,47.4782]],[[27.5042,47.4782],[27.5072,47.4836]],[[27.5072,47.4836],[27.5144,47.4909]],[[27.5144,47.4909],[27.5172,47.4881]],[[27.5128,47.4838],[27.5172,47.4881]],[[27.5122,47.4766],[27.5128,47.4838]],[[27.5122,47.4766],[27.5174,47.4744]],[[27.5174,47.4744],[27.5213,47.4822]],[[27.5213,47.4822],[27.5332,47.4779]],[[27.5332,47.4779],[27.5361,47.4824]],[[27.5313,47.4845],[27.5361,47.4824]],[[27.5313,47.4845],[27.5363,47.489]],[[27.5363,47.489],[27.5408,47.4873]],[[27.5408,47.4873],[27.5425,47.478]],[[27.5425,47.478],[27.5458,47.4744]],[[27.5458,47.4744],[27.5552,47.4709]],[[27.5552,47.4709],[27.5575,47.4656]],[[27.5575,47.4656],[27.5645,47.4628]],[[27.5645,47.4628],[27.5694,47.4654]],[[27.5694,47.4654],[27.5733,47.4626]],[[27.5733,47.4626],[27.5741,47.4576]],[[27.5687,47.4488],[27.5741,47.4576]],[[27.5576,47.4472],[27.5687,47.4488]],[[27.5576,47.4472],[27.5602,47.4371]],[[27.5526,47.4329],[27.5602,47.4371]],[[27.5526,47.4329],[27.5557,47.4261]],[[27.5557,47.4261],[27.5654,47.4224]],[[27.5654,47.4224],[27.5694,47.4254]],[[27.5694,47.4254],[27.5743,47.4157]],[[27.5739,47.4114],[27.5743,47.4157]],[[27.5739,47.4114],[27.578,47.4077]],[[27.578,47.4077],[27.5844,47.408]],[[27.5827,47.3998],[27.5844,47.408]],[[27.5704,47.3956],[27.5827,47.3998]],[[27.5682,47.3867],[27.5704,47.3956]],[[27.5682,47.3867],[27.5696,47.377]],[[27.5696,47.377],[27.574,47.3679]],[[27.574,47.3679],[27.5818,47.3684]],[[27.5818,47.3684],[27.5895,47.3648]],[[27.5895,47.3648],[27.597,47.369]],[[27.597,47.369],[27.6013,47.3668]],[[27.5982,47.3556],[27.6013,47.3668]],[[27.5947,47.3485],[27.5982,47.3556]],[[27.5947,47.3485],[27.5992,47.3466]],[[27.5992,47.3466],[27.6062,47.3492]],[[27.6048,47.3418],[27.6062,47.3492]],[[27.6048,47.3418],[27.6079,47.3383]],[[27.6079,47.3383],[27.6148,47.3383]],[[27.5975,47.329],[27.6148,47.3383]],[[27.5951,47.3322],[27.5975,47.329]],[[27.5871,47.332],[27.5951,47.3322]],[[27.5846,47.3269],[27.5871,47.332]],[[27.5846,47.3269],[27.5933,47.3277]],[[27.5927,47.3222],[27.5933,47.3277]],[[27.5927,47.3222],[27.5971,47.3176]],[[27.5971,47.3176],[27.6021,47.3189]],[[27.5995,47.3238],[27.6021,47.3189]],[[27.5995,47.3238],[27.6036,47.3281]],[[27.6036,47.3281],[27.6088,47.3282]],[[27.6088,47.3282],[27.6105,47.3227]],[[27.6105,47.3227],[27.6163,47.3194]],[[27.6163,47.3194],[27.6223,47.3259]],[[27.6223,47.3259],[27.6269,47.319]],[[27.6269,47.319],[27.6279,47.3101]],[[27.6279,47.3101],[27.6382,47.3098]],[[27.6332,47.3049],[27.6382,47.3098]],[[27.6332,47.3049],[27.6343,47.3023]],[[27.6343,47.3023],[27.6489,47.3004]],[[27.6477,47.3074],[27.6489,47.3004]],[[27.6477,47.3074],[27.662,47.3078]],[[27.662,47.3078],[27.6672,47.3039]],[[27.6672,47.3039],[27.6694,47.3008]],[[27.6694,47.3008],[27.6762,47.3014]],[[27.6762,47.3014],[27.6844,47.297]],[[27.683,47.2874],[27.6844,47.297]],[[27.683,47.2874],[27.6884,47.286]],[[27.6884,47.286],[27.6924,47.2919]],[[27.6924,47.2919],[27.7056,47.2893]],[[27.703,47.2986],[27.7056,47.2893]],[[27.703,47.2986],[27.7085,47.3001]],[[27.7085,47.3001],[27.7203,47.2934]],[[27.7203,47.2934],[27.7269,47.2955]],[[27.7269,47.2955],[27.7326,47.2924]],[[27.7326,47.2924],[27.738,47.2849]],[[27.738,47.2849],[27.7395,47.2753]],[[27.7395,47.2753],[27.7482,47.2767]],[[27.7443,47.2649],[27.7482,47.2767]],[[27.7443,47.2649],[27.7575,47.2591]],[[27.7568,47.2559],[27.7575,47.2591]],[[27.7483,47.258],[27.7568,47.2559]],[[27.7422,47.2569],[27.7483,47.258]],[[27.7422,47.2569],[27.7442,47.2514]],[[27.7442,47.2514],[27.752,47.255]],[[27.752,47.255],[27.7574,47.2495]],[[27.752,47.2461],[27.7574,47.2495]],[[27.7449,47.2454],[27.752,47.2461]],[[27.7449,47.2454],[27.7459,47.2416]],[[27.7459,47.2416],[27.7494,47.2386]],[[27.7494,47.2386],[27.7589,47.2378]],[[27.7542,47.233],[27.7589,47.2378]],[[27.7542,47.233],[27.7565,47.2299]],[[27.7565,47.2299],[27.7733,47.2315]],[[27.7733,47.2315],[27.7752,47.2286]],[[27.7701,47.2211],[27.7752,47.2286]],[[27.7701,47.2211],[27.7807,47.2209]],[[27.7807,47.2209],[27.7865,47.2179]],[[27.7857,47.2145],[27.7865,47.2179]],[[27.7798,47.2098],[27.7857,47.2145]],[[27.7798,47.2098],[27.7907,47.2065]],[[27.7876,47.2022],[27.7907,47.2065]],[[27.7862,47.1917],[27.7876,47.2022]],[[27.7862,47.1917],[27.7883,47.1891]],[[27.7883,47.1891],[27.8034,47.1873]],[[27.7989,47.1813],[27.8034,47.1873]],[[27.7962,47.1737],[27.7989,47.1813]],[[27.7962,47.1737],[27.7974,47.1694]],[[27.7974,47.1694],[27.8106,47.1629]],[[27.8036,47.1581],[27.8106,47.1629]],[[27.8017,47.1525],[27.8036,47.1581]],[[27.7903,47.1539],[27.8017,47.1525]],[[27.7841,47.1497],[27.7903,47.1539]],[[27.7841,47.1497],[27.7876,47.1468]],[[27.7876,47.1468],[27.7955,47.1493]],[[27.7955,47.1493],[27.7999,47.1446]],[[27.7976,47.1414],[27.7999,47.1446]],[[27.7841,47.1447],[27.7976,47.1414]],[[27.7841,47.1447],[27.7843,47.1407]],[[27.7843,47.1407],[27.804,47.1377]],[[27.804,47.1377],[27.8165,47.138]],[[27.8165,47.138],[27.8331,47.133]],[[27.8331,47.133],[27.8428,47.1355]],[[27.8428,47.1355],[27.8517,47.1279]],[[27.8484,47.123],[27.8517,47.1279]],[[27.8443,47.1229],[27.8484,47.123]],[[27.8421,47.129],[27.8443,47.1229]],[[27.8387,47.1301],[27.8421,47.129]],[[27.8339,47.125],[27.8387,47.1301]],[[27.8261,47.1214],[27.8339,47.125]],[[27.8261,47.1214],[27.8329,47.1157]],[[27.8329,47.1157],[27.8561,47.1128]],[[27.8543,47.1079],[27.8561,47.1128]],[[27.8543,47.1079],[27.8611,47.1033]],[[27.8611,47.1033],[27.8648,47.1083]],[[27.8648,47.1083],[27.8747,47.1079]],[[27.8742,47.1032],[27.8747,47.1079]],[[27.8742,47.1032],[27.884,47.0986]],[[27.8803,47.091],[27.884,47.0986]],[[27.8803,47.091],[27.8895,47.0903]],[[27.8895,47.0903],[27.8947,47.0855]],[[27.8947,47.0855],[27.8969,47.0746]],[[27.8969,47.0746],[27.9052,47.077]],[[27.9052,47.077],[27.916,47.0672]],[[27.916,47.0672],[27.9228,47.0679]],[[27.9228,47.0679],[27.9316,47.0622]],[[27.9316,47.0622],[27.9369,47.0623]],[[27.9369,47.0623],[27.9569,47.0582]],[[27.944,47.0506],[27.9569,47.0582]],[[27.944,47.0506],[27.9583,47.0428]],[[27.9583,47.0428],[27.9693,47.0448]],[[27.9693,47.0448],[27.976,47.0427]],[[27.976,47.0427],[27.9776,47.0377]],[[27.9776,47.0377],[27.9869,47.0345]],[[27.9869,47.0345],[27.9902,47.0382]],[[27.9902,47.0382],[27.9961,47.034]],[[27.9944,47.0301],[27.9961,47.034]],[[27.9944,47.0301],[28.0154,47.0235]],[[28.0154,47.0235],[28.0242,47.0248]],[[28.0242,47.0248],[28.0287,47.0305]],[[28.0287,47.0305],[28.0386,47.0279]],[[28.0386,47.0279],[28.0405,47.0215]],[[28.0405,47.0215],[28.0487,47.0246]],[[28.0487,47.0246],[28.0537,47.0157]],[[28.0426,47.0193],[28.0537,47.0157]],[[28.0368,47.0174],[28.0426,47.0193]],[[28.0326,47.0109],[28.0368,47.0174]],[[28.0326,47.0109],[28.04,47.0118]],[[28.04,47.0118],[28.043,47.0056]],[[28.043,47.0056],[28.0494,47.0017]],[[28.0494,47.0017],[28.0615,46.9978]],[[28.0615,46.9978],[28.0749,46.9919]],[[28.0749,46.9919],[28.0824,46.9898]],[[28.0779,46.9853],[28.0824,46.9898]],[[28.0779,46.9853],[28.0846,46.9849]],[[28.0846,46.9849],[28.0955,46.9793]],[[28.0955,46.9793],[28.0958,46.9764]],[[28.0862,46.9732],[28.0958,46.9764]],[[28.0862,46.9732],[28.0862,46.9663]],[[28.0783,46.9633],[28.0862,46.9663]],[[28.0783,46.9633],[28.086,46.9563]],[[28.086,46.9563],[28.0931,46.9568]],[[28.0903,46.9511],[28.0931,46.9568]],[[28.0903,46.9511],[28.0984,46.9488]],[[28.0966,46.9416],[28.0984,46.9488]],[[28.0843,46.9341],[28.0966,46.9416]],[[28.0843,46.9341],[28.1004,46.9332]],[[28.099,46.927],[28.1004,46.9332]],[[28.099,46.927],[28.1127,46.9222]],[[28.1023,46.9094],[28.1127,46.9222]],[[28.0984,46.9106],[28.1023,46.9094]],[[28.087,46.9075],[28.0984,46.9106]],[[28.0833,46.9038],[28.087,46.9075]],[[28.0833,46.9038],[28.0856,46.897]],[[28.0856,46.897],[28.0941,46.8961]],[[28.0941,46.8961],[28.0976,46.8924]],[[28.0976,46.8924],[28.1026,46.896]],[[28.1026,46.896],[28.1073,46.8898]],[[28.1073,46.8898],[28.1143,46.8914]],[[28.1124,46.8822],[28.1143,46.8914]],[[28.1124,46.8822],[28.1182,46.8792]],[[28.1095,46.8736],[28.1182,46.8792]],[[28.1019,46.8737],[28.1095,46.8736]],[[28.099,46.8698],[28.1019,46.8737]],[[28.099,46.8698],[28.111,46.8699]],[[28.1072,46.8661],[28.111,46.8699]],[[28.1072,46.8661],[28.1146,46.8607]],[[28.1146,46.8607],[28.1231,46.8571]],[[28.1153,46.8472],[28.1231,46.8571]],[[28.1147,46.8376],[28.1153,46.8472]],[[28.1147,46.8376],[28.1159,46.8282]],[[28.114,46.8223],[28.1159,46.8282]],[[28.114,46.8223],[28.118,46.8187]],[[28.118,46.8187],[28.1255,46.8221]],[[28.1234,46.8138],[28.1255,46.8221]],[[28.1234,46.8138],[28.1305,46.8128]],[[28.1277,46.8087],[28.1305,46.8128]],[[28.1277,46.8087],[28.1334,46.8028]],[[28.1334,46.8028],[28.1446,46.8022]],[[28.1446,46.8022],[28.1489,46.7938]],[[28.1489,46.7938],[28.1545,46.792]],[[28.1545,46.792],[28.1598,46.7849]],[[28.1598,46.7849],[28.1699,46.783]],[[28.1699,46.783],[28.1762,46.7785]],[[28.1616,46.7781],[28.1762,46.7785]],[[28.1616,46.7781],[28.1672,46.7704]],[[28.1672,46.7704],[28.1721,46.7686]],[[28.1721,46.7686],[28.1787,46.7695]],[[28.1787,46.7695],[28.1787,46.7641]],[[28.1731,46.7505],[28.1787,46.7641]],[[28.1731,46.7505],[28.1763,46.7475]],[[28.1763,46.7475],[28.182,46.7357]],[[28.182,46.7357],[28.1852,46.7336]],[[28.1852,46.7336],[28.1926,46.7359]],[[28.1926,46.7359],[28.1954,46.7316]],[[28.1866,46.7258],[28.1954,46.7316]],[[28.1866,46.7258],[28.1951,46.7201]],[[28.1951,46.7201],[28.2089,46.7127]],[[28.2089,46.7127],[28.2103,46.7075]],[[28.2052,46.6986],[28.2103,46.7075]],[[28.2052,46.6986],[28.2147,46.6946]],[[28.2127,46.688],[28.2147,46.6946]],[[28.2127,46.688],[28.2211,46.6899]],[[28.2211,46.6899],[28.2245,46.6806]],[[28.2238,46.6758],[28.2245,46.6806]],[[28.2238,46.6758],[28.2297,46.6734]],[[28.2297,46.6734],[28.2314,46.6782]],[[28.2314,46.6782],[28.2398,46.6678]],[[28.2356,46.6673],[28.2398,46.6678]],[[28.2356,46.6673],[28.2379,46.6558]],[[28.2375,46.6512],[28.2379,46.6558]],[[28.2375,46.6512],[28.243,46.641]],[[28.243,46.641],[28.244,46.6344]],[[28.2391,46.6299],[28.244,46.6344]],[[28.2391,46.6299],[28.2478,46.6281]],[[28.2478,46.6281],[28.2514,46.6213]],[[28.249,46.6158],[28.2514,46.6213]],[[28.249,46.6158],[28.2523,46.6125]],[[28.2447,46.608],[28.2523,46.6125]],[[28.2447,46.608],[28.2486,46.6051]],[[28.2422,46.6016],[28.2486,46.6051]],[[28.2383,46.5969],[28.2422,46.6016]],[[28.2383,46.5969],[28.241,46.592]],[[28.2372,46.5876],[28.241,46.592]],[[28.2372,46.5876],[28.237,46.5801]],[[28.2278,46.5807],[28.237,46.5801]],[[28.2228,46.5791],[28.2278,46.5807]],[[28.2228,46.5791],[28.2253,46.571]],[[28.2253,46.571],[28.2278,46.5686]],[[28.2257,46.5633],[28.2278,46.5686]],[[28.2257,46.5633],[28.233,46.5634]],[[28.233,46.5634],[28.233,46.5574]],[[28.233,46.5574],[28.2355,46.5525]],[[28.2259,46.5531],[28.2355,46.5525]],[[28.221,46.5455],[28.2259,46.5531]],[[28.221,46.5455],[28.2228,46.5436]],[[28.2163,46.5391],[28.2228,46.5436]],[[28.2163,46.5391],[28.2303,46.5304]],[[28.2286,46.5234],[28.2303,46.5304]],[[28.2198,46.5179],[28.2286,46.5234]],[[28.2198,46.5179],[28.2228,46.5117]],[[28.2148,46.5124],[28.2228,46.5117]],[[28.2092,46.5061],[28.2148,46.5124]],[[28.2092,46.5061],[28.2149,46.5032]],[[28.2119,46.4988],[28.2149,46.5032]],[[28.2119,46.4988],[28.2225,46.5022]],[[28.2225,46.5022],[28.2232,46.4956]],[[28.2232,46.4956],[28.2307,46.4951]],[[28.2283,46.4894],[28.2307,46.4951]],[[28.2283,46.4894],[28.2317,46.485]],[[28.2257,46.479],[28.2317,46.485]],[[28.2257,46.479],[28.2353,46.4758]],[[28.2353,46.4758],[28.2412,46.4797]],[[28.2412,46.4797],[28.246,46.4766]],[[28.2448,46.4693],[28.246,46.4766]],[[28.2448,46.4693],[28.2521,46.4675]],[[28.2521,46.4675],[28.2575,46.4598]],[[28.2491,46.4574],[28.2575,46.4598]],[[28.2402,46.4526],[28.2491,46.4574]],[[28.2402,46.4526],[28.2421,46.4475]],[[28.2421,46.4475],[28.2571,46.4474]],[[28.2571,46.4474],[28.261,46.4376]],[[28.2548,46.4326],[28.261,46.4376]],[[28.2548,46.4326],[28.2586,46.4271]],[[28.2501,46.4204],[28.2586,46.4271]],[[28.2484,46.4152],[28.2501,46.4204]],[[28.2406,46.4172],[28.2484,46.4152]],[[28.2323,46.4166],[28.2406,46.4172]],[[28.2305,46.4085],[28.2323,46.4166]],[[28.2305,46.4085],[28.2386,46.4065]],[[28.2349,46.4035],[28.2386,46.4065]],[[28.2284,46.4039],[28.2349,46.4035]],[[28.2265,46.3986],[28.2284,46.4039]],[[28.2265,46.3986],[28.2389,46.4004]],[[28.2389,46.4004],[28.2432,46.3958]],[[28.2354,46.3902],[28.2432,46.3958]],[[28.2224,46.3936],[28.2354,46.3902]],[[28.2224,46.3936],[28.2237,46.3883]],[[28.218,46.3828],[28.2237,46.3883]],[[28.2103,46.3781],[28.218,46.3828]],[[28.2082,46.3727],[28.2103,46.3781]],[[28.2009,46.3744],[28.2082,46.3727]],[[28.1983,46.3697],[28.2009,46.3744]],[[28.1983,46.3697],[28.2031,46.3568]],[[28.1908,46.3572],[28.2031,46.3568]],[[28.1908,46.3572],[28.1924,46.3493]],[[28.184,46.3533],[28.1924,46.3493]],[[28.184,46.3533],[28.1883,46.3449]],[[28.1883,46.3449],[28.1979,46.3457]],[[28.1958,46.3401],[28.1979,46.3457]],[[28.1958,46.3401],[28.1972,46.335]],[[28.1888,46.3373],[28.1972,46.335]],[[28.1849,46.3324],[28.1888,46.3373]],[[28.1849,46.3324],[28.192,46.3304]],[[28.1871,46.3261],[28.192,46.3304]],[[28.1871,46.3261],[28.1948,46.3236]],[[28.1948,46.3236],[28.207,46.3177]],[[28.2037,46.312],[28.207,46.3177]],[[28.1947,46.3029],[28.2037,46.312]],[[28.1872,46.3025],[28.1947,46.3029]],[[28.1782,46.2976],[28.1872,46.3025]],[[28.1782,46.2976],[28.1855,46.2905]],[[28.173,46.2902],[28.1855,46.2905]],[[28.1695,46.2827],[28.173,46.2902]],[[28.1646,46.2865],[28.1695,46.2827]],[[28.157,46.2863],[28.1646,46.2865]],[[28.154,46.2918],[28.157,46.2863]],[[28.1491,46.2904],[28.154,46.2918]],[[28.1491,46.2904],[28.1532,46.2824]],[[28.1523,46.2787],[28.1532,46.2824]],[[28.1438,46.2793],[28.1523,46.2787]],[[28.1438,46.2793],[28.1476,46.286]],[[28.1427,46.2864],[28.1476,46.286]],[[28.1375,46.2826],[28.1427,46.2864]],[[28.1364,46.2691],[28.1375,46.2826]],[[28.1337,46.2631],[28.1364,46.2691]],[[28.1264,46.262],[28.1337,46.2631]],[[28.1264,46.262],[28.1322,46.2561]],[[28.1322,46.2561],[28.142,46.2573]],[[28.142,46.2573],[28.1462,46.2517]],[[28.138,46.2479],[28.1462,46.2517]],[[28.1344,46.2512],[28.138,46.2479]],[[28.1227,46.2417],[28.1344,46.2512]],[[28.1174,46.2394],[28.1227,46.2417]],[[28.1141,46.246],[28.1174,46.2394]],[[28.1095,46.2413],[28.1141,46.246]],[[28.1095,46.2413],[28.1118,46.2338]],[[28.1107,46.2275],[28.1118,46.2338]],[[28.1064,46.2218],[28.1107,46.2275]],[[28.1064,46.2218],[28.1119,46.2184]],[[28.1078,46.2146],[28.1119,46.2184]],[[28.1078,46.2146],[28.1143,46.2104]],[[28.11,46.2066],[28.1143,46.2104]],[[28.11,46.2066],[28.1165,46.2033]],[[28.1163,46.2107],[28.1165,46.2033]],[[28.1163,46.2107],[28.1201,46.2122]],[[28.1201,46.2122],[28.1259,46.2076]],[[28.1232,46.1994],[28.1259,46.2076]],[[28.1176,46.1956],[28.1232,46.1994]],[[28.1176,46.1956],[28.1235,46.1925]],[[28.1235,46.1925],[28.1351,46.195]],[[28.1351,46.195],[28.1415,46.1911]],[[28.141,46.184],[28.1415,46.1911]],[[28.131,46.1856],[28.141,46.184]],[[28.131,46.1856],[28.1321,46.182]],[[28.1321,46.182],[28.1439,46.1795]],[[28.131,46.1738],[28.1439,46.1795]],[[28.131,46.1738],[28.1385,46.1703]],[[28.1385,46.1703],[28.1427,46.1641]],[[28.1364,46.1622],[28.1427,46.1641]],[[28.1325,46.1545],[28.1364,46.1622]],[[28.1278,46.1555],[28.1325,46.1545]],[[28.1235,46.1477],[28.1278,46.1555]],[[28.1235,46.1477],[28.1292,46.1442]],[[28.125,46.1376],[28.1292,46.1442]],[[28.125,46.1376],[28.1283,46.1316]],[[28.1283,46.1316],[28.1339,46.1295]],[[28.1293,46.1254],[28.1339,46.1295]],[[28.1248,46.1262],[28.1293,46.1254]],[[28.1248,46.1262],[28.1242,46.1116]],[[28.1192,46.1126],[28.1242,46.1116]],[[28.1161,46.1076],[28.1192,46.1126]]]}},{"type":"Feature","properties":{"leftregion":"Nord-Est","rightregion":"Sud-Est"},"geometry":{"type":"MultiLineString","coordinates":[[[26.7584,46.0892],[26.763,46.0869]],[[26.7536,46.0875],[26.7584,46.0892]],[[26.7455,46.089],[26.7536,46.0875]],[[26.74,46.0875],[26.7455,46.089]],[[26.7334,46.0954],[26.74,46.0875]],[[26.7192,46.0892],[26.7334,46.0954]],[[26.7046,46.0939],[26.7192,46.0892]],[[26.6831,46.0838],[26.7046,46.0939]],[[26.6821,46.0796],[26.6831,46.0838]],[[26.6709,46.0771],[26.6821,46.0796]],[[26.6611,46.0798],[26.6709,46.0771]],[[26.6525,46.0792],[26.6611,46.0798]],[[26.6461,46.0744],[26.6525,46.0792]],[[26.6395,46.0707],[26.6461,46.0744]],[[26.6395,46.0707],[26.6401,46.0648]],[[26.6343,46.0616],[26.6401,46.0648]],[[26.634,46.0575],[26.6343,46.0616]],[[26.6186,46.0531],[26.634,46.0575]],[[26.6154,46.0492],[26.6186,46.0531]],[[26.6077,46.0447],[26.6154,46.0492]],[[26.6016,46.0474],[26.6077,46.0447]],[[26.5905,46.0408],[26.6016,46.0474]],[[26.5867,46.0406],[26.5905,46.0408]],[[26.5854,46.0318],[26.5867,46.0406]],[[26.5798,46.0216],[26.5854,46.0318]],[[26.5725,46.0169],[26.5798,46.0216]],[[26.5595,46.0203],[26.5725,46.0169]],[[26.5522,46.0208],[26.5595,46.0203]],[[26.55,46.0235],[26.5522,46.0208]],[[26.54,46.0233],[26.55,46.0235]],[[26.5356,46.0279],[26.54,46.0233]],[[26.5156,46.0269],[26.5356,46.0279]],[[26.5053,46.0331],[26.5156,46.0269]],[[26.5015,46.0389],[26.5053,46.0331]],[[26.4917,46.0452],[26.5015,46.0389]],[[26.4798,46.0447],[26.4917,46.0452]],[[26.4774,46.0401],[26.4798,46.0447]],[[26.4705,46.0373],[26.4774,46.0401]],[[26.4561,46.0352],[26.4705,46.0373]],[[26.4464,46.0385],[26.4561,46.0352]],[[26.44,46.0389],[26.4464,46.0385]],[[28.1159,46.1126],[28.1161,46.1076]],[[28.1043,46.1168],[28.1159,46.1126]],[[28.0759,46.1175],[28.1043,46.1168]],[[28.0579,46.1125],[28.0759,46.1175]],[[28.0413,46.1065],[28.0579,46.1125]],[[28.0226,46.104],[28.0413,46.1065]],[[28.0089,46.1049],[28.0226,46.104]],[[28.0089,46.1049],[28.0105,46.1102]],[[28.0093,46.1153],[28.0105,46.1102]],[[28.002,46.1159],[28.0093,46.1153]],[[27.9842,46.1105],[28.002,46.1159]],[[27.9808,46.1171],[27.9842,46.1105]],[[27.9797,46.1235],[27.9808,46.1171]],[[27.9731,46.1215],[27.9797,46.1235]],[[27.9681,46.1311],[27.9731,46.1215]],[[27.9646,46.1415],[27.9681,46.1311]],[[27.9395,46.1351],[27.9646,46.1415]],[[27.9359,46.1412],[27.9395,46.1351]],[[27.9262,46.1525],[27.9359,46.1412]],[[27.9171,46.1486],[27.9262,46.1525]],[[27.9107,46.1538],[27.9171,46.1486]],[[27.8853,46.1454],[27.9107,46.1538]],[[27.8719,46.1456],[27.8853,46.1454]],[[27.8691,46.1613],[27.8719,46.1456]],[[27.8572,46.1631],[27.8691,46.1613]],[[27.8562,46.1577],[27.8572,46.1631]],[[27.8469,46.1578],[27.8562,46.1577]],[[27.8469,46.1578],[27.846,46.1294]],[[27.8418,46.1256],[27.846,46.1294]],[[27.8301,46.1272],[27.8418,46.1256]],[[27.8301,46.1272],[27.8379,46.1155]],[[27.8293,46.1114],[27.8379,46.1155]],[[27.8219,46.1188],[27.8293,46.1114]],[[27.8165,46.1135],[27.8219,46.1188]],[[27.8081,46.1117],[27.8165,46.1135]],[[27.8081,46.1117],[27.8154,46.1048]],[[27.7877,46.0956],[27.8154,46.1048]],[[27.7875,46.1069],[27.7877,46.0956]],[[27.786,46.1125],[27.7875,46.1069]],[[27.7788,46.1106],[27.786,46.1125]],[[27.7635,46.1157],[27.7788,46.1106]],[[27.7624,46.1281],[27.7635,46.1157]],[[27.7432,46.1273],[27.7624,46.1281]],[[27.7418,46.1299],[27.7432,46.1273]],[[27.7264,46.1298],[27.7418,46.1299]],[[27.711,46.1292],[27.7264,46.1298]],[[27.71,46.1386],[27.711,46.1292]],[[27.6932,46.1322],[27.71,46.1386]],[[27.6759,46.1414],[27.6932,46.1322]],[[27.6716,46.1328],[27.6759,46.1414]],[[27.6675,46.1331],[27.6716,46.1328]],[[27.6505,46.1404],[27.6675,46.1331]],[[27.6471,46.1299],[27.6505,46.1404]],[[27.6339,46.1384],[27.6471,46.1299]],[[27.6267,46.1343],[27.6339,46.1384]],[[27.6183,46.1366],[27.6267,46.1343]],[[27.6102,46.1363],[27.6183,46.1366]],[[27.6074,46.1305],[27.6102,46.1363]],[[27.5978,46.1392],[27.6074,46.1305]],[[27.5978,46.1392],[27.6036,46.1445]],[[27.5951,46.1473],[27.6036,46.1445]],[[27.5824,46.1471],[27.5951,46.1473]],[[27.5811,46.1446],[27.5824,46.1471]],[[27.5811,46.1446],[27.5857,46.1402]],[[27.5841,46.1355],[27.5857,46.1402]],[[27.5841,46.1355],[27.5903,46.1338]],[[27.5903,46.1338],[27.5954,46.1223]],[[27.5912,46.1186],[27.5954,46.1223]],[[27.5912,46.1186],[27.5948,46.1146]],[[27.5881,46.1114],[27.5948,46.1146]],[[27.5881,46.1114],[27.6063,46.0913]],[[27.605,46.0907],[27.6063,46.0913]],[[27.605,46.0907],[27.6109,46.0768]],[[27.5871,46.0728],[27.6109,46.0768]],[[27.5871,46.0728],[27.5901,46.0694]],[[27.5901,46.0694],[27.6144,46.0734]],[[27.6144,46.0734],[27.6199,46.071]],[[27.6199,46.071],[27.6277,46.0614]],[[27.5999,46.0559],[27.6277,46.0614]],[[27.5999,46.0559],[27.6,46.0438]],[[27.6,46.0438],[27.6048,46.0359]],[[27.5959,46.0277],[27.6048,46.0359]],[[27.5959,46.0277],[27.6045,46.0194]],[[27.5869,46.0076],[27.6045,46.0194]],[[27.5626,46.0029],[27.5869,46.0076]],[[27.5621,46.0067],[27.5626,46.0029]],[[27.5509,46.0109],[27.5621,46.0067]],[[27.5509,46.0109],[27.5524,46.012]],[[27.5413,46.0202],[27.5524,46.012]],[[27.5273,46.0441],[27.5413,46.0202]],[[27.5155,46.0562],[27.5273,46.0441]],[[27.5155,46.0562],[27.5319,46.0671]],[[27.5172,46.0854],[27.5319,46.0671]],[[27.5172,46.0854],[27.5207,46.0895]],[[27.5207,46.0895],[27.5354,46.0946]],[[27.5288,46.1083],[27.5354,46.0946]],[[27.5234,46.1161],[27.5288,46.1083]],[[27.5123,46.1267],[27.5234,46.1161]],[[27.5045,46.134],[27.5123,46.1267]],[[27.5031,46.1396],[27.5045,46.134]],[[27.5023,46.1433],[27.5031,46.1396]],[[27.4849,46.1452],[27.5023,46.1433]],[[27.4849,46.1452],[27.4867,46.1531]],[[27.4867,46.1531],[27.4928,46.1592]],[[27.4929,46.1625],[27.4928,46.1592]],[[27.4797,46.167],[27.4929,46.1625]],[[27.4762,46.1608],[27.4797,46.167]],[[27.4662,46.1572],[27.4762,46.1608]],[[27.4591,46.1574],[27.4662,46.1572]],[[27.4548,46.1625],[27.4591,46.1574]],[[27.4503,46.1721],[27.4548,46.1625]],[[27.4503,46.1721],[27.4535,46.1729]],[[27.448,46.1842],[27.4535,46.1729]],[[27.4378,46.1851],[27.448,46.1842]],[[27.4339,46.1883],[27.4378,46.1851]],[[27.4209,46.19],[27.4339,46.1883]],[[27.4198,46.1938],[27.4209,46.19]],[[27.4048,46.1944],[27.4198,46.1938]],[[27.3878,46.1938],[27.4048,46.1944]],[[27.3858,46.1894],[27.3878,46.1938]],[[27.379,46.1899],[27.3858,46.1894]],[[27.376,46.1777],[27.379,46.1899]],[[27.376,46.1777],[27.3809,46.1651]],[[27.3737,46.1615],[27.3809,46.1651]],[[27.3737,46.1615],[27.3744,46.1574]],[[27.3633,46.1564],[27.3744,46.1574]],[[27.35,46.1527],[27.3633,46.1564]],[[27.347,46.157],[27.35,46.1527]],[[27.347,46.157],[27.3507,46.1613]],[[27.3504,46.1689],[27.3507,46.1613]],[[27.3381,46.1697],[27.3504,46.1689]],[[27.3339,46.1685],[27.3381,46.1697]],[[27.3303,46.1794],[27.3339,46.1685]],[[27.322,46.184],[27.3303,46.1794]],[[27.3142,46.1838],[27.322,46.184]],[[27.3142,46.1838],[27.3152,46.1898]],[[27.3152,46.1898],[27.3193,46.1919]],[[27.3179,46.2028],[27.3193,46.1919]],[[27.3094,46.2054],[27.3179,46.2028]],[[27.2951,46.2042],[27.3094,46.2054]],[[27.2779,46.2013],[27.2951,46.2042]],[[27.263,46.2005],[27.2779,46.2013]],[[27.263,46.2005],[27.2642,46.1941]],[[27.2642,46.1941],[27.2699,46.1832]],[[27.2506,46.1808],[27.2699,46.1832]],[[27.2458,46.1779],[27.2506,46.1808]],[[27.2393,46.1783],[27.2458,46.1779]],[[27.2379,46.182],[27.2393,46.1783]],[[27.2355,46.1896],[27.2379,46.182]],[[27.2262,46.1869],[27.2355,46.1896]],[[27.2217,46.1914],[27.2262,46.1869]],[[27.2013,46.1795],[27.2217,46.1914]],[[27.1982,46.1856],[27.2013,46.1795]],[[27.1903,46.1865],[27.1982,46.1856]],[[27.1903,46.1865],[27.1909,46.18]],[[27.1878,46.1759],[27.1909,46.18]],[[27.184,46.1723],[27.1878,46.1759]],[[27.1784,46.18],[27.184,46.1723]],[[27.1732,46.1813],[27.1784,46.18]],[[27.1732,46.1813],[27.1732,46.1777]],[[27.1657,46.1721],[27.1732,46.1777]],[[27.1657,46.1721],[27.1702,46.1696]],[[27.1501,46.1591],[27.1702,46.1696]],[[27.1308,46.1498],[27.1501,46.1591]],[[27.1236,46.1475],[27.1308,46.1498]],[[27.1236,46.1475],[27.1272,46.1378]],[[27.1272,46.1378],[27.1401,46.1342]],[[27.1332,46.1206],[27.1401,46.1342]],[[27.1332,46.1206],[27.1367,46.1191]],[[27.1319,46.1171],[27.1367,46.1191]],[[27.1229,46.1041],[27.1319,46.1171]],[[27.1114,46.1091],[27.1229,46.1041]],[[27.0933,46.1112],[27.1114,46.1091]],[[27.0933,46.1112],[27.0976,46.1054]],[[27.0976,46.1054],[27.1052,46.105]],[[27.1052,46.105],[27.1056,46.0887]],[[27.0867,46.0934],[27.1056,46.0887]],[[27.0794,46.0882],[27.0867,46.0934]],[[27.074,46.0876],[27.0794,46.0882]],[[27.0617,46.0928],[27.074,46.0876]],[[27.0527,46.0953],[27.0617,46.0928]],[[27.0454,46.0955],[27.0527,46.0953]],[[27.0421,46.0983],[27.0454,46.0955]],[[27.0317,46.0992],[27.0421,46.0983]],[[27.0294,46.1023],[27.0317,46.0992]],[[27.0176,46.106],[27.0294,46.1023]],[[27.012,46.1056],[27.0176,46.106]],[[26.99,46.113],[27.012,46.1056]],[[26.98,46.1124],[26.99,46.113]],[[26.9777,46.1111],[26.98,46.1124]],[[26.9612,46.1087],[26.9777,46.1111]],[[26.9515,46.1043],[26.9612,46.1087]],[[26.9489,46.0993],[26.9515,46.1043]],[[26.9489,46.0993],[26.9529,46.0873]],[[26.9482,46.0809],[26.9529,46.0873]],[[26.9399,46.0777],[26.9482,46.0809]],[[26.9373,46.067],[26.9399,46.0777]],[[26.9326,46.0646],[26.9373,46.067]],[[26.9234,46.0655],[26.9326,46.0646]],[[26.918,46.0697],[26.9234,46.0655]],[[26.9092,46.0718],[26.918,46.0697]],[[26.8955,46.0786],[26.9092,46.0718]],[[26.8917,46.0774],[26.8955,46.0786]],[[26.8863,46.0808],[26.8917,46.0774]],[[26.8772,46.0819],[26.8863,46.0808]],[[26.8701,46.0851],[26.8772,46.0819]],[[26.862,46.0804],[26.8701,46.0851]],[[26.8483,46.0788],[26.862,46.0804]],[[26.8446,46.0713],[26.8483,46.0788]],[[26.8295,46.0706],[26.8446,46.0713]],[[26.825,46.0723],[26.8295,46.0706]],[[26.8059,46.0663],[26.825,46.0723]],[[26.8017,46.0708],[26.8059,46.0663]],[[26.8013,46.0756],[26.8017,46.0708]],[[26.7884,46.0794],[26.8013,46.0756]],[[26.7884,46.0794],[26.7886,46.0819]],[[26.781,46.0937],[26.7886,46.0819]],[[26.7778,46.0936],[26.781,46.0937]],[[26.7724,46.089],[26.7778,46.0936]],[[26.7677,46.09],[26.7724,46.089]],[[26.763,46.0869],[26.7677,46.09]]]}},{"type":"Feature","properties":{"leftregion":"Centru","rightregion":"Sud-Est"},"geometry":{"type":"MultiLineString","coordinates":[[[26.0727,45.5058],[26.0784,45.5127]],[[26.0784,45.5127],[26.0866,45.5171]],[[26.0866,45.5171],[26.0933,45.5163]],[[26.0933,45.5163],[26.0959,45.5176]],[[26.0959,45.5176],[26.0984,45.5287]],[[26.0984,45.5287],[26.1068,45.5355]],[[26.1068,45.5355],[26.1139,45.5444]],[[26.1139,45.5444],[26.1218,45.5491]],[[26.1218,45.5491],[26.1221,45.5525]],[[26.1221,45.5525],[26.1284,45.5619]],[[26.1284,45.5619],[26.1335,45.5642]],[[26.1335,45.5642],[26.1426,45.5743]],[[26.1426,45.5743],[26.144,45.5815]],[[26.144,45.5815],[26.1477,45.5849]],[[26.1477,45.5849],[26.1555,45.585]],[[26.1555,45.585],[26.1569,45.5764]],[[26.1569,45.5764],[26.1677,45.5683]],[[26.1677,45.5683],[26.1704,45.5624]],[[26.1704,45.5624],[26.1797,45.5746]],[[26.1751,45.5767],[26.1797,45.5746]],[[26.1751,45.5767],[26.1755,45.5816]],[[26.1755,45.5816],[26.179,45.5873]],[[26.1778,45.5948],[26.179,45.5873]],[[26.1778,45.5948],[26.1844,45.5955]],[[26.1844,45.5955],[26.1854,45.6083]],[[26.1854,45.6083],[26.2089,45.6164]],[[26.2089,45.6164],[26.2104,45.6207]],[[26.2104,45.6207],[26.2193,45.6221]],[[26.2193,45.6221],[26.2347,45.6221]],[[26.2347,45.6221],[26.2471,45.6249]],[[26.2471,45.6249],[26.2473,45.6214]],[[26.2473,45.6214],[26.2553,45.6169]],[[26.2495,45.6111],[26.2553,45.6169]],[[26.2495,45.6111],[26.2506,45.6036]],[[26.2506,45.6036],[26.253,45.6007]],[[26.253,45.6007],[26.2641,45.5973]],[[26.2641,45.5973],[26.2759,45.5914]],[[26.2759,45.5914],[26.2817,45.5858]],[[26.2817,45.5858],[26.2852,45.5938]],[[26.2852,45.5938],[26.2956,45.598]],[[26.2956,45.598],[26.2981,45.6036]],[[26.2981,45.6036],[26.3038,45.6067]],[[26.3038,45.6067],[26.3103,45.6066]],[[26.3103,45.6066],[26.3166,45.6153]],[[26.3166,45.6153],[26.3178,45.6208]],[[26.3178,45.6208],[26.3262,45.6247]],[[26.3262,45.6247],[26.3301,45.6378]],[[26.3269,45.6404],[26.3301,45.6378]],[[26.3242,45.6491],[26.3269,45.6404]],[[26.3242,45.6491],[26.3297,45.6585]],[[26.3297,45.6585],[26.3345,45.6767]],[[26.3321,45.6842],[26.3345,45.6767]],[[26.3321,45.6842],[26.3365,45.6868]],[[26.3366,45.692],[26.3365,45.6868]],[[26.3366,45.692],[26.3419,45.7002]],[[26.3419,45.7002],[26.3458,45.7024]],[[26.3458,45.7024],[26.3503,45.7036]],[[26.3503,45.7036],[26.3583,45.7144]],[[26.3539,45.7174],[26.3583,45.7144]],[[26.3539,45.721],[26.3539,45.7174]],[[26.3539,45.721],[26.3648,45.7227]],[[26.3648,45.7227],[26.3682,45.7292]],[[26.3682,45.7292],[26.3715,45.7341]],[[26.3715,45.7341],[26.379,45.7339]],[[26.379,45.7339],[26.3845,45.7362]],[[26.3817,45.7427],[26.3845,45.7362]],[[26.3807,45.7498],[26.3817,45.7427]],[[26.3807,45.7498],[26.3894,45.7668]],[[26.3833,45.7827],[26.3894,45.7668]],[[26.3833,45.7827],[26.3861,45.7948]],[[26.3861,45.7948],[26.3921,45.8024]],[[26.3847,45.806],[26.3921,45.8024]],[[26.3821,45.8138],[26.3847,45.806]],[[26.3749,45.8209],[26.3821,45.8138]],[[26.3749,45.8209],[26.3781,45.8268]],[[26.3772,45.8364],[26.3781,45.8268]],[[26.371,45.8434],[26.3772,45.8364]],[[26.371,45.8434],[26.3723,45.8495]],[[26.3723,45.8495],[26.3733,45.8556]],[[26.3733,45.8556],[26.3769,45.8602]],[[26.3769,45.8602],[26.3811,45.8626]],[[26.3811,45.8626],[26.388,45.8736]],[[26.3856,45.8828],[26.388,45.8736]],[[26.377,45.8894],[26.3856,45.8828]],[[26.377,45.8894],[26.379,45.8949]],[[26.3757,45.9071],[26.379,45.8949]],[[26.3757,45.9071],[26.3821,45.9113]],[[26.3813,45.9155],[26.3821,45.9113]],[[26.3813,45.9155],[26.3856,45.9187]],[[26.3856,45.9187],[26.3943,45.9207]],[[26.39,45.9278],[26.3943,45.9207]],[[26.39,45.9278],[26.3923,45.9338]],[[26.3872,45.9409],[26.3923,45.9338]],[[26.3872,45.9409],[26.3919,45.948]],[[26.3892,45.9546],[26.3919,45.948]],[[26.3892,45.9546],[26.3957,45.9614]],[[26.3957,45.9614],[26.3973,45.9653]],[[26.3973,45.9653],[26.4072,45.9719]],[[26.4072,45.9719],[26.4186,45.9762]],[[26.4186,45.9762],[26.4251,45.982]],[[26.4251,45.982],[26.4377,45.9894]],[[26.4377,45.9894],[26.4381,45.9932]],[[26.4319,46.0002],[26.4381,45.9932]],[[26.4319,46.0002],[26.4346,46.0066]],[[26.4346,46.0066],[26.4453,46.0167]],[[26.4403,46.0235],[26.4453,46.0167]],[[26.4375,46.0354],[26.4403,46.0235]],[[26.4375,46.0354],[26.44,46.0389]]]}},{"type":"Feature","properties":{"leftregion":"Sud-Est","rightregion":null},"geometry":{"type":"MultiLineString","coordinates":[[[27.9942,43.8429],[28.004,43.8402]],[[27.9762,43.901],[27.9942,43.8429]],[[27.9541,43.9402],[27.9762,43.901]],[[27.9478,43.9691],[27.9541,43.9402]],[[27.9442,43.9848],[27.9478,43.9691]],[[27.9308,43.9961],[27.9442,43.9848]],[[27.9168,44.0082],[27.9308,43.9961]],[[27.8435,43.9664],[27.9168,44.0082]],[[27.7542,43.9583],[27.8435,43.9664]],[[27.7378,43.9535],[27.7542,43.9583]],[[27.71,43.9594],[27.7378,43.9535]],[[27.7077,43.9639],[27.71,43.9594]],[[27.6736,44.0298],[27.7077,43.9639]],[[27.6435,44.0479],[27.6736,44.0298]],[[27.6119,44.0122],[27.6435,44.0479]],[[27.4921,44.0209],[27.6119,44.0122]],[[27.4687,44.0225],[27.4921,44.0209]],[[27.3994,44.0124],[27.4687,44.0225]],[[27.3708,44.0389],[27.3994,44.0124]],[[27.3561,44.0587],[27.3708,44.0389]],[[27.311,44.0697],[27.3561,44.0587]],[[27.2912,44.0752],[27.311,44.0697]],[[27.2906,44.0831],[27.2912,44.0752]],[[27.2798,44.0937],[27.2906,44.0831]],[[27.2769,44.0993],[27.2798,44.0937]],[[27.2763,44.1054],[27.2769,44.0993]],[[27.2763,44.1054],[27.2841,44.1099]],[[27.2766,44.1152],[27.2841,44.1099]],[[27.2766,44.1152],[27.278,44.1223]],[[27.2714,44.1264],[27.278,44.1223]],[[28.1161,46.1076],[28.1196,46.1026]],[[28.109,46.1027],[28.1196,46.1026]],[[28.1052,46.09],[28.109,46.1027]],[[28.1052,46.09],[28.1115,46.0867]],[[28.107,46.0829],[28.1115,46.0867]],[[28.0974,46.0785],[28.107,46.0829]],[[28.0889,46.0692],[28.0974,46.0785]],[[28.0889,46.0692],[28.1004,46.0647]],[[28.0971,46.0601],[28.1004,46.0647]],[[28.0888,46.0595],[28.0971,46.0601]],[[28.0888,46.0595],[28.0937,46.0532]],[[28.0937,46.0532],[28.105,46.0525]],[[28.0909,46.0361],[28.105,46.0525]],[[28.0875,46.0209],[28.0909,46.0361]],[[28.0875,46.0209],[28.095,46.0168]],[[28.0948,46.014],[28.095,46.0168]],[[28.0859,46.0091],[28.0948,46.014]],[[28.0859,46.0091],[28.093,46.002]],[[28.093,46.002],[28.0991,45.9909]],[[28.0991,45.9909],[28.1051,45.9894]],[[28.103,45.984],[28.1051,45.9894]],[[28.103,45.984],[28.1059,45.9754]],[[28.1015,45.9726],[28.1059,45.9754]],[[28.1015,45.9726],[28.1085,45.9678]],[[28.1053,45.9623],[28.1085,45.9678]],[[28.1053,45.9623],[28.1107,45.9587]],[[28.1107,45.9587],[28.115,45.9529]],[[28.115,45.9529],[28.1179,45.9453]],[[28.1142,45.9366],[28.1179,45.9453]],[[28.1142,45.9366],[28.1207,45.9313]],[[28.1207,45.9313],[28.1254,45.9214]],[[28.1204,45.9183],[28.1254,45.9214]],[[28.116,45.9085],[28.1204,45.9183]],[[28.116,45.9085],[28.1196,45.9036]],[[28.1185,45.8998],[28.1196,45.9036]],[[28.113,45.8996],[28.1185,45.8998]],[[28.1126,45.8953],[28.113,45.8996]],[[28.1126,45.8953],[28.1165,45.8923]],[[28.1165,45.8923],[28.1203,45.8836]],[[28.1203,45.8836],[28.13,45.8827]],[[28.1283,45.8774],[28.13,45.8827]],[[28.1283,45.8774],[28.1322,45.8759]],[[28.1271,45.8696],[28.1322,45.8759]],[[28.1271,45.8696],[28.1277,45.8658]],[[28.1257,45.8628],[28.1277,45.8658]],[[28.119,45.8633],[28.1257,45.8628]],[[28.114,45.8601],[28.119,45.8633]],[[28.1059,45.8588],[28.114,45.8601]],[[28.1059,45.8588],[28.1107,45.851]],[[28.1107,45.851],[28.1141,45.8493]],[[28.1089,45.8407],[28.1141,45.8493]],[[28.1089,45.8407],[28.1126,45.8346]],[[28.1089,45.8311],[28.1126,45.8346]],[[28.1089,45.8311],[28.113,45.8209]],[[28.1079,45.817],[28.113,45.8209]],[[28.1079,45.817],[28.1114,45.8147]],[[28.1114,45.8147],[28.1186,45.8149]],[[28.1186,45.8149],[28.1211,45.8064]],[[28.1197,45.8021],[28.1211,45.8064]],[[28.1197,45.8021],[28.1225,45.7981]],[[28.1193,45.7947],[28.1225,45.7981]],[[28.1124,45.7949],[28.1193,45.7947]],[[28.1124,45.7949],[28.1146,45.7901]],[[28.1146,45.7901],[28.1222,45.7881]],[[28.1222,45.7881],[28.1266,45.7836]],[[28.1266,45.7836],[28.1353,45.7783]],[[28.1353,45.7783],[28.1538,45.7824]],[[28.1538,45.7824],[28.1551,45.7756]],[[28.1497,45.7728],[28.1551,45.7756]],[[28.1434,45.7603],[28.1497,45.7728]],[[28.1434,45.7603],[28.1512,45.7527]],[[28.1512,45.7527],[28.1511,45.7443]],[[28.1511,45.7443],[28.1574,45.74]],[[28.1574,45.74],[28.167,45.7359]],[[28.1611,45.7247],[28.167,45.7359]],[[28.1611,45.7247],[28.1667,45.7224]],[[28.164,45.7173],[28.1667,45.7224]],[[28.164,45.7173],[28.1706,45.7102]],[[28.1699,45.7078],[28.1706,45.7102]],[[28.1605,45.7026],[28.1699,45.7078]],[[28.1605,45.7026],[28.1643,45.6965]],[[28.1629,45.6914],[28.1643,45.6965]],[[28.1629,45.6914],[28.1665,45.6826]],[[28.1665,45.6826],[28.1714,45.6793]],[[28.1668,45.6664],[28.1714,45.6793]],[[28.1621,45.6605],[28.1668,45.6664]],[[28.1621,45.6605],[28.1659,45.6535]],[[28.1584,45.6501],[28.1659,45.6535]],[[28.1584,45.6501],[28.1717,45.6485]],[[28.1717,45.6485],[28.1742,45.6459]],[[28.1716,45.6406],[28.1742,45.6459]],[[28.1567,45.6366],[28.1716,45.6406]],[[28.1495,45.6262],[28.1567,45.6366]],[[28.1451,45.6224],[28.1495,45.6262]],[[28.1386,45.6257],[28.1451,45.6224]],[[28.1229,45.6222],[28.1386,45.6257]],[[28.1195,45.6268],[28.1229,45.6222]],[[28.1128,45.6262],[28.1195,45.6268]],[[28.1095,45.6213],[28.1128,45.6262]],[[28.1003,45.6185],[28.1095,45.6213]],[[28.0989,45.6156],[28.1003,45.6185]],[[28.0895,45.6101],[28.0989,45.6156]],[[28.0884,45.6062],[28.0895,45.6101]],[[28.0884,45.6062],[28.0907,45.6]],[[28.0907,45.6],[28.1008,45.5949]],[[28.1008,45.5949],[28.1055,45.5888]],[[28.1055,45.5888],[28.1119,45.5869]],[[28.1119,45.5869],[28.1177,45.5806]],[[28.1173,45.5757],[28.1177,45.5806]],[[28.1173,45.5757],[28.1209,45.5724]],[[28.1209,45.5724],[28.1316,45.5747]],[[28.1316,45.5747],[28.1349,45.5774]],[[28.1349,45.5774],[28.1406,45.576]],[[28.1406,45.576],[28.1443,45.5668]],[[28.1443,45.5668],[28.1485,45.5678]],[[28.1485,45.5678],[28.1504,45.5611]],[[28.1504,45.5611],[28.1577,45.5614]],[[28.1555,45.5545],[28.1577,45.5614]],[[28.1555,45.5545],[28.1609,45.5473]],[[28.1609,45.5473],[28.1651,45.5459]],[[28.1651,45.5459],[28.1648,45.5353]],[[28.1648,45.5353],[28.1661,45.5263]],[[28.1592,45.5257],[28.1661,45.5263]],[[28.1592,45.5257],[28.1663,45.5187]],[[28.1623,45.5121],[28.1663,45.5187]],[[28.1623,45.5121],[28.1641,45.5078]],[[28.1628,45.5002],[28.1641,45.5078]],[[28.1628,45.5002],[28.1717,45.5012]],[[28.1717,45.5012],[28.1765,45.4948]],[[28.1765,45.4948],[28.1787,45.4844]],[[28.1787,45.4844],[28.1821,45.4825]],[[28.1821,45.4825],[28.1846,45.4763]],[[28.1846,45.4763],[28.188,45.4734]],[[28.188,45.4734],[28.2025,45.4704]],[[28.2025,45.4704],[28.2108,45.4672]],[[28.2108,45.4672],[28.2232,45.4659]],[[28.2232,45.4659],[28.2582,45.457]],[[28.2582,45.457],[28.268,45.4533]],[[28.268,45.4533],[28.2795,45.4448]],[[28.2795,45.4448],[28.2867,45.4332]],[[28.2867,45.4332],[28.2868,45.4259]],[[28.284,45.4055],[28.2868,45.4259]],[[28.284,45.4055],[28.2854,45.3999]],[[28.2854,45.3999],[28.2935,45.3884]],[[28.2935,45.3884],[28.2996,45.382]],[[28.2996,45.382],[28.3132,45.3633]],[[28.3132,45.3633],[28.3191,45.3521]],[[28.3191,45.3521],[28.334,45.3331]],[[28.334,45.3331],[28.3439,45.3236]],[[28.3439,45.3236],[28.3499,45.3199]],[[28.3499,45.3199],[28.3684,45.3144]],[[28.3684,45.3144],[28.3902,45.3068]],[[28.3902,45.3068],[28.4102,45.3011]],[[28.4102,45.3011],[28.4449,45.2895]],[[28.4449,45.2895],[28.4555,45.2877]],[[28.4555,45.2877],[28.4929,45.2755]],[[28.4929,45.2755],[28.5102,45.2688]],[[28.5102,45.2688],[28.5324,45.2625]],[[28.5324,45.2625],[28.561,45.2496]],[[28.561,45.2496],[28.5688,45.2483]],[[28.5688,45.2483],[28.5999,45.2458]],[[28.5999,45.2458],[28.6328,45.2445]],[[28.6328,45.2445],[28.6723,45.2365]],[[28.6723,45.2365],[28.6967,45.2263]],[[28.6967,45.2263],[28.7104,45.224]],[[28.7104,45.224],[28.7189,45.2244]],[[28.7189,45.2244],[28.7372,45.2299]],[[28.7372,45.2299],[28.7436,45.2334]],[[28.7436,45.2334],[28.7615,45.236]],[[28.7615,45.236],[28.7807,45.2375]],[[28.7807,45.2375],[28.7877,45.2394]],[[28.7877,45.2394],[28.7925,45.2434]],[[28.7922,45.2496],[28.7925,45.2434]],[[28.7813,45.2572],[28.7922,45.2496]],[[28.7707,45.2598],[28.7813,45.2572]],[[28.7621,45.2656],[28.7707,45.2598]],[[28.7524,45.279],[28.7621,45.2656]],[[28.7519,45.2846],[28.7524,45.279]],[[28.7519,45.2846],[28.7569,45.2894]],[[28.7569,45.2894],[28.7668,45.2913]],[[28.7668,45.2913],[28.7812,45.2907]],[[28.7812,45.2907],[28.7934,45.2932]],[[28.7934,45.2932],[28.8014,45.3009]],[[28.8014,45.3009],[28.8056,45.309]],[[28.8031,45.313],[28.8056,45.309]],[[28.7865,45.3194],[28.8031,45.313]],[[28.7804,45.3232],[28.7865,45.3194]],[[28.7804,45.3232],[28.7839,45.3293]],[[28.7839,45.3293],[28.794,45.3337]],[[28.794,45.3337],[28.8026,45.3359]],[[28.8026,45.3359],[28.8173,45.3361]],[[28.8173,45.3361],[28.824,45.3331]],[[28.824,45.3331],[28.8333,45.3243]],[[28.8333,45.3243],[28.8451,45.3181]],[[28.8451,45.3181],[28.855,45.3163]],[[28.855,45.3163],[28.8674,45.3174]],[[28.8674,45.3174],[28.8735,45.3162]],[[28.8735,45.3162],[28.889,45.3046]],[[28.889,45.3046],[28.8988,45.297]],[[28.8988,45.297],[28.914,45.2877]],[[28.914,45.2877],[28.9254,45.2826]],[[28.9254,45.2826],[28.936,45.2803]],[[28.936,45.2803],[28.9488,45.283]],[[28.9488,45.283],[28.9526,45.2873]],[[28.9526,45.2873],[28.9549,45.2943]],[[28.9541,45.2986],[28.9549,45.2943]],[[28.9483,45.3091],[28.9541,45.2986]],[[28.9483,45.3091],[28.9596,45.3268]],[[28.9596,45.3268],[28.9649,45.3321]],[[28.9649,45.3321],[28.9826,45.3318]],[[28.9826,45.3318],[28.9964,45.3363]],[[28.9964,45.3363],[29.0073,45.3441]],[[29.0073,45.3441],[29.0198,45.3484]],[[29.0198,45.3484],[29.029,45.3517]],[[29.029,45.3517],[29.0439,45.3608]],[[29.0439,45.3608],[29.0529,45.3593]],[[29.0529,45.3593],[29.0596,45.3605]],[[29.0596,45.3605],[29.0755,45.3675]],[[29.0755,45.3675],[29.0843,45.3739]],[[29.0843,45.3739],[29.103,45.3742]],[[29.103,45.3742],[29.1114,45.3768]],[[29.1114,45.3768],[29.1191,45.3813]],[[29.1191,45.3813],[29.131,45.3833]],[[29.131,45.3833],[29.1508,45.3886]],[[29.1508,45.3886],[29.169,45.3951]],[[29.169,45.3951],[29.1809,45.4022]],[[29.1809,45.4022],[29.1847,45.4107]],[[29.1847,45.4107],[29.1978,45.4159]],[[29.1978,45.4159],[29.2116,45.4177]],[[29.2116,45.4177],[29.2257,45.4235]],[[29.2257,45.4235],[29.2368,45.432]],[[29.2368,45.432],[29.2503,45.4351]],[[29.2503,45.4351],[29.2582,45.4332]],[[29.2582,45.4332],[29.2698,45.4278]],[[29.2698,45.4278],[29.2857,45.4264]],[[29.2857,45.4264],[29.2989,45.4302]],[[29.2989,45.4302],[29.305,45.4342]],[[29.305,45.4342],[29.318,45.4459]],[[29.318,45.4459],[29.3295,45.4477]],[[29.3295,45.4477],[29.3359,45.4459]],[[29.3359,45.4459],[29.3473,45.4393]],[[29.3473,45.4393],[29.3581,45.437]],[[29.3581,45.437],[29.3739,45.438]],[[29.3739,45.438],[29.3808,45.4397]],[[29.3808,45.4397],[29.3901,45.4365]],[[29.3901,45.4365],[29.398,45.4365]],[[29.398,45.4365],[29.409,45.4404]],[[29.409,45.4404],[29.4193,45.4425]],[[29.4193,45.4425],[29.43,45.4427]],[[29.43,45.4427],[29.4365,45.4359]],[[29.4365,45.4359],[29.4411,45.4334]],[[29.4411,45.4334],[29.4639,45.428]],[[29.4639,45.428],[29.4791,45.4218]],[[29.4791,45.4218],[29.5029,45.4185]],[[29.5029,45.4185],[29.522,45.4141]],[[29.522,45.4141],[29.5412,45.4106]],[[29.5412,45.4106],[29.5641,45.4024]],[[29.5641,45.4024],[29.5737,45.397]],[[29.5737,45.397],[29.5896,45.39]],[[29.5896,45.39],[29.6045,45.3786]],[[29.6045,45.3786],[29.6301,45.3543]],[[29.6301,45.3543],[29.6511,45.3398]],[[29.6511,45.3398],[29.655,45.3344]],[[29.655,45.3344],[29.6626,45.3183]],[[29.6626,45.3183],[29.6668,45.3125]],[[29.6668,45.3125],[29.6699,45.3047]],[[29.6699,45.3047],[29.6698,45.2959]],[[29.6698,45.2959],[29.6767,45.279]],[[29.6767,45.279],[29.6778,45.2693]],[[29.6648,45.261],[29.6778,45.2693]],[[29.66,45.2517],[29.6648,45.261]],[[29.66,45.2517],[29.6627,45.2375]],[[29.6627,45.2375],[29.6671,45.2311]],[[29.6671,45.2311],[29.6707,45.2206]],[[29.6707,45.2206],[29.6803,45.2102]],[[29.6803,45.2102],[29.682,45.2058]],[[29.6737,45.2061],[29.682,45.2058]],[[29.6725,45.2089],[29.6737,45.2061]],[[29.6627,45.2119],[29.6725,45.2089]],[[29.6469,45.2189],[29.6627,45.2119]],[[29.6377,45.2244],[29.6469,45.2189]],[[29.6345,45.2213],[29.6377,45.2244]],[[29.6299,45.2169],[29.6345,45.2213]],[[29.629,45.2122],[29.6299,45.2169]],[[29.629,45.2122],[29.6317,45.2051]],[[29.6317,45.2051],[29.6367,45.1809]],[[29.6367,45.1809],[29.6408,45.1695]],[[29.6408,45.1695],[29.6493,45.161]],[[29.6493,45.161],[29.6622,45.1599]],[[29.6622,45.1599],[29.6807,45.1609]],[[29.6807,45.1609],[29.7053,45.1672]],[[29.7001,45.1621],[29.7053,45.1672]],[[29.687,45.1525],[29.7001,45.1621]],[[29.6757,45.1376],[29.687,45.1525]],[[29.6672,45.1239],[29.6757,45.1376]],[[29.6585,45.102],[29.6672,45.1239]],[[29.6554,45.0891],[29.6585,45.102]],[[29.6536,45.073],[29.6554,45.0891]],[[29.6517,45.0644],[29.6536,45.073]],[[29.6517,45.0644],[29.6523,45.0596]],[[29.6484,45.0402],[29.6523,45.0596]],[[29.6465,45.023],[29.6484,45.0402]],[[29.643,45.0011],[29.6465,45.023]],[[29.643,45.0011],[29.6444,44.9982]],[[29.6424,44.9881],[29.6444,44.9982]],[[29.6343,44.9571],[29.6424,44.9881]],[[29.6267,44.9243],[29.6343,44.9571]],[[29.6267,44.9243],[29.6251,44.8854]],[[29.6197,44.885],[29.6251,44.8854]],[[29.6065,44.8776],[29.6197,44.885]],[[29.6058,44.873],[29.6065,44.8776]],[[29.6058,44.873],[29.6105,44.8598]],[[29.6105,44.8598],[29.6132,44.8573]],[[29.6097,44.8467],[29.6132,44.8573]],[[29.5935,44.8262],[29.6097,44.8467]],[[29.5834,44.8162],[29.5935,44.8262]],[[29.5674,44.802],[29.5834,44.8162]],[[29.5525,44.7905],[29.5674,44.802]],[[29.5335,44.7815],[29.5525,44.7905]],[[29.5162,44.7756],[29.5335,44.7815]],[[29.4999,44.7737],[29.5162,44.7756]],[[29.4922,44.7743],[29.4999,44.7737]],[[29.4905,44.7784],[29.4922,44.7743]],[[29.4905,44.7784],[29.5131,44.7781]],[[29.5131,44.7781],[29.5253,44.7828]],[[29.5253,44.7828],[29.5258,44.7878]],[[29.5258,44.7878],[29.5455,44.7894]],[[29.5455,44.7894],[29.5518,44.793]],[[29.5518,44.793],[29.5725,44.8098]],[[29.5725,44.8098],[29.5804,44.8153]],[[29.5804,44.8153],[29.5846,44.8214]],[[29.5846,44.8214],[29.5919,44.8272]],[[29.5919,44.8272],[29.5943,44.8321]],[[29.5943,44.8321],[29.6081,44.8459]],[[29.5996,44.8453],[29.6081,44.8459]],[[29.5858,44.8373],[29.5996,44.8453]],[[29.5748,44.8383],[29.5858,44.8373]],[[29.5672,44.8307],[29.5748,44.8383]],[[29.5535,44.8229],[29.5672,44.8307]],[[29.5489,44.8244],[29.5535,44.8229]],[[29.5243,44.8245],[29.5489,44.8244]],[[29.5061,44.8228],[29.5243,44.8245]],[[29.4952,44.8202],[29.5061,44.8228]],[[29.4403,44.8129],[29.4952,44.8202]],[[29.4351,44.8116],[29.4403,44.8129]],[[29.3899,44.8057],[29.4351,44.8116]],[[29.3648,44.804],[29.3899,44.8057]],[[29.326,44.8042],[29.3648,44.804]],[[29.3092,44.8021],[29.326,44.8042]],[[29.2715,44.7997],[29.3092,44.8021]],[[29.2454,44.7968],[29.2715,44.7997]],[[29.22,44.792],[29.2454,44.7968]],[[29.2108,44.7885],[29.22,44.792]],[[29.1893,44.7818],[29.2108,44.7885]],[[29.186,44.7847],[29.1893,44.7818]],[[29.1591,44.78],[29.186,44.7847]],[[29.1218,44.768],[29.1591,44.78]],[[29.1085,44.7617],[29.1218,44.768]],[[29.0851,44.749],[29.1085,44.7617]],[[29.0585,44.7315],[29.0851,44.749]],[[29.0293,44.7093],[29.0585,44.7315]],[[28.9951,44.679],[29.0293,44.7093]],[[28.9943,44.6767],[28.9951,44.679]],[[28.9834,44.6669],[28.9943,44.6767]],[[28.9694,44.6512],[28.9834,44.6669]],[[28.9604,44.6461],[28.9694,44.6512]],[[28.9555,44.6403],[28.9604,44.6461]],[[28.9503,44.6369],[28.9555,44.6403]],[[28.942,44.6244],[28.9503,44.6369]],[[28.9408,44.6195],[28.942,44.6244]],[[28.9261,44.5978],[28.9408,44.6195]],[[28.9053,44.5687],[28.9261,44.5978]],[[28.8874,44.5429],[28.9053,44.5687]],[[28.8701,44.5202],[28.8874,44.5429]],[[28.857,44.5056],[28.8701,44.5202]],[[28.8376,44.487],[28.857,44.5056]],[[28.8223,44.4756],[28.8376,44.487]],[[28.811,44.4659],[28.8223,44.4756]],[[28.8027,44.4605],[28.811,44.4659]],[[28.7799,44.4411],[28.8027,44.4605]],[[28.7692,44.4298],[28.7799,44.4411]],[[28.7647,44.4273],[28.7692,44.4298]],[[28.762,44.4257],[28.7647,44.4273]],[[28.7466,44.411],[28.762,44.4257]],[[28.7258,44.3899],[28.7466,44.411]],[[28.7206,44.3836],[28.7258,44.3899]],[[28.7112,44.3766],[28.7206,44.3836]],[[28.6985,44.3587],[28.7112,44.3766]],[[28.6925,44.3449],[28.6985,44.3587]],[[28.6892,44.3417],[28.6925,44.3449]],[[28.6819,44.3429],[28.6892,44.3417]],[[28.6804,44.3395],[28.6819,44.3429]],[[28.6661,44.3412],[28.6804,44.3395]],[[28.6616,44.3366],[28.6661,44.3412]],[[28.659,44.3289],[28.6616,44.3366]],[[28.6534,44.325],[28.659,44.3289]],[[28.6534,44.325],[28.6893,44.3236]],[[28.6892,44.3223],[28.6893,44.3236]],[[28.6692,44.3234],[28.6892,44.3223]],[[28.6395,44.3242],[28.6692,44.3234]],[[28.6352,44.318],[28.6395,44.3242]],[[28.626,44.297],[28.6352,44.318]],[[28.6229,44.2823],[28.626,44.297]],[[28.6221,44.2726],[28.6229,44.2823]],[[28.6221,44.2726],[28.6228,44.2505]],[[28.6228,44.2505],[28.6261,44.2381]],[[28.6261,44.2381],[28.6295,44.2294]],[[28.6295,44.2294],[28.6365,44.2199]],[[28.6365,44.2199],[28.6466,44.2156]],[[28.6466,44.2156],[28.6519,44.2118]],[[28.651,44.207],[28.6519,44.2118]],[[28.651,44.207],[28.6558,44.1976]],[[28.6558,44.1976],[28.6551,44.1842]],[[28.6551,44.1842],[28.6604,44.1743]],[[28.6509,44.1698],[28.6604,44.1743]],[[28.6492,44.1642],[28.6509,44.1698]],[[28.6437,44.1584],[28.6492,44.1642]],[[28.6437,44.1584],[28.6455,44.1455]],[[28.6455,44.1455],[28.6583,44.1484]],[[28.6583,44.1484],[28.6594,44.1457]],[[28.6471,44.141],[28.6594,44.1457]],[[28.6471,44.141],[28.649,44.1371]],[[28.649,44.1371],[28.6565,44.1373]],[[28.6565,44.1373],[28.6574,44.1303]],[[28.6442,44.1282],[28.6574,44.1303]],[[28.6426,44.1181],[28.6442,44.1282]],[[28.6426,44.1181],[28.6432,44.1116]],[[28.6416,44.1021],[28.6432,44.1116]],[[28.6416,44.1021],[28.647,44.1019]],[[28.647,44.1019],[28.6479,44.11]],[[28.6479,44.11],[28.6671,44.1093]],[[28.6671,44.1093],[28.6669,44.1039]],[[28.6669,44.1039],[28.6949,44.1029]],[[28.6949,44.1029],[28.6947,44.0911]],[[28.6894,44.0879],[28.6947,44.0911]],[[28.669,44.0885],[28.6894,44.0879]],[[28.6441,44.0842],[28.669,44.0885]],[[28.6386,44.077],[28.6441,44.0842]],[[28.6386,44.077],[28.639,44.0693]],[[28.639,44.0693],[28.6418,44.0642]],[[28.641,44.0595],[28.6418,44.0642]],[[28.641,44.0595],[28.6458,44.045]],[[28.6458,44.045],[28.6522,44.0375]],[[28.6522,44.0375],[28.6539,44.0314]],[[28.6539,44.0314],[28.6582,44.0271]],[[28.6582,44.0271],[28.6625,44.0121]],[[28.6625,44.0121],[28.6645,44.0085]],[[28.6625,44.004],[28.6645,44.0085]],[[28.6625,44.004],[28.6645,43.9939]],[[28.6645,43.9939],[28.667,43.9909]],[[28.667,43.9909],[28.6668,43.9855]],[[28.6619,43.9836],[28.6668,43.9855]],[[28.6554,43.9758],[28.6619,43.9836]],[[28.6554,43.9758],[28.6559,43.9728]],[[28.6547,43.9672],[28.6559,43.9728]],[[28.6416,43.9566],[28.6547,43.9672]],[[28.6391,43.9508],[28.6416,43.9566]],[[28.6391,43.9508],[28.6388,43.94]],[[28.6332,43.9335],[28.6388,43.94]],[[28.6332,43.9335],[28.6362,43.9239]],[[28.6345,43.9212],[28.6362,43.9239]],[[28.6281,43.9117],[28.6345,43.9212]],[[28.6241,43.9102],[28.6281,43.9117]],[[28.6189,43.9016],[28.6241,43.9102]],[[28.6152,43.9001],[28.6189,43.9016]],[[28.6064,43.878],[28.6152,43.9001]],[[28.6064,43.878],[28.6058,43.8691]],[[28.6058,43.8691],[28.6088,43.8507]],[[28.6012,43.8453],[28.6088,43.8507]],[[28.5933,43.8424],[28.6012,43.8453]],[[28.5911,43.8388],[28.5933,43.8424]],[[28.5911,43.8388],[28.5924,43.829]],[[28.5867,43.8096],[28.5924,43.829]],[[28.5812,43.8066],[28.5867,43.8096]],[[28.5785,43.797],[28.5812,43.8066]],[[28.5756,43.795],[28.5785,43.797]],[[28.5756,43.795],[28.5861,43.7924]],[[28.5808,43.7888],[28.5861,43.7924]],[[28.5788,43.7672],[28.5808,43.7888]],[[28.5758,43.7624],[28.5788,43.7672]],[[28.5747,43.7556],[28.5758,43.7624]],[[28.5747,43.7556],[28.5792,43.7458]],[[28.5792,43.7458],[28.579,43.7387]],[[28.4465,43.7337],[28.579,43.7387]],[[28.3759,43.747],[28.4465,43.7337]],[[28.3485,43.7522],[28.3759,43.747]],[[28.2364,43.7585],[28.3485,43.7522]],[[28.1378,43.7903],[28.2364,43.7585]],[[28.1159,43.7972],[28.1378,43.7903]],[[28.0648,43.8178],[28.1159,43.7972]],[[28.0158,43.8369],[28.0648,43.8178]],[[28.004,43.8402],[28.0158,43.8369]]]}},{"type":"Feature","properties":{"leftregion":"Sud","rightregion":"Sud-Est"},"geometry":{"type":"MultiLineString","coordinates":[[[27.2714,44.1264],[27.2746,44.128]],[[27.2746,44.128],[27.2954,44.1382]],[[27.2954,44.1382],[27.3053,44.1405]],[[27.3053,44.1405],[27.3151,44.1406]],[[27.3151,44.1406],[27.3278,44.1393]],[[27.3278,44.1393],[27.3458,44.1313]],[[27.3458,44.1313],[27.3595,44.1288]],[[27.3595,44.1288],[27.3768,44.1283]],[[27.3768,44.1283],[27.3927,44.132]],[[27.3927,44.132],[27.3979,44.1315]],[[27.3979,44.1315],[27.4075,44.1305]],[[27.4075,44.1305],[27.4251,44.1265]],[[27.4251,44.1265],[27.4436,44.124]],[[27.4436,44.124],[27.4534,44.1251]],[[27.4534,44.1251],[27.4639,44.1298]],[[27.4639,44.1298],[27.4759,44.1378]],[[27.4759,44.1378],[27.4847,44.144]],[[27.4847,44.144],[27.5039,44.1514]],[[27.5039,44.1514],[27.5084,44.1543]],[[27.5084,44.1543],[27.5183,44.1641]],[[27.5183,44.1641],[27.5283,44.1701]],[[27.5283,44.1701],[27.5446,44.1757]],[[27.5446,44.1757],[27.5516,44.1799]],[[27.5516,44.1799],[27.5634,44.1847]],[[27.5634,44.1847],[27.5778,44.1907]],[[27.5778,44.1907],[27.6006,44.1983]],[[27.6006,44.1983],[27.6151,44.1999]],[[27.6151,44.1999],[27.6294,44.2053]],[[27.6294,44.2053],[27.637,44.2061]],[[27.637,44.2061],[27.6505,44.205]],[[27.6505,44.205],[27.6659,44.2024]],[[27.6659,44.2024],[27.6839,44.2012]],[[27.6839,44.2012],[27.7002,44.1965]],[[27.7002,44.1965],[27.7142,44.1961]],[[27.7142,44.1961],[27.7329,44.1994]],[[27.7329,44.1994],[27.7415,44.2053]],[[27.7415,44.2053],[27.7573,44.216]],[[27.7573,44.216],[27.7786,44.2326]],[[27.7786,44.2326],[27.7858,44.2359]],[[27.7858,44.2359],[27.8007,44.2402]],[[27.8007,44.2402],[27.8156,44.2429]],[[27.8156,44.2429],[27.8286,44.2466]],[[27.8286,44.2466],[27.8383,44.2469]],[[27.8383,44.2469],[27.8522,44.2449]],[[27.8522,44.2449],[27.8626,44.2454]],[[27.8626,44.2454],[27.8746,44.2477]],[[27.8746,44.2477],[27.8849,44.2511]],[[27.8849,44.2511],[27.8905,44.2511]],[[27.8905,44.2511],[27.9084,44.2476]],[[27.9084,44.2476],[27.9229,44.2477]],[[27.9229,44.2477],[27.9361,44.2506]],[[27.9361,44.2506],[27.9498,44.2571]],[[27.9498,44.2571],[27.9675,44.2742]],[[27.9675,44.2742],[27.9789,44.2917]],[[27.9789,44.2917],[27.9969,44.3046]],[[27.9969,44.3046],[28.0019,44.3117]],[[28.0019,44.3117],[28.0119,44.3221]],[[28.0119,44.3221],[28.0139,44.3329]],[[28.0139,44.3329],[28.0174,44.3403]],[[28.0174,44.3403],[28.0196,44.345]],[[28.0196,44.345],[28.0216,44.3565]],[[28.0216,44.3565],[28.0245,44.3622]],[[28.0245,44.3622],[28.0312,44.3714]],[[28.0312,44.3714],[28.039,44.3787]],[[28.039,44.3787],[28.0432,44.3846]],[[28.0432,44.3846],[28.0588,44.396]],[[28.0588,44.396],[28.0694,44.4039]],[[28.0694,44.4039],[28.0708,44.4113]],[[28.0708,44.4113],[28.076,44.416]],[[28.076,44.416],[28.0885,44.4205]],[[28.0885,44.4205],[28.1047,44.4286]],[[28.1047,44.4286],[28.1105,44.4372]],[[28.1089,44.4428],[28.1105,44.4372]],[[28.0982,44.4562],[28.1089,44.4428]],[[28.0972,44.4619],[28.0982,44.4562]],[[28.0947,44.4742],[28.0972,44.4619]],[[28.09,44.4878],[28.0947,44.4742]],[[28.0802,44.497],[28.09,44.4878]],[[28.064,44.503],[28.0802,44.497]],[[28.0528,44.5093],[28.064,44.503]],[[28.0476,44.5197],[28.0528,44.5093]],[[28.046,44.526],[28.0476,44.5197]],[[28.0346,44.5474],[28.046,44.526]],[[28.029,44.5542],[28.0346,44.5474]],[[28.0165,44.5648],[28.029,44.5542]],[[28.0137,44.5754],[28.0165,44.5648]],[[28.0137,44.5844],[28.0137,44.5754]],[[28.0137,44.5844],[28.0161,44.5887]],[[28.0161,44.5887],[28.0259,44.5996]],[[28.0259,44.5996],[28.0326,44.6073]],[[28.0326,44.6073],[28.0332,44.613]],[[28.0332,44.613],[28.0341,44.6171]],[[28.0317,44.6253],[28.0341,44.6171]],[[28.0239,44.6343],[28.0317,44.6253]],[[28.0156,44.6413],[28.0239,44.6343]],[[28.0042,44.6457],[28.0156,44.6413]],[[27.9927,44.6546],[28.0042,44.6457]],[[27.9834,44.6596],[27.9927,44.6546]],[[27.968,44.6698],[27.9834,44.6596]],[[27.9589,44.6798],[27.968,44.6698]],[[27.94,44.6782],[27.9589,44.6798]],[[27.9343,44.6788],[27.94,44.6782]],[[27.9275,44.6821],[27.9343,44.6788]],[[27.9221,44.6893],[27.9275,44.6821]],[[27.9114,44.6969],[27.9221,44.6893]],[[27.8913,44.7031],[27.9114,44.6969]],[[27.8803,44.7094],[27.8913,44.7031]],[[27.8746,44.7173],[27.8803,44.7094]],[[27.8715,44.7262],[27.8746,44.7173]],[[27.8715,44.7262],[27.8719,44.7345]],[[27.8719,44.7345],[27.8756,44.7512]],[[27.8756,44.7512],[27.881,44.7631]],[[27.8792,44.7693],[27.881,44.7631]],[[27.8749,44.7736],[27.8792,44.7693]],[[27.8694,44.7754],[27.8749,44.7736]],[[27.8573,44.7756],[27.8694,44.7754]],[[27.8314,44.7791],[27.8573,44.7756]],[[27.8233,44.7863],[27.8314,44.7791]],[[27.8207,44.7936],[27.8233,44.7863]],[[27.8208,44.7998],[27.8207,44.7936]],[[27.8208,44.7998],[27.8262,44.8097]],[[27.8265,44.82],[27.8262,44.8097]],[[27.8058,44.8199],[27.8265,44.82]],[[27.8004,44.8148],[27.8058,44.8199]],[[27.7885,44.8188],[27.8004,44.8148]],[[27.7828,44.8152],[27.7885,44.8188]],[[27.7756,44.805],[27.7828,44.8152]],[[27.7505,44.8077],[27.7756,44.805]],[[27.7283,44.8017],[27.7505,44.8077]],[[27.7254,44.7939],[27.7283,44.8017]],[[27.7254,44.7939],[27.7378,44.7882]],[[27.7378,44.7882],[27.7437,44.7885]],[[27.7437,44.7885],[27.7442,44.7793]],[[27.7228,44.7779],[27.7442,44.7793]],[[27.7205,44.7669],[27.7228,44.7779]],[[27.649,44.7703],[27.7205,44.7669]],[[27.6484,44.7758],[27.649,44.7703]],[[27.6205,44.7773],[27.6484,44.7758]],[[27.591,44.778],[27.6205,44.7773]],[[27.591,44.778],[27.5916,44.7835]],[[27.5405,44.7835],[27.5916,44.7835]],[[27.5332,44.7843],[27.5405,44.7835]],[[27.5288,44.7886],[27.5332,44.7843]],[[27.5215,44.7889],[27.5288,44.7886]],[[27.5215,44.7889],[27.5268,44.774]],[[27.5031,44.7744],[27.5268,44.774]],[[27.5033,44.7801],[27.5031,44.7744]],[[27.4839,44.7804],[27.5033,44.7801]],[[27.478,44.7752],[27.4839,44.7804]],[[27.4368,44.799],[27.478,44.7752]],[[27.4077,44.773],[27.4368,44.799]],[[27.3916,44.7834],[27.4077,44.773]],[[27.3819,44.7747],[27.3916,44.7834]],[[27.3639,44.7875],[27.3819,44.7747]],[[27.3639,44.7875],[27.3657,44.7896]],[[27.3411,44.8026],[27.3657,44.7896]],[[27.3361,44.7983],[27.3411,44.8026]],[[27.3096,44.7747],[27.3361,44.7983]],[[27.2886,44.7858],[27.3096,44.7747]],[[27.2693,44.7633],[27.2886,44.7858]],[[27.2576,44.7497],[27.2693,44.7633]],[[27.244,44.7572],[27.2576,44.7497]],[[27.2308,44.7688],[27.244,44.7572]],[[27.2215,44.7753],[27.2308,44.7688]],[[27.2215,44.7753],[27.2236,44.7826]],[[27.2035,44.7871],[27.2236,44.7826]],[[27.203,44.7861],[27.2035,44.7871]],[[27.1773,44.7872],[27.203,44.7861]],[[27.1556,44.7888],[27.1773,44.7872]],[[27.1482,44.7679],[27.1556,44.7888]],[[27.1482,44.7679],[27.1687,44.7624]],[[27.1664,44.7571],[27.1687,44.7624]],[[27.1664,44.7571],[27.1874,44.7513]],[[27.1792,44.7353],[27.1874,44.7513]],[[27.1592,44.7403],[27.1792,44.7353]],[[27.1574,44.7364],[27.1592,44.7403]],[[27.1373,44.7417],[27.1574,44.7364]],[[27.1341,44.7356],[27.1373,44.7417]],[[27.0979,44.7449],[27.1341,44.7356]],[[27.0979,44.7449],[27.1077,44.7678]],[[27.1077,44.7678],[27.1109,44.782]],[[27.0562,44.7969],[27.1109,44.782]],[[27.0449,44.804],[27.0562,44.7969]],[[27.0286,44.8122],[27.0449,44.804]],[[27.008,44.8245],[27.0286,44.8122]],[[26.9955,44.8138],[27.008,44.8245]],[[26.9762,44.7926],[26.9955,44.8138]],[[26.9733,44.7883],[26.9762,44.7926]],[[26.9169,44.8057],[26.9733,44.7883]],[[26.9083,44.8052],[26.9169,44.8057]],[[26.8952,44.8109],[26.9083,44.8052]],[[26.8952,44.8109],[26.8963,44.8124]],[[26.8784,44.8203],[26.8963,44.8124]],[[26.8658,44.8061],[26.8784,44.8203]],[[26.8464,44.815],[26.8658,44.8061]],[[26.8388,44.8082],[26.8464,44.815]],[[26.8304,44.7977],[26.8388,44.8082]],[[26.8168,44.8041],[26.8304,44.7977]],[[26.8102,44.7954],[26.8168,44.8041]],[[26.798,44.8014],[26.8102,44.7954]],[[26.7766,44.8151],[26.798,44.8014]],[[26.7187,44.8092],[26.7766,44.8151]],[[26.714,44.8195],[26.7187,44.8092]],[[26.6811,44.8107],[26.714,44.8195]],[[26.6787,44.8088],[26.6811,44.8107]],[[26.6709,44.8112],[26.6787,44.8088]],[[26.6594,44.8153],[26.6709,44.8112]],[[26.6448,44.823],[26.6594,44.8153]],[[26.6414,44.8192],[26.6448,44.823]],[[26.6309,44.8136],[26.6414,44.8192]],[[26.619,44.8333],[26.6309,44.8136]],[[26.6184,44.8409],[26.619,44.8333]],[[26.6056,44.857],[26.6184,44.8409]],[[26.6056,44.857],[26.6099,44.8591]],[[26.6009,44.8678],[26.6099,44.8591]],[[26.6009,44.8678],[26.6084,44.8722]],[[26.6018,44.8771],[26.6084,44.8722]],[[26.5931,44.8861],[26.6018,44.8771]],[[26.585,44.8823],[26.5931,44.8861]],[[26.5608,44.909],[26.585,44.8823]],[[26.5537,44.9152],[26.5608,44.909]],[[26.5482,44.9157],[26.5537,44.9152]],[[26.5363,44.9101],[26.5482,44.9157]],[[26.5363,44.9164],[26.5363,44.9101]],[[26.5305,44.9375],[26.5363,44.9164]],[[26.5305,44.9375],[26.5316,44.9392]],[[26.5316,44.9392],[26.5531,44.9448]],[[26.5531,44.9448],[26.5794,44.9508]],[[26.5794,44.9524],[26.5794,44.9508]],[[26.5794,44.9524],[26.5999,44.9559]],[[26.5928,44.964],[26.5999,44.9559]],[[26.5793,44.9611],[26.5928,44.964]],[[26.5772,44.9716],[26.5793,44.9611]],[[26.5614,44.991],[26.5772,44.9716]],[[26.5609,44.9942],[26.5614,44.991]],[[26.5549,44.9994],[26.5609,44.9942]],[[26.5471,44.9972],[26.5549,44.9994]],[[26.5346,45.003],[26.5471,44.9972]],[[26.5296,45.0149],[26.5346,45.003]],[[26.5193,45.0128],[26.5296,45.0149]],[[26.51,45.0129],[26.5193,45.0128]],[[26.51,45.0129],[26.5136,45.004]],[[26.5019,44.9995],[26.5136,45.004]],[[26.4962,45.0067],[26.5019,44.9995]],[[26.492,45.0054],[26.4962,45.0067]],[[26.4844,45.0189],[26.492,45.0054]],[[26.4844,45.0189],[26.4872,45.0201]],[[26.4817,45.0276],[26.4872,45.0201]],[[26.477,45.0341],[26.4817,45.0276]],[[26.477,45.0341],[26.4774,45.0393]],[[26.4774,45.0393],[26.4779,45.0475]],[[26.4748,45.0474],[26.4779,45.0475]],[[26.4725,45.0569],[26.4748,45.0474]],[[26.463,45.07],[26.4725,45.0569]],[[26.4459,45.0733],[26.463,45.07]],[[26.4432,45.0757],[26.4459,45.0733]],[[26.4432,45.0757],[26.4488,45.0792]],[[26.4488,45.0792],[26.4521,45.0877]],[[26.4521,45.0877],[26.4556,45.0918]],[[26.452,45.0985],[26.4556,45.0918]],[[26.452,45.0985],[26.4547,45.0997]],[[26.4521,45.1082],[26.4547,45.0997]],[[26.4521,45.1082],[26.4534,45.112]],[[26.4494,45.1151],[26.4534,45.112]],[[26.4495,45.1261],[26.4494,45.1151]],[[26.4495,45.1261],[26.4565,45.1289]],[[26.4563,45.1362],[26.4565,45.1289]],[[26.4563,45.1362],[26.4685,45.1392]],[[26.4685,45.1392],[26.4696,45.1413]],[[26.462,45.1586],[26.4696,45.1413]],[[26.4605,45.1673],[26.462,45.1586]],[[26.4605,45.1673],[26.4623,45.1765]],[[26.4607,45.1812],[26.4623,45.1765]],[[26.4607,45.1812],[26.4617,45.1929]],[[26.4604,45.1981],[26.4617,45.1929]],[[26.4439,45.1896],[26.4604,45.1981]],[[26.4342,45.1842],[26.4439,45.1896]],[[26.4206,45.1751],[26.4342,45.1842]],[[26.3972,45.1786],[26.4206,45.1751]],[[26.3889,45.173],[26.3972,45.1786]],[[26.386,45.1679],[26.3889,45.173]],[[26.3816,45.166],[26.386,45.1679]],[[26.3757,45.1583],[26.3816,45.166]],[[26.361,45.1644],[26.3757,45.1583]],[[26.3527,45.1644],[26.361,45.1644]],[[26.3527,45.1644],[26.3538,45.1736]],[[26.3512,45.1865],[26.3538,45.1736]],[[26.3459,45.1869],[26.3512,45.1865]],[[26.3459,45.1869],[26.3491,45.1923]],[[26.3459,45.1956],[26.3491,45.1923]],[[26.3459,45.1956],[26.3476,45.2024]],[[26.3476,45.2024],[26.3511,45.205]],[[26.3511,45.205],[26.3568,45.2133]],[[26.3489,45.2122],[26.3568,45.2133]],[[26.346,45.215],[26.3489,45.2122]],[[26.3314,45.2173],[26.346,45.215]],[[26.3275,45.2162],[26.3314,45.2173]],[[26.3145,45.2087],[26.3275,45.2162]],[[26.3076,45.2088],[26.3145,45.2087]],[[26.3028,45.2021],[26.3076,45.2088]],[[26.2861,45.2075],[26.3028,45.2021]],[[26.2677,45.206],[26.2861,45.2075]],[[26.2648,45.2093],[26.2677,45.206]],[[26.2559,45.2085],[26.2648,45.2093]],[[26.2559,45.2085],[26.2564,45.2013]],[[26.2499,45.1994],[26.2564,45.2013]],[[26.2499,45.1994],[26.2505,45.2069]],[[26.2467,45.214],[26.2505,45.2069]],[[26.2451,45.222],[26.2467,45.214]],[[26.2336,45.2341],[26.2451,45.222]],[[26.2336,45.2341],[26.2424,45.2354]],[[26.2376,45.2399],[26.2424,45.2354]],[[26.2324,45.2396],[26.2376,45.2399]],[[26.2261,45.2444],[26.2324,45.2396]],[[26.2261,45.2444],[26.2263,45.247]],[[26.2263,45.247],[26.2311,45.2518]],[[26.2296,45.261],[26.2311,45.2518]],[[26.2234,45.2737],[26.2296,45.261]],[[26.2174,45.2777],[26.2234,45.2737]],[[26.203,45.2738],[26.2174,45.2777]],[[26.1873,45.2764],[26.203,45.2738]],[[26.1873,45.2764],[26.1875,45.2796]],[[26.1875,45.2796],[26.1932,45.2844]],[[26.1932,45.2844],[26.1977,45.2868]],[[26.1977,45.2868],[26.2162,45.3005]],[[26.2162,45.3005],[26.221,45.3052]],[[26.221,45.3052],[26.2302,45.3061]],[[26.2302,45.3061],[26.2336,45.3146]],[[26.2284,45.3211],[26.2336,45.3146]],[[26.2218,45.3264],[26.2284,45.3211]],[[26.2115,45.3267],[26.2218,45.3264]],[[26.2065,45.3351],[26.2115,45.3267]],[[26.2015,45.3381],[26.2065,45.3351]],[[26.195,45.3468],[26.2015,45.3381]],[[26.1904,45.3473],[26.195,45.3468]],[[26.186,45.3573],[26.1904,45.3473]],[[26.1791,45.3579],[26.186,45.3573]],[[26.1735,45.3626],[26.1791,45.3579]],[[26.1667,45.3635],[26.1735,45.3626]],[[26.1616,45.3677],[26.1667,45.3635]],[[26.1534,45.377],[26.1616,45.3677]],[[26.1534,45.377],[26.1581,45.3904]],[[26.1581,45.3904],[26.166,45.3962]],[[26.165,45.4014],[26.166,45.3962]],[[26.1529,45.4045],[26.165,45.4014]],[[26.1505,45.4077],[26.1529,45.4045]],[[26.1447,45.4084],[26.1505,45.4077]],[[26.1425,45.4148],[26.1447,45.4084]],[[26.1425,45.4148],[26.1472,45.4212]],[[26.1472,45.4212],[26.1494,45.4304]],[[26.1481,45.4345],[26.1494,45.4304]],[[26.1481,45.4345],[26.1505,45.4431]],[[26.1484,45.4573],[26.1505,45.4431]],[[26.1389,45.4655],[26.1484,45.4573]],[[26.1304,45.4708],[26.1389,45.4655]],[[26.1172,45.4768],[26.1304,45.4708]],[[26.1072,45.4768],[26.1172,45.4768]],[[26.0969,45.4811],[26.1072,45.4768]],[[26.0914,45.4855],[26.0969,45.4811]],[[26.0865,45.4918],[26.0914,45.4855]],[[26.0865,45.4918],[26.0867,45.4953]],[[26.0789,45.4988],[26.0867,45.4953]],[[26.0727,45.5058],[26.0789,45.4988]]]}},{"type":"Feature","properties":{"leftregion":"Bucure\u0219ti-Ilfov","rightregion":"Sud"},"geometry":{"type":"MultiLineString","coordinates":[[[25.898,44.5335],[25.9206,44.5163]],[[25.9026,44.4927],[25.9206,44.5163]],[[25.8957,44.4854],[25.9026,44.4927]],[[25.8957,44.4854],[25.9068,44.4819]],[[25.9068,44.4819],[25.9107,44.4789]],[[25.9107,44.4789],[25.9115,44.4715]],[[25.9001,44.4528],[25.9115,44.4715]],[[25.8796,44.4616],[25.9001,44.4528]],[[25.8784,44.4577],[25.8796,44.4616]],[[25.871,44.4586],[25.8784,44.4577]],[[25.8666,44.4638],[25.871,44.4586]],[[25.8666,44.4638],[25.867,44.4689]],[[25.867,44.4689],[25.8708,44.4736]],[[25.8646,44.4795],[25.8708,44.4736]],[[25.8567,44.4822],[25.8646,44.4795]],[[25.843,44.4694],[25.8567,44.4822]],[[25.843,44.4694],[25.8517,44.4693]],[[25.8517,44.4693],[25.8537,44.4664]],[[25.8537,44.4664],[25.8551,44.4505]],[[25.8525,44.447],[25.8551,44.4505]],[[25.8525,44.447],[25.8648,44.4447]],[[25.8647,44.443],[25.8648,44.4447]],[[25.8499,44.4331],[25.8647,44.443]],[[25.8482,44.4305],[25.8499,44.4331]],[[25.8482,44.4305],[25.8657,44.4236]],[[25.8657,44.4236],[25.8696,44.4184]],[[25.8539,44.4119],[25.8696,44.4184]],[[25.8465,44.4072],[25.8539,44.4119]],[[25.8312,44.4028],[25.8465,44.4072]],[[25.8244,44.398],[25.8312,44.4028]],[[25.8244,44.398],[25.8254,44.392]],[[25.8254,44.392],[25.8294,44.3895]],[[25.8294,44.3895],[25.8375,44.3906]],[[25.8375,44.3906],[25.8496,44.3855]],[[25.8496,44.3855],[25.8561,44.3882]],[[25.8561,44.3882],[25.8582,44.3861]],[[25.856,44.3788],[25.8582,44.3861]],[[25.856,44.3788],[25.8572,44.3725]],[[25.8572,44.3725],[25.8695,44.3654]],[[25.8695,44.3654],[25.87,44.3574]],[[25.87,44.3574],[25.8762,44.3554]],[[25.8762,44.3554],[25.8835,44.3572]],[[25.8835,44.3572],[25.8898,44.358]],[[25.8898,44.358],[25.8923,44.3551]],[[25.8892,44.3476],[25.8923,44.3551]],[[25.8892,44.3476],[25.8969,44.3443]],[[25.8969,44.3443],[25.8981,44.3417]],[[25.8981,44.3417],[25.9108,44.3314]],[[25.9108,44.3314],[25.9148,44.3316]],[[25.9148,44.3316],[25.9245,44.3355]],[[25.9245,44.3355],[25.9327,44.336]],[[25.9327,44.336],[25.9447,44.3287]],[[25.9447,44.3287],[25.9526,44.3274]],[[25.9526,44.3274],[25.9533,44.325]],[[25.9491,44.321],[25.9533,44.325]],[[25.9491,44.321],[25.9513,44.3165]],[[25.9513,44.3165],[25.9622,44.3154]],[[25.9622,44.3154],[25.9702,44.3197]],[[25.9678,44.3242],[25.9702,44.3197]],[[25.9678,44.3242],[25.9746,44.3274]],[[25.9746,44.3274],[25.977,44.323]],[[25.977,44.323],[25.983,44.3197]],[[25.983,44.3197],[25.9927,44.317]],[[25.9927,44.317],[25.9948,44.3145]],[[25.9948,44.3145],[25.9958,44.3081]],[[25.9958,44.3081],[26.0015,44.3057]],[[25.9918,44.2918],[26.0015,44.3057]],[[25.9775,44.2735],[25.9918,44.2918]],[[25.9768,44.2684],[25.9775,44.2735]],[[25.9768,44.2684],[25.9956,44.291]],[[25.9956,44.291],[26.0017,44.2992]],[[26.0017,44.2992],[26.0101,44.3011]],[[26.0101,44.3011],[26.015,44.2947]],[[26.015,44.2947],[26.0265,44.2924]],[[26.0265,44.2924],[26.0312,44.291]],[[26.0312,44.291],[26.0484,44.274]],[[26.0484,44.274],[26.0571,44.2687]],[[26.0571,44.2687],[26.0634,44.2673]],[[26.0634,44.2673],[26.0783,44.2683]],[[26.0783,44.2683],[26.0864,44.2659]],[[26.0864,44.2659],[26.0902,44.2556]],[[26.0902,44.2556],[26.1059,44.2471]],[[26.1059,44.2471],[26.1236,44.244]],[[26.1236,44.244],[26.1382,44.2365]],[[26.1382,44.2365],[26.1454,44.2345]],[[26.1454,44.2345],[26.1484,44.2379]],[[26.1484,44.2379],[26.1547,44.24]],[[26.1547,44.24],[26.1603,44.2395]],[[26.1603,44.2395],[26.1618,44.236]],[[26.1618,44.236],[26.173,44.2504]],[[26.173,44.2504],[26.176,44.2474]],[[26.176,44.2474],[26.1901,44.2415]],[[26.1901,44.2415],[26.1955,44.2485]],[[26.1908,44.2521],[26.1955,44.2485]],[[26.1908,44.2521],[26.2047,44.2695]],[[26.2047,44.2695],[26.2088,44.2708]],[[26.2088,44.2708],[26.2139,44.2633]],[[26.2139,44.2633],[26.2323,44.2797]],[[26.2323,44.2797],[26.2493,44.2948]],[[26.2493,44.2948],[26.2556,44.2912]],[[26.2556,44.2912],[26.26,44.295]],[[26.2541,44.2982],[26.26,44.295]],[[26.2541,44.2982],[26.2758,44.3172]],[[26.2525,44.3303],[26.2758,44.3172]],[[26.2525,44.3303],[26.2668,44.3388]],[[26.2668,44.3388],[26.2803,44.349]],[[26.2803,44.349],[26.2867,44.3459]],[[26.2867,44.3459],[26.2952,44.3532]],[[26.2952,44.3532],[26.3019,44.3541]],[[26.3019,44.3541],[26.3059,44.3508]],[[26.3059,44.3508],[26.3181,44.3597]],[[26.3142,44.3618],[26.3181,44.3597]],[[26.3142,44.3618],[26.331,44.3717]],[[26.3248,44.3741],[26.331,44.3717]],[[26.3148,44.3718],[26.3248,44.3741]],[[26.3117,44.3819],[26.3148,44.3718]],[[26.3117,44.3819],[26.3137,44.3887]],[[26.3095,44.3918],[26.3137,44.3887]],[[26.2997,44.3898],[26.3095,44.3918]],[[26.2962,44.3948],[26.2997,44.3898]],[[26.2962,44.3948],[26.2983,44.399]],[[26.2878,44.3987],[26.2983,44.399]],[[26.2868,44.4052],[26.2878,44.3987]],[[26.2684,44.4056],[26.2868,44.4052]],[[26.26,44.4093],[26.2684,44.4056]],[[26.26,44.4093],[26.2687,44.4102]],[[26.2687,44.4102],[26.2818,44.4139]],[[26.2818,44.4139],[26.2889,44.4173]],[[26.2889,44.4173],[26.2933,44.4165]],[[26.2933,44.4165],[26.298,44.4117]],[[26.298,44.4117],[26.3053,44.4114]],[[26.3049,44.4063],[26.3053,44.4114]],[[26.3049,44.4063],[26.3107,44.4003]],[[26.3107,44.4003],[26.3165,44.3999]],[[26.3165,44.3999],[26.3208,44.3893]],[[26.3208,44.3893],[26.3245,44.3872]],[[26.3245,44.3872],[26.331,44.3895]],[[26.3232,44.3961],[26.331,44.3895]],[[26.3232,44.3961],[26.3387,44.4019]],[[26.3387,44.4019],[26.342,44.3975]],[[26.342,44.3975],[26.3469,44.399]],[[26.3461,44.4029],[26.3469,44.399]],[[26.3461,44.4029],[26.3506,44.4107]],[[26.3506,44.4107],[26.3756,44.4219]],[[26.3756,44.4219],[26.3899,44.4161]],[[26.3899,44.4161],[26.3988,44.4212]],[[26.3988,44.4212],[26.4014,44.4384]],[[26.4014,44.4384],[26.4414,44.4377]],[[26.4414,44.4377],[26.4418,44.4444]],[[26.4418,44.4444],[26.4517,44.4443]],[[26.4519,44.456],[26.4517,44.4443]],[[26.4519,44.456],[26.4584,44.459]],[[26.4523,44.4626],[26.4584,44.459]],[[26.4501,44.4563],[26.4523,44.4626]],[[26.4435,44.4564],[26.4501,44.4563]],[[26.4376,44.4619],[26.4435,44.4564]],[[26.4263,44.4567],[26.4376,44.4619]],[[26.3954,44.4572],[26.4263,44.4567]],[[26.3947,44.4657],[26.3954,44.4572]],[[26.3816,44.4647],[26.3947,44.4657]],[[26.3817,44.4703],[26.3816,44.4647]],[[26.3762,44.4691],[26.3817,44.4703]],[[26.3762,44.4691],[26.3768,44.4773]],[[26.3606,44.4861],[26.3768,44.4773]],[[26.3606,44.4861],[26.3889,44.5042]],[[26.3889,44.5042],[26.3997,44.5116]],[[26.3997,44.5116],[26.4071,44.5082]],[[26.4071,44.5082],[26.4161,44.5217]],[[26.415,44.5262],[26.4161,44.5217]],[[26.4004,44.5313],[26.415,44.5262]],[[26.3926,44.5386],[26.4004,44.5313]],[[26.3886,44.5387],[26.3926,44.5386]],[[26.3671,44.5269],[26.3886,44.5387]],[[26.3568,44.5367],[26.3671,44.5269]],[[26.3431,44.5493],[26.3568,44.5367]],[[26.3387,44.5465],[26.3431,44.5493]],[[26.3372,44.5475],[26.3387,44.5465]],[[26.3372,44.5475],[26.3563,44.5643]],[[26.3563,44.5643],[26.3613,44.5612]],[[26.3613,44.5612],[26.3653,44.565]],[[26.3606,44.5676],[26.3653,44.565]],[[26.3606,44.5676],[26.3816,44.585]],[[26.3726,44.5906],[26.3816,44.585]],[[26.3726,44.5906],[26.4013,44.611]],[[26.3971,44.6246],[26.4013,44.611]],[[26.3757,44.6209],[26.3971,44.6246]],[[26.368,44.6405],[26.3757,44.6209]],[[26.3594,44.6413],[26.368,44.6405]],[[26.3594,44.6413],[26.36,44.6524]],[[26.3548,44.6605],[26.36,44.6524]],[[26.3471,44.6695],[26.3548,44.6605]],[[26.3325,44.6765],[26.3471,44.6695]],[[26.3325,44.6765],[26.3415,44.6877]],[[26.3415,44.6877],[26.3463,44.6848]],[[26.3463,44.6848],[26.3534,44.6885]],[[26.3534,44.6885],[26.3599,44.6878]],[[26.3599,44.6878],[26.3702,44.6984]],[[26.3615,44.702],[26.3702,44.6984]],[[26.3615,44.702],[26.3623,44.7055]],[[26.3623,44.7055],[26.3742,44.7205]],[[26.3714,44.721],[26.3742,44.7205]],[[26.3473,44.731],[26.3714,44.721]],[[26.3473,44.731],[26.3486,44.7318]],[[26.3018,44.7689],[26.3486,44.7318]],[[26.3011,44.7667],[26.3018,44.7689]],[[26.2738,44.7689],[26.3011,44.7667]],[[26.2719,44.756],[26.2738,44.7689]],[[26.258,44.7571],[26.2719,44.756]],[[26.2575,44.7532],[26.258,44.7571]],[[26.2563,44.7423],[26.2575,44.7532]],[[26.2489,44.7383],[26.2563,44.7423]],[[26.2432,44.7395],[26.2489,44.7383]],[[26.2397,44.7431],[26.2432,44.7395]],[[26.2193,44.7496],[26.2397,44.7431]],[[26.1943,44.7512],[26.2193,44.7496]],[[26.1839,44.7579],[26.1943,44.7512]],[[26.1809,44.7531],[26.1839,44.7579]],[[26.1745,44.7492],[26.1809,44.7531]],[[26.1621,44.7553],[26.1745,44.7492]],[[26.1552,44.7557],[26.1621,44.7553]],[[26.153,44.7587],[26.1552,44.7557]],[[26.1428,44.7539],[26.153,44.7587]],[[26.1325,44.7499],[26.1428,44.7539]],[[26.1128,44.7544],[26.1325,44.7499]],[[26.1019,44.7669],[26.1128,44.7544]],[[26.0971,44.7629],[26.1019,44.7669]],[[26.0888,44.7602],[26.0971,44.7629]],[[26.0888,44.7602],[26.0989,44.7399]],[[26.0853,44.7418],[26.0989,44.7399]],[[26.0832,44.7461],[26.0853,44.7418]],[[26.0773,44.7451],[26.0832,44.7461]],[[26.0754,44.7494],[26.0773,44.7451]],[[26.071,44.7514],[26.0754,44.7494]],[[26.0612,44.7484],[26.071,44.7514]],[[26.0612,44.7484],[26.0633,44.7427]],[[26.0602,44.7392],[26.0633,44.7427]],[[26.0519,44.7352],[26.0602,44.7392]],[[26.047,44.7351],[26.0519,44.7352]],[[26.047,44.7351],[26.0493,44.7423]],[[26.0403,44.7432],[26.0493,44.7423]],[[26.0339,44.7409],[26.0403,44.7432]],[[26.0241,44.7448],[26.0339,44.7409]],[[26.018,44.7419],[26.0241,44.7448]],[[26.0104,44.7409],[26.018,44.7419]],[[26,44.7353],[26.0104,44.7409]],[[25.9957,44.7415],[26,44.7353]],[[25.991,44.7436],[25.9957,44.7415]],[[25.9771,44.7408],[25.991,44.7436]],[[25.9746,44.7366],[25.9771,44.7408]],[[25.966,44.738],[25.9746,44.7366]],[[25.9661,44.7428],[25.966,44.738]],[[25.9661,44.7428],[25.9696,44.7469]],[[25.9673,44.7495],[25.9696,44.7469]],[[25.9609,44.7485],[25.9673,44.7495]],[[25.9609,44.7485],[25.9633,44.7415]],[[25.9605,44.7394],[25.9633,44.7415]],[[25.9605,44.7394],[25.9645,44.7325]],[[25.9645,44.7325],[25.9691,44.7323]],[[25.9691,44.7323],[25.973,44.7279]],[[25.9689,44.7208],[25.973,44.7279]],[[25.9689,44.7208],[25.9708,44.7104]],[[25.9708,44.7104],[25.9747,44.7]],[[25.9747,44.7],[25.9915,44.7012]],[[25.9881,44.6911],[25.9915,44.7012]],[[25.9839,44.6867],[25.9881,44.6911]],[[25.9675,44.6869],[25.9839,44.6867]],[[25.9589,44.6842],[25.9675,44.6869]],[[25.9589,44.6842],[25.9642,44.6787]],[[25.9642,44.6787],[25.969,44.6803]],[[25.969,44.6803],[25.9712,44.6748]],[[25.9712,44.6748],[25.977,44.6764]],[[25.977,44.6764],[25.984,44.6722]],[[25.9746,44.6713],[25.984,44.6722]],[[25.9746,44.6713],[25.9791,44.6665]],[[25.9721,44.6604],[25.9791,44.6665]],[[25.9614,44.6579],[25.9721,44.6604]],[[25.9595,44.6545],[25.9614,44.6579]],[[25.9424,44.6574],[25.9595,44.6545]],[[25.9393,44.6457],[25.9424,44.6574]],[[25.9393,44.6457],[25.9675,44.6318]],[[25.9675,44.6318],[25.9801,44.63]],[[25.9801,44.63],[25.9886,44.6229]],[[25.9878,44.6193],[25.9886,44.6229]],[[25.9878,44.6193],[25.992,44.6123]],[[25.9806,44.6039],[25.992,44.6123]],[[25.9714,44.5995],[25.9806,44.6039]],[[25.957,44.5879],[25.9714,44.5995]],[[25.9297,44.5715],[25.957,44.5879]],[[25.9249,44.5713],[25.9297,44.5715]],[[25.8899,44.5576],[25.9249,44.5713]],[[25.8798,44.5536],[25.8899,44.5576]],[[25.8798,44.5536],[25.8907,44.541]],[[25.8907,44.541],[25.898,44.5335]]]}},{"type":"Feature","properties":{"leftregion":"Sud","rightregion":null},"geometry":{"type":"MultiLineString","coordinates":[[[24.6571,43.7237],[24.6835,43.705]],[[27.2583,44.1247],[27.2714,44.1264]],[[27.2527,44.1202],[27.2583,44.1247]],[[27.2419,44.118],[27.2527,44.1202]],[[27.2335,44.1165],[27.2419,44.118]],[[27.2173,44.1167],[27.2335,44.1165]],[[27.2009,44.1191],[27.2173,44.1167]],[[27.1852,44.1205],[27.2009,44.1191]],[[27.1759,44.1266],[27.1852,44.1205]],[[27.1649,44.1318],[27.1759,44.1266]],[[27.1457,44.1385],[27.1649,44.1318]],[[27.1351,44.1405],[27.1457,44.1385]],[[27.1235,44.1403],[27.1351,44.1405]],[[27.1022,44.1368],[27.1235,44.1403]],[[27.09,44.1331],[27.1022,44.1368]],[[27.0804,44.133],[27.09,44.1331]],[[27.061,44.1357],[27.0804,44.133]],[[27.0419,44.1446],[27.061,44.1357]],[[27.0298,44.1434],[27.0419,44.1446]],[[27.0186,44.1411],[27.0298,44.1434]],[[26.9945,44.1339],[27.0186,44.1411]],[[26.9868,44.1337],[26.9945,44.1339]],[[26.969,44.1358],[26.9868,44.1337]],[[26.9619,44.1362],[26.969,44.1358]],[[26.9408,44.1334],[26.9619,44.1362]],[[26.9285,44.1325],[26.9408,44.1334]],[[26.9123,44.1337],[26.9285,44.1325]],[[26.8984,44.1313],[26.9123,44.1337]],[[26.875,44.121],[26.8984,44.1313]],[[26.8528,44.1157],[26.875,44.121]],[[26.8408,44.1115],[26.8528,44.1157]],[[26.8263,44.1034],[26.8408,44.1115]],[[26.7835,44.0852],[26.8263,44.1034]],[[26.7779,44.0825],[26.7835,44.0852]],[[26.7628,44.0779],[26.7779,44.0825]],[[26.7237,44.0727],[26.7628,44.0779]],[[26.7237,44.0745],[26.7237,44.0727]],[[26.7081,44.0762],[26.7237,44.0745]],[[26.6903,44.0744],[26.7081,44.0762]],[[26.6779,44.0709],[26.6903,44.0744]],[[26.6628,44.0649],[26.6779,44.0709]],[[26.6628,44.0649],[26.6638,44.0629]],[[26.643,44.06],[26.6638,44.0629]],[[26.6374,44.06],[26.643,44.06]],[[26.6145,44.0561],[26.6374,44.06]],[[26.5928,44.0501],[26.6145,44.0561]],[[26.5704,44.054],[26.5928,44.0501]],[[26.5377,44.0544],[26.5704,44.054]],[[26.5185,44.0518],[26.5377,44.0544]],[[26.5021,44.0467],[26.5185,44.0518]],[[26.4865,44.0442],[26.5021,44.0467]],[[26.4577,44.0385],[26.4865,44.0442]],[[26.4577,44.0385],[26.4586,44.0361]],[[26.4452,44.0338],[26.4586,44.0361]],[[26.4346,44.0331],[26.4452,44.0338]],[[26.4257,44.0355],[26.4346,44.0331]],[[26.4064,44.0374],[26.4257,44.0355]],[[26.3996,44.0402],[26.4064,44.0374]],[[26.38,44.043],[26.3996,44.0402]],[[26.3712,44.0421],[26.38,44.043]],[[26.3522,44.0374],[26.3712,44.0421]],[[26.342,44.0338],[26.3522,44.0374]],[[26.3128,44.0277],[26.342,44.0338]],[[26.3048,44.0266],[26.3128,44.0277]],[[26.2797,44.0115],[26.3048,44.0266]],[[26.2526,44.0017],[26.2797,44.0115]],[[26.2404,43.9992],[26.2526,44.0017]],[[26.2272,43.9939],[26.2404,43.9992]],[[26.1945,43.9841],[26.2272,43.9939]],[[26.1801,43.9833],[26.1945,43.9841]],[[26.1797,43.9851],[26.1801,43.9833]],[[26.158,43.9854],[26.1797,43.9851]],[[26.147,43.9842],[26.158,43.9854]],[[26.1251,43.9781],[26.147,43.9842]],[[26.1117,43.9722],[26.1251,43.9781]],[[26.1019,43.9635],[26.1117,43.9722]],[[26.0928,43.9527],[26.1019,43.9635]],[[26.0928,43.9527],[26.0951,43.9513]],[[26.0855,43.9444],[26.0951,43.9513]],[[26.0714,43.932],[26.0855,43.9444]],[[26.067,43.9257],[26.0714,43.932]],[[26.0595,43.9198],[26.067,43.9257]],[[26.0535,43.9098],[26.0595,43.9198]],[[26.0428,43.901],[26.0535,43.9098]],[[26.0328,43.8966],[26.0428,43.901]],[[26.0129,43.8897],[26.0328,43.8966]],[[26.0013,43.8837],[26.0129,43.8897]],[[25.9997,43.8853],[26.0013,43.8837]],[[25.9838,43.876],[25.9997,43.8853]],[[25.9766,43.87],[25.9838,43.876]],[[25.9599,43.8636],[25.9766,43.87]],[[25.9524,43.8594],[25.9599,43.8636]],[[25.9399,43.8518],[25.9524,43.8594]],[[25.9288,43.8409],[25.9399,43.8518]],[[25.9186,43.8285],[25.9288,43.8409]],[[25.9145,43.8182],[25.9186,43.8285]],[[25.9105,43.8116],[25.9145,43.8182]],[[25.9028,43.8086],[25.9105,43.8116]],[[25.8872,43.7951],[25.9028,43.8086]],[[25.8813,43.7862],[25.8872,43.7951]],[[25.8813,43.7862],[25.8843,43.7835]],[[25.855,43.7608],[25.8843,43.7835]],[[25.8459,43.7564],[25.855,43.7608]],[[25.8355,43.7531],[25.8459,43.7564]],[[25.8238,43.7499],[25.8355,43.7531]],[[25.8216,43.7517],[25.8238,43.7499]],[[25.806,43.7416],[25.8216,43.7517]],[[25.8013,43.7367],[25.806,43.7416]],[[25.7925,43.7204],[25.8013,43.7367]],[[25.78,43.7103],[25.7925,43.7204]],[[25.7584,43.7019],[25.78,43.7103]],[[25.7418,43.6949],[25.7584,43.7019]],[[25.7342,43.6926],[25.7418,43.6949]],[[25.719,43.69],[25.7342,43.6926]],[[25.7186,43.6916],[25.719,43.69]],[[25.7009,43.6921],[25.7186,43.6916]],[[25.6719,43.6914],[25.7009,43.6921]],[[25.6652,43.6898],[25.6719,43.6914]],[[25.6488,43.6825],[25.6652,43.6898]],[[25.6412,43.6766],[25.6488,43.6825]],[[25.6242,43.6725],[25.6412,43.6766]],[[25.61,43.6672],[25.6242,43.6725]],[[25.5892,43.6573],[25.61,43.6672]],[[25.571,43.6471],[25.5892,43.6573]],[[25.5606,43.6443],[25.571,43.6471]],[[25.5447,43.643],[25.5606,43.6443]],[[25.5264,43.645],[25.5447,43.643]],[[25.5094,43.6449],[25.5264,43.645]],[[25.5083,43.6469],[25.5094,43.6449]],[[25.4767,43.6405],[25.5083,43.6469]],[[25.4602,43.6331],[25.4767,43.6405]],[[25.4505,43.6304],[25.4602,43.6331]],[[25.4505,43.6304],[25.451,43.6284]],[[25.4357,43.6265],[25.451,43.6284]],[[25.4065,43.6207],[25.4357,43.6265]],[[25.3901,43.619],[25.4065,43.6207]],[[25.3833,43.6195],[25.3901,43.619]],[[25.3732,43.6223],[25.3833,43.6195]],[[25.3682,43.6217],[25.3732,43.6223]],[[25.3512,43.6266],[25.3682,43.6217]],[[25.3395,43.6317],[25.3512,43.6266]],[[25.3225,43.6438],[25.3395,43.6317]],[[25.3074,43.6499],[25.3225,43.6438]],[[25.2877,43.6559],[25.3074,43.6499]],[[25.2852,43.6589],[25.2877,43.6559]],[[25.2721,43.6693],[25.2852,43.6589]],[[25.2678,43.6742],[25.2721,43.6693]],[[25.2523,43.6827],[25.2678,43.6742]],[[25.2462,43.6843],[25.2523,43.6827]],[[25.2224,43.688],[25.2462,43.6843]],[[25.1965,43.6932],[25.2224,43.688]],[[25.1894,43.6954],[25.1965,43.6932]],[[25.1731,43.6994],[25.1894,43.6954]],[[25.1438,43.6927],[25.1731,43.6994]],[[25.1373,43.6927],[25.1438,43.6927]],[[25.1327,43.6902],[25.1373,43.6927]],[[25.1113,43.6846],[25.1327,43.6902]],[[25.0961,43.6851],[25.1113,43.6846]],[[25.0847,43.6876],[25.0961,43.6851]],[[25.0673,43.6897],[25.0847,43.6876]],[[25.0535,43.6922],[25.0673,43.6897]],[[25.0472,43.6946],[25.0535,43.6922]],[[25.0264,43.7093],[25.0472,43.6946]],[[25.0155,43.7138],[25.0264,43.7093]],[[25.0103,43.7223],[25.0155,43.7138]],[[25.0055,43.7251],[25.0103,43.7223]],[[24.9985,43.7273],[25.0055,43.7251]],[[24.9722,43.728],[24.9985,43.7273]],[[24.9594,43.7298],[24.9722,43.728]],[[24.9508,43.7295],[24.9594,43.7298]],[[24.9448,43.7287],[24.9508,43.7295]],[[24.9331,43.7233],[24.9448,43.7287]],[[24.9329,43.716],[24.9331,43.7233]],[[24.9235,43.7161],[24.9329,43.716]],[[24.8995,43.7114],[24.9235,43.7161]],[[24.8791,43.7068],[24.8995,43.7114]],[[24.8638,43.7059],[24.8791,43.7068]],[[24.8558,43.7068],[24.8638,43.7059]],[[24.8363,43.7126],[24.8558,43.7068]],[[24.8239,43.7133],[24.8363,43.7126]],[[24.8095,43.7112],[24.8239,43.7133]],[[24.7992,43.7079],[24.8095,43.7112]],[[24.7726,43.6946],[24.7992,43.7079]],[[24.7525,43.6871],[24.7726,43.6946]],[[24.7344,43.6851],[24.7525,43.6871]],[[24.7205,43.6881],[24.7344,43.6851]],[[24.7048,43.6938],[24.7205,43.6881]],[[24.6835,43.705],[24.7048,43.6938]]]}}]}