{"type":"FeatureCollection","features":[{"type":"Feature","id":0,"properties":{"capital":false},"geometry":{"type":"Point","coordinates":[27.59211,47.29499]}},{"type":"Feature","id":1,"properties":{"capital":false},"geometry":{"type":"Point","coordinates":[22.16836,45.96463]}},{"type":"Feature","id":2,"properties":{"capital":false},"geometry":{"type":"Point","coordinates":[26.76265,47.35956]}},{"type":"Feature","id":3,"properties":{"capital":false},"geometry":{"type":"Point","coordinates":[27.32513,47.41415]}},{"type":"Feature","id":4,"properties":{"capital":false},"geometry":{"type":"Point","coordinates":[27.43081,47.07486]}},{"type":"Feature","id":5,"properties":{"capital":false},"geometry":{"type":"Point","coordinates":[26.97699,47.29605]}},{"type":"Feature","id":6,"properties":{"capital":false},"geometry":{"type":"Point","coordinates":[26.92465,47.23405]}},{"type":"Feature","id":7,"properties":{"capital":false},"geometry":{"type":"Point","coordinates":[27.51105,46.90093]}},{"type":"Feature","id":8,"properties":{"capital":false},"geometry":{"type":"Point","coordinates":[27.17909,47.41475]}},{"type":"Feature","id":9,"properties":{"capital":false},"geometry":{"type":"Point","coordinates":[26.81237,47.27709]}},{"type":"Feature","id":10,"properties":{"capital":false},"geometry":{"type":"Point","coordinates":[26.91574,47.05323]}},{"type":"Feature","id":11,"properties":{"capital":false},"geometry":{"type":"Point","coordinates":[27.39864,47.45559]}},{"type":"Feature","id":12,"properties":{"capital":false},"geometry":{"type":"Point","coordinates":[27.49809,47.17898]}},{"type":"Feature","id":13,"properties":{"capital":false},"geometry":{"type":"Point","coordinates":[26.68798,47.13497]}},{"type":"Feature","id":14,"properties":{"capital":false},"geometry":{"type":"Point","coordinates":[22.0728,46.38438]}},{"type":"Feature","id":15,"properties":{"capital":true},"geometry":{"type":"Point","coordinates":[25.96461,43.8902]}},{"type":"Feature","id":16,"properties":{"capital":false},"geometry":{"type":"Point","coordinates":[25.90925,43.8564]}},{"type":"Feature","id":17,"properties":{"capital":true},"geometry":{"type":"Point","coordinates":[25.94686,44.55946]}},{"type":"Feature","id":18,"properties":{"capital":false},"geometry":{"type":"Point","coordinates":[26.64034,44.09174]}},{"type":"Feature","id":19,"properties":{"capital":false},"geometry":{"type":"Point","coordinates":[26.60745,44.16917]}},{"type":"Feature","id":20,"properties":{"capital":false},"geometry":{"type":"Point","coordinates":[26.64037,44.71814]}},{"type":"Feature","id":21,"properties":{"capital":false},"geometry":{"type":"Point","coordinates":[26.67586,44.7981]}},{"type":"Feature","id":22,"properties":{"capital":false},"geometry":{"type":"Point","coordinates":[26.67196,44.7062]}},{"type":"Feature","id":23,"properties":{"capital":false},"geometry":{"type":"Point","coordinates":[26.43323,44.76872]}},{"type":"Feature","id":24,"properties":{"capital":false},"geometry":{"type":"Point","coordinates":[26.0478,44.25383]}},{"type":"Feature","id":25,"properties":{"capital":false},"geometry":{"type":"Point","coordinates":[26.24793,44.52472]}},{"type":"Feature","id":26,"properties":{"capital":false},"geometry":{"type":"Point","coordinates":[26.70914,44.67938]}},{"type":"Feature","id":27,"properties":{"capital":false},"geometry":{"type":"Point","coordinates":[26.5829,44.74996]}},{"type":"Feature","id":28,"properties":{"capital":false},"geometry":{"type":"Point","coordinates":[26.75992,44.61221]}},{"type":"Feature","id":29,"properties":{"capital":false},"geometry":{"type":"Point","coordinates":[26.07506,44.61076]}},{"type":"Feature","id":30,"properties":{"capital":false},"geometry":{"type":"Point","coordinates":[26.06553,44.04705]}},{"type":"Feature","id":31,"properties":{"capital":false},"geometry":{"type":"Point","coordinates":[21.99267,46.10618]}},{"type":"Feature","id":32,"properties":{"capital":false},"geometry":{"type":"Point","coordinates":[26.64275,44.64244]}},{"type":"Feature","id":33,"properties":{"capital":false},"geometry":{"type":"Point","coordinates":[26.43093,44.48611]}},{"type":"Feature","id":34,"properties":{"capital":false},"geometry":{"type":"Point","coordinates":[26.18901,44.30858]}},{"type":"Feature","id":35,"properties":{"capital":false},"geometry":{"type":"Point","coordinates":[25.82496,44.45241]}},{"type":"Feature","id":36,"properties":{"capital":false},"geometry":{"type":"Point","coordinates":[25.75631,44.44734]}},{"type":"Feature","id":37,"properties":{"capital":false},"geometry":{"type":"Point","coordinates":[26.35808,44.76617]}},{"type":"Feature","id":38,"properties":{"capital":false},"geometry":{"type":"Point","coordinates":[26.33574,44.45705]}},{"type":"Feature","id":39,"properties":{"capital":false},"geometry":{"type":"Point","coordinates":[25.7465,44.57582]}},{"type":"Feature","id":40,"properties":{"capital":false},"geometry":{"type":"Point","coordinates":[25.65914,44.37017]}},{"type":"Feature","id":41,"properties":{"capital":false},"geometry":{"type":"Point","coordinates":[26.46578,44.23689]}},{"type":"Feature","id":42,"properties":{"capital":false},"geometry":{"type":"Point","coordinates":[25.80734,44.28421]}},{"type":"Feature","id":43,"properties":{"capital":false},"geometry":{"type":"Point","coordinates":[25.89433,44.6928]}},{"type":"Feature","id":44,"properties":{"capital":false},"geometry":{"type":"Point","coordinates":[25.83385,44.36783]}},{"type":"Feature","id":45,"properties":{"capital":false},"geometry":{"type":"Point","coordinates":[25.99623,44.17212]}},{"type":"Feature","id":46,"properties":{"capital":true},"geometry":{"type":"Point","coordinates":[23.5721,46.06917]}},{"type":"Feature","id":47,"properties":{"capital":false},"geometry":{"type":"Point","coordinates":[26.46811,44.12701]}},{"type":"Feature","id":48,"properties":{"capital":false},"geometry":{"type":"Point","coordinates":[26.28319,44.41715]}},{"type":"Feature","id":49,"properties":{"capital":false},"geometry":{"type":"Point","coordinates":[26.57598,44.11035]}},{"type":"Feature","id":50,"properties":{"capital":false},"geometry":{"type":"Point","coordinates":[26.85455,44.16839]}},{"type":"Feature","id":51,"properties":{"capital":false},"geometry":{"type":"Point","coordinates":[25.86812,44.60133]}},{"type":"Feature","id":52,"properties":{"capital":false},"geometry":{"type":"Point","coordinates":[26.099,44.72611]}},{"type":"Feature","id":53,"properties":{"capital":false},"geometry":{"type":"Point","coordinates":[21.94169,46.42207]}},{"type":"Feature","id":54,"properties":{"capital":false},"geometry":{"type":"Point","coordinates":[25.87583,44.44306]}},{"type":"Feature","id":55,"properties":{"capital":false},"geometry":{"type":"Point","coordinates":[25.70463,44.31707]}},{"type":"Feature","id":56,"properties":{"capital":false},"geometry":{"type":"Point","coordinates":[25.94343,44.37806]}},{"type":"Feature","id":57,"properties":{"capital":false},"geometry":{"type":"Point","coordinates":[26.19609,44.20254]}},{"type":"Feature","id":58,"properties":{"capital":false},"geometry":{"type":"Point","coordinates":[26.14492,44.17237]}},{"type":"Feature","id":59,"properties":{"capital":false},"geometry":{"type":"Point","coordinates":[26.03799,44.59412]}},{"type":"Feature","id":60,"properties":{"capital":false},"geometry":{"type":"Point","coordinates":[25.94036,44.34206]}},{"type":"Feature","id":61,"properties":{"capital":false},"geometry":{"type":"Point","coordinates":[26.55951,44.68512]}},{"type":"Feature","id":62,"properties":{"capital":false},"geometry":{"type":"Point","coordinates":[25.91532,44.60128]}},{"type":"Feature","id":63,"properties":{"capital":false},"geometry":{"type":"Point","coordinates":[25.62374,44.43033]}},{"type":"Feature","id":64,"properties":{"capital":false},"geometry":{"type":"Point","coordinates":[22.33433,46.24097]}},{"type":"Feature","id":65,"properties":{"capital":false},"geometry":{"type":"Point","coordinates":[26.58667,44.19822]}},{"type":"Feature","id":66,"properties":{"capital":false},"geometry":{"type":"Point","coordinates":[25.99,43.98667]}},{"type":"Feature","id":67,"properties":{"capital":false},"geometry":{"type":"Point","coordinates":[26.22701,44.60157]}},{"type":"Feature","id":68,"properties":{"capital":false},"geometry":{"type":"Point","coordinates":[26.0199,44.30883]}},{"type":"Feature","id":69,"properties":{"capital":false},"geometry":{"type":"Point","coordinates":[26.06028,44.28839]}},{"type":"Feature","id":70,"properties":{"capital":false},"geometry":{"type":"Point","coordinates":[25.91468,44.39889]}},{"type":"Feature","id":71,"properties":{"capital":false},"geometry":{"type":"Point","coordinates":[25.9346,44.47429]}},{"type":"Feature","id":72,"properties":{"capital":false},"geometry":{"type":"Point","coordinates":[26.538,44.56757]}},{"type":"Feature","id":73,"properties":{"capital":false},"geometry":{"type":"Point","coordinates":[26.45175,44.69492]}},{"type":"Feature","id":74,"properties":{"capital":false},"geometry":{"type":"Point","coordinates":[26.38065,44.68203]}},{"type":"Feature","id":75,"properties":{"capital":false},"geometry":{"type":"Point","coordinates":[25.71046,44.48539]}},{"type":"Feature","id":76,"properties":{"capital":false},"geometry":{"type":"Point","coordinates":[26.81408,44.32091]}},{"type":"Feature","id":77,"properties":{"capital":false},"geometry":{"type":"Point","coordinates":[25.96998,43.97055]}},{"type":"Feature","id":78,"properties":{"capital":false},"geometry":{"type":"Point","coordinates":[22.11809,46.33039]}},{"type":"Feature","id":79,"properties":{"capital":false},"geometry":{"type":"Point","coordinates":[26.32058,44.29687]}},{"type":"Feature","id":80,"properties":{"capital":false},"geometry":{"type":"Point","coordinates":[26.34819,44.38296]}},{"type":"Feature","id":81,"properties":{"capital":false},"geometry":{"type":"Point","coordinates":[26.51483,44.46247]}},{"type":"Feature","id":82,"properties":{"capital":false},"geometry":{"type":"Point","coordinates":[25.64783,44.51355]}},{"type":"Feature","id":83,"properties":{"capital":false},"geometry":{"type":"Point","coordinates":[26.28275,44.49177]}},{"type":"Feature","id":84,"properties":{"capital":false},"geometry":{"type":"Point","coordinates":[25.71139,43.73769]}},{"type":"Feature","id":85,"properties":{"capital":false},"geometry":{"type":"Point","coordinates":[25.78187,44.19556]}},{"type":"Feature","id":86,"properties":{"capital":false},"geometry":{"type":"Point","coordinates":[26.7681,44.78623]}},{"type":"Feature","id":87,"properties":{"capital":false},"geometry":{"type":"Point","coordinates":[25.71124,43.85883]}},{"type":"Feature","id":88,"properties":{"capital":false},"geometry":{"type":"Point","coordinates":[26.12148,43.99708]}},{"type":"Feature","id":89,"properties":{"capital":false},"geometry":{"type":"Point","coordinates":[26.22658,44.18595]}},{"type":"Feature","id":90,"properties":{"capital":false},"geometry":{"type":"Point","coordinates":[25.81826,44.39234]}},{"type":"Feature","id":91,"properties":{"capital":false},"geometry":{"type":"Point","coordinates":[26.29628,44.66203]}},{"type":"Feature","id":92,"properties":{"capital":false},"geometry":{"type":"Point","coordinates":[22.08699,46.44481]}},{"type":"Feature","id":93,"properties":{"capital":false},"geometry":{"type":"Point","coordinates":[26.34022,44.11016]}},{"type":"Feature","id":94,"properties":{"capital":false},"geometry":{"type":"Point","coordinates":[26.2249,44.72469]}},{"type":"Feature","id":95,"properties":{"capital":false},"geometry":{"type":"Point","coordinates":[26.69339,44.3799]}},{"type":"Feature","id":96,"properties":{"capital":false},"geometry":{"type":"Point","coordinates":[26.36929,44.17506]}},{"type":"Feature","id":97,"properties":{"capital":false},"geometry":{"type":"Point","coordinates":[25.88241,44.25646]}},{"type":"Feature","id":98,"properties":{"capital":false},"geometry":{"type":"Point","coordinates":[21.84407,46.548]}},{"type":"Feature","id":99,"properties":{"capital":false},"geometry":{"type":"Point","coordinates":[26.66389,44.51119]}},{"type":"Feature","id":100,"properties":{"capital":false},"geometry":{"type":"Point","coordinates":[26.78668,44.66294]}},{"type":"Feature","id":101,"properties":{"capital":false},"geometry":{"type":"Point","coordinates":[25.77374,44.03236]}},{"type":"Feature","id":102,"properties":{"capital":false},"geometry":{"type":"Point","coordinates":[26.53111,44.76402]}},{"type":"Feature","id":103,"properties":{"capital":false},"geometry":{"type":"Point","coordinates":[25.85355,44.49715]}},{"type":"Feature","id":104,"properties":{"capital":false},"geometry":{"type":"Point","coordinates":[25.74113,44.23466]}},{"type":"Feature","id":105,"properties":{"capital":false},"geometry":{"type":"Point","coordinates":[26.58358,44.23086]}},{"type":"Feature","id":106,"properties":{"capital":false},"geometry":{"type":"Point","coordinates":[26.05663,44.14099]}},{"type":"Feature","id":107,"properties":{"capital":false},"geometry":{"type":"Point","coordinates":[25.92163,44.3184]}},{"type":"Feature","id":108,"properties":{"capital":false},"geometry":{"type":"Point","coordinates":[22.09754,46.29195]}},{"type":"Feature","id":109,"properties":{"capital":false},"geometry":{"type":"Point","coordinates":[26.89838,44.21]}},{"type":"Feature","id":110,"properties":{"capital":false},"geometry":{"type":"Point","coordinates":[25.55823,44.37325]}},{"type":"Feature","id":111,"properties":{"capital":false},"geometry":{"type":"Point","coordinates":[26.20465,44.64062]}},{"type":"Feature","id":112,"properties":{"capital":false},"geometry":{"type":"Point","coordinates":[26.48262,44.6398]}},{"type":"Feature","id":113,"properties":{"capital":false},"geometry":{"type":"Point","coordinates":[26.5905,44.26742]}},{"type":"Feature","id":114,"properties":{"capital":false},"geometry":{"type":"Point","coordinates":[26.74734,44.44917]}},{"type":"Feature","id":115,"properties":{"capital":false},"geometry":{"type":"Point","coordinates":[25.94071,44.68237]}},{"type":"Feature","id":116,"properties":{"capital":false},"geometry":{"type":"Point","coordinates":[26.29733,44.72071]}},{"type":"Feature","id":117,"properties":{"capital":false},"geometry":{"type":"Point","coordinates":[25.78012,44.40447]}},{"type":"Feature","id":118,"properties":{"capital":false},"geometry":{"type":"Point","coordinates":[26.0144,43.95345]}},{"type":"Feature","id":119,"properties":{"capital":false},"geometry":{"type":"Point","coordinates":[21.87987,46.10358]}},{"type":"Feature","id":120,"properties":{"capital":false},"geometry":{"type":"Point","coordinates":[26.02916,44.67798]}},{"type":"Feature","id":121,"properties":{"capital":false},"geometry":{"type":"Point","coordinates":[26.3106,44.5825]}},{"type":"Feature","id":122,"properties":{"capital":false},"geometry":{"type":"Point","coordinates":[26.36238,44.35308]}},{"type":"Feature","id":123,"properties":{"capital":false},"geometry":{"type":"Point","coordinates":[26.23159,44.08963]}},{"type":"Feature","id":124,"properties":{"capital":false},"geometry":{"type":"Point","coordinates":[25.74142,43.91062]}},{"type":"Feature","id":125,"properties":{"capital":false},"geometry":{"type":"Point","coordinates":[26.51639,44.1912]}},{"type":"Feature","id":126,"properties":{"capital":false},"geometry":{"type":"Point","coordinates":[25.66539,44.09431]}},{"type":"Feature","id":127,"properties":{"capital":false},"geometry":{"type":"Point","coordinates":[25.54409,44.41152]}},{"type":"Feature","id":128,"properties":{"capital":false},"geometry":{"type":"Point","coordinates":[26.64475,44.41326]}},{"type":"Feature","id":129,"properties":{"capital":false},"geometry":{"type":"Point","coordinates":[25.83812,44.14201]}},{"type":"Feature","id":130,"properties":{"capital":false},"geometry":{"type":"Point","coordinates":[26.37824,44.56633]}},{"type":"Feature","id":131,"properties":{"capital":false},"geometry":{"type":"Point","coordinates":[25.94658,44.23135]}},{"type":"Feature","id":132,"properties":{"capital":false},"geometry":{"type":"Point","coordinates":[21.60785,46.20539]}},{"type":"Feature","id":133,"properties":{"capital":false},"geometry":{"type":"Point","coordinates":[25.72975,44.59835]}},{"type":"Feature","id":134,"properties":{"capital":false},"geometry":{"type":"Point","coordinates":[26.17373,44.70796]}},{"type":"Feature","id":135,"properties":{"capital":false},"geometry":{"type":"Point","coordinates":[26.50021,44.32543]}},{"type":"Feature","id":136,"properties":{"capital":false},"geometry":{"type":"Point","coordinates":[26.78723,44.12219]}},{"type":"Feature","id":137,"properties":{"capital":false},"geometry":{"type":"Point","coordinates":[25.83543,43.92634]}},{"type":"Feature","id":138,"properties":{"capital":false},"geometry":{"type":"Point","coordinates":[21.97373,46.58293]}},{"type":"Feature","id":139,"properties":{"capital":false},"geometry":{"type":"Point","coordinates":[25.8884,44.14464]}},{"type":"Feature","id":140,"properties":{"capital":false},"geometry":{"type":"Point","coordinates":[26.52149,44.22255]}},{"type":"Feature","id":141,"properties":{"capital":false},"geometry":{"type":"Point","coordinates":[26.20121,44.53576]}},{"type":"Feature","id":142,"properties":{"capital":false},"geometry":{"type":"Point","coordinates":[26.56866,44.46734]}},{"type":"Feature","id":143,"properties":{"capital":false},"geometry":{"type":"Point","coordinates":[25.81112,44.58004]}},{"type":"Feature","id":144,"properties":{"capital":false},"geometry":{"type":"Point","coordinates":[26.14003,44.54702]}},{"type":"Feature","id":145,"properties":{"capital":false},"geometry":{"type":"Point","coordinates":[26.72645,44.14558]}},{"type":"Feature","id":146,"properties":{"capital":false},"geometry":{"type":"Point","coordinates":[25.78256,44.48679]}},{"type":"Feature","id":147,"properties":{"capital":false},"geometry":{"type":"Point","coordinates":[26.79017,44.35417]}},{"type":"Feature","id":148,"properties":{"capital":false},"geometry":{"type":"Point","coordinates":[26.30533,44.21106]}},{"type":"Feature","id":149,"properties":{"capital":false},"geometry":{"type":"Point","coordinates":[26.82865,44.74351]}},{"type":"Feature","id":150,"properties":{"capital":false},"geometry":{"type":"Point","coordinates":[26.4459,44.29046]}},{"type":"Feature","id":151,"properties":{"capital":false},"geometry":{"type":"Point","coordinates":[26.24503,44.23722]}},{"type":"Feature","id":152,"properties":{"capital":false},"geometry":{"type":"Point","coordinates":[25.78712,43.78187]}},{"type":"Feature","id":153,"properties":{"capital":false},"geometry":{"type":"Point","coordinates":[26.17124,44.26008]}},{"type":"Feature","id":154,"properties":{"capital":false},"geometry":{"type":"Point","coordinates":[25.56249,44.48996]}},{"type":"Feature","id":155,"properties":{"capital":true},"geometry":{"type":"Point","coordinates":[23.58159,47.65552]}},{"type":"Feature","id":156,"properties":{"capital":false},"geometry":{"type":"Point","coordinates":[23.61043,47.61727]}},{"type":"Feature","id":157,"properties":{"capital":false},"geometry":{"type":"Point","coordinates":[23.50397,47.63359]}},{"type":"Feature","id":158,"properties":{"capital":false},"geometry":{"type":"Point","coordinates":[23.46626,47.66559]}},{"type":"Feature","id":159,"properties":{"capital":false},"geometry":{"type":"Point","coordinates":[22.24185,46.40512]}},{"type":"Feature","id":160,"properties":{"capital":false},"geometry":{"type":"Point","coordinates":[23.89376,47.92862]}},{"type":"Feature","id":161,"properties":{"capital":false},"geometry":{"type":"Point","coordinates":[23.82711,47.95484]}},{"type":"Feature","id":162,"properties":{"capital":false},"geometry":{"type":"Point","coordinates":[23.93046,47.88795]}},{"type":"Feature","id":163,"properties":{"capital":false},"geometry":{"type":"Point","coordinates":[23.70345,47.66291]}},{"type":"Feature","id":164,"properties":{"capital":false},"geometry":{"type":"Point","coordinates":[24.66141,47.65488]}},{"type":"Feature","id":165,"properties":{"capital":false},"geometry":{"type":"Point","coordinates":[23.82385,47.64962]}},{"type":"Feature","id":166,"properties":{"capital":false},"geometry":{"type":"Point","coordinates":[23.86294,47.45348]}},{"type":"Feature","id":167,"properties":{"capital":false},"geometry":{"type":"Point","coordinates":[24.42592,47.71398]}},{"type":"Feature","id":168,"properties":{"capital":false},"geometry":{"type":"Point","coordinates":[23.36801,47.64817]}},{"type":"Feature","id":169,"properties":{"capital":false},"geometry":{"type":"Point","coordinates":[22.24674,46.31596]}},{"type":"Feature","id":170,"properties":{"capital":false},"geometry":{"type":"Point","coordinates":[23.22886,47.50074]}},{"type":"Feature","id":171,"properties":{"capital":false},"geometry":{"type":"Point","coordinates":[23.18083,47.56675]}},{"type":"Feature","id":172,"properties":{"capital":false},"geometry":{"type":"Point","coordinates":[23.61129,46.04576]}},{"type":"Feature","id":173,"properties":{"capital":false},"geometry":{"type":"Point","coordinates":[23.1482,47.52947]}},{"type":"Feature","id":174,"properties":{"capital":false},"geometry":{"type":"Point","coordinates":[23.9959,47.61372]}},{"type":"Feature","id":175,"properties":{"capital":false},"geometry":{"type":"Point","coordinates":[23.1446,47.48031]}},{"type":"Feature","id":176,"properties":{"capital":false},"geometry":{"type":"Point","coordinates":[23.03523,47.46148]}},{"type":"Feature","id":177,"properties":{"capital":false},"geometry":{"type":"Point","coordinates":[24.18869,47.86482]}},{"type":"Feature","id":178,"properties":{"capital":false},"geometry":{"type":"Point","coordinates":[24.0527,47.81727]}},{"type":"Feature","id":179,"properties":{"capital":false},"geometry":{"type":"Point","coordinates":[24.0139,47.96286]}},{"type":"Feature","id":180,"properties":{"capital":false},"geometry":{"type":"Point","coordinates":[24.2676,47.6905]}},{"type":"Feature","id":181,"properties":{"capital":false},"geometry":{"type":"Point","coordinates":[23.58029,47.39318]}},{"type":"Feature","id":182,"properties":{"capital":false},"geometry":{"type":"Point","coordinates":[24.14873,47.66792]}},{"type":"Feature","id":183,"properties":{"capital":false},"geometry":{"type":"Point","coordinates":[23.94486,47.73018]}},{"type":"Feature","id":184,"properties":{"capital":false},"geometry":{"type":"Point","coordinates":[23.9699,47.78553]}},{"type":"Feature","id":185,"properties":{"capital":false},"geometry":{"type":"Point","coordinates":[23.74188,47.50856]}},{"type":"Feature","id":186,"properties":{"capital":false},"geometry":{"type":"Point","coordinates":[21.83568,46.05019]}},{"type":"Feature","id":187,"properties":{"capital":false},"geometry":{"type":"Point","coordinates":[23.40217,47.69127]}},{"type":"Feature","id":188,"properties":{"capital":false},"geometry":{"type":"Point","coordinates":[23.771,47.98624]}},{"type":"Feature","id":189,"properties":{"capital":false},"geometry":{"type":"Point","coordinates":[23.67765,47.50887]}},{"type":"Feature","id":190,"properties":{"capital":false},"geometry":{"type":"Point","coordinates":[23.76269,47.37438]}},{"type":"Feature","id":191,"properties":{"capital":false},"geometry":{"type":"Point","coordinates":[23.93272,47.54116]}},{"type":"Feature","id":192,"properties":{"capital":false},"geometry":{"type":"Point","coordinates":[23.85752,47.77219]}},{"type":"Feature","id":193,"properties":{"capital":false},"geometry":{"type":"Point","coordinates":[24.2938,47.66833]}},{"type":"Feature","id":194,"properties":{"capital":false},"geometry":{"type":"Point","coordinates":[23.65056,47.59865]}},{"type":"Feature","id":195,"properties":{"capital":false},"geometry":{"type":"Point","coordinates":[23.32609,47.58352]}},{"type":"Feature","id":196,"properties":{"capital":false},"geometry":{"type":"Point","coordinates":[23.93017,47.82174]}},{"type":"Feature","id":197,"properties":{"capital":false},"geometry":{"type":"Point","coordinates":[24.23217,47.67712]}},{"type":"Feature","id":198,"properties":{"capital":false},"geometry":{"type":"Point","coordinates":[24.00485,47.49336]}},{"type":"Feature","id":199,"properties":{"capital":false},"geometry":{"type":"Point","coordinates":[24.2624,47.7828]}},{"type":"Feature","id":200,"properties":{"capital":false},"geometry":{"type":"Point","coordinates":[23.33369,47.50294]}},{"type":"Feature","id":201,"properties":{"capital":false},"geometry":{"type":"Point","coordinates":[21.147,46.11714]}},{"type":"Feature","id":202,"properties":{"capital":false},"geometry":{"type":"Point","coordinates":[24.53827,47.65586]}},{"type":"Feature","id":203,"properties":{"capital":false},"geometry":{"type":"Point","coordinates":[23.13025,47.45872]}},{"type":"Feature","id":204,"properties":{"capital":false},"geometry":{"type":"Point","coordinates":[23.93786,47.78105]}},{"type":"Feature","id":205,"properties":{"capital":false},"geometry":{"type":"Point","coordinates":[24.2144,47.82977]}},{"type":"Feature","id":206,"properties":{"capital":false},"geometry":{"type":"Point","coordinates":[24.43512,47.82346]}},{"type":"Feature","id":207,"properties":{"capital":false},"geometry":{"type":"Point","coordinates":[23.54618,47.52733]}},{"type":"Feature","id":208,"properties":{"capital":false},"geometry":{"type":"Point","coordinates":[23.64136,47.98991]}},{"type":"Feature","id":209,"properties":{"capital":false},"geometry":{"type":"Point","coordinates":[24.3998,47.83186]}},{"type":"Feature","id":210,"properties":{"capital":false},"geometry":{"type":"Point","coordinates":[24.01598,47.92414]}},{"type":"Feature","id":211,"properties":{"capital":false},"geometry":{"type":"Point","coordinates":[24.04099,47.89743]}},{"type":"Feature","id":212,"properties":{"capital":false},"geometry":{"type":"Point","coordinates":[24.22124,47.73815]}},{"type":"Feature","id":213,"properties":{"capital":false},"geometry":{"type":"Point","coordinates":[24.28384,47.79263]}},{"type":"Feature","id":214,"properties":{"capital":false},"geometry":{"type":"Point","coordinates":[23.42653,47.57083]}},{"type":"Feature","id":215,"properties":{"capital":false},"geometry":{"type":"Point","coordinates":[21.5887,46.15302]}},{"type":"Feature","id":216,"properties":{"capital":false},"geometry":{"type":"Point","coordinates":[23.5627,47.58152]}},{"type":"Feature","id":217,"properties":{"capital":false},"geometry":{"type":"Point","coordinates":[24.43347,47.63663]}},{"type":"Feature","id":218,"properties":{"capital":false},"geometry":{"type":"Point","coordinates":[24.35175,47.65993]}},{"type":"Feature","id":219,"properties":{"capital":false},"geometry":{"type":"Point","coordinates":[23.30108,47.51906]}},{"type":"Feature","id":220,"properties":{"capital":false},"geometry":{"type":"Point","coordinates":[23.69655,47.96907]}},{"type":"Feature","id":221,"properties":{"capital":false},"geometry":{"type":"Point","coordinates":[23.28416,47.74877]}},{"type":"Feature","id":222,"properties":{"capital":false},"geometry":{"type":"Point","coordinates":[24.13557,47.77311]}},{"type":"Feature","id":223,"properties":{"capital":false},"geometry":{"type":"Point","coordinates":[24.03992,47.43113]}},{"type":"Feature","id":224,"properties":{"capital":false},"geometry":{"type":"Point","coordinates":[23.70632,47.63478]}},{"type":"Feature","id":225,"properties":{"capital":false},"geometry":{"type":"Point","coordinates":[21.3035,46.51921]}},{"type":"Feature","id":226,"properties":{"capital":false},"geometry":{"type":"Point","coordinates":[23.47083,47.49788]}},{"type":"Feature","id":227,"properties":{"capital":false},"geometry":{"type":"Point","coordinates":[23.30259,47.46292]}},{"type":"Feature","id":228,"properties":{"capital":false},"geometry":{"type":"Point","coordinates":[23.48535,47.42771]}},{"type":"Feature","id":229,"properties":{"capital":false},"geometry":{"type":"Point","coordinates":[23.70519,47.41201]}},{"type":"Feature","id":230,"properties":{"capital":false},"geometry":{"type":"Point","coordinates":[22.34052,46.26957]}},{"type":"Feature","id":231,"properties":{"capital":false},"geometry":{"type":"Point","coordinates":[24.36144,47.72734]}},{"type":"Feature","id":232,"properties":{"capital":true},"geometry":{"type":"Point","coordinates":[22.65849,44.63408]}},{"type":"Feature","id":233,"properties":{"capital":false},"geometry":{"type":"Point","coordinates":[22.7021,44.61577]}},{"type":"Feature","id":234,"properties":{"capital":false},"geometry":{"type":"Point","coordinates":[22.80629,44.99896]}},{"type":"Feature","id":235,"properties":{"capital":false},"geometry":{"type":"Point","coordinates":[22.68751,45.02141]}},{"type":"Feature","id":236,"properties":{"capital":false},"geometry":{"type":"Point","coordinates":[22.39616,44.72486]}},{"type":"Feature","id":237,"properties":{"capital":false},"geometry":{"type":"Point","coordinates":[23.19057,44.62178]}},{"type":"Feature","id":238,"properties":{"capital":false},"geometry":{"type":"Point","coordinates":[22.86929,44.4254]}},{"type":"Feature","id":239,"properties":{"capital":false},"geometry":{"type":"Point","coordinates":[22.83544,44.88287]}},{"type":"Feature","id":240,"properties":{"capital":false},"geometry":{"type":"Point","coordinates":[22.63586,44.88752]}},{"type":"Feature","id":241,"properties":{"capital":false},"geometry":{"type":"Point","coordinates":[23.12457,44.38513]}},{"type":"Feature","id":242,"properties":{"capital":false},"geometry":{"type":"Point","coordinates":[23.12297,44.48442]}},{"type":"Feature","id":243,"properties":{"capital":false},"geometry":{"type":"Point","coordinates":[22.59661,46.26918]}},{"type":"Feature","id":244,"properties":{"capital":false},"geometry":{"type":"Point","coordinates":[22.67623,44.79681]}},{"type":"Feature","id":245,"properties":{"capital":false},"geometry":{"type":"Point","coordinates":[23.21414,44.56685]}},{"type":"Feature","id":246,"properties":{"capital":false},"geometry":{"type":"Point","coordinates":[22.61115,44.67234]}},{"type":"Feature","id":247,"properties":{"capital":false},"geometry":{"type":"Point","coordinates":[22.98581,44.75874]}},{"type":"Feature","id":248,"properties":{"capital":false},"geometry":{"type":"Point","coordinates":[22.57389,44.45396]}},{"type":"Feature","id":249,"properties":{"capital":false},"geometry":{"type":"Point","coordinates":[23.37082,44.58769]}},{"type":"Feature","id":250,"properties":{"capital":false},"geometry":{"type":"Point","coordinates":[22.89184,44.72369]}},{"type":"Feature","id":251,"properties":{"capital":false},"geometry":{"type":"Point","coordinates":[22.53833,44.82379]}},{"type":"Feature","id":252,"properties":{"capital":false},"geometry":{"type":"Point","coordinates":[23.04441,44.69723]}},{"type":"Feature","id":253,"properties":{"capital":false},"geometry":{"type":"Point","coordinates":[22.93265,44.39702]}},{"type":"Feature","id":254,"properties":{"capital":false},"geometry":{"type":"Point","coordinates":[22.92699,44.20842]}},{"type":"Feature","id":255,"properties":{"capital":false},"geometry":{"type":"Point","coordinates":[22.65927,44.47238]}},{"type":"Feature","id":256,"properties":{"capital":false},"geometry":{"type":"Point","coordinates":[23.04893,44.1907]}},{"type":"Feature","id":257,"properties":{"capital":false},"geometry":{"type":"Point","coordinates":[23.13601,44.51788]}},{"type":"Feature","id":258,"properties":{"capital":false},"geometry":{"type":"Point","coordinates":[22.94219,44.76353]}},{"type":"Feature","id":259,"properties":{"capital":false},"geometry":{"type":"Point","coordinates":[22.62117,46.2682]}},{"type":"Feature","id":260,"properties":{"capital":false},"geometry":{"type":"Point","coordinates":[22.77544,44.21053]}},{"type":"Feature","id":261,"properties":{"capital":false},"geometry":{"type":"Point","coordinates":[22.60637,44.8002]}},{"type":"Feature","id":262,"properties":{"capital":false},"geometry":{"type":"Point","coordinates":[22.59201,44.37326]}},{"type":"Feature","id":263,"properties":{"capital":false},"geometry":{"type":"Point","coordinates":[23.10829,44.56165]}},{"type":"Feature","id":264,"properties":{"capital":false},"geometry":{"type":"Point","coordinates":[23.30924,44.64793]}},{"type":"Feature","id":265,"properties":{"capital":false},"geometry":{"type":"Point","coordinates":[22.70675,44.26846]}},{"type":"Feature","id":266,"properties":{"capital":false},"geometry":{"type":"Point","coordinates":[22.77646,44.54025]}},{"type":"Feature","id":267,"properties":{"capital":false},"geometry":{"type":"Point","coordinates":[22.84439,44.67821]}},{"type":"Feature","id":268,"properties":{"capital":false},"geometry":{"type":"Point","coordinates":[22.36423,44.69871]}},{"type":"Feature","id":269,"properties":{"capital":false},"geometry":{"type":"Point","coordinates":[22.76179,44.81164]}},{"type":"Feature","id":270,"properties":{"capital":false},"geometry":{"type":"Point","coordinates":[22.47344,44.75596]}},{"type":"Feature","id":271,"properties":{"capital":false},"geometry":{"type":"Point","coordinates":[22.07584,46.50355]}},{"type":"Feature","id":272,"properties":{"capital":false},"geometry":{"type":"Point","coordinates":[22.62839,44.97884]}},{"type":"Feature","id":273,"properties":{"capital":false},"geometry":{"type":"Point","coordinates":[22.67575,44.70879]}},{"type":"Feature","id":274,"properties":{"capital":false},"geometry":{"type":"Point","coordinates":[22.71125,44.4015]}},{"type":"Feature","id":275,"properties":{"capital":false},"geometry":{"type":"Point","coordinates":[22.85984,44.51503]}},{"type":"Feature","id":276,"properties":{"capital":false},"geometry":{"type":"Point","coordinates":[22.72813,44.70541]}},{"type":"Feature","id":277,"properties":{"capital":false},"geometry":{"type":"Point","coordinates":[22.98351,44.1716]}},{"type":"Feature","id":278,"properties":{"capital":false},"geometry":{"type":"Point","coordinates":[23.07683,44.28437]}},{"type":"Feature","id":279,"properties":{"capital":false},"geometry":{"type":"Point","coordinates":[23.01192,44.44175]}},{"type":"Feature","id":280,"properties":{"capital":false},"geometry":{"type":"Point","coordinates":[22.78016,44.34517]}},{"type":"Feature","id":281,"properties":{"capital":false},"geometry":{"type":"Point","coordinates":[22.25276,44.61823]}},{"type":"Feature","id":282,"properties":{"capital":false},"geometry":{"type":"Point","coordinates":[22.54389,44.87757]}},{"type":"Feature","id":283,"properties":{"capital":false},"geometry":{"type":"Point","coordinates":[22.76268,44.97454]}},{"type":"Feature","id":284,"properties":{"capital":false},"geometry":{"type":"Point","coordinates":[22.16797,46.4096]}},{"type":"Feature","id":285,"properties":{"capital":false},"geometry":{"type":"Point","coordinates":[22.93038,44.49629]}},{"type":"Feature","id":286,"properties":{"capital":false},"geometry":{"type":"Point","coordinates":[22.70877,44.22636]}},{"type":"Feature","id":287,"properties":{"capital":false},"geometry":{"type":"Point","coordinates":[22.91586,44.60841]}},{"type":"Feature","id":288,"properties":{"capital":false},"geometry":{"type":"Point","coordinates":[22.93647,44.28151]}},{"type":"Feature","id":289,"properties":{"capital":false},"geometry":{"type":"Point","coordinates":[22.80597,44.47072]}},{"type":"Feature","id":290,"properties":{"capital":false},"geometry":{"type":"Point","coordinates":[22.92895,44.1409]}},{"type":"Feature","id":291,"properties":{"capital":false},"geometry":{"type":"Point","coordinates":[23.3112,44.60863]}},{"type":"Feature","id":292,"properties":{"capital":false},"geometry":{"type":"Point","coordinates":[21.20532,46.31278]}},{"type":"Feature","id":293,"properties":{"capital":false},"geometry":{"type":"Point","coordinates":[22.10333,44.49979]}},{"type":"Feature","id":294,"properties":{"capital":false},"geometry":{"type":"Point","coordinates":[22.84055,44.77621]}},{"type":"Feature","id":295,"properties":{"capital":false},"geometry":{"type":"Point","coordinates":[22.80092,44.851]}},{"type":"Feature","id":296,"properties":{"capital":false},"geometry":{"type":"Point","coordinates":[23.0134,44.571]}},{"type":"Feature","id":297,"properties":{"capital":false},"geometry":{"type":"Point","coordinates":[22.92967,44.23895]}},{"type":"Feature","id":298,"properties":{"capital":false},"geometry":{"type":"Point","coordinates":[22.79183,44.44342]}},{"type":"Feature","id":299,"properties":{"capital":false},"geometry":{"type":"Point","coordinates":[23.02607,44.35733]}},{"type":"Feature","id":300,"properties":{"capital":false},"geometry":{"type":"Point","coordinates":[23.09376,44.62492]}},{"type":"Feature","id":301,"properties":{"capital":false},"geometry":{"type":"Point","coordinates":[21.31392,46.38501]}},{"type":"Feature","id":302,"properties":{"capital":false},"geometry":{"type":"Point","coordinates":[22.97202,44.24167]}},{"type":"Feature","id":303,"properties":{"capital":false},"geometry":{"type":"Point","coordinates":[22.84776,44.19162]}},{"type":"Feature","id":304,"properties":{"capital":false},"geometry":{"type":"Point","coordinates":[21.59837,46.60247]}},{"type":"Feature","id":305,"properties":{"capital":true},"geometry":{"type":"Point","coordinates":[24.55821,46.54023]}},{"type":"Feature","id":306,"properties":{"capital":false},"geometry":{"type":"Point","coordinates":[24.48429,46.5062]}},{"type":"Feature","id":307,"properties":{"capital":false},"geometry":{"type":"Point","coordinates":[24.54373,46.55268]}},{"type":"Feature","id":308,"properties":{"capital":false},"geometry":{"type":"Point","coordinates":[24.60667,46.57667]}},{"type":"Feature","id":309,"properties":{"capital":false},"geometry":{"type":"Point","coordinates":[24.55506,46.57631]}},{"type":"Feature","id":310,"properties":{"capital":false},"geometry":{"type":"Point","coordinates":[24.79123,46.22113]}},{"type":"Feature","id":311,"properties":{"capital":false},"geometry":{"type":"Point","coordinates":[24.84929,46.23776]}},{"type":"Feature","id":312,"properties":{"capital":false},"geometry":{"type":"Point","coordinates":[24.09559,46.48157]}},{"type":"Feature","id":313,"properties":{"capital":false},"geometry":{"type":"Point","coordinates":[22.25023,46.45758]}},{"type":"Feature","id":314,"properties":{"capital":false},"geometry":{"type":"Point","coordinates":[24.70036,46.77969]}},{"type":"Feature","id":315,"properties":{"capital":false},"geometry":{"type":"Point","coordinates":[25.06901,46.5972]}},{"type":"Feature","id":316,"properties":{"capital":false},"geometry":{"type":"Point","coordinates":[24.29505,46.33163]}},{"type":"Feature","id":317,"properties":{"capital":false},"geometry":{"type":"Point","coordinates":[24.6335,46.47969]}},{"type":"Feature","id":318,"properties":{"capital":false},"geometry":{"type":"Point","coordinates":[21.54326,46.38582]}},{"type":"Feature","id":319,"properties":{"capital":false},"geometry":{"type":"Point","coordinates":[24.23538,46.30364]}},{"type":"Feature","id":320,"properties":{"capital":false},"geometry":{"type":"Point","coordinates":[23.06349,46.27454]}},{"type":"Feature","id":321,"properties":{"capital":false},"geometry":{"type":"Point","coordinates":[24.82835,46.89442]}},{"type":"Feature","id":322,"properties":{"capital":false},"geometry":{"type":"Point","coordinates":[24.81731,46.12508]}},{"type":"Feature","id":323,"properties":{"capital":false},"geometry":{"type":"Point","coordinates":[24.10509,46.42928]}},{"type":"Feature","id":324,"properties":{"capital":false},"geometry":{"type":"Point","coordinates":[24.47717,46.37409]}},{"type":"Feature","id":325,"properties":{"capital":false},"geometry":{"type":"Point","coordinates":[24.3715,46.57907]}},{"type":"Feature","id":326,"properties":{"capital":false},"geometry":{"type":"Point","coordinates":[21.59317,46.11583]}},{"type":"Feature","id":327,"properties":{"capital":false},"geometry":{"type":"Point","coordinates":[24.65257,46.88671]}},{"type":"Feature","id":328,"properties":{"capital":false},"geometry":{"type":"Point","coordinates":[24.37071,46.27043]}},{"type":"Feature","id":329,"properties":{"capital":false},"geometry":{"type":"Point","coordinates":[24.49861,46.71281]}},{"type":"Feature","id":330,"properties":{"capital":false},"geometry":{"type":"Point","coordinates":[24.68935,46.40863]}},{"type":"Feature","id":331,"properties":{"capital":false},"geometry":{"type":"Point","coordinates":[24.79656,46.73273]}},{"type":"Feature","id":332,"properties":{"capital":false},"geometry":{"type":"Point","coordinates":[24.09039,46.37397]}},{"type":"Feature","id":333,"properties":{"capital":false},"geometry":{"type":"Point","coordinates":[24.11804,46.45612]}},{"type":"Feature","id":334,"properties":{"capital":false},"geometry":{"type":"Point","coordinates":[21.06532,46.16599]}},{"type":"Feature","id":335,"properties":{"capital":false},"geometry":{"type":"Point","coordinates":[24.63746,46.76336]}},{"type":"Feature","id":336,"properties":{"capital":false},"geometry":{"type":"Point","coordinates":[24.75833,46.85567]}},{"type":"Feature","id":337,"properties":{"capital":false},"geometry":{"type":"Point","coordinates":[24.51229,46.64265]}},{"type":"Feature","id":338,"properties":{"capital":false},"geometry":{"type":"Point","coordinates":[24.0263,46.46406]}},{"type":"Feature","id":339,"properties":{"capital":false},"geometry":{"type":"Point","coordinates":[24.87997,46.68714]}},{"type":"Feature","id":340,"properties":{"capital":false},"geometry":{"type":"Point","coordinates":[24.60045,46.40719]}},{"type":"Feature","id":341,"properties":{"capital":false},"geometry":{"type":"Point","coordinates":[24.52095,46.8068]}},{"type":"Feature","id":342,"properties":{"capital":false},"geometry":{"type":"Point","coordinates":[24.57367,46.47702]}},{"type":"Feature","id":343,"properties":{"capital":false},"geometry":{"type":"Point","coordinates":[24.4234,46.75743]}},{"type":"Feature","id":344,"properties":{"capital":false},"geometry":{"type":"Point","coordinates":[20.9063,46.23348]}},{"type":"Feature","id":345,"properties":{"capital":false},"geometry":{"type":"Point","coordinates":[24.26448,46.40219]}},{"type":"Feature","id":346,"properties":{"capital":false},"geometry":{"type":"Point","coordinates":[24.15465,46.46398]}},{"type":"Feature","id":347,"properties":{"capital":false},"geometry":{"type":"Point","coordinates":[24.69526,46.22291]}},{"type":"Feature","id":348,"properties":{"capital":false},"geometry":{"type":"Point","coordinates":[24.87255,46.94641]}},{"type":"Feature","id":349,"properties":{"capital":false},"geometry":{"type":"Point","coordinates":[24.92254,46.66141]}},{"type":"Feature","id":350,"properties":{"capital":false},"geometry":{"type":"Point","coordinates":[22.39198,46.04035]}},{"type":"Feature","id":351,"properties":{"capital":false},"geometry":{"type":"Point","coordinates":[24.64153,46.60558]}},{"type":"Feature","id":352,"properties":{"capital":false},"geometry":{"type":"Point","coordinates":[24.51592,46.76247]}},{"type":"Feature","id":353,"properties":{"capital":false},"geometry":{"type":"Point","coordinates":[24.76497,46.42154]}},{"type":"Feature","id":354,"properties":{"capital":false},"geometry":{"type":"Point","coordinates":[24.75796,46.51331]}},{"type":"Feature","id":355,"properties":{"capital":false},"geometry":{"type":"Point","coordinates":[24.35892,46.33423]}},{"type":"Feature","id":356,"properties":{"capital":false},"geometry":{"type":"Point","coordinates":[24.50965,46.463]}},{"type":"Feature","id":357,"properties":{"capital":false},"geometry":{"type":"Point","coordinates":[24.9246,46.50454]}},{"type":"Feature","id":358,"properties":{"capital":false},"geometry":{"type":"Point","coordinates":[24.60696,46.65267]}},{"type":"Feature","id":359,"properties":{"capital":false},"geometry":{"type":"Point","coordinates":[24.64965,46.67503]}},{"type":"Feature","id":360,"properties":{"capital":false},"geometry":{"type":"Point","coordinates":[24.31013,46.60852]}},{"type":"Feature","id":361,"properties":{"capital":false},"geometry":{"type":"Point","coordinates":[24.85562,46.77277]}},{"type":"Feature","id":362,"properties":{"capital":false},"geometry":{"type":"Point","coordinates":[21.34807,46.57601]}},{"type":"Feature","id":363,"properties":{"capital":false},"geometry":{"type":"Point","coordinates":[24.92546,46.77556]}},{"type":"Feature","id":364,"properties":{"capital":false},"geometry":{"type":"Point","coordinates":[24.8238,46.63671]}},{"type":"Feature","id":365,"properties":{"capital":false},"geometry":{"type":"Point","coordinates":[24.93295,46.76921]}},{"type":"Feature","id":366,"properties":{"capital":false},"geometry":{"type":"Point","coordinates":[22.42405,46.29976]}},{"type":"Feature","id":367,"properties":{"capital":false},"geometry":{"type":"Point","coordinates":[24.27647,46.52501]}},{"type":"Feature","id":368,"properties":{"capital":false},"geometry":{"type":"Point","coordinates":[24.75956,46.81663]}},{"type":"Feature","id":369,"properties":{"capital":false},"geometry":{"type":"Point","coordinates":[24.23552,46.45033]}},{"type":"Feature","id":370,"properties":{"capital":false},"geometry":{"type":"Point","coordinates":[24.6345,46.55007]}},{"type":"Feature","id":371,"properties":{"capital":false},"geometry":{"type":"Point","coordinates":[24.57712,46.84809]}},{"type":"Feature","id":372,"properties":{"capital":false},"geometry":{"type":"Point","coordinates":[25.11236,46.95566]}},{"type":"Feature","id":373,"properties":{"capital":false},"geometry":{"type":"Point","coordinates":[24.90594,46.56358]}},{"type":"Feature","id":374,"properties":{"capital":false},"geometry":{"type":"Point","coordinates":[24.41083,46.36776]}},{"type":"Feature","id":375,"properties":{"capital":false},"geometry":{"type":"Point","coordinates":[24.80689,46.53615]}},{"type":"Feature","id":376,"properties":{"capital":false},"geometry":{"type":"Point","coordinates":[24.15708,46.67737]}},{"type":"Feature","id":377,"properties":{"capital":false},"geometry":{"type":"Point","coordinates":[22.23426,46.01421]}},{"type":"Feature","id":378,"properties":{"capital":false},"geometry":{"type":"Point","coordinates":[24.72838,46.32038]}},{"type":"Feature","id":379,"properties":{"capital":false},"geometry":{"type":"Point","coordinates":[24.82915,46.47696]}},{"type":"Feature","id":380,"properties":{"capital":false},"geometry":{"type":"Point","coordinates":[24.31636,46.44721]}},{"type":"Feature","id":381,"properties":{"capital":false},"geometry":{"type":"Point","coordinates":[24.20172,46.55904]}},{"type":"Feature","id":382,"properties":{"capital":false},"geometry":{"type":"Point","coordinates":[24.47182,46.55583]}},{"type":"Feature","id":383,"properties":{"capital":false},"geometry":{"type":"Point","coordinates":[24.69241,46.49135]}},{"type":"Feature","id":384,"properties":{"capital":false},"geometry":{"type":"Point","coordinates":[24.70847,46.73004]}},{"type":"Feature","id":385,"properties":{"capital":false},"geometry":{"type":"Point","coordinates":[24.31062,46.67578]}},{"type":"Feature","id":386,"properties":{"capital":false},"geometry":{"type":"Point","coordinates":[24.99124,46.97195]}},{"type":"Feature","id":387,"properties":{"capital":false},"geometry":{"type":"Point","coordinates":[24.39542,46.68991]}},{"type":"Feature","id":388,"properties":{"capital":false},"geometry":{"type":"Point","coordinates":[24.83284,46.91539]}},{"type":"Feature","id":389,"properties":{"capital":false},"geometry":{"type":"Point","coordinates":[24.96137,46.19475]}},{"type":"Feature","id":390,"properties":{"capital":false},"geometry":{"type":"Point","coordinates":[24.16314,46.75295]}},{"type":"Feature","id":391,"properties":{"capital":false},"geometry":{"type":"Point","coordinates":[24.84118,46.43034]}},{"type":"Feature","id":392,"properties":{"capital":false},"geometry":{"type":"Point","coordinates":[24.13611,46.558]}},{"type":"Feature","id":393,"properties":{"capital":false},"geometry":{"type":"Point","coordinates":[20.98266,46.08755]}},{"type":"Feature","id":394,"properties":{"capital":false},"geometry":{"type":"Point","coordinates":[24.34976,46.45617]}},{"type":"Feature","id":395,"properties":{"capital":false},"geometry":{"type":"Point","coordinates":[24.26084,46.71561]}},{"type":"Feature","id":396,"properties":{"capital":false},"geometry":{"type":"Point","coordinates":[24.77222,46.77781]}},{"type":"Feature","id":397,"properties":{"capital":false},"geometry":{"type":"Point","coordinates":[25.23763,46.95992]}},{"type":"Feature","id":398,"properties":{"capital":false},"geometry":{"type":"Point","coordinates":[24.5194,46.39605]}},{"type":"Feature","id":399,"properties":{"capital":false},"geometry":{"type":"Point","coordinates":[24.73011,46.8141]}},{"type":"Feature","id":400,"properties":{"capital":false},"geometry":{"type":"Point","coordinates":[24.21095,46.64139]}},{"type":"Feature","id":401,"properties":{"capital":false},"geometry":{"type":"Point","coordinates":[24.38892,46.65461]}},{"type":"Feature","id":402,"properties":{"capital":false},"geometry":{"type":"Point","coordinates":[24.07919,46.57924]}},{"type":"Feature","id":403,"properties":{"capital":false},"geometry":{"type":"Point","coordinates":[24.45723,46.48545]}},{"type":"Feature","id":404,"properties":{"capital":false},"geometry":{"type":"Point","coordinates":[21.7096,46.38219]}},{"type":"Feature","id":405,"properties":{"capital":false},"geometry":{"type":"Point","coordinates":[24.07599,46.62229]}},{"type":"Feature","id":406,"properties":{"capital":false},"geometry":{"type":"Point","coordinates":[24.80056,46.57932]}},{"type":"Feature","id":407,"properties":{"capital":false},"geometry":{"type":"Point","coordinates":[24.76348,46.96082]}},{"type":"Feature","id":408,"properties":{"capital":false},"geometry":{"type":"Point","coordinates":[24.79059,46.35187]}},{"type":"Feature","id":409,"properties":{"capital":false},"geometry":{"type":"Point","coordinates":[24.59749,46.29584]}},{"type":"Feature","id":410,"properties":{"capital":false},"geometry":{"type":"Point","coordinates":[24.92664,46.24214]}},{"type":"Feature","id":411,"properties":{"capital":false},"geometry":{"type":"Point","coordinates":[24.62554,46.70562]}},{"type":"Feature","id":412,"properties":{"capital":false},"geometry":{"type":"Point","coordinates":[24.61652,46.35031]}},{"type":"Feature","id":413,"properties":{"capital":false},"geometry":{"type":"Point","coordinates":[20.9305,46.11226]}},{"type":"Feature","id":414,"properties":{"capital":false},"geometry":{"type":"Point","coordinates":[24.12922,46.61354]}},{"type":"Feature","id":415,"properties":{"capital":false},"geometry":{"type":"Point","coordinates":[24.96058,46.53301]}},{"type":"Feature","id":416,"properties":{"capital":false},"geometry":{"type":"Point","coordinates":[24.61906,46.52198]}},{"type":"Feature","id":417,"properties":{"capital":false},"geometry":{"type":"Point","coordinates":[25.01173,46.56219]}},{"type":"Feature","id":418,"properties":{"capital":false},"geometry":{"type":"Point","coordinates":[24.43288,46.6046]}},{"type":"Feature","id":419,"properties":{"capital":false},"geometry":{"type":"Point","coordinates":[24.86663,46.55706]}},{"type":"Feature","id":420,"properties":{"capital":false},"geometry":{"type":"Point","coordinates":[21.60374,46.51948]}},{"type":"Feature","id":421,"properties":{"capital":true},"geometry":{"type":"Point","coordinates":[26.3685,46.934]}},{"type":"Feature","id":422,"properties":{"capital":false},"geometry":{"type":"Point","coordinates":[26.43674,46.88302]}},{"type":"Feature","id":423,"properties":{"capital":false},"geometry":{"type":"Point","coordinates":[26.46545,46.85342]}},{"type":"Feature","id":424,"properties":{"capital":false},"geometry":{"type":"Point","coordinates":[26.93522,46.92949]}},{"type":"Feature","id":425,"properties":{"capital":false},"geometry":{"type":"Point","coordinates":[26.89354,46.95034]}},{"type":"Feature","id":426,"properties":{"capital":false},"geometry":{"type":"Point","coordinates":[21.51027,46.34433]}},{"type":"Feature","id":427,"properties":{"capital":false},"geometry":{"type":"Point","coordinates":[26.9209,46.90655]}},{"type":"Feature","id":428,"properties":{"capital":false},"geometry":{"type":"Point","coordinates":[26.08944,46.91259]}},{"type":"Feature","id":429,"properties":{"capital":false},"geometry":{"type":"Point","coordinates":[26.36039,47.20663]}},{"type":"Feature","id":430,"properties":{"capital":false},"geometry":{"type":"Point","coordinates":[26.28423,47.17352]}},{"type":"Feature","id":431,"properties":{"capital":false},"geometry":{"type":"Point","coordinates":[26.79523,46.77779]}},{"type":"Feature","id":432,"properties":{"capital":false},"geometry":{"type":"Point","coordinates":[26.3107,47.12566]}},{"type":"Feature","id":433,"properties":{"capital":false},"geometry":{"type":"Point","coordinates":[21.43967,46.50977]}},{"type":"Feature","id":434,"properties":{"capital":false},"geometry":{"type":"Point","coordinates":[25.88903,46.83938]}},{"type":"Feature","id":435,"properties":{"capital":false},"geometry":{"type":"Point","coordinates":[23.71664,46.31001]}},{"type":"Feature","id":436,"properties":{"capital":false},"geometry":{"type":"Point","coordinates":[25.93175,46.85462]}},{"type":"Feature","id":437,"properties":{"capital":false},"geometry":{"type":"Point","coordinates":[27.04348,47.02286]}},{"type":"Feature","id":438,"properties":{"capital":false},"geometry":{"type":"Point","coordinates":[21.28451,46.06081]}},{"type":"Feature","id":439,"properties":{"capital":false},"geometry":{"type":"Point","coordinates":[26.63753,46.99145]}},{"type":"Feature","id":440,"properties":{"capital":false},"geometry":{"type":"Point","coordinates":[26.41666,47.03106]}},{"type":"Feature","id":441,"properties":{"capital":false},"geometry":{"type":"Point","coordinates":[25.78711,47.17868]}},{"type":"Feature","id":442,"properties":{"capital":false},"geometry":{"type":"Point","coordinates":[26.50852,46.77814]}},{"type":"Feature","id":443,"properties":{"capital":false},"geometry":{"type":"Point","coordinates":[26.74707,47.05176]}},{"type":"Feature","id":444,"properties":{"capital":false},"geometry":{"type":"Point","coordinates":[27.14741,46.84098]}},{"type":"Feature","id":445,"properties":{"capital":false},"geometry":{"type":"Point","coordinates":[26.38119,47.2802]}},{"type":"Feature","id":446,"properties":{"capital":false},"geometry":{"type":"Point","coordinates":[25.96106,47.0415]}},{"type":"Feature","id":447,"properties":{"capital":false},"geometry":{"type":"Point","coordinates":[20.84304,46.10823]}},{"type":"Feature","id":448,"properties":{"capital":false},"geometry":{"type":"Point","coordinates":[26.5836,46.72299]}},{"type":"Feature","id":449,"properties":{"capital":false},"geometry":{"type":"Point","coordinates":[26.6623,46.75136]}},{"type":"Feature","id":450,"properties":{"capital":false},"geometry":{"type":"Point","coordinates":[26.30954,47.09812]}},{"type":"Feature","id":451,"properties":{"capital":false},"geometry":{"type":"Point","coordinates":[21.73257,46.57093]}},{"type":"Feature","id":452,"properties":{"capital":false},"geometry":{"type":"Point","coordinates":[25.90917,46.80405]}},{"type":"Feature","id":453,"properties":{"capital":false},"geometry":{"type":"Point","coordinates":[26.41772,47.00568]}},{"type":"Feature","id":454,"properties":{"capital":false},"geometry":{"type":"Point","coordinates":[26.9729,47.04632]}},{"type":"Feature","id":455,"properties":{"capital":false},"geometry":{"type":"Point","coordinates":[26.57001,47.0289]}},{"type":"Feature","id":456,"properties":{"capital":false},"geometry":{"type":"Point","coordinates":[21.75755,46.43522]}},{"type":"Feature","id":457,"properties":{"capital":false},"geometry":{"type":"Point","coordinates":[26.78397,46.96615]}},{"type":"Feature","id":458,"properties":{"capital":false},"geometry":{"type":"Point","coordinates":[25.8401,47.15595]}},{"type":"Feature","id":459,"properties":{"capital":false},"geometry":{"type":"Point","coordinates":[26.70941,46.91159]}},{"type":"Feature","id":460,"properties":{"capital":false},"geometry":{"type":"Point","coordinates":[26.82089,47.02417]}},{"type":"Feature","id":461,"properties":{"capital":false},"geometry":{"type":"Point","coordinates":[26.49986,46.95547]}},{"type":"Feature","id":462,"properties":{"capital":false},"geometry":{"type":"Point","coordinates":[26.34417,46.97667]}},{"type":"Feature","id":463,"properties":{"capital":false},"geometry":{"type":"Point","coordinates":[25.89319,47.03921]}},{"type":"Feature","id":464,"properties":{"capital":false},"geometry":{"type":"Point","coordinates":[21.9145,46.33924]}},{"type":"Feature","id":465,"properties":{"capital":false},"geometry":{"type":"Point","coordinates":[26.3757,47.13336]}},{"type":"Feature","id":466,"properties":{"capital":false},"geometry":{"type":"Point","coordinates":[26.03901,47.0655]}},{"type":"Feature","id":467,"properties":{"capital":false},"geometry":{"type":"Point","coordinates":[26.95111,46.80769]}},{"type":"Feature","id":468,"properties":{"capital":false},"geometry":{"type":"Point","coordinates":[26.98574,46.86884]}},{"type":"Feature","id":469,"properties":{"capital":false},"geometry":{"type":"Point","coordinates":[26.64858,46.89342]}},{"type":"Feature","id":470,"properties":{"capital":false},"geometry":{"type":"Point","coordinates":[26.79829,46.82928]}},{"type":"Feature","id":471,"properties":{"capital":false},"geometry":{"type":"Point","coordinates":[27.16462,46.80381]}},{"type":"Feature","id":472,"properties":{"capital":false},"geometry":{"type":"Point","coordinates":[26.56983,47.15974]}},{"type":"Feature","id":473,"properties":{"capital":false},"geometry":{"type":"Point","coordinates":[21.44985,46.42368]}},{"type":"Feature","id":474,"properties":{"capital":false},"geometry":{"type":"Point","coordinates":[26.44947,47.16932]}},{"type":"Feature","id":475,"properties":{"capital":false},"geometry":{"type":"Point","coordinates":[26.4477,46.83312]}},{"type":"Feature","id":476,"properties":{"capital":false},"geometry":{"type":"Point","coordinates":[26.0637,47.24411]}},{"type":"Feature","id":477,"properties":{"capital":false},"geometry":{"type":"Point","coordinates":[26.18745,46.92672]}},{"type":"Feature","id":478,"properties":{"capital":false},"geometry":{"type":"Point","coordinates":[26.6179,46.7971]}},{"type":"Feature","id":479,"properties":{"capital":false},"geometry":{"type":"Point","coordinates":[21.63759,46.26918]}},{"type":"Feature","id":480,"properties":{"capital":false},"geometry":{"type":"Point","coordinates":[27.13151,46.88505]}},{"type":"Feature","id":481,"properties":{"capital":false},"geometry":{"type":"Point","coordinates":[25.92207,47.11565]}},{"type":"Feature","id":482,"properties":{"capital":false},"geometry":{"type":"Point","coordinates":[26.4062,47.25437]}},{"type":"Feature","id":483,"properties":{"capital":false},"geometry":{"type":"Point","coordinates":[26.56217,47.06862]}},{"type":"Feature","id":484,"properties":{"capital":false},"geometry":{"type":"Point","coordinates":[21.74162,46.01015]}},{"type":"Feature","id":485,"properties":{"capital":false},"geometry":{"type":"Point","coordinates":[26.56367,46.75656]}},{"type":"Feature","id":486,"properties":{"capital":false},"geometry":{"type":"Point","coordinates":[26.68854,46.79302]}},{"type":"Feature","id":487,"properties":{"capital":false},"geometry":{"type":"Point","coordinates":[26.5099,46.8388]}},{"type":"Feature","id":488,"properties":{"capital":false},"geometry":{"type":"Point","coordinates":[27.00837,46.96807]}},{"type":"Feature","id":489,"properties":{"capital":false},"geometry":{"type":"Point","coordinates":[26.86456,47.0121]}},{"type":"Feature","id":490,"properties":{"capital":false},"geometry":{"type":"Point","coordinates":[26.84742,46.85534]}},{"type":"Feature","id":491,"properties":{"capital":false},"geometry":{"type":"Point","coordinates":[27.10358,47.0089]}},{"type":"Feature","id":492,"properties":{"capital":false},"geometry":{"type":"Point","coordinates":[26.51621,46.98442]}},{"type":"Feature","id":493,"properties":{"capital":false},"geometry":{"type":"Point","coordinates":[26.12937,46.89068]}},{"type":"Feature","id":494,"properties":{"capital":false},"geometry":{"type":"Point","coordinates":[26.02312,46.89338]}},{"type":"Feature","id":495,"properties":{"capital":false},"geometry":{"type":"Point","coordinates":[21.91262,46.29022]}},{"type":"Feature","id":496,"properties":{"capital":false},"geometry":{"type":"Point","coordinates":[26.46847,46.72074]}},{"type":"Feature","id":497,"properties":{"capital":false},"geometry":{"type":"Point","coordinates":[26.95114,46.99223]}},{"type":"Feature","id":498,"properties":{"capital":false},"geometry":{"type":"Point","coordinates":[26.54888,47.23198]}},{"type":"Feature","id":499,"properties":{"capital":false},"geometry":{"type":"Point","coordinates":[26.85899,46.89758]}},{"type":"Feature","id":500,"properties":{"capital":false},"geometry":{"type":"Point","coordinates":[26.64373,47.08045]}},{"type":"Feature","id":501,"properties":{"capital":false},"geometry":{"type":"Point","coordinates":[26.53538,47.11121]}},{"type":"Feature","id":502,"properties":{"capital":false},"geometry":{"type":"Point","coordinates":[26.50626,47.15679]}},{"type":"Feature","id":503,"properties":{"capital":false},"geometry":{"type":"Point","coordinates":[27.08056,46.80033]}},{"type":"Feature","id":504,"properties":{"capital":false},"geometry":{"type":"Point","coordinates":[26.27464,46.93893]}},{"type":"Feature","id":505,"properties":{"capital":false},"geometry":{"type":"Point","coordinates":[26.32355,47.21106]}},{"type":"Feature","id":506,"properties":{"capital":false},"geometry":{"type":"Point","coordinates":[26.54615,46.81787]}},{"type":"Feature","id":507,"properties":{"capital":false},"geometry":{"type":"Point","coordinates":[21.79646,46.31649]}},{"type":"Feature","id":508,"properties":{"capital":false},"geometry":{"type":"Point","coordinates":[26.56607,46.90706]}},{"type":"Feature","id":509,"properties":{"capital":false},"geometry":{"type":"Point","coordinates":[26.70478,46.98598]}},{"type":"Feature","id":510,"properties":{"capital":false},"geometry":{"type":"Point","coordinates":[26.33752,47.10958]}},{"type":"Feature","id":511,"properties":{"capital":false},"geometry":{"type":"Point","coordinates":[26.68689,47.0308]}},{"type":"Feature","id":512,"properties":{"capital":false},"geometry":{"type":"Point","coordinates":[26.40394,47.30862]}},{"type":"Feature","id":513,"properties":{"capital":false},"geometry":{"type":"Point","coordinates":[27.1525,46.90169]}},{"type":"Feature","id":514,"properties":{"capital":false},"geometry":{"type":"Point","coordinates":[27.00432,46.93684]}},{"type":"Feature","id":515,"properties":{"capital":false},"geometry":{"type":"Point","coordinates":[26.37801,47.02914]}},{"type":"Feature","id":516,"properties":{"capital":false},"geometry":{"type":"Point","coordinates":[27.06779,47.0539]}},{"type":"Feature","id":517,"properties":{"capital":true},"geometry":{"type":"Point","coordinates":[24.35953,44.43024]}},{"type":"Feature","id":518,"properties":{"capital":false},"geometry":{"type":"Point","coordinates":[24.32592,44.40359]}},{"type":"Feature","id":519,"properties":{"capital":false},"geometry":{"type":"Point","coordinates":[24.09623,44.3541]}},{"type":"Feature","id":520,"properties":{"capital":false},"geometry":{"type":"Point","coordinates":[24.34938,44.11241]}},{"type":"Feature","id":521,"properties":{"capital":false},"geometry":{"type":"Point","coordinates":[24.25385,44.1258]}},{"type":"Feature","id":522,"properties":{"capital":false},"geometry":{"type":"Point","coordinates":[24.50259,43.77629]}},{"type":"Feature","id":523,"properties":{"capital":false},"geometry":{"type":"Point","coordinates":[24.61482,43.75869]}},{"type":"Feature","id":524,"properties":{"capital":false},"geometry":{"type":"Point","coordinates":[24.52362,44.16918]}},{"type":"Feature","id":525,"properties":{"capital":false},"geometry":{"type":"Point","coordinates":[24.56383,44.03198]}},{"type":"Feature","id":526,"properties":{"capital":false},"geometry":{"type":"Point","coordinates":[24.04567,44.38893]}},{"type":"Feature","id":527,"properties":{"capital":false},"geometry":{"type":"Point","coordinates":[22.15752,46.0093]}},{"type":"Feature","id":528,"properties":{"capital":false},"geometry":{"type":"Point","coordinates":[24.65767,44.7157]}},{"type":"Feature","id":529,"properties":{"capital":false},"geometry":{"type":"Point","coordinates":[24.14036,44.32779]}},{"type":"Feature","id":530,"properties":{"capital":false},"geometry":{"type":"Point","coordinates":[24.1402,44.39984]}},{"type":"Feature","id":531,"properties":{"capital":false},"geometry":{"type":"Point","coordinates":[24.40634,43.90602]}},{"type":"Feature","id":532,"properties":{"capital":false},"geometry":{"type":"Point","coordinates":[24.44874,44.37554]}},{"type":"Feature","id":533,"properties":{"capital":false},"geometry":{"type":"Point","coordinates":[24.30781,44.31284]}},{"type":"Feature","id":534,"properties":{"capital":false},"geometry":{"type":"Point","coordinates":[24.2495,43.94763]}},{"type":"Feature","id":535,"properties":{"capital":false},"geometry":{"type":"Point","coordinates":[24.26924,44.18183]}},{"type":"Feature","id":536,"properties":{"capital":false},"geometry":{"type":"Point","coordinates":[24.6132,43.90174]}},{"type":"Feature","id":537,"properties":{"capital":false},"geometry":{"type":"Point","coordinates":[24.14788,44.52326]}},{"type":"Feature","id":538,"properties":{"capital":false},"geometry":{"type":"Point","coordinates":[24.67306,44.62912]}},{"type":"Feature","id":539,"properties":{"capital":false},"geometry":{"type":"Point","coordinates":[24.71195,44.49182]}},{"type":"Feature","id":540,"properties":{"capital":false},"geometry":{"type":"Point","coordinates":[24.46486,44.30102]}},{"type":"Feature","id":541,"properties":{"capital":false},"geometry":{"type":"Point","coordinates":[24.74362,44.30183]}},{"type":"Feature","id":542,"properties":{"capital":false},"geometry":{"type":"Point","coordinates":[21.21508,46.01576]}},{"type":"Feature","id":543,"properties":{"capital":false},"geometry":{"type":"Point","coordinates":[24.33084,44.49417]}},{"type":"Feature","id":544,"properties":{"capital":false},"geometry":{"type":"Point","coordinates":[24.38029,44.66689]}},{"type":"Feature","id":545,"properties":{"capital":false},"geometry":{"type":"Point","coordinates":[24.56066,44.1399]}},{"type":"Feature","id":546,"properties":{"capital":false},"geometry":{"type":"Point","coordinates":[24.38689,44.05316]}},{"type":"Feature","id":547,"properties":{"capital":false},"geometry":{"type":"Point","coordinates":[23.95364,44.49299]}},{"type":"Feature","id":548,"properties":{"capital":false},"geometry":{"type":"Point","coordinates":[24.35479,44.17332]}},{"type":"Feature","id":549,"properties":{"capital":false},"geometry":{"type":"Point","coordinates":[24.35387,44.78612]}},{"type":"Feature","id":550,"properties":{"capital":false},"geometry":{"type":"Point","coordinates":[24.22099,44.25901]}},{"type":"Feature","id":551,"properties":{"capital":false},"geometry":{"type":"Point","coordinates":[22.52579,46.30518]}},{"type":"Feature","id":552,"properties":{"capital":false},"geometry":{"type":"Point","coordinates":[24.5409,44.774]}},{"type":"Feature","id":553,"properties":{"capital":false},"geometry":{"type":"Point","coordinates":[24.37766,44.23066]}},{"type":"Feature","id":554,"properties":{"capital":false},"geometry":{"type":"Point","coordinates":[24.43448,44.14845]}},{"type":"Feature","id":555,"properties":{"capital":false},"geometry":{"type":"Point","coordinates":[24.28055,44.40666]}},{"type":"Feature","id":556,"properties":{"capital":false},"geometry":{"type":"Point","coordinates":[24.6858,43.7938]}},{"type":"Feature","id":557,"properties":{"capital":false},"geometry":{"type":"Point","coordinates":[24.53572,44.07466]}},{"type":"Feature","id":558,"properties":{"capital":false},"geometry":{"type":"Point","coordinates":[24.26868,44.56526]}},{"type":"Feature","id":559,"properties":{"capital":false},"geometry":{"type":"Point","coordinates":[24.26856,43.75705]}},{"type":"Feature","id":560,"properties":{"capital":false},"geometry":{"type":"Point","coordinates":[24.17645,43.78333]}},{"type":"Feature","id":561,"properties":{"capital":false},"geometry":{"type":"Point","coordinates":[24.03314,44.49406]}},{"type":"Feature","id":562,"properties":{"capital":false},"geometry":{"type":"Point","coordinates":[24.72339,44.4093]}},{"type":"Feature","id":563,"properties":{"capital":false},"geometry":{"type":"Point","coordinates":[24.66265,43.82385]}},{"type":"Feature","id":564,"properties":{"capital":false},"geometry":{"type":"Point","coordinates":[24.52242,44.26191]}},{"type":"Feature","id":565,"properties":{"capital":false},"geometry":{"type":"Point","coordinates":[24.45464,44.78791]}},{"type":"Feature","id":566,"properties":{"capital":false},"geometry":{"type":"Point","coordinates":[24.46875,44.21426]}},{"type":"Feature","id":567,"properties":{"capital":false},"geometry":{"type":"Point","coordinates":[24.78937,44.12542]}},{"type":"Feature","id":568,"properties":{"capital":false},"geometry":{"type":"Point","coordinates":[24.37641,44.36267]}},{"type":"Feature","id":569,"properties":{"capital":false},"geometry":{"type":"Point","coordinates":[24.11217,44.45881]}},{"type":"Feature","id":570,"properties":{"capital":false},"geometry":{"type":"Point","coordinates":[24.6424,44.3688]}},{"type":"Feature","id":571,"properties":{"capital":false},"geometry":{"type":"Point","coordinates":[24.75746,44.26976]}},{"type":"Feature","id":572,"properties":{"capital":false},"geometry":{"type":"Point","coordinates":[24.32996,43.88733]}},{"type":"Feature","id":573,"properties":{"capital":false},"geometry":{"type":"Point","coordinates":[21.55584,46.06964]}},{"type":"Feature","id":574,"properties":{"capital":false},"geometry":{"type":"Point","coordinates":[24.08572,44.42416]}},{"type":"Feature","id":575,"properties":{"capital":false},"geometry":{"type":"Point","coordinates":[24.42357,44.59586]}},{"type":"Feature","id":576,"properties":{"capital":false},"geometry":{"type":"Point","coordinates":[24.65031,44.57913]}},{"type":"Feature","id":577,"properties":{"capital":false},"geometry":{"type":"Point","coordinates":[24.37567,43.75304]}},{"type":"Feature","id":578,"properties":{"capital":false},"geometry":{"type":"Point","coordinates":[24.32545,44.25682]}},{"type":"Feature","id":579,"properties":{"capital":false},"geometry":{"type":"Point","coordinates":[24.55266,44.41385]}},{"type":"Feature","id":580,"properties":{"capital":false},"geometry":{"type":"Point","coordinates":[24.25651,44.36723]}},{"type":"Feature","id":581,"properties":{"capital":false},"geometry":{"type":"Point","coordinates":[21.64914,46.4066]}},{"type":"Feature","id":582,"properties":{"capital":false},"geometry":{"type":"Point","coordinates":[24.23059,44.29134]}},{"type":"Feature","id":583,"properties":{"capital":false},"geometry":{"type":"Point","coordinates":[24.26512,44.46598]}},{"type":"Feature","id":584,"properties":{"capital":false},"geometry":{"type":"Point","coordinates":[24.49362,44.66037]}},{"type":"Feature","id":585,"properties":{"capital":false},"geometry":{"type":"Point","coordinates":[24.63001,44.47445]}},{"type":"Feature","id":586,"properties":{"capital":false},"geometry":{"type":"Point","coordinates":[24.44904,44.51513]}},{"type":"Feature","id":587,"properties":{"capital":false},"geometry":{"type":"Point","coordinates":[24.6751,44.11734]}},{"type":"Feature","id":588,"properties":{"capital":false},"geometry":{"type":"Point","coordinates":[21.51513,46.62341]}},{"type":"Feature","id":589,"properties":{"capital":false},"geometry":{"type":"Point","coordinates":[24.29561,44.05312]}},{"type":"Feature","id":590,"properties":{"capital":false},"geometry":{"type":"Point","coordinates":[24.31252,43.98395]}},{"type":"Feature","id":591,"properties":{"capital":false},"geometry":{"type":"Point","coordinates":[24.59497,43.93643]}},{"type":"Feature","id":592,"properties":{"capital":false},"geometry":{"type":"Point","coordinates":[24.57328,43.99233]}},{"type":"Feature","id":593,"properties":{"capital":false},"geometry":{"type":"Point","coordinates":[24.56812,44.35302]}},{"type":"Feature","id":594,"properties":{"capital":false},"geometry":{"type":"Point","coordinates":[24.54286,44.60013]}},{"type":"Feature","id":595,"properties":{"capital":false},"geometry":{"type":"Point","coordinates":[21.39865,46.28076]}},{"type":"Feature","id":596,"properties":{"capital":false},"geometry":{"type":"Point","coordinates":[24.75998,44.15127]}},{"type":"Feature","id":597,"properties":{"capital":false},"geometry":{"type":"Point","coordinates":[24.39825,44.80584]}},{"type":"Feature","id":598,"properties":{"capital":false},"geometry":{"type":"Point","coordinates":[24.53377,44.74118]}},{"type":"Feature","id":599,"properties":{"capital":false},"geometry":{"type":"Point","coordinates":[24.63808,44.06371]}},{"type":"Feature","id":600,"properties":{"capital":false},"geometry":{"type":"Point","coordinates":[24.49569,44.11643]}},{"type":"Feature","id":601,"properties":{"capital":false},"geometry":{"type":"Point","coordinates":[24.64116,44.18536]}},{"type":"Feature","id":602,"properties":{"capital":false},"geometry":{"type":"Point","coordinates":[21.2428,46.34988]}},{"type":"Feature","id":603,"properties":{"capital":false},"geometry":{"type":"Point","coordinates":[24.26855,44.5249]}},{"type":"Feature","id":604,"properties":{"capital":false},"geometry":{"type":"Point","coordinates":[24.41453,43.95844]}},{"type":"Feature","id":605,"properties":{"capital":false},"geometry":{"type":"Point","coordinates":[21.46008,46.10219]}},{"type":"Feature","id":606,"properties":{"capital":false},"geometry":{"type":"Point","coordinates":[24.6912,44.32979]}},{"type":"Feature","id":607,"properties":{"capital":false},"geometry":{"type":"Point","coordinates":[24.22188,43.81026]}},{"type":"Feature","id":608,"properties":{"capital":false},"geometry":{"type":"Point","coordinates":[24.61349,44.63735]}},{"type":"Feature","id":609,"properties":{"capital":false},"geometry":{"type":"Point","coordinates":[21.21661,46.1324]}},{"type":"Feature","id":610,"properties":{"capital":false},"geometry":{"type":"Point","coordinates":[24.35267,44.51088]}},{"type":"Feature","id":611,"properties":{"capital":false},"geometry":{"type":"Point","coordinates":[24.63459,43.86355]}},{"type":"Feature","id":612,"properties":{"capital":false},"geometry":{"type":"Point","coordinates":[24.50027,44.82478]}},{"type":"Feature","id":613,"properties":{"capital":false},"geometry":{"type":"Point","coordinates":[24.45435,44.02305]}},{"type":"Feature","id":614,"properties":{"capital":false},"geometry":{"type":"Point","coordinates":[24.79513,44.37251]}},{"type":"Feature","id":615,"properties":{"capital":false},"geometry":{"type":"Point","coordinates":[24.28943,43.85632]}},{"type":"Feature","id":616,"properties":{"capital":false},"geometry":{"type":"Point","coordinates":[24.44906,44.46314]}},{"type":"Feature","id":617,"properties":{"capital":false},"geometry":{"type":"Point","coordinates":[24.37919,43.86464]}},{"type":"Feature","id":618,"properties":{"capital":false},"geometry":{"type":"Point","coordinates":[24.33867,43.84498]}},{"type":"Feature","id":619,"properties":{"capital":false},"geometry":{"type":"Point","coordinates":[24.78445,44.23631]}},{"type":"Feature","id":620,"properties":{"capital":false},"geometry":{"type":"Point","coordinates":[24.33189,44.64603]}},{"type":"Feature","id":621,"properties":{"capital":false},"geometry":{"type":"Point","coordinates":[24.45319,43.86586]}},{"type":"Feature","id":622,"properties":{"capital":false},"geometry":{"type":"Point","coordinates":[24.39062,44.86433]}},{"type":"Feature","id":623,"properties":{"capital":false},"geometry":{"type":"Point","coordinates":[24.54225,44.28231]}},{"type":"Feature","id":624,"properties":{"capital":false},"geometry":{"type":"Point","coordinates":[24.39872,43.99832]}},{"type":"Feature","id":625,"properties":{"capital":false},"geometry":{"type":"Point","coordinates":[24.14197,44.27621]}},{"type":"Feature","id":626,"properties":{"capital":false},"geometry":{"type":"Point","coordinates":[23.92003,44.45582]}},{"type":"Feature","id":627,"properties":{"capital":false},"geometry":{"type":"Point","coordinates":[24.3095,44.73231]}},{"type":"Feature","id":628,"properties":{"capital":false},"geometry":{"type":"Point","coordinates":[24.53095,44.44851]}},{"type":"Feature","id":629,"properties":{"capital":false},"geometry":{"type":"Point","coordinates":[24.06208,44.45265]}},{"type":"Feature","id":630,"properties":{"capital":false},"geometry":{"type":"Point","coordinates":[24.00679,44.39874]}},{"type":"Feature","id":631,"properties":{"capital":false},"geometry":{"type":"Point","coordinates":[24.77308,44.28069]}},{"type":"Feature","id":632,"properties":{"capital":false},"geometry":{"type":"Point","coordinates":[24.39087,43.94621]}},{"type":"Feature","id":633,"properties":{"capital":false},"geometry":{"type":"Point","coordinates":[24.31465,43.75672]}},{"type":"Feature","id":634,"properties":{"capital":false},"geometry":{"type":"Point","coordinates":[24.39937,44.32497]}},{"type":"Feature","id":635,"properties":{"capital":false},"geometry":{"type":"Point","coordinates":[24.27774,44.24407]}},{"type":"Feature","id":636,"properties":{"capital":false},"geometry":{"type":"Point","coordinates":[24.69433,44.52699]}},{"type":"Feature","id":637,"properties":{"capital":false},"geometry":{"type":"Point","coordinates":[24.4167,43.87401]}},{"type":"Feature","id":638,"properties":{"capital":false},"geometry":{"type":"Point","coordinates":[24.27592,44.27673]}},{"type":"Feature","id":639,"properties":{"capital":true},"geometry":{"type":"Point","coordinates":[26.01965,44.94253]}},{"type":"Feature","id":640,"properties":{"capital":false},"geometry":{"type":"Point","coordinates":[26.05106,44.88]}},{"type":"Feature","id":641,"properties":{"capital":false},"geometry":{"type":"Point","coordinates":[26.12206,44.93119]}},{"type":"Feature","id":642,"properties":{"capital":false},"geometry":{"type":"Point","coordinates":[26.00815,44.99467]}},{"type":"Feature","id":643,"properties":{"capital":false},"geometry":{"type":"Point","coordinates":[26.014,44.85386]}},{"type":"Feature","id":644,"properties":{"capital":false},"geometry":{"type":"Point","coordinates":[26.08047,44.97502]}},{"type":"Feature","id":645,"properties":{"capital":false},"geometry":{"type":"Point","coordinates":[25.96387,45.00387]}},{"type":"Feature","id":646,"properties":{"capital":false},"geometry":{"type":"Point","coordinates":[25.94958,44.91648]}},{"type":"Feature","id":647,"properties":{"capital":false},"geometry":{"type":"Point","coordinates":[25.55462,45.44483]}},{"type":"Feature","id":648,"properties":{"capital":false},"geometry":{"type":"Point","coordinates":[25.84939,45.0352]}},{"type":"Feature","id":649,"properties":{"capital":false},"geometry":{"type":"Point","coordinates":[26.02521,45.01612]}},{"type":"Feature","id":650,"properties":{"capital":false},"geometry":{"type":"Point","coordinates":[25.67419,45.17097]}},{"type":"Feature","id":651,"properties":{"capital":false},"geometry":{"type":"Point","coordinates":[25.53718,45.41767]}},{"type":"Feature","id":652,"properties":{"capital":false},"geometry":{"type":"Point","coordinates":[25.73343,45.12591]}},{"type":"Feature","id":653,"properties":{"capital":false},"geometry":{"type":"Point","coordinates":[25.70944,45.12777]}},{"type":"Feature","id":654,"properties":{"capital":false},"geometry":{"type":"Point","coordinates":[25.63587,45.23805]}},{"type":"Feature","id":655,"properties":{"capital":false},"geometry":{"type":"Point","coordinates":[26.44522,45.00351]}},{"type":"Feature","id":656,"properties":{"capital":false},"geometry":{"type":"Point","coordinates":[25.95152,45.04378]}},{"type":"Feature","id":657,"properties":{"capital":false},"geometry":{"type":"Point","coordinates":[25.99665,45.09104]}},{"type":"Feature","id":658,"properties":{"capital":false},"geometry":{"type":"Point","coordinates":[25.54784,45.34814]}},{"type":"Feature","id":659,"properties":{"capital":false},"geometry":{"type":"Point","coordinates":[25.94161,45.23816]}},{"type":"Feature","id":660,"properties":{"capital":false},"geometry":{"type":"Point","coordinates":[26.23168,44.99153]}},{"type":"Feature","id":661,"properties":{"capital":true},"geometry":{"type":"Point","coordinates":[24.87482,44.85825]}},{"type":"Feature","id":662,"properties":{"capital":false},"geometry":{"type":"Point","coordinates":[26.03733,45.18743]}},{"type":"Feature","id":663,"properties":{"capital":false},"geometry":{"type":"Point","coordinates":[26.03027,45.14996]}},{"type":"Feature","id":664,"properties":{"capital":false},"geometry":{"type":"Point","coordinates":[24.8149,44.90088]}},{"type":"Feature","id":665,"properties":{"capital":false},"geometry":{"type":"Point","coordinates":[25.59748,45.18322]}},{"type":"Feature","id":666,"properties":{"capital":false},"geometry":{"type":"Point","coordinates":[26.22656,44.95343]}},{"type":"Feature","id":667,"properties":{"capital":false},"geometry":{"type":"Point","coordinates":[25.88823,45.1983]}},{"type":"Feature","id":668,"properties":{"capital":false},"geometry":{"type":"Point","coordinates":[26.26033,45.12849]}},{"type":"Feature","id":669,"properties":{"capital":false},"geometry":{"type":"Point","coordinates":[25.83176,44.94712]}},{"type":"Feature","id":670,"properties":{"capital":false},"geometry":{"type":"Point","coordinates":[26.179,45.21913]}},{"type":"Feature","id":671,"properties":{"capital":false},"geometry":{"type":"Point","coordinates":[26.46212,44.96875]}},{"type":"Feature","id":672,"properties":{"capital":false},"geometry":{"type":"Point","coordinates":[26.17321,44.75816]}},{"type":"Feature","id":673,"properties":{"capital":false},"geometry":{"type":"Point","coordinates":[26.12785,45.10936]}},{"type":"Feature","id":674,"properties":{"capital":false},"geometry":{"type":"Point","coordinates":[25.76168,45.10222]}},{"type":"Feature","id":675,"properties":{"capital":false},"geometry":{"type":"Point","coordinates":[25.86778,45.23002]}},{"type":"Feature","id":676,"properties":{"capital":false},"geometry":{"type":"Point","coordinates":[26.55293,44.86458]}},{"type":"Feature","id":677,"properties":{"capital":false},"geometry":{"type":"Point","coordinates":[25.77006,45.18084]}},{"type":"Feature","id":678,"properties":{"capital":false},"geometry":{"type":"Point","coordinates":[26.38017,45.0851]}},{"type":"Feature","id":679,"properties":{"capital":false},"geometry":{"type":"Point","coordinates":[26.20695,45.22042]}},{"type":"Feature","id":680,"properties":{"capital":false},"geometry":{"type":"Point","coordinates":[26.32571,45.0206]}},{"type":"Feature","id":681,"properties":{"capital":false},"geometry":{"type":"Point","coordinates":[26.03978,45.32494]}},{"type":"Feature","id":682,"properties":{"capital":false},"geometry":{"type":"Point","coordinates":[26.26952,45.15597]}},{"type":"Feature","id":683,"properties":{"capital":false},"geometry":{"type":"Point","coordinates":[26.41186,44.82043]}},{"type":"Feature","id":684,"properties":{"capital":false},"geometry":{"type":"Point","coordinates":[25.92451,45.08317]}},{"type":"Feature","id":685,"properties":{"capital":false},"geometry":{"type":"Point","coordinates":[26.3624,44.94299]}},{"type":"Feature","id":686,"properties":{"capital":false},"geometry":{"type":"Point","coordinates":[24.89624,44.77984]}},{"type":"Feature","id":687,"properties":{"capital":false},"geometry":{"type":"Point","coordinates":[25.70299,45.15637]}},{"type":"Feature","id":688,"properties":{"capital":false},"geometry":{"type":"Point","coordinates":[25.89257,45.16373]}},{"type":"Feature","id":689,"properties":{"capital":false},"geometry":{"type":"Point","coordinates":[26.07236,45.25681]}},{"type":"Feature","id":690,"properties":{"capital":false},"geometry":{"type":"Point","coordinates":[24.94046,44.95875]}},{"type":"Feature","id":691,"properties":{"capital":false},"geometry":{"type":"Point","coordinates":[26.29235,44.8296]}},{"type":"Feature","id":692,"properties":{"capital":false},"geometry":{"type":"Point","coordinates":[26.18935,44.87327]}},{"type":"Feature","id":693,"properties":{"capital":false},"geometry":{"type":"Point","coordinates":[25.74168,44.99754]}},{"type":"Feature","id":694,"properties":{"capital":false},"geometry":{"type":"Point","coordinates":[25.79038,44.97779]}},{"type":"Feature","id":695,"properties":{"capital":false},"geometry":{"type":"Point","coordinates":[26.37569,45.00672]}},{"type":"Feature","id":696,"properties":{"capital":false},"geometry":{"type":"Point","coordinates":[25.79389,45.03133]}},{"type":"Feature","id":697,"properties":{"capital":false},"geometry":{"type":"Point","coordinates":[26.44107,44.88124]}},{"type":"Feature","id":698,"properties":{"capital":false},"geometry":{"type":"Point","coordinates":[26.26822,44.7996]}},{"type":"Feature","id":699,"properties":{"capital":false},"geometry":{"type":"Point","coordinates":[26.08917,44.78516]}},{"type":"Feature","id":700,"properties":{"capital":false},"geometry":{"type":"Point","coordinates":[26.07826,45.11787]}},{"type":"Feature","id":701,"properties":{"capital":false},"geometry":{"type":"Point","coordinates":[26.25409,45.07555]}},{"type":"Feature","id":702,"properties":{"capital":false},"geometry":{"type":"Point","coordinates":[24.877,44.88944]}},{"type":"Feature","id":703,"properties":{"capital":false},"geometry":{"type":"Point","coordinates":[26.43777,45.03984]}},{"type":"Feature","id":704,"properties":{"capital":false},"geometry":{"type":"Point","coordinates":[26.23768,45.04364]}},{"type":"Feature","id":705,"properties":{"capital":false},"geometry":{"type":"Point","coordinates":[26.0091,45.2809]}},{"type":"Feature","id":706,"properties":{"capital":false},"geometry":{"type":"Point","coordinates":[26.43618,45.09585]}},{"type":"Feature","id":707,"properties":{"capital":false},"geometry":{"type":"Point","coordinates":[26.41759,45.1517]}},{"type":"Feature","id":708,"properties":{"capital":false},"geometry":{"type":"Point","coordinates":[24.95868,44.87499]}},{"type":"Feature","id":709,"properties":{"capital":false},"geometry":{"type":"Point","coordinates":[26.0201,45.05576]}},{"type":"Feature","id":710,"properties":{"capital":false},"geometry":{"type":"Point","coordinates":[26.03762,45.09962]}},{"type":"Feature","id":711,"properties":{"capital":false},"geometry":{"type":"Point","coordinates":[25.75226,45.04198]}},{"type":"Feature","id":712,"properties":{"capital":false},"geometry":{"type":"Point","coordinates":[25.99109,45.31376]}},{"type":"Feature","id":713,"properties":{"capital":false},"geometry":{"type":"Point","coordinates":[25.85035,44.86647]}},{"type":"Feature","id":714,"properties":{"capital":false},"geometry":{"type":"Point","coordinates":[26.13182,45.14156]}},{"type":"Feature","id":715,"properties":{"capital":false},"geometry":{"type":"Point","coordinates":[26.14151,45.01339]}},{"type":"Feature","id":716,"properties":{"capital":false},"geometry":{"type":"Point","coordinates":[26.16976,45.11095]}},{"type":"Feature","id":717,"properties":{"capital":false},"geometry":{"type":"Point","coordinates":[26.00635,44.76138]}},{"type":"Feature","id":718,"properties":{"capital":false},"geometry":{"type":"Point","coordinates":[26.14563,45.27285]}},{"type":"Feature","id":719,"properties":{"capital":false},"geometry":{"type":"Point","coordinates":[26.10101,45.18714]}},{"type":"Feature","id":720,"properties":{"capital":false},"geometry":{"type":"Point","coordinates":[23.9229,46.17679]}},{"type":"Feature","id":721,"properties":{"capital":false},"geometry":{"type":"Point","coordinates":[25.66832,45.11979]}},{"type":"Feature","id":722,"properties":{"capital":false},"geometry":{"type":"Point","coordinates":[25.63544,45.13628]}},{"type":"Feature","id":723,"properties":{"capital":false},"geometry":{"type":"Point","coordinates":[25.04965,45.27729]}},{"type":"Feature","id":724,"properties":{"capital":false},"geometry":{"type":"Point","coordinates":[26.08085,44.824]}},{"type":"Feature","id":725,"properties":{"capital":false},"geometry":{"type":"Point","coordinates":[26.13287,44.8743]}},{"type":"Feature","id":726,"properties":{"capital":false},"geometry":{"type":"Point","coordinates":[26.32449,45.18296]}},{"type":"Feature","id":727,"properties":{"capital":false},"geometry":{"type":"Point","coordinates":[26.49095,44.81623]}},{"type":"Feature","id":728,"properties":{"capital":false},"geometry":{"type":"Point","coordinates":[25.849,45.0916]}},{"type":"Feature","id":729,"properties":{"capital":false},"geometry":{"type":"Point","coordinates":[25.68305,45.27469]}},{"type":"Feature","id":730,"properties":{"capital":false},"geometry":{"type":"Point","coordinates":[25.09097,45.29142]}},{"type":"Feature","id":731,"properties":{"capital":false},"geometry":{"type":"Point","coordinates":[26.33604,45.13022]}},{"type":"Feature","id":732,"properties":{"capital":false},"geometry":{"type":"Point","coordinates":[26.18658,45.32249]}},{"type":"Feature","id":733,"properties":{"capital":false},"geometry":{"type":"Point","coordinates":[26.18992,45.19586]}},{"type":"Feature","id":734,"properties":{"capital":false},"geometry":{"type":"Point","coordinates":[25.96029,44.80102]}},{"type":"Feature","id":735,"properties":{"capital":false},"geometry":{"type":"Point","coordinates":[26.20954,45.17573]}},{"type":"Feature","id":736,"properties":{"capital":false},"geometry":{"type":"Point","coordinates":[25.71598,45.21184]}},{"type":"Feature","id":737,"properties":{"capital":false},"geometry":{"type":"Point","coordinates":[25.90581,45.23146]}},{"type":"Feature","id":738,"properties":{"capital":false},"geometry":{"type":"Point","coordinates":[25.56591,45.22501]}},{"type":"Feature","id":739,"properties":{"capital":false},"geometry":{"type":"Point","coordinates":[26.35434,45.09721]}},{"type":"Feature","id":740,"properties":{"capital":false},"geometry":{"type":"Point","coordinates":[26.00927,45.2395]}},{"type":"Feature","id":741,"properties":{"capital":false},"geometry":{"type":"Point","coordinates":[25.78675,45.13294]}},{"type":"Feature","id":742,"properties":{"capital":false},"geometry":{"type":"Point","coordinates":[26.01827,44.81831]}},{"type":"Feature","id":743,"properties":{"capital":false},"geometry":{"type":"Point","coordinates":[26.29353,44.94262]}},{"type":"Feature","id":744,"properties":{"capital":false},"geometry":{"type":"Point","coordinates":[26.13889,44.96251]}},{"type":"Feature","id":745,"properties":{"capital":false},"geometry":{"type":"Point","coordinates":[25.72172,45.30324]}},{"type":"Feature","id":746,"properties":{"capital":false},"geometry":{"type":"Point","coordinates":[25.95974,45.17883]}},{"type":"Feature","id":747,"properties":{"capital":false},"geometry":{"type":"Point","coordinates":[25.93417,45.12146]}},{"type":"Feature","id":748,"properties":{"capital":false},"geometry":{"type":"Point","coordinates":[24.67658,45.14203]}},{"type":"Feature","id":749,"properties":{"capital":false},"geometry":{"type":"Point","coordinates":[25.89786,44.83396]}},{"type":"Feature","id":750,"properties":{"capital":false},"geometry":{"type":"Point","coordinates":[26.21578,44.78454]}},{"type":"Feature","id":751,"properties":{"capital":false},"geometry":{"type":"Point","coordinates":[26.38549,45.03945]}},{"type":"Feature","id":752,"properties":{"capital":false},"geometry":{"type":"Point","coordinates":[26.14939,45.31398]}},{"type":"Feature","id":753,"properties":{"capital":true},"geometry":{"type":"Point","coordinates":[22.87432,47.7953]}},{"type":"Feature","id":754,"properties":{"capital":false},"geometry":{"type":"Point","coordinates":[22.46578,47.68547]}},{"type":"Feature","id":755,"properties":{"capital":false},"geometry":{"type":"Point","coordinates":[22.50473,47.70913]}},{"type":"Feature","id":756,"properties":{"capital":false},"geometry":{"type":"Point","coordinates":[23.42474,47.87221]}},{"type":"Feature","id":757,"properties":{"capital":false},"geometry":{"type":"Point","coordinates":[22.58405,47.47863]}},{"type":"Feature","id":758,"properties":{"capital":false},"geometry":{"type":"Point","coordinates":[24.87592,44.66183]}},{"type":"Feature","id":759,"properties":{"capital":false},"geometry":{"type":"Point","coordinates":[22.78271,47.53877]}},{"type":"Feature","id":760,"properties":{"capital":false},"geometry":{"type":"Point","coordinates":[22.33661,47.51403]}},{"type":"Feature","id":761,"properties":{"capital":false},"geometry":{"type":"Point","coordinates":[23.19787,47.76245]}},{"type":"Feature","id":762,"properties":{"capital":false},"geometry":{"type":"Point","coordinates":[22.89144,47.64446]}},{"type":"Feature","id":763,"properties":{"capital":false},"geometry":{"type":"Point","coordinates":[23.14946,48.03536]}},{"type":"Feature","id":764,"properties":{"capital":false},"geometry":{"type":"Point","coordinates":[22.84118,47.54894]}},{"type":"Feature","id":765,"properties":{"capital":false},"geometry":{"type":"Point","coordinates":[22.47124,47.75568]}},{"type":"Feature","id":766,"properties":{"capital":false},"geometry":{"type":"Point","coordinates":[23.39082,47.92048]}},{"type":"Feature","id":767,"properties":{"capital":false},"geometry":{"type":"Point","coordinates":[23.21976,47.59205]}},{"type":"Feature","id":768,"properties":{"capital":false},"geometry":{"type":"Point","coordinates":[22.93778,47.41439]}},{"type":"Feature","id":769,"properties":{"capital":false},"geometry":{"type":"Point","coordinates":[22.94702,47.83257]}},{"type":"Feature","id":770,"properties":{"capital":false},"geometry":{"type":"Point","coordinates":[23.29664,47.9083]}},{"type":"Feature","id":771,"properties":{"capital":false},"geometry":{"type":"Point","coordinates":[23.3071,47.99408]}},{"type":"Feature","id":772,"properties":{"capital":false},"geometry":{"type":"Point","coordinates":[22.54253,47.56898]}},{"type":"Feature","id":773,"properties":{"capital":false},"geometry":{"type":"Point","coordinates":[22.56404,47.42626]}},{"type":"Feature","id":774,"properties":{"capital":false},"geometry":{"type":"Point","coordinates":[23.46339,47.90634]}},{"type":"Feature","id":775,"properties":{"capital":false},"geometry":{"type":"Point","coordinates":[22.70292,47.61269]}},{"type":"Feature","id":776,"properties":{"capital":false},"geometry":{"type":"Point","coordinates":[23.22838,47.69371]}},{"type":"Feature","id":777,"properties":{"capital":false},"geometry":{"type":"Point","coordinates":[23.05878,47.75517]}},{"type":"Feature","id":778,"properties":{"capital":false},"geometry":{"type":"Point","coordinates":[25.08622,44.80569]}},{"type":"Feature","id":779,"properties":{"capital":false},"geometry":{"type":"Point","coordinates":[22.7121,47.74207]}},{"type":"Feature","id":780,"properties":{"capital":false},"geometry":{"type":"Point","coordinates":[22.81096,47.84321]}},{"type":"Feature","id":781,"properties":{"capital":false},"geometry":{"type":"Point","coordinates":[22.3848,47.6973]}},{"type":"Feature","id":782,"properties":{"capital":false},"geometry":{"type":"Point","coordinates":[23.22006,47.93696]}},{"type":"Feature","id":783,"properties":{"capital":false},"geometry":{"type":"Point","coordinates":[23.02315,47.97681]}},{"type":"Feature","id":784,"properties":{"capital":false},"geometry":{"type":"Point","coordinates":[23.0234,47.40231]}},{"type":"Feature","id":785,"properties":{"capital":false},"geometry":{"type":"Point","coordinates":[23.06207,47.62886]}},{"type":"Feature","id":786,"properties":{"capital":false},"geometry":{"type":"Point","coordinates":[22.8692,47.85398]}},{"type":"Feature","id":787,"properties":{"capital":false},"geometry":{"type":"Point","coordinates":[23.11432,47.87036]}},{"type":"Feature","id":788,"properties":{"capital":false},"geometry":{"type":"Point","coordinates":[23.1348,47.78931]}},{"type":"Feature","id":789,"properties":{"capital":false},"geometry":{"type":"Point","coordinates":[22.94891,47.89997]}},{"type":"Feature","id":790,"properties":{"capital":false},"geometry":{"type":"Point","coordinates":[24.6644,45.21174]}},{"type":"Feature","id":791,"properties":{"capital":false},"geometry":{"type":"Point","coordinates":[22.59891,47.68641]}},{"type":"Feature","id":792,"properties":{"capital":false},"geometry":{"type":"Point","coordinates":[22.99384,47.79492]}},{"type":"Feature","id":793,"properties":{"capital":false},"geometry":{"type":"Point","coordinates":[23.29009,47.83525]}},{"type":"Feature","id":794,"properties":{"capital":false},"geometry":{"type":"Point","coordinates":[22.9202,47.77909]}},{"type":"Feature","id":795,"properties":{"capital":false},"geometry":{"type":"Point","coordinates":[22.36575,47.60657]}},{"type":"Feature","id":796,"properties":{"capital":false},"geometry":{"type":"Point","coordinates":[22.37113,47.45938]}},{"type":"Feature","id":797,"properties":{"capital":false},"geometry":{"type":"Point","coordinates":[22.29842,47.57971]}},{"type":"Feature","id":798,"properties":{"capital":false},"geometry":{"type":"Point","coordinates":[23.30669,47.70068]}},{"type":"Feature","id":799,"properties":{"capital":false},"geometry":{"type":"Point","coordinates":[22.32412,47.63773]}},{"type":"Feature","id":800,"properties":{"capital":false},"geometry":{"type":"Point","coordinates":[22.50937,47.51005]}},{"type":"Feature","id":801,"properties":{"capital":false},"geometry":{"type":"Point","coordinates":[22.68401,47.47966]}},{"type":"Feature","id":802,"properties":{"capital":false},"geometry":{"type":"Point","coordinates":[22.4937,47.46997]}},{"type":"Feature","id":803,"properties":{"capital":false},"geometry":{"type":"Point","coordinates":[22.95463,47.56093]}},{"type":"Feature","id":804,"properties":{"capital":false},"geometry":{"type":"Point","coordinates":[25.00408,45.31186]}},{"type":"Feature","id":805,"properties":{"capital":false},"geometry":{"type":"Point","coordinates":[22.79313,47.46691]}},{"type":"Feature","id":806,"properties":{"capital":false},"geometry":{"type":"Point","coordinates":[23.19767,48.09111]}},{"type":"Feature","id":807,"properties":{"capital":false},"geometry":{"type":"Point","coordinates":[22.7192,47.68016]}},{"type":"Feature","id":808,"properties":{"capital":false},"geometry":{"type":"Point","coordinates":[22.47117,47.61349]}},{"type":"Feature","id":809,"properties":{"capital":false},"geometry":{"type":"Point","coordinates":[23.34735,47.95401]}},{"type":"Feature","id":810,"properties":{"capital":false},"geometry":{"type":"Point","coordinates":[23.19838,47.98954]}},{"type":"Feature","id":811,"properties":{"capital":false},"geometry":{"type":"Point","coordinates":[23.08271,47.9325]}},{"type":"Feature","id":812,"properties":{"capital":false},"geometry":{"type":"Point","coordinates":[22.40488,47.73297]}},{"type":"Feature","id":813,"properties":{"capital":false},"geometry":{"type":"Point","coordinates":[23.18663,47.71973]}},{"type":"Feature","id":814,"properties":{"capital":false},"geometry":{"type":"Point","coordinates":[23.39497,47.84327]}},{"type":"Feature","id":815,"properties":{"capital":false},"geometry":{"type":"Point","coordinates":[24.84833,44.78078]}},{"type":"Feature","id":816,"properties":{"capital":false},"geometry":{"type":"Point","coordinates":[22.78017,47.80648]}},{"type":"Feature","id":817,"properties":{"capital":false},"geometry":{"type":"Point","coordinates":[22.95144,47.65862]}},{"type":"Feature","id":818,"properties":{"capital":true},"geometry":{"type":"Point","coordinates":[23.05594,47.17901]}},{"type":"Feature","id":819,"properties":{"capital":false},"geometry":{"type":"Point","coordinates":[23.17948,47.41121]}},{"type":"Feature","id":820,"properties":{"capital":false},"geometry":{"type":"Point","coordinates":[23.25667,47.26254]}},{"type":"Feature","id":821,"properties":{"capital":false},"geometry":{"type":"Point","coordinates":[22.80425,47.23095]}},{"type":"Feature","id":822,"properties":{"capital":false},"geometry":{"type":"Point","coordinates":[23.09944,47.06682]}},{"type":"Feature","id":823,"properties":{"capital":false},"geometry":{"type":"Point","coordinates":[23.13129,46.94516]}},{"type":"Feature","id":824,"properties":{"capital":false},"geometry":{"type":"Point","coordinates":[24.92531,45.19195]}},{"type":"Feature","id":825,"properties":{"capital":false},"geometry":{"type":"Point","coordinates":[23.40107,47.30239]}},{"type":"Feature","id":826,"properties":{"capital":false},"geometry":{"type":"Point","coordinates":[23.30595,47.15437]}},{"type":"Feature","id":827,"properties":{"capital":false},"geometry":{"type":"Point","coordinates":[22.83748,47.10481]}},{"type":"Feature","id":828,"properties":{"capital":false},"geometry":{"type":"Point","coordinates":[23.29052,47.41183]}},{"type":"Feature","id":829,"properties":{"capital":false},"geometry":{"type":"Point","coordinates":[22.76516,47.38201]}},{"type":"Feature","id":830,"properties":{"capital":false},"geometry":{"type":"Point","coordinates":[22.91506,47.29753]}},{"type":"Feature","id":831,"properties":{"capital":false},"geometry":{"type":"Point","coordinates":[23.04697,47.04437]}},{"type":"Feature","id":832,"properties":{"capital":false},"geometry":{"type":"Point","coordinates":[22.61868,47.29813]}},{"type":"Feature","id":833,"properties":{"capital":false},"geometry":{"type":"Point","coordinates":[22.69659,47.2996]}},{"type":"Feature","id":834,"properties":{"capital":false},"geometry":{"type":"Point","coordinates":[24.63854,45.32473]}},{"type":"Feature","id":835,"properties":{"capital":false},"geometry":{"type":"Point","coordinates":[22.88715,47.38259]}},{"type":"Feature","id":836,"properties":{"capital":false},"geometry":{"type":"Point","coordinates":[22.86024,47.06702]}},{"type":"Feature","id":837,"properties":{"capital":false},"geometry":{"type":"Point","coordinates":[22.99138,47.31874]}},{"type":"Feature","id":838,"properties":{"capital":false},"geometry":{"type":"Point","coordinates":[22.87016,47.16263]}},{"type":"Feature","id":839,"properties":{"capital":false},"geometry":{"type":"Point","coordinates":[23.23259,47.19653]}},{"type":"Feature","id":840,"properties":{"capital":false},"geometry":{"type":"Point","coordinates":[23.43586,47.2082]}},{"type":"Feature","id":841,"properties":{"capital":false},"geometry":{"type":"Point","coordinates":[23.04762,47.23349]}},{"type":"Feature","id":842,"properties":{"capital":false},"geometry":{"type":"Point","coordinates":[24.70318,44.89048]}},{"type":"Feature","id":843,"properties":{"capital":false},"geometry":{"type":"Point","coordinates":[23.18998,46.96583]}},{"type":"Feature","id":844,"properties":{"capital":false},"geometry":{"type":"Point","coordinates":[23.13033,47.29507]}},{"type":"Feature","id":845,"properties":{"capital":false},"geometry":{"type":"Point","coordinates":[23.3976,47.03493]}},{"type":"Feature","id":846,"properties":{"capital":false},"geometry":{"type":"Point","coordinates":[23.05639,46.91873]}},{"type":"Feature","id":847,"properties":{"capital":false},"geometry":{"type":"Point","coordinates":[23.69996,47.28155]}},{"type":"Feature","id":848,"properties":{"capital":false},"geometry":{"type":"Point","coordinates":[23.41594,47.16033]}},{"type":"Feature","id":849,"properties":{"capital":false},"geometry":{"type":"Point","coordinates":[22.58917,47.15719]}},{"type":"Feature","id":850,"properties":{"capital":false},"geometry":{"type":"Point","coordinates":[23.01314,47.24616]}},{"type":"Feature","id":851,"properties":{"capital":false},"geometry":{"type":"Point","coordinates":[23.30783,47.06145]}},{"type":"Feature","id":852,"properties":{"capital":false},"geometry":{"type":"Point","coordinates":[22.89742,47.12564]}},{"type":"Feature","id":853,"properties":{"capital":false},"geometry":{"type":"Point","coordinates":[23.61393,47.32697]}},{"type":"Feature","id":854,"properties":{"capital":false},"geometry":{"type":"Point","coordinates":[24.68658,45.07146]}},{"type":"Feature","id":855,"properties":{"capital":false},"geometry":{"type":"Point","coordinates":[22.60287,47.23049]}},{"type":"Feature","id":856,"properties":{"capital":false},"geometry":{"type":"Point","coordinates":[23.45541,47.33368]}},{"type":"Feature","id":857,"properties":{"capital":false},"geometry":{"type":"Point","coordinates":[23.46817,47.32095]}},{"type":"Feature","id":858,"properties":{"capital":false},"geometry":{"type":"Point","coordinates":[22.55456,47.21398]}},{"type":"Feature","id":859,"properties":{"capital":false},"geometry":{"type":"Point","coordinates":[22.79222,47.32522]}},{"type":"Feature","id":860,"properties":{"capital":false},"geometry":{"type":"Point","coordinates":[22.94632,47.15269]}},{"type":"Feature","id":861,"properties":{"capital":false},"geometry":{"type":"Point","coordinates":[23.11672,47.23149]}},{"type":"Feature","id":862,"properties":{"capital":false},"geometry":{"type":"Point","coordinates":[23.31689,47.36437]}},{"type":"Feature","id":863,"properties":{"capital":false},"geometry":{"type":"Point","coordinates":[22.70341,47.19716]}},{"type":"Feature","id":864,"properties":{"capital":false},"geometry":{"type":"Point","coordinates":[22.86255,47.23111]}},{"type":"Feature","id":865,"properties":{"capital":false},"geometry":{"type":"Point","coordinates":[22.65267,47.12791]}},{"type":"Feature","id":866,"properties":{"capital":false},"geometry":{"type":"Point","coordinates":[23.74761,47.30669]}},{"type":"Feature","id":867,"properties":{"capital":false},"geometry":{"type":"Point","coordinates":[23.18179,47.11143]}},{"type":"Feature","id":868,"properties":{"capital":false},"geometry":{"type":"Point","coordinates":[23.59279,47.27377]}},{"type":"Feature","id":869,"properties":{"capital":false},"geometry":{"type":"Point","coordinates":[23.13813,47.36574]}},{"type":"Feature","id":870,"properties":{"capital":false},"geometry":{"type":"Point","coordinates":[22.77923,47.07516]}},{"type":"Feature","id":871,"properties":{"capital":false},"geometry":{"type":"Point","coordinates":[23.26805,47.03602]}},{"type":"Feature","id":872,"properties":{"capital":false},"geometry":{"type":"Point","coordinates":[23.26652,47.32317]}},{"type":"Feature","id":873,"properties":{"capital":false},"geometry":{"type":"Point","coordinates":[24.93986,45.06213]}},{"type":"Feature","id":874,"properties":{"capital":false},"geometry":{"type":"Point","coordinates":[23.34724,47.25476]}},{"type":"Feature","id":875,"properties":{"capital":false},"geometry":{"type":"Point","coordinates":[22.95191,47.34551]}},{"type":"Feature","id":876,"properties":{"capital":false},"geometry":{"type":"Point","coordinates":[22.83039,47.34485]}},{"type":"Feature","id":877,"properties":{"capital":false},"geometry":{"type":"Point","coordinates":[22.73662,47.12878]}},{"type":"Feature","id":878,"properties":{"capital":false},"geometry":{"type":"Point","coordinates":[22.91496,47.20585]}},{"type":"Feature","id":879,"properties":{"capital":false},"geometry":{"type":"Point","coordinates":[23.52639,47.19399]}},{"type":"Feature","id":880,"properties":{"capital":false},"geometry":{"type":"Point","coordinates":[23.26176,47.00219]}},{"type":"Feature","id":881,"properties":{"capital":true},"geometry":{"type":"Point","coordinates":[24.15058,45.79284]}},{"type":"Feature","id":882,"properties":{"capital":false},"geometry":{"type":"Point","coordinates":[24.02839,45.78414]}},{"type":"Feature","id":883,"properties":{"capital":false},"geometry":{"type":"Point","coordinates":[24.05225,45.72785]}},{"type":"Feature","id":884,"properties":{"capital":false},"geometry":{"type":"Point","coordinates":[25.07539,44.93785]}},{"type":"Feature","id":885,"properties":{"capital":false},"geometry":{"type":"Point","coordinates":[24.06904,45.70461]}},{"type":"Feature","id":886,"properties":{"capital":false},"geometry":{"type":"Point","coordinates":[24.18974,45.76847]}},{"type":"Feature","id":887,"properties":{"capital":false},"geometry":{"type":"Point","coordinates":[24.35677,46.16176]}},{"type":"Feature","id":888,"properties":{"capital":false},"geometry":{"type":"Point","coordinates":[24.2877,46.13946]}},{"type":"Feature","id":889,"properties":{"capital":false},"geometry":{"type":"Point","coordinates":[24.61911,45.97598]}},{"type":"Feature","id":890,"properties":{"capital":false},"geometry":{"type":"Point","coordinates":[24.15124,45.7137]}},{"type":"Feature","id":891,"properties":{"capital":false},"geometry":{"type":"Point","coordinates":[24.2536,46.11622]}},{"type":"Feature","id":892,"properties":{"capital":false},"geometry":{"type":"Point","coordinates":[24.57894,46.22624]}},{"type":"Feature","id":893,"properties":{"capital":false},"geometry":{"type":"Point","coordinates":[24.04455,45.8803]}},{"type":"Feature","id":894,"properties":{"capital":false},"geometry":{"type":"Point","coordinates":[24.46163,45.93238]}},{"type":"Feature","id":895,"properties":{"capital":false},"geometry":{"type":"Point","coordinates":[23.8455,45.87957]}},{"type":"Feature","id":896,"properties":{"capital":false},"geometry":{"type":"Point","coordinates":[24.62564,45.77994]}},{"type":"Feature","id":897,"properties":{"capital":false},"geometry":{"type":"Point","coordinates":[24.46631,46.1572]}},{"type":"Feature","id":898,"properties":{"capital":false},"geometry":{"type":"Point","coordinates":[24.93723,45.23388]}},{"type":"Feature","id":899,"properties":{"capital":false},"geometry":{"type":"Point","coordinates":[24.37863,45.72528]}},{"type":"Feature","id":900,"properties":{"capital":false},"geometry":{"type":"Point","coordinates":[24.21462,46.09298]}},{"type":"Feature","id":901,"properties":{"capital":false},"geometry":{"type":"Point","coordinates":[24.28186,46.20036]}},{"type":"Feature","id":902,"properties":{"capital":false},"geometry":{"type":"Point","coordinates":[24.52423,46.14177]}},{"type":"Feature","id":903,"properties":{"capital":false},"geometry":{"type":"Point","coordinates":[24.53779,45.98531]}},{"type":"Feature","id":904,"properties":{"capital":false},"geometry":{"type":"Point","coordinates":[24.32214,46.2065]}},{"type":"Feature","id":905,"properties":{"capital":false},"geometry":{"type":"Point","coordinates":[24.42357,46.16924]}},{"type":"Feature","id":906,"properties":{"capital":false},"geometry":{"type":"Point","coordinates":[24.83126,46.082]}},{"type":"Feature","id":907,"properties":{"capital":false},"geometry":{"type":"Point","coordinates":[24.70003,45.87634]}},{"type":"Feature","id":908,"properties":{"capital":false},"geometry":{"type":"Point","coordinates":[24.59665,45.89468]}},{"type":"Feature","id":909,"properties":{"capital":false},"geometry":{"type":"Point","coordinates":[24.7785,44.43242]}},{"type":"Feature","id":910,"properties":{"capital":false},"geometry":{"type":"Point","coordinates":[24.5703,45.7852]}},{"type":"Feature","id":911,"properties":{"capital":false},"geometry":{"type":"Point","coordinates":[24.5783,45.72675]}},{"type":"Feature","id":912,"properties":{"capital":false},"geometry":{"type":"Point","coordinates":[24.41266,46.18954]}},{"type":"Feature","id":913,"properties":{"capital":false},"geometry":{"type":"Point","coordinates":[23.98261,45.72982]}},{"type":"Feature","id":914,"properties":{"capital":false},"geometry":{"type":"Point","coordinates":[24.60898,46.22894]}},{"type":"Feature","id":915,"properties":{"capital":false},"geometry":{"type":"Point","coordinates":[24.71637,46.05053]}},{"type":"Feature","id":916,"properties":{"capital":false},"geometry":{"type":"Point","coordinates":[23.67637,45.78562]}},{"type":"Feature","id":917,"properties":{"capital":false},"geometry":{"type":"Point","coordinates":[24.65672,46.20384]}},{"type":"Feature","id":918,"properties":{"capital":false},"geometry":{"type":"Point","coordinates":[24.08506,45.94414]}},{"type":"Feature","id":919,"properties":{"capital":false},"geometry":{"type":"Point","coordinates":[23.89813,45.92598]}},{"type":"Feature","id":920,"properties":{"capital":false},"geometry":{"type":"Point","coordinates":[24.49946,45.87403]}},{"type":"Feature","id":921,"properties":{"capital":false},"geometry":{"type":"Point","coordinates":[23.79331,45.88845]}},{"type":"Feature","id":922,"properties":{"capital":false},"geometry":{"type":"Point","coordinates":[24.72776,45.96549]}},{"type":"Feature","id":923,"properties":{"capital":false},"geometry":{"type":"Point","coordinates":[24.11011,46.08893]}},{"type":"Feature","id":924,"properties":{"capital":false},"geometry":{"type":"Point","coordinates":[24.34671,45.98958]}},{"type":"Feature","id":925,"properties":{"capital":false},"geometry":{"type":"Point","coordinates":[24.39462,46.09157]}},{"type":"Feature","id":926,"properties":{"capital":false},"geometry":{"type":"Point","coordinates":[24.45097,45.89581]}},{"type":"Feature","id":927,"properties":{"capital":false},"geometry":{"type":"Point","coordinates":[23.96699,45.7552]}},{"type":"Feature","id":928,"properties":{"capital":false},"geometry":{"type":"Point","coordinates":[23.88795,46.01004]}},{"type":"Feature","id":929,"properties":{"capital":false},"geometry":{"type":"Point","coordinates":[23.72939,45.8089]}},{"type":"Feature","id":930,"properties":{"capital":false},"geometry":{"type":"Point","coordinates":[24.45736,45.75853]}},{"type":"Feature","id":931,"properties":{"capital":false},"geometry":{"type":"Point","coordinates":[24.34595,45.67877]}},{"type":"Feature","id":932,"properties":{"capital":false},"geometry":{"type":"Point","coordinates":[24.05977,45.62371]}},{"type":"Feature","id":933,"properties":{"capital":false},"geometry":{"type":"Point","coordinates":[24.313,45.81667]}},{"type":"Feature","id":934,"properties":{"capital":false},"geometry":{"type":"Point","coordinates":[24.18238,45.67169]}},{"type":"Feature","id":935,"properties":{"capital":false},"geometry":{"type":"Point","coordinates":[23.88376,45.79297]}},{"type":"Feature","id":936,"properties":{"capital":false},"geometry":{"type":"Point","coordinates":[23.05107,46.36482]}},{"type":"Feature","id":937,"properties":{"capital":false},"geometry":{"type":"Point","coordinates":[24.16003,45.92166]}},{"type":"Feature","id":938,"properties":{"capital":false},"geometry":{"type":"Point","coordinates":[24.1558,46.02365]}},{"type":"Feature","id":939,"properties":{"capital":false},"geometry":{"type":"Point","coordinates":[24.12869,46.05451]}},{"type":"Feature","id":940,"properties":{"capital":false},"geometry":{"type":"Point","coordinates":[24.17078,45.85474]}},{"type":"Feature","id":941,"properties":{"capital":false},"geometry":{"type":"Point","coordinates":[24.05158,45.83533]}},{"type":"Feature","id":942,"properties":{"capital":false},"geometry":{"type":"Point","coordinates":[24.26308,45.66684]}},{"type":"Feature","id":943,"properties":{"capital":false},"geometry":{"type":"Point","coordinates":[25.1371,44.86792]}},{"type":"Feature","id":944,"properties":{"capital":false},"geometry":{"type":"Point","coordinates":[23.84137,45.80133]}},{"type":"Feature","id":945,"properties":{"capital":false},"geometry":{"type":"Point","coordinates":[24.29722,45.64268]}},{"type":"Feature","id":946,"properties":{"capital":false},"geometry":{"type":"Point","coordinates":[24.27732,46.08154]}},{"type":"Feature","id":947,"properties":{"capital":false},"geometry":{"type":"Point","coordinates":[24.34159,45.89643]}},{"type":"Feature","id":948,"properties":{"capital":false},"geometry":{"type":"Point","coordinates":[24.4788,46.21331]}},{"type":"Feature","id":949,"properties":{"capital":false},"geometry":{"type":"Point","coordinates":[24.25882,45.63424]}},{"type":"Feature","id":950,"properties":{"capital":true},"geometry":{"type":"Point","coordinates":[26.2795,47.67434]}},{"type":"Feature","id":951,"properties":{"capital":false},"geometry":{"type":"Point","coordinates":[26.28312,47.62167]}},{"type":"Feature","id":952,"properties":{"capital":false},"geometry":{"type":"Point","coordinates":[26.24279,47.72368]}},{"type":"Feature","id":953,"properties":{"capital":false},"geometry":{"type":"Point","coordinates":[26.37214,47.65188]}},{"type":"Feature","id":954,"properties":{"capital":false},"geometry":{"type":"Point","coordinates":[26.2265,47.65762]}},{"type":"Feature","id":955,"properties":{"capital":false},"geometry":{"type":"Point","coordinates":[25.55815,47.52957]}},{"type":"Feature","id":956,"properties":{"capital":false},"geometry":{"type":"Point","coordinates":[26.29684,47.46068]}},{"type":"Feature","id":957,"properties":{"capital":false},"geometry":{"type":"Point","coordinates":[25.8885,47.55576]}},{"type":"Feature","id":958,"properties":{"capital":false},"geometry":{"type":"Point","coordinates":[25.9141,47.85066]}},{"type":"Feature","id":959,"properties":{"capital":false},"geometry":{"type":"Point","coordinates":[26.06618,47.95067]}},{"type":"Feature","id":960,"properties":{"capital":false},"geometry":{"type":"Point","coordinates":[25.83328,47.70054]}},{"type":"Feature","id":961,"properties":{"capital":false},"geometry":{"type":"Point","coordinates":[25.12627,45.17887]}},{"type":"Feature","id":962,"properties":{"capital":false},"geometry":{"type":"Point","coordinates":[25.35235,47.34738]}},{"type":"Feature","id":963,"properties":{"capital":false},"geometry":{"type":"Point","coordinates":[26.29311,47.73823]}},{"type":"Feature","id":964,"properties":{"capital":false},"geometry":{"type":"Point","coordinates":[25.9184,47.73103]}},{"type":"Feature","id":965,"properties":{"capital":false},"geometry":{"type":"Point","coordinates":[26.21742,47.41808]}},{"type":"Feature","id":966,"properties":{"capital":false},"geometry":{"type":"Point","coordinates":[25.98227,47.80253]}},{"type":"Feature","id":967,"properties":{"capital":false},"geometry":{"type":"Point","coordinates":[26.07538,47.89241]}},{"type":"Feature","id":968,"properties":{"capital":false},"geometry":{"type":"Point","coordinates":[25.75296,47.91802]}},{"type":"Feature","id":969,"properties":{"capital":false},"geometry":{"type":"Point","coordinates":[26.27228,47.36647]}},{"type":"Feature","id":970,"properties":{"capital":false},"geometry":{"type":"Point","coordinates":[26.33642,47.3488]}},{"type":"Feature","id":971,"properties":{"capital":false},"geometry":{"type":"Point","coordinates":[26.31586,47.58649]}},{"type":"Feature","id":972,"properties":{"capital":false},"geometry":{"type":"Point","coordinates":[25.94177,47.68735]}},{"type":"Feature","id":973,"properties":{"capital":false},"geometry":{"type":"Point","coordinates":[25.31877,47.61489]}},{"type":"Feature","id":974,"properties":{"capital":false},"geometry":{"type":"Point","coordinates":[25.42656,47.88469]}},{"type":"Feature","id":975,"properties":{"capital":false},"geometry":{"type":"Point","coordinates":[25.13634,45.01068]}},{"type":"Feature","id":976,"properties":{"capital":false},"geometry":{"type":"Point","coordinates":[25.69633,47.23894]}},{"type":"Feature","id":977,"properties":{"capital":false},"geometry":{"type":"Point","coordinates":[26.28667,47.52478]}},{"type":"Feature","id":978,"properties":{"capital":false},"geometry":{"type":"Point","coordinates":[25.91088,47.64871]}},{"type":"Feature","id":979,"properties":{"capital":false},"geometry":{"type":"Point","coordinates":[24.77936,45.28167]}},{"type":"Feature","id":980,"properties":{"capital":false},"geometry":{"type":"Point","coordinates":[26.12432,47.85599]}},{"type":"Feature","id":981,"properties":{"capital":false},"geometry":{"type":"Point","coordinates":[25.96533,47.70146]}},{"type":"Feature","id":982,"properties":{"capital":false},"geometry":{"type":"Point","coordinates":[26.04902,47.60854]}},{"type":"Feature","id":983,"properties":{"capital":false},"geometry":{"type":"Point","coordinates":[25.12748,47.57449]}},{"type":"Feature","id":984,"properties":{"capital":false},"geometry":{"type":"Point","coordinates":[26.15081,47.46328]}},{"type":"Feature","id":985,"properties":{"capital":false},"geometry":{"type":"Point","coordinates":[25.61145,47.35028]}},{"type":"Feature","id":986,"properties":{"capital":false},"geometry":{"type":"Point","coordinates":[26.14466,47.75246]}},{"type":"Feature","id":987,"properties":{"capital":false},"geometry":{"type":"Point","coordinates":[26.60993,47.4259]}},{"type":"Feature","id":988,"properties":{"capital":false},"geometry":{"type":"Point","coordinates":[26.51168,47.44997]}},{"type":"Feature","id":989,"properties":{"capital":false},"geometry":{"type":"Point","coordinates":[25.42738,47.34279]}},{"type":"Feature","id":990,"properties":{"capital":false},"geometry":{"type":"Point","coordinates":[25.26133,47.35522]}},{"type":"Feature","id":991,"properties":{"capital":false},"geometry":{"type":"Point","coordinates":[26.00374,47.87167]}},{"type":"Feature","id":992,"properties":{"capital":false},"geometry":{"type":"Point","coordinates":[26.08242,47.52771]}},{"type":"Feature","id":993,"properties":{"capital":false},"geometry":{"type":"Point","coordinates":[26.48865,47.29701]}},{"type":"Feature","id":994,"properties":{"capital":false},"geometry":{"type":"Point","coordinates":[26.42089,47.65955]}},{"type":"Feature","id":995,"properties":{"capital":false},"geometry":{"type":"Point","coordinates":[26.53118,47.5744]}},{"type":"Feature","id":996,"properties":{"capital":false},"geometry":{"type":"Point","coordinates":[24.82558,44.92536]}},{"type":"Feature","id":997,"properties":{"capital":false},"geometry":{"type":"Point","coordinates":[26.46545,47.34915]}},{"type":"Feature","id":998,"properties":{"capital":false},"geometry":{"type":"Point","coordinates":[25.79683,47.5284]}},{"type":"Feature","id":999,"properties":{"capital":false},"geometry":{"type":"Point","coordinates":[25.83836,47.92937]}},{"type":"Feature","id":1000,"properties":{"capital":false},"geometry":{"type":"Point","coordinates":[25.87703,47.90939]}},{"type":"Feature","id":1001,"properties":{"capital":false},"geometry":{"type":"Point","coordinates":[25.64665,47.61001]}},{"type":"Feature","id":1002,"properties":{"capital":false},"geometry":{"type":"Point","coordinates":[25.40779,47.53749]}},{"type":"Feature","id":1003,"properties":{"capital":false},"geometry":{"type":"Point","coordinates":[25.80266,47.91163]}},{"type":"Feature","id":1004,"properties":{"capital":false},"geometry":{"type":"Point","coordinates":[26.1464,47.9126]}},{"type":"Feature","id":1005,"properties":{"capital":false},"geometry":{"type":"Point","coordinates":[26.05249,47.80916]}},{"type":"Feature","id":1006,"properties":{"capital":false},"geometry":{"type":"Point","coordinates":[26.16182,47.52824]}},{"type":"Feature","id":1007,"properties":{"capital":false},"geometry":{"type":"Point","coordinates":[25.83082,47.86068]}},{"type":"Feature","id":1008,"properties":{"capital":false},"geometry":{"type":"Point","coordinates":[25.31098,47.42736]}},{"type":"Feature","id":1009,"properties":{"capital":false},"geometry":{"type":"Point","coordinates":[25.17392,47.7651]}},{"type":"Feature","id":1010,"properties":{"capital":false},"geometry":{"type":"Point","coordinates":[25.0017,45.27374]}},{"type":"Feature","id":1011,"properties":{"capital":false},"geometry":{"type":"Point","coordinates":[26.52672,47.52026]}},{"type":"Feature","id":1012,"properties":{"capital":false},"geometry":{"type":"Point","coordinates":[25.82136,47.80903]}},{"type":"Feature","id":1013,"properties":{"capital":false},"geometry":{"type":"Point","coordinates":[26.08488,47.45286]}},{"type":"Feature","id":1014,"properties":{"capital":false},"geometry":{"type":"Point","coordinates":[25.85624,47.59519]}},{"type":"Feature","id":1015,"properties":{"capital":false},"geometry":{"type":"Point","coordinates":[24.94042,44.5972]}},{"type":"Feature","id":1016,"properties":{"capital":false},"geometry":{"type":"Point","coordinates":[26.22103,47.60062]}},{"type":"Feature","id":1017,"properties":{"capital":false},"geometry":{"type":"Point","coordinates":[25.23984,47.69311]}},{"type":"Feature","id":1018,"properties":{"capital":false},"geometry":{"type":"Point","coordinates":[25.53847,47.68791]}},{"type":"Feature","id":1019,"properties":{"capital":false},"geometry":{"type":"Point","coordinates":[25.94336,47.96714]}},{"type":"Feature","id":1020,"properties":{"capital":false},"geometry":{"type":"Point","coordinates":[25.75303,47.39648]}},{"type":"Feature","id":1021,"properties":{"capital":false},"geometry":{"type":"Point","coordinates":[25.37932,47.24661]}},{"type":"Feature","id":1022,"properties":{"capital":false},"geometry":{"type":"Point","coordinates":[25.95393,47.5506]}},{"type":"Feature","id":1023,"properties":{"capital":false},"geometry":{"type":"Point","coordinates":[25.95069,47.64025]}},{"type":"Feature","id":1024,"properties":{"capital":false},"geometry":{"type":"Point","coordinates":[26.18682,47.72074]}},{"type":"Feature","id":1025,"properties":{"capital":false},"geometry":{"type":"Point","coordinates":[25.13864,47.32327]}},{"type":"Feature","id":1026,"properties":{"capital":false},"geometry":{"type":"Point","coordinates":[25.46508,47.5238]}},{"type":"Feature","id":1027,"properties":{"capital":false},"geometry":{"type":"Point","coordinates":[26.41244,47.45736]}},{"type":"Feature","id":1028,"properties":{"capital":false},"geometry":{"type":"Point","coordinates":[25.61077,47.8706]}},{"type":"Feature","id":1029,"properties":{"capital":false},"geometry":{"type":"Point","coordinates":[26.25113,47.46856]}},{"type":"Feature","id":1030,"properties":{"capital":false},"geometry":{"type":"Point","coordinates":[26.23302,47.35675]}},{"type":"Feature","id":1031,"properties":{"capital":false},"geometry":{"type":"Point","coordinates":[25.5022,47.54223]}},{"type":"Feature","id":1032,"properties":{"capital":false},"geometry":{"type":"Point","coordinates":[26.0008,47.83113]}},{"type":"Feature","id":1033,"properties":{"capital":false},"geometry":{"type":"Point","coordinates":[26.39903,47.69918]}},{"type":"Feature","id":1034,"properties":{"capital":false},"geometry":{"type":"Point","coordinates":[26.00169,47.44611]}},{"type":"Feature","id":1035,"properties":{"capital":false},"geometry":{"type":"Point","coordinates":[25.55114,47.91801]}},{"type":"Feature","id":1036,"properties":{"capital":false},"geometry":{"type":"Point","coordinates":[26.12755,47.61683]}},{"type":"Feature","id":1037,"properties":{"capital":false},"geometry":{"type":"Point","coordinates":[25.76346,47.45827]}},{"type":"Feature","id":1038,"properties":{"capital":false},"geometry":{"type":"Point","coordinates":[25.72901,47.78125]}},{"type":"Feature","id":1039,"properties":{"capital":false},"geometry":{"type":"Point","coordinates":[25.32764,47.23882]}},{"type":"Feature","id":1040,"properties":{"capital":false},"geometry":{"type":"Point","coordinates":[26.06155,47.70359]}},{"type":"Feature","id":1041,"properties":{"capital":false},"geometry":{"type":"Point","coordinates":[26.41065,47.57533]}},{"type":"Feature","id":1042,"properties":{"capital":false},"geometry":{"type":"Point","coordinates":[24.95509,44.44345]}},{"type":"Feature","id":1043,"properties":{"capital":false},"geometry":{"type":"Point","coordinates":[25.28777,47.8895]}},{"type":"Feature","id":1044,"properties":{"capital":false},"geometry":{"type":"Point","coordinates":[26.36907,47.37761]}},{"type":"Feature","id":1045,"properties":{"capital":false},"geometry":{"type":"Point","coordinates":[26.0196,47.47311]}},{"type":"Feature","id":1046,"properties":{"capital":false},"geometry":{"type":"Point","coordinates":[25.68784,47.56329]}},{"type":"Feature","id":1047,"properties":{"capital":false},"geometry":{"type":"Point","coordinates":[25.579,47.64882]}},{"type":"Feature","id":1048,"properties":{"capital":false},"geometry":{"type":"Point","coordinates":[26.43803,47.60673]}},{"type":"Feature","id":1049,"properties":{"capital":false},"geometry":{"type":"Point","coordinates":[25.72498,47.90088]}},{"type":"Feature","id":1050,"properties":{"capital":false},"geometry":{"type":"Point","coordinates":[25.00564,44.84565]}},{"type":"Feature","id":1051,"properties":{"capital":false},"geometry":{"type":"Point","coordinates":[25.65998,47.92655]}},{"type":"Feature","id":1052,"properties":{"capital":false},"geometry":{"type":"Point","coordinates":[25.89398,47.80702]}},{"type":"Feature","id":1053,"properties":{"capital":false},"geometry":{"type":"Point","coordinates":[26.37994,47.522]}},{"type":"Feature","id":1054,"properties":{"capital":false},"geometry":{"type":"Point","coordinates":[26.20315,47.86566]}},{"type":"Feature","id":1055,"properties":{"capital":false},"geometry":{"type":"Point","coordinates":[26.29259,47.8353]}},{"type":"Feature","id":1056,"properties":{"capital":false},"geometry":{"type":"Point","coordinates":[25.98677,47.66915]}},{"type":"Feature","id":1057,"properties":{"capital":false},"geometry":{"type":"Point","coordinates":[25.97582,47.75838]}},{"type":"Feature","id":1058,"properties":{"capital":false},"geometry":{"type":"Point","coordinates":[25.27752,47.48081]}},{"type":"Feature","id":1059,"properties":{"capital":false},"geometry":{"type":"Point","coordinates":[26.13849,47.82661]}},{"type":"Feature","id":1060,"properties":{"capital":false},"geometry":{"type":"Point","coordinates":[25.83527,47.83162]}},{"type":"Feature","id":1061,"properties":{"capital":false},"geometry":{"type":"Point","coordinates":[26.29857,47.41408]}},{"type":"Feature","id":1062,"properties":{"capital":false},"geometry":{"type":"Point","coordinates":[25.17973,47.37072]}},{"type":"Feature","id":1063,"properties":{"capital":false},"geometry":{"type":"Point","coordinates":[25.978,47.50798]}},{"type":"Feature","id":1064,"properties":{"capital":false},"geometry":{"type":"Point","coordinates":[26.37206,47.75484]}},{"type":"Feature","id":1065,"properties":{"capital":false},"geometry":{"type":"Point","coordinates":[25.92536,47.79009]}},{"type":"Feature","id":1066,"properties":{"capital":false},"geometry":{"type":"Point","coordinates":[26.04604,47.64314]}},{"type":"Feature","id":1067,"properties":{"capital":false},"geometry":{"type":"Point","coordinates":[26.37068,47.48977]}},{"type":"Feature","id":1068,"properties":{"capital":false},"geometry":{"type":"Point","coordinates":[25.75575,47.88342]}},{"type":"Feature","id":1069,"properties":{"capital":false},"geometry":{"type":"Point","coordinates":[26.06238,47.56818]}},{"type":"Feature","id":1070,"properties":{"capital":false},"geometry":{"type":"Point","coordinates":[26.03048,47.52282]}},{"type":"Feature","id":1071,"properties":{"capital":false},"geometry":{"type":"Point","coordinates":[25.89214,47.68602]}},{"type":"Feature","id":1072,"properties":{"capital":false},"geometry":{"type":"Point","coordinates":[24.86744,43.74614]}},{"type":"Feature","id":1073,"properties":{"capital":false},"geometry":{"type":"Point","coordinates":[24.93402,43.76006]}},{"type":"Feature","id":1074,"properties":{"capital":false},"geometry":{"type":"Point","coordinates":[24.75811,43.72554]}},{"type":"Feature","id":1075,"properties":{"capital":false},"geometry":{"type":"Point","coordinates":[24.82008,43.79512]}},{"type":"Feature","id":1076,"properties":{"capital":true},"geometry":{"type":"Point","coordinates":[25.33123,43.96936]}},{"type":"Feature","id":1077,"properties":{"capital":false},"geometry":{"type":"Point","coordinates":[25.28745,43.9914]}},{"type":"Feature","id":1078,"properties":{"capital":false},"geometry":{"type":"Point","coordinates":[25.3557,43.94006]}},{"type":"Feature","id":1079,"properties":{"capital":false},"geometry":{"type":"Point","coordinates":[24.98572,44.11337]}},{"type":"Feature","id":1080,"properties":{"capital":false},"geometry":{"type":"Point","coordinates":[25.52954,44.27455]}},{"type":"Feature","id":1081,"properties":{"capital":false},"geometry":{"type":"Point","coordinates":[25.58897,44.24633]}},{"type":"Feature","id":1082,"properties":{"capital":false},"geometry":{"type":"Point","coordinates":[25.36455,43.65629]}},{"type":"Feature","id":1083,"properties":{"capital":false},"geometry":{"type":"Point","coordinates":[24.92199,44.34321]}},{"type":"Feature","id":1084,"properties":{"capital":false},"geometry":{"type":"Point","coordinates":[25.38181,44.16119]}},{"type":"Feature","id":1085,"properties":{"capital":false},"geometry":{"type":"Point","coordinates":[25.47418,44.29216]}},{"type":"Feature","id":1086,"properties":{"capital":false},"geometry":{"type":"Point","coordinates":[25.10192,43.91578]}},{"type":"Feature","id":1087,"properties":{"capital":false},"geometry":{"type":"Point","coordinates":[25.54457,44.15103]}},{"type":"Feature","id":1088,"properties":{"capital":false},"geometry":{"type":"Point","coordinates":[25.51836,43.76028]}},{"type":"Feature","id":1089,"properties":{"capital":false},"geometry":{"type":"Point","coordinates":[25.39562,43.87761]}},{"type":"Feature","id":1090,"properties":{"capital":false},"geometry":{"type":"Point","coordinates":[25.64584,44.11072]}},{"type":"Feature","id":1091,"properties":{"capital":false},"geometry":{"type":"Point","coordinates":[25.56166,43.71061]}},{"type":"Feature","id":1092,"properties":{"capital":false},"geometry":{"type":"Point","coordinates":[25.07503,44.77041]}},{"type":"Feature","id":1093,"properties":{"capital":false},"geometry":{"type":"Point","coordinates":[25.22737,44.0105]}},{"type":"Feature","id":1094,"properties":{"capital":false},"geometry":{"type":"Point","coordinates":[25.24181,44.08588]}},{"type":"Feature","id":1095,"properties":{"capital":false},"geometry":{"type":"Point","coordinates":[24.8637,43.96918]}},{"type":"Feature","id":1096,"properties":{"capital":false},"geometry":{"type":"Point","coordinates":[24.81241,44.0288]}},{"type":"Feature","id":1097,"properties":{"capital":false},"geometry":{"type":"Point","coordinates":[25.45901,43.83554]}},{"type":"Feature","id":1098,"properties":{"capital":false},"geometry":{"type":"Point","coordinates":[25.08763,44.30455]}},{"type":"Feature","id":1099,"properties":{"capital":false},"geometry":{"type":"Point","coordinates":[25.49381,43.79152]}},{"type":"Feature","id":1100,"properties":{"capital":false},"geometry":{"type":"Point","coordinates":[25.39185,44.29541]}},{"type":"Feature","id":1101,"properties":{"capital":false},"geometry":{"type":"Point","coordinates":[24.79795,44.02244]}},{"type":"Feature","id":1102,"properties":{"capital":false},"geometry":{"type":"Point","coordinates":[25.07201,43.84579]}},{"type":"Feature","id":1103,"properties":{"capital":false},"geometry":{"type":"Point","coordinates":[24.88655,44.21516]}},{"type":"Feature","id":1104,"properties":{"capital":false},"geometry":{"type":"Point","coordinates":[24.88493,44.27711]}},{"type":"Feature","id":1105,"properties":{"capital":false},"geometry":{"type":"Point","coordinates":[24.98097,44.22496]}},{"type":"Feature","id":1106,"properties":{"capital":false},"geometry":{"type":"Point","coordinates":[25.05516,44.12878]}},{"type":"Feature","id":1107,"properties":{"capital":false},"geometry":{"type":"Point","coordinates":[25.60056,44.10377]}},{"type":"Feature","id":1108,"properties":{"capital":false},"geometry":{"type":"Point","coordinates":[25.14135,43.8717]}},{"type":"Feature","id":1109,"properties":{"capital":false},"geometry":{"type":"Point","coordinates":[25.46762,43.79306]}},{"type":"Feature","id":1110,"properties":{"capital":false},"geometry":{"type":"Point","coordinates":[25.35736,44.22709]}},{"type":"Feature","id":1111,"properties":{"capital":false},"geometry":{"type":"Point","coordinates":[25.44647,44.43857]}},{"type":"Feature","id":1112,"properties":{"capital":false},"geometry":{"type":"Point","coordinates":[25.3931,43.82686]}},{"type":"Feature","id":1113,"properties":{"capital":false},"geometry":{"type":"Point","coordinates":[25.14288,43.7918]}},{"type":"Feature","id":1114,"properties":{"capital":false},"geometry":{"type":"Point","coordinates":[24.55219,45.20731]}},{"type":"Feature","id":1115,"properties":{"capital":false},"geometry":{"type":"Point","coordinates":[24.76801,43.83927]}},{"type":"Feature","id":1116,"properties":{"capital":false},"geometry":{"type":"Point","coordinates":[25.23939,44.03528]}},{"type":"Feature","id":1117,"properties":{"capital":false},"geometry":{"type":"Point","coordinates":[25.39375,44.02232]}},{"type":"Feature","id":1118,"properties":{"capital":false},"geometry":{"type":"Point","coordinates":[24.92177,44.12626]}},{"type":"Feature","id":1119,"properties":{"capital":false},"geometry":{"type":"Point","coordinates":[25.64197,44.23183]}},{"type":"Feature","id":1120,"properties":{"capital":false},"geometry":{"type":"Point","coordinates":[25.46617,43.93862]}},{"type":"Feature","id":1121,"properties":{"capital":false},"geometry":{"type":"Point","coordinates":[25.50705,44.19757]}},{"type":"Feature","id":1122,"properties":{"capital":false},"geometry":{"type":"Point","coordinates":[25.46273,43.67111]}},{"type":"Feature","id":1123,"properties":{"capital":false},"geometry":{"type":"Point","coordinates":[25.14787,44.2515]}},{"type":"Feature","id":1124,"properties":{"capital":false},"geometry":{"type":"Point","coordinates":[25.29074,44.17585]}},{"type":"Feature","id":1125,"properties":{"capital":false},"geometry":{"type":"Point","coordinates":[25.32802,44.12146]}},{"type":"Feature","id":1126,"properties":{"capital":false},"geometry":{"type":"Point","coordinates":[25.09135,44.04341]}},{"type":"Feature","id":1127,"properties":{"capital":false},"geometry":{"type":"Point","coordinates":[25.16628,43.81026]}},{"type":"Feature","id":1128,"properties":{"capital":false},"geometry":{"type":"Point","coordinates":[25.6385,43.71333]}},{"type":"Feature","id":1129,"properties":{"capital":false},"geometry":{"type":"Point","coordinates":[25.14771,44.02307]}},{"type":"Feature","id":1130,"properties":{"capital":false},"geometry":{"type":"Point","coordinates":[24.68303,43.96292]}},{"type":"Feature","id":1131,"properties":{"capital":false},"geometry":{"type":"Point","coordinates":[25.34405,44.39877]}},{"type":"Feature","id":1132,"properties":{"capital":false},"geometry":{"type":"Point","coordinates":[25.42039,44.00777]}},{"type":"Feature","id":1133,"properties":{"capital":false},"geometry":{"type":"Point","coordinates":[24.9651,43.90322]}},{"type":"Feature","id":1134,"properties":{"capital":false},"geometry":{"type":"Point","coordinates":[25.152,44.14586]}},{"type":"Feature","id":1135,"properties":{"capital":false},"geometry":{"type":"Point","coordinates":[25.55983,43.99603]}},{"type":"Feature","id":1136,"properties":{"capital":false},"geometry":{"type":"Point","coordinates":[24.92227,43.93702]}},{"type":"Feature","id":1137,"properties":{"capital":false},"geometry":{"type":"Point","coordinates":[25.06313,44.22962]}},{"type":"Feature","id":1138,"properties":{"capital":false},"geometry":{"type":"Point","coordinates":[24.955,44.14508]}},{"type":"Feature","id":1139,"properties":{"capital":false},"geometry":{"type":"Point","coordinates":[25.2113,45.19105]}},{"type":"Feature","id":1140,"properties":{"capital":false},"geometry":{"type":"Point","coordinates":[25.26869,44.34216]}},{"type":"Feature","id":1141,"properties":{"capital":false},"geometry":{"type":"Point","coordinates":[25.05286,43.75627]}},{"type":"Feature","id":1142,"properties":{"capital":false},"geometry":{"type":"Point","coordinates":[25.10238,44.18793]}},{"type":"Feature","id":1143,"properties":{"capital":false},"geometry":{"type":"Point","coordinates":[24.805,43.81623]}},{"type":"Feature","id":1144,"properties":{"capital":false},"geometry":{"type":"Point","coordinates":[25.35811,44.37302]}},{"type":"Feature","id":1145,"properties":{"capital":false},"geometry":{"type":"Point","coordinates":[25.01238,44.37997]}},{"type":"Feature","id":1146,"properties":{"capital":false},"geometry":{"type":"Point","coordinates":[25.40728,44.46285]}},{"type":"Feature","id":1147,"properties":{"capital":false},"geometry":{"type":"Point","coordinates":[24.69764,43.91544]}},{"type":"Feature","id":1148,"properties":{"capital":false},"geometry":{"type":"Point","coordinates":[25.43768,43.84574]}},{"type":"Feature","id":1149,"properties":{"capital":false},"geometry":{"type":"Point","coordinates":[24.8843,44.18415]}},{"type":"Feature","id":1150,"properties":{"capital":false},"geometry":{"type":"Point","coordinates":[25.25143,43.73921]}},{"type":"Feature","id":1151,"properties":{"capital":false},"geometry":{"type":"Point","coordinates":[24.60269,45.24397]}},{"type":"Feature","id":1152,"properties":{"capital":false},"geometry":{"type":"Point","coordinates":[25.45546,43.88565]}},{"type":"Feature","id":1153,"properties":{"capital":false},"geometry":{"type":"Point","coordinates":[25.29178,44.28695]}},{"type":"Feature","id":1154,"properties":{"capital":false},"geometry":{"type":"Point","coordinates":[25.1757,44.37471]}},{"type":"Feature","id":1155,"properties":{"capital":false},"geometry":{"type":"Point","coordinates":[25.12041,44.40737]}},{"type":"Feature","id":1156,"properties":{"capital":false},"geometry":{"type":"Point","coordinates":[25.6558,44.0145]}},{"type":"Feature","id":1157,"properties":{"capital":false},"geometry":{"type":"Point","coordinates":[25.00345,43.76688]}},{"type":"Feature","id":1158,"properties":{"capital":false},"geometry":{"type":"Point","coordinates":[25.24034,44.2637]}},{"type":"Feature","id":1159,"properties":{"capital":false},"geometry":{"type":"Point","coordinates":[25.02032,44.00226]}},{"type":"Feature","id":1160,"properties":{"capital":false},"geometry":{"type":"Point","coordinates":[25.37655,43.9011]}},{"type":"Feature","id":1161,"properties":{"capital":false},"geometry":{"type":"Point","coordinates":[25.06587,44.09135]}},{"type":"Feature","id":1162,"properties":{"capital":false},"geometry":{"type":"Point","coordinates":[25.17371,43.77953]}},{"type":"Feature","id":1163,"properties":{"capital":false},"geometry":{"type":"Point","coordinates":[24.54408,45.11125]}},{"type":"Feature","id":1164,"properties":{"capital":false},"geometry":{"type":"Point","coordinates":[25.19875,44.19151]}},{"type":"Feature","id":1165,"properties":{"capital":false},"geometry":{"type":"Point","coordinates":[24.99697,44.30319]}},{"type":"Feature","id":1166,"properties":{"capital":false},"geometry":{"type":"Point","coordinates":[25.19912,44.03455]}},{"type":"Feature","id":1167,"properties":{"capital":false},"geometry":{"type":"Point","coordinates":[24.66421,44.00397]}},{"type":"Feature","id":1168,"properties":{"capital":false},"geometry":{"type":"Point","coordinates":[24.96486,44.25169]}},{"type":"Feature","id":1169,"properties":{"capital":false},"geometry":{"type":"Point","coordinates":[25.05045,43.84882]}},{"type":"Feature","id":1170,"properties":{"capital":false},"geometry":{"type":"Point","coordinates":[25.29117,43.72072]}},{"type":"Feature","id":1171,"properties":{"capital":false},"geometry":{"type":"Point","coordinates":[25.38089,44.18008]}},{"type":"Feature","id":1172,"properties":{"capital":false},"geometry":{"type":"Point","coordinates":[25.42377,44.36094]}},{"type":"Feature","id":1173,"properties":{"capital":false},"geometry":{"type":"Point","coordinates":[24.7264,43.85544]}},{"type":"Feature","id":1174,"properties":{"capital":false},"geometry":{"type":"Point","coordinates":[24.71287,43.88759]}},{"type":"Feature","id":1175,"properties":{"capital":true},"geometry":{"type":"Point","coordinates":[21.22815,45.75607]}},{"type":"Feature","id":1176,"properties":{"capital":false},"geometry":{"type":"Point","coordinates":[21.24489,45.79977]}},{"type":"Feature","id":1177,"properties":{"capital":false},"geometry":{"type":"Point","coordinates":[21.30305,45.76995]}},{"type":"Feature","id":1178,"properties":{"capital":false},"geometry":{"type":"Point","coordinates":[21.23687,45.69626]}},{"type":"Feature","id":1179,"properties":{"capital":false},"geometry":{"type":"Point","coordinates":[21.90577,45.68536]}},{"type":"Feature","id":1180,"properties":{"capital":false},"geometry":{"type":"Point","coordinates":[21.60331,45.64865]}},{"type":"Feature","id":1181,"properties":{"capital":false},"geometry":{"type":"Point","coordinates":[21.22533,45.39578]}},{"type":"Feature","id":1182,"properties":{"capital":false},"geometry":{"type":"Point","coordinates":[20.71838,45.79191]}},{"type":"Feature","id":1183,"properties":{"capital":false},"geometry":{"type":"Point","coordinates":[20.62121,46.07258]}},{"type":"Feature","id":1184,"properties":{"capital":false},"geometry":{"type":"Point","coordinates":[24.47342,44.86316]}},{"type":"Feature","id":1185,"properties":{"capital":false},"geometry":{"type":"Point","coordinates":[21.85634,45.81311]}},{"type":"Feature","id":1186,"properties":{"capital":false},"geometry":{"type":"Point","coordinates":[21.13635,45.38701]}},{"type":"Feature","id":1187,"properties":{"capital":false},"geometry":{"type":"Point","coordinates":[21.87996,45.89401]}},{"type":"Feature","id":1188,"properties":{"capital":false},"geometry":{"type":"Point","coordinates":[20.30047,46.12867]}},{"type":"Feature","id":1189,"properties":{"capital":false},"geometry":{"type":"Point","coordinates":[21.05036,45.83441]}},{"type":"Feature","id":1190,"properties":{"capital":false},"geometry":{"type":"Point","coordinates":[21.76582,45.75247]}},{"type":"Feature","id":1191,"properties":{"capital":false},"geometry":{"type":"Point","coordinates":[21.9599,45.83572]}},{"type":"Feature","id":1192,"properties":{"capital":false},"geometry":{"type":"Point","coordinates":[20.96054,45.88726]}},{"type":"Feature","id":1193,"properties":{"capital":false},"geometry":{"type":"Point","coordinates":[22.05752,45.72112]}},{"type":"Feature","id":1194,"properties":{"capital":false},"geometry":{"type":"Point","coordinates":[21.57761,45.97881]}},{"type":"Feature","id":1195,"properties":{"capital":false},"geometry":{"type":"Point","coordinates":[21.77882,45.69476]}},{"type":"Feature","id":1196,"properties":{"capital":false},"geometry":{"type":"Point","coordinates":[21.68042,45.87309]}},{"type":"Feature","id":1197,"properties":{"capital":false},"geometry":{"type":"Point","coordinates":[20.90424,45.79024]}},{"type":"Feature","id":1198,"properties":{"capital":false},"geometry":{"type":"Point","coordinates":[20.57841,46.13336]}},{"type":"Feature","id":1199,"properties":{"capital":false},"geometry":{"type":"Point","coordinates":[20.90233,45.71515]}},{"type":"Feature","id":1200,"properties":{"capital":false},"geometry":{"type":"Point","coordinates":[21.4881,45.6663]}},{"type":"Feature","id":1201,"properties":{"capital":false},"geometry":{"type":"Point","coordinates":[21.13094,45.51101]}},{"type":"Feature","id":1202,"properties":{"capital":false},"geometry":{"type":"Point","coordinates":[20.62617,45.89114]}},{"type":"Feature","id":1203,"properties":{"capital":false},"geometry":{"type":"Point","coordinates":[21.85455,45.7389]}},{"type":"Feature","id":1204,"properties":{"capital":false},"geometry":{"type":"Point","coordinates":[24.66273,44.88552]}},{"type":"Feature","id":1205,"properties":{"capital":false},"geometry":{"type":"Point","coordinates":[22.07212,45.63056]}},{"type":"Feature","id":1206,"properties":{"capital":false},"geometry":{"type":"Point","coordinates":[22.30743,45.82975]}},{"type":"Feature","id":1207,"properties":{"capital":false},"geometry":{"type":"Point","coordinates":[21.77176,45.64167]}},{"type":"Feature","id":1208,"properties":{"capital":false},"geometry":{"type":"Point","coordinates":[21.24894,45.35854]}},{"type":"Feature","id":1209,"properties":{"capital":false},"geometry":{"type":"Point","coordinates":[20.47486,46.04443]}},{"type":"Feature","id":1210,"properties":{"capital":false},"geometry":{"type":"Point","coordinates":[22.11702,45.82366]}},{"type":"Feature","id":1211,"properties":{"capital":false},"geometry":{"type":"Point","coordinates":[22.17573,45.85733]}},{"type":"Feature","id":1212,"properties":{"capital":false},"geometry":{"type":"Point","coordinates":[22.16024,45.73999]}},{"type":"Feature","id":1213,"properties":{"capital":false},"geometry":{"type":"Point","coordinates":[20.87569,45.49867]}},{"type":"Feature","id":1214,"properties":{"capital":false},"geometry":{"type":"Point","coordinates":[22.02122,45.61435]}},{"type":"Feature","id":1215,"properties":{"capital":false},"geometry":{"type":"Point","coordinates":[21.4287,45.42654]}},{"type":"Feature","id":1216,"properties":{"capital":false},"geometry":{"type":"Point","coordinates":[21.74696,45.82142]}},{"type":"Feature","id":1217,"properties":{"capital":false},"geometry":{"type":"Point","coordinates":[21.31492,45.84004]}},{"type":"Feature","id":1218,"properties":{"capital":false},"geometry":{"type":"Point","coordinates":[20.99242,45.40722]}},{"type":"Feature","id":1219,"properties":{"capital":false},"geometry":{"type":"Point","coordinates":[20.98782,45.54815]}},{"type":"Feature","id":1220,"properties":{"capital":false},"geometry":{"type":"Point","coordinates":[21.40683,45.2547]}},{"type":"Feature","id":1221,"properties":{"capital":false},"geometry":{"type":"Point","coordinates":[24.65342,45.30546]}},{"type":"Feature","id":1222,"properties":{"capital":false},"geometry":{"type":"Point","coordinates":[21.21647,45.55985]}},{"type":"Feature","id":1223,"properties":{"capital":false},"geometry":{"type":"Point","coordinates":[20.80088,45.87284]}},{"type":"Feature","id":1224,"properties":{"capital":false},"geometry":{"type":"Point","coordinates":[21.31956,45.58075]}},{"type":"Feature","id":1225,"properties":{"capital":false},"geometry":{"type":"Point","coordinates":[20.76793,45.96909]}},{"type":"Feature","id":1226,"properties":{"capital":false},"geometry":{"type":"Point","coordinates":[22.27023,45.86278]}},{"type":"Feature","id":1227,"properties":{"capital":false},"geometry":{"type":"Point","coordinates":[21.45488,45.9967]}},{"type":"Feature","id":1228,"properties":{"capital":false},"geometry":{"type":"Point","coordinates":[22.06405,45.8324]}},{"type":"Feature","id":1229,"properties":{"capital":false},"geometry":{"type":"Point","coordinates":[21.26802,45.25749]}},{"type":"Feature","id":1230,"properties":{"capital":false},"geometry":{"type":"Point","coordinates":[21.32498,45.71858]}},{"type":"Feature","id":1231,"properties":{"capital":false},"geometry":{"type":"Point","coordinates":[22.18444,45.64995]}},{"type":"Feature","id":1232,"properties":{"capital":false},"geometry":{"type":"Point","coordinates":[21.5348,45.58057]}},{"type":"Feature","id":1233,"properties":{"capital":false},"geometry":{"type":"Point","coordinates":[21.98377,45.90708]}},{"type":"Feature","id":1234,"properties":{"capital":false},"geometry":{"type":"Point","coordinates":[21.19991,45.96515]}},{"type":"Feature","id":1235,"properties":{"capital":false},"geometry":{"type":"Point","coordinates":[21.05828,45.60485]}},{"type":"Feature","id":1236,"properties":{"capital":false},"geometry":{"type":"Point","coordinates":[20.87358,46.04359]}},{"type":"Feature","id":1237,"properties":{"capital":false},"geometry":{"type":"Point","coordinates":[22.39495,45.83533]}},{"type":"Feature","id":1238,"properties":{"capital":false},"geometry":{"type":"Point","coordinates":[21.34127,45.90612]}},{"type":"Feature","id":1239,"properties":{"capital":false},"geometry":{"type":"Point","coordinates":[21.63715,45.70046]}},{"type":"Feature","id":1240,"properties":{"capital":false},"geometry":{"type":"Point","coordinates":[24.79977,45.28799]}},{"type":"Feature","id":1241,"properties":{"capital":false},"geometry":{"type":"Point","coordinates":[21.51,45.8025]}},{"type":"Feature","id":1242,"properties":{"capital":false},"geometry":{"type":"Point","coordinates":[21.37587,45.78154]}},{"type":"Feature","id":1243,"properties":{"capital":false},"geometry":{"type":"Point","coordinates":[21.42885,45.65511]}},{"type":"Feature","id":1244,"properties":{"capital":false},"geometry":{"type":"Point","coordinates":[21.04165,45.94167]}},{"type":"Feature","id":1245,"properties":{"capital":false},"geometry":{"type":"Point","coordinates":[21.11049,45.75937]}},{"type":"Feature","id":1246,"properties":{"capital":false},"geometry":{"type":"Point","coordinates":[21.82208,45.8841]}},{"type":"Feature","id":1247,"properties":{"capital":false},"geometry":{"type":"Point","coordinates":[21.16739,45.8549]}},{"type":"Feature","id":1248,"properties":{"capital":false},"geometry":{"type":"Point","coordinates":[21.08794,45.70593]}},{"type":"Feature","id":1249,"properties":{"capital":false},"geometry":{"type":"Point","coordinates":[20.8164,46.0464]}},{"type":"Feature","id":1250,"properties":{"capital":false},"geometry":{"type":"Point","coordinates":[21.16774,45.65149]}},{"type":"Feature","id":1251,"properties":{"capital":false},"geometry":{"type":"Point","coordinates":[21.98124,45.57092]}},{"type":"Feature","id":1252,"properties":{"capital":false},"geometry":{"type":"Point","coordinates":[20.52654,45.93465]}},{"type":"Feature","id":1253,"properties":{"capital":false},"geometry":{"type":"Point","coordinates":[22.31286,45.78123]}},{"type":"Feature","id":1254,"properties":{"capital":false},"geometry":{"type":"Point","coordinates":[21.62083,45.77475]}},{"type":"Feature","id":1255,"properties":{"capital":false},"geometry":{"type":"Point","coordinates":[24.8708,45.07104]}},{"type":"Feature","id":1256,"properties":{"capital":false},"geometry":{"type":"Point","coordinates":[21.49252,45.52157]}},{"type":"Feature","id":1257,"properties":{"capital":false},"geometry":{"type":"Point","coordinates":[22.02812,45.78972]}},{"type":"Feature","id":1258,"properties":{"capital":false},"geometry":{"type":"Point","coordinates":[20.90683,45.65841]}},{"type":"Feature","id":1259,"properties":{"capital":false},"geometry":{"type":"Point","coordinates":[20.96117,46.00959]}},{"type":"Feature","id":1260,"properties":{"capital":false},"geometry":{"type":"Point","coordinates":[21.89714,45.64189]}},{"type":"Feature","id":1261,"properties":{"capital":false},"geometry":{"type":"Point","coordinates":[21.23792,45.47052]}},{"type":"Feature","id":1262,"properties":{"capital":false},"geometry":{"type":"Point","coordinates":[21.34202,45.42961]}},{"type":"Feature","id":1263,"properties":{"capital":false},"geometry":{"type":"Point","coordinates":[20.83437,45.75263]}},{"type":"Feature","id":1264,"properties":{"capital":false},"geometry":{"type":"Point","coordinates":[21.10056,45.83955]}},{"type":"Feature","id":1265,"properties":{"capital":false},"geometry":{"type":"Point","coordinates":[21.42196,45.97246]}},{"type":"Feature","id":1266,"properties":{"capital":false},"geometry":{"type":"Point","coordinates":[21.13666,45.46467]}},{"type":"Feature","id":1267,"properties":{"capital":false},"geometry":{"type":"Point","coordinates":[20.71009,45.93566]}},{"type":"Feature","id":1268,"properties":{"capital":false},"geometry":{"type":"Point","coordinates":[20.8915,45.8504]}},{"type":"Feature","id":1269,"properties":{"capital":false},"geometry":{"type":"Point","coordinates":[21.13719,45.62853]}},{"type":"Feature","id":1270,"properties":{"capital":false},"geometry":{"type":"Point","coordinates":[21.21615,45.60005]}},{"type":"Feature","id":1271,"properties":{"capital":false},"geometry":{"type":"Point","coordinates":[20.73925,46.06895]}},{"type":"Feature","id":1272,"properties":{"capital":false},"geometry":{"type":"Point","coordinates":[20.89231,45.92544]}},{"type":"Feature","id":1273,"properties":{"capital":false},"geometry":{"type":"Point","coordinates":[20.66026,45.98822]}},{"type":"Feature","id":1274,"properties":{"capital":false},"geometry":{"type":"Point","coordinates":[20.39705,46.00322]}},{"type":"Feature","id":1275,"properties":{"capital":false},"geometry":{"type":"Point","coordinates":[21.05637,45.38991]}},{"type":"Feature","id":1276,"properties":{"capital":false},"geometry":{"type":"Point","coordinates":[20.83362,45.99556]}},{"type":"Feature","id":1277,"properties":{"capital":false},"geometry":{"type":"Point","coordinates":[21.38166,45.75535]}},{"type":"Feature","id":1278,"properties":{"capital":false},"geometry":{"type":"Point","coordinates":[20.84794,45.61443]}},{"type":"Feature","id":1279,"properties":{"capital":true},"geometry":{"type":"Point","coordinates":[28.78494,45.1795]}},{"type":"Feature","id":1280,"properties":{"capital":false},"geometry":{"type":"Point","coordinates":[28.7171,44.89067]}},{"type":"Feature","id":1281,"properties":{"capital":false},"geometry":{"type":"Point","coordinates":[28.45816,45.26743]}},{"type":"Feature","id":1282,"properties":{"capital":false},"geometry":{"type":"Point","coordinates":[28.1368,45.24711]}},{"type":"Feature","id":1283,"properties":{"capital":false},"geometry":{"type":"Point","coordinates":[29.6505,45.15585]}},{"type":"Feature","id":1284,"properties":{"capital":false},"geometry":{"type":"Point","coordinates":[28.67692,44.72411]}},{"type":"Feature","id":1285,"properties":{"capital":false},"geometry":{"type":"Point","coordinates":[24.61622,44.97236]}},{"type":"Feature","id":1286,"properties":{"capital":false},"geometry":{"type":"Point","coordinates":[28.57595,44.71822]}},{"type":"Feature","id":1287,"properties":{"capital":false},"geometry":{"type":"Point","coordinates":[29.56677,45.29325]}},{"type":"Feature","id":1288,"properties":{"capital":false},"geometry":{"type":"Point","coordinates":[28.1472,45.18663]}},{"type":"Feature","id":1289,"properties":{"capital":false},"geometry":{"type":"Point","coordinates":[28.37874,44.7195]}},{"type":"Feature","id":1290,"properties":{"capital":false},"geometry":{"type":"Point","coordinates":[28.79217,45.28831]}},{"type":"Feature","id":1291,"properties":{"capital":false},"geometry":{"type":"Point","coordinates":[28.72588,44.7415]}},{"type":"Feature","id":1292,"properties":{"capital":false},"geometry":{"type":"Point","coordinates":[28.29934,45.07965]}},{"type":"Feature","id":1293,"properties":{"capital":false},"geometry":{"type":"Point","coordinates":[29.29341,45.41621]}},{"type":"Feature","id":1294,"properties":{"capital":false},"geometry":{"type":"Point","coordinates":[28.48059,44.91356]}},{"type":"Feature","id":1295,"properties":{"capital":false},"geometry":{"type":"Point","coordinates":[29.38451,45.17438]}},{"type":"Feature","id":1296,"properties":{"capital":false},"geometry":{"type":"Point","coordinates":[28.13069,44.84507]}},{"type":"Feature","id":1297,"properties":{"capital":false},"geometry":{"type":"Point","coordinates":[28.28632,44.95779]}},{"type":"Feature","id":1298,"properties":{"capital":false},"geometry":{"type":"Point","coordinates":[28.65673,45.10751]}},{"type":"Feature","id":1299,"properties":{"capital":false},"geometry":{"type":"Point","coordinates":[28.23705,45.19107]}},{"type":"Feature","id":1300,"properties":{"capital":false},"geometry":{"type":"Point","coordinates":[28.19881,45.40805]}},{"type":"Feature","id":1301,"properties":{"capital":false},"geometry":{"type":"Point","coordinates":[28.39173,45.11449]}},{"type":"Feature","id":1302,"properties":{"capital":false},"geometry":{"type":"Point","coordinates":[28.45075,45.02632]}},{"type":"Feature","id":1303,"properties":{"capital":false},"geometry":{"type":"Point","coordinates":[28.53471,45.03774]}},{"type":"Feature","id":1304,"properties":{"capital":false},"geometry":{"type":"Point","coordinates":[28.15084,45.30373]}},{"type":"Feature","id":1305,"properties":{"capital":false},"geometry":{"type":"Point","coordinates":[28.87168,44.75984]}},{"type":"Feature","id":1306,"properties":{"capital":false},"geometry":{"type":"Point","coordinates":[28.2756,45.28613]}},{"type":"Feature","id":1307,"properties":{"capital":false},"geometry":{"type":"Point","coordinates":[29.08627,45.08558]}},{"type":"Feature","id":1308,"properties":{"capital":false},"geometry":{"type":"Point","coordinates":[29.10993,45.17636]}},{"type":"Feature","id":1309,"properties":{"capital":false},"geometry":{"type":"Point","coordinates":[28.65554,44.94776]}},{"type":"Feature","id":1310,"properties":{"capital":false},"geometry":{"type":"Point","coordinates":[28.73647,45.03852]}},{"type":"Feature","id":1311,"properties":{"capital":false},"geometry":{"type":"Point","coordinates":[29.16517,45.03673]}},{"type":"Feature","id":1312,"properties":{"capital":false},"geometry":{"type":"Point","coordinates":[28.61586,45.04731]}},{"type":"Feature","id":1313,"properties":{"capital":false},"geometry":{"type":"Point","coordinates":[28.4799,45.18227]}},{"type":"Feature","id":1314,"properties":{"capital":false},"geometry":{"type":"Point","coordinates":[28.9192,45.14971]}},{"type":"Feature","id":1315,"properties":{"capital":false},"geometry":{"type":"Point","coordinates":[28.14859,44.92298]}},{"type":"Feature","id":1316,"properties":{"capital":false},"geometry":{"type":"Point","coordinates":[28.95542,45.30757]}},{"type":"Feature","id":1317,"properties":{"capital":false},"geometry":{"type":"Point","coordinates":[28.14724,45.00823]}},{"type":"Feature","id":1318,"properties":{"capital":false},"geometry":{"type":"Point","coordinates":[28.85003,44.94512]}},{"type":"Feature","id":1319,"properties":{"capital":false},"geometry":{"type":"Point","coordinates":[29.5921,44.8963]}},{"type":"Feature","id":1320,"properties":{"capital":false},"geometry":{"type":"Point","coordinates":[28.55563,44.901]}},{"type":"Feature","id":1321,"properties":{"capital":false},"geometry":{"type":"Point","coordinates":[28.0045,45.28437]}},{"type":"Feature","id":1322,"properties":{"capital":false},"geometry":{"type":"Point","coordinates":[28.66074,45.1884]}},{"type":"Feature","id":1323,"properties":{"capital":false},"geometry":{"type":"Point","coordinates":[24.51486,44.96717]}},{"type":"Feature","id":1324,"properties":{"capital":false},"geometry":{"type":"Point","coordinates":[28.54582,44.77132]}},{"type":"Feature","id":1325,"properties":{"capital":false},"geometry":{"type":"Point","coordinates":[28.37835,44.87641]}},{"type":"Feature","id":1326,"properties":{"capital":false},"geometry":{"type":"Point","coordinates":[28.18657,45.10898]}},{"type":"Feature","id":1327,"properties":{"capital":false},"geometry":{"type":"Point","coordinates":[28.93926,45.04071]}},{"type":"Feature","id":1328,"properties":{"capital":false},"geometry":{"type":"Point","coordinates":[28.05182,45.40623]}},{"type":"Feature","id":1329,"properties":{"capital":false},"geometry":{"type":"Point","coordinates":[28.19348,45.3254]}},{"type":"Feature","id":1330,"properties":{"capital":false},"geometry":{"type":"Point","coordinates":[29.0133,45.09217]}},{"type":"Feature","id":1331,"properties":{"capital":false},"geometry":{"type":"Point","coordinates":[28.48652,45.11126]}},{"type":"Feature","id":1332,"properties":{"capital":false},"geometry":{"type":"Point","coordinates":[27.66917,46.22555]}},{"type":"Feature","id":1333,"properties":{"capital":false},"geometry":{"type":"Point","coordinates":[28.05799,46.67297]}},{"type":"Feature","id":1334,"properties":{"capital":false},"geometry":{"type":"Point","coordinates":[27.45816,46.83369]}},{"type":"Feature","id":1335,"properties":{"capital":true},"geometry":{"type":"Point","coordinates":[27.72901,46.64093]}},{"type":"Feature","id":1336,"properties":{"capital":false},"geometry":{"type":"Point","coordinates":[27.86261,46.49876]}},{"type":"Feature","id":1337,"properties":{"capital":false},"geometry":{"type":"Point","coordinates":[27.63952,46.4263]}},{"type":"Feature","id":1338,"properties":{"capital":false},"geometry":{"type":"Point","coordinates":[28.02428,46.81382]}},{"type":"Feature","id":1339,"properties":{"capital":false},"geometry":{"type":"Point","coordinates":[27.79267,46.339]}},{"type":"Feature","id":1340,"properties":{"capital":false},"geometry":{"type":"Point","coordinates":[27.68155,46.32844]}},{"type":"Feature","id":1341,"properties":{"capital":false},"geometry":{"type":"Point","coordinates":[27.24298,46.82405]}},{"type":"Feature","id":1342,"properties":{"capital":false},"geometry":{"type":"Point","coordinates":[27.62256,46.67504]}},{"type":"Feature","id":1343,"properties":{"capital":false},"geometry":{"type":"Point","coordinates":[28.15059,46.37329]}},{"type":"Feature","id":1344,"properties":{"capital":false},"geometry":{"type":"Point","coordinates":[28.01309,46.13585]}},{"type":"Feature","id":1345,"properties":{"capital":false},"geometry":{"type":"Point","coordinates":[27.63124,46.52644]}},{"type":"Feature","id":1346,"properties":{"capital":false},"geometry":{"type":"Point","coordinates":[27.72526,46.44941]}},{"type":"Feature","id":1347,"properties":{"capital":false},"geometry":{"type":"Point","coordinates":[27.68398,46.4588]}},{"type":"Feature","id":1348,"properties":{"capital":false},"geometry":{"type":"Point","coordinates":[25.0316,45.00933]}},{"type":"Feature","id":1349,"properties":{"capital":false},"geometry":{"type":"Point","coordinates":[27.88716,46.79567]}},{"type":"Feature","id":1350,"properties":{"capital":false},"geometry":{"type":"Point","coordinates":[27.99066,46.78763]}},{"type":"Feature","id":1351,"properties":{"capital":false},"geometry":{"type":"Point","coordinates":[27.76759,46.87104]}},{"type":"Feature","id":1352,"properties":{"capital":false},"geometry":{"type":"Point","coordinates":[27.48298,46.2458]}},{"type":"Feature","id":1353,"properties":{"capital":false},"geometry":{"type":"Point","coordinates":[27.76296,46.49747]}},{"type":"Feature","id":1354,"properties":{"capital":false},"geometry":{"type":"Point","coordinates":[27.96001,46.63164]}},{"type":"Feature","id":1355,"properties":{"capital":false},"geometry":{"type":"Point","coordinates":[27.67156,46.84729]}},{"type":"Feature","id":1356,"properties":{"capital":false},"geometry":{"type":"Point","coordinates":[25.23186,45.43746]}},{"type":"Feature","id":1357,"properties":{"capital":false},"geometry":{"type":"Point","coordinates":[27.75911,46.53043]}},{"type":"Feature","id":1358,"properties":{"capital":false},"geometry":{"type":"Point","coordinates":[27.55047,46.71179]}},{"type":"Feature","id":1359,"properties":{"capital":false},"geometry":{"type":"Point","coordinates":[27.35759,46.6334]}},{"type":"Feature","id":1360,"properties":{"capital":false},"geometry":{"type":"Point","coordinates":[28.07951,46.82975]}},{"type":"Feature","id":1361,"properties":{"capital":false},"geometry":{"type":"Point","coordinates":[24.9005,45.00975]}},{"type":"Feature","id":1362,"properties":{"capital":false},"geometry":{"type":"Point","coordinates":[28.03675,46.70747]}},{"type":"Feature","id":1363,"properties":{"capital":false},"geometry":{"type":"Point","coordinates":[27.30247,46.84649]}},{"type":"Feature","id":1364,"properties":{"capital":false},"geometry":{"type":"Point","coordinates":[27.9097,46.2467]}},{"type":"Feature","id":1365,"properties":{"capital":false},"geometry":{"type":"Point","coordinates":[28.14131,46.2947]}},{"type":"Feature","id":1366,"properties":{"capital":false},"geometry":{"type":"Point","coordinates":[27.97168,46.33101]}},{"type":"Feature","id":1367,"properties":{"capital":false},"geometry":{"type":"Point","coordinates":[27.53414,46.48902]}},{"type":"Feature","id":1368,"properties":{"capital":false},"geometry":{"type":"Point","coordinates":[27.30452,46.7551]}},{"type":"Feature","id":1369,"properties":{"capital":false},"geometry":{"type":"Point","coordinates":[27.66144,46.16111]}},{"type":"Feature","id":1370,"properties":{"capital":false},"geometry":{"type":"Point","coordinates":[28.0075,46.53981]}},{"type":"Feature","id":1371,"properties":{"capital":false},"geometry":{"type":"Point","coordinates":[25.12809,44.96607]}},{"type":"Feature","id":1372,"properties":{"capital":false},"geometry":{"type":"Point","coordinates":[28.05545,46.50915]}},{"type":"Feature","id":1373,"properties":{"capital":false},"geometry":{"type":"Point","coordinates":[27.55316,46.38014]}},{"type":"Feature","id":1374,"properties":{"capital":false},"geometry":{"type":"Point","coordinates":[27.45894,46.63457]}},{"type":"Feature","id":1375,"properties":{"capital":false},"geometry":{"type":"Point","coordinates":[24.83792,45.20533]}},{"type":"Feature","id":1376,"properties":{"capital":false},"geometry":{"type":"Point","coordinates":[27.53517,46.19468]}},{"type":"Feature","id":1377,"properties":{"capital":false},"geometry":{"type":"Point","coordinates":[27.59606,46.64512]}},{"type":"Feature","id":1378,"properties":{"capital":false},"geometry":{"type":"Point","coordinates":[27.71383,46.56619]}},{"type":"Feature","id":1379,"properties":{"capital":false},"geometry":{"type":"Point","coordinates":[25.16772,45.34772]}},{"type":"Feature","id":1380,"properties":{"capital":false},"geometry":{"type":"Point","coordinates":[28.16933,46.59632]}},{"type":"Feature","id":1381,"properties":{"capital":false},"geometry":{"type":"Point","coordinates":[27.91773,46.18045]}},{"type":"Feature","id":1382,"properties":{"capital":false},"geometry":{"type":"Point","coordinates":[27.83833,46.82209]}},{"type":"Feature","id":1383,"properties":{"capital":false},"geometry":{"type":"Point","coordinates":[27.77073,46.60143]}},{"type":"Feature","id":1384,"properties":{"capital":false},"geometry":{"type":"Point","coordinates":[28.02074,46.20498]}},{"type":"Feature","id":1385,"properties":{"capital":false},"geometry":{"type":"Point","coordinates":[24.71177,44.93181]}},{"type":"Feature","id":1386,"properties":{"capital":false},"geometry":{"type":"Point","coordinates":[27.90141,46.5838]}},{"type":"Feature","id":1387,"properties":{"capital":false},"geometry":{"type":"Point","coordinates":[27.48313,46.75875]}},{"type":"Feature","id":1388,"properties":{"capital":false},"geometry":{"type":"Point","coordinates":[28.08105,46.6217]}},{"type":"Feature","id":1389,"properties":{"capital":false},"geometry":{"type":"Point","coordinates":[27.6117,46.30383]}},{"type":"Feature","id":1390,"properties":{"capital":false},"geometry":{"type":"Point","coordinates":[27.5386,46.6092]}},{"type":"Feature","id":1391,"properties":{"capital":false},"geometry":{"type":"Point","coordinates":[27.57185,46.31531]}},{"type":"Feature","id":1392,"properties":{"capital":false},"geometry":{"type":"Point","coordinates":[27.4872,46.42423]}},{"type":"Feature","id":1393,"properties":{"capital":false},"geometry":{"type":"Point","coordinates":[24.98369,45.22724]}},{"type":"Feature","id":1394,"properties":{"capital":false},"geometry":{"type":"Point","coordinates":[27.33766,46.70817]}},{"type":"Feature","id":1395,"properties":{"capital":false},"geometry":{"type":"Point","coordinates":[27.55876,46.86619]}},{"type":"Feature","id":1396,"properties":{"capital":false},"geometry":{"type":"Point","coordinates":[27.90089,46.43938]}},{"type":"Feature","id":1397,"properties":{"capital":false},"geometry":{"type":"Point","coordinates":[27.789,46.76421]}},{"type":"Feature","id":1398,"properties":{"capital":false},"geometry":{"type":"Point","coordinates":[28.1721,46.62065]}},{"type":"Feature","id":1399,"properties":{"capital":false},"geometry":{"type":"Point","coordinates":[27.62953,46.7173]}},{"type":"Feature","id":1400,"properties":{"capital":false},"geometry":{"type":"Point","coordinates":[24.78139,44.52239]}},{"type":"Feature","id":1401,"properties":{"capital":false},"geometry":{"type":"Point","coordinates":[27.91181,46.28846]}},{"type":"Feature","id":1402,"properties":{"capital":false},"geometry":{"type":"Point","coordinates":[27.81753,46.67856]}},{"type":"Feature","id":1403,"properties":{"capital":false},"geometry":{"type":"Point","coordinates":[27.68638,46.91979]}},{"type":"Feature","id":1404,"properties":{"capital":false},"geometry":{"type":"Point","coordinates":[27.96289,46.69399]}},{"type":"Feature","id":1405,"properties":{"capital":false},"geometry":{"type":"Point","coordinates":[27.37883,46.84139]}},{"type":"Feature","id":1406,"properties":{"capital":false},"geometry":{"type":"Point","coordinates":[27.55994,46.11974]}},{"type":"Feature","id":1407,"properties":{"capital":false},"geometry":{"type":"Point","coordinates":[25.10003,45.11657]}},{"type":"Feature","id":1408,"properties":{"capital":false},"geometry":{"type":"Point","coordinates":[27.75806,46.7471]}},{"type":"Feature","id":1409,"properties":{"capital":false},"geometry":{"type":"Point","coordinates":[28.20789,46.42867]}},{"type":"Feature","id":1410,"properties":{"capital":false},"geometry":{"type":"Point","coordinates":[27.89607,46.37953]}},{"type":"Feature","id":1411,"properties":{"capital":false},"geometry":{"type":"Point","coordinates":[27.81383,46.15048]}},{"type":"Feature","id":1412,"properties":{"capital":false},"geometry":{"type":"Point","coordinates":[27.42678,46.56101]}},{"type":"Feature","id":1413,"properties":{"capital":false},"geometry":{"type":"Point","coordinates":[27.52739,46.81089]}},{"type":"Feature","id":1414,"properties":{"capital":false},"geometry":{"type":"Point","coordinates":[27.95022,46.46283]}},{"type":"Feature","id":1415,"properties":{"capital":false},"geometry":{"type":"Point","coordinates":[27.66079,46.74501]}},{"type":"Feature","id":1416,"properties":{"capital":false},"geometry":{"type":"Point","coordinates":[27.72539,46.26836]}},{"type":"Feature","id":1417,"properties":{"capital":false},"geometry":{"type":"Point","coordinates":[27.62394,46.39458]}},{"type":"Feature","id":1418,"properties":{"capital":false},"geometry":{"type":"Point","coordinates":[27.76751,46.2061]}},{"type":"Feature","id":1419,"properties":{"capital":false},"geometry":{"type":"Point","coordinates":[27.36081,46.8004]}},{"type":"Feature","id":1420,"properties":{"capital":false},"geometry":{"type":"Point","coordinates":[27.53073,46.15205]}},{"type":"Feature","id":1421,"properties":{"capital":false},"geometry":{"type":"Point","coordinates":[27.55841,46.2602]}},{"type":"Feature","id":1422,"properties":{"capital":false},"geometry":{"type":"Point","coordinates":[27.5001,46.73352]}},{"type":"Feature","id":1423,"properties":{"capital":false},"geometry":{"type":"Point","coordinates":[27.89158,46.35431]}},{"type":"Feature","id":1424,"properties":{"capital":false},"geometry":{"type":"Point","coordinates":[27.69938,46.78156]}},{"type":"Feature","id":1425,"properties":{"capital":false},"geometry":{"type":"Point","coordinates":[27.77609,46.68945]}},{"type":"Feature","id":1426,"properties":{"capital":false},"geometry":{"type":"Point","coordinates":[27.58594,46.04294]}},{"type":"Feature","id":1427,"properties":{"capital":false},"geometry":{"type":"Point","coordinates":[27.64349,46.6213]}},{"type":"Feature","id":1428,"properties":{"capital":false},"geometry":{"type":"Point","coordinates":[25.06319,44.49383]}},{"type":"Feature","id":1429,"properties":{"capital":true},"geometry":{"type":"Point","coordinates":[24.36954,45.10595]}},{"type":"Feature","id":1430,"properties":{"capital":false},"geometry":{"type":"Point","coordinates":[25.12783,44.79158]}},{"type":"Feature","id":1431,"properties":{"capital":false},"geometry":{"type":"Point","coordinates":[24.16795,45.08239]}},{"type":"Feature","id":1432,"properties":{"capital":false},"geometry":{"type":"Point","coordinates":[24.24038,45.20516]}},{"type":"Feature","id":1433,"properties":{"capital":false},"geometry":{"type":"Point","coordinates":[24.23958,45.34427]}},{"type":"Feature","id":1434,"properties":{"capital":false},"geometry":{"type":"Point","coordinates":[24.33722,45.25075]}},{"type":"Feature","id":1435,"properties":{"capital":false},"geometry":{"type":"Point","coordinates":[24.25858,44.66022]}},{"type":"Feature","id":1436,"properties":{"capital":false},"geometry":{"type":"Point","coordinates":[23.9943,45.14513]}},{"type":"Feature","id":1437,"properties":{"capital":false},"geometry":{"type":"Point","coordinates":[24.29733,45.08772]}},{"type":"Feature","id":1438,"properties":{"capital":false},"geometry":{"type":"Point","coordinates":[23.82207,45.02156]}},{"type":"Feature","id":1439,"properties":{"capital":false},"geometry":{"type":"Point","coordinates":[24.15124,44.7667]}},{"type":"Feature","id":1440,"properties":{"capital":false},"geometry":{"type":"Point","coordinates":[24.23595,44.97048]}},{"type":"Feature","id":1441,"properties":{"capital":false},"geometry":{"type":"Point","coordinates":[23.94169,44.61312]}},{"type":"Feature","id":1442,"properties":{"capital":false},"geometry":{"type":"Point","coordinates":[24.11395,45.14137]}},{"type":"Feature","id":1443,"properties":{"capital":false},"geometry":{"type":"Point","coordinates":[23.87971,45.01066]}},{"type":"Feature","id":1444,"properties":{"capital":false},"geometry":{"type":"Point","coordinates":[24.42711,45.25102]}},{"type":"Feature","id":1445,"properties":{"capital":false},"geometry":{"type":"Point","coordinates":[24.38242,45.44185]}},{"type":"Feature","id":1446,"properties":{"capital":false},"geometry":{"type":"Point","coordinates":[24.38591,45.06456]}},{"type":"Feature","id":1447,"properties":{"capital":false},"geometry":{"type":"Point","coordinates":[24.38307,45.14541]}},{"type":"Feature","id":1448,"properties":{"capital":false},"geometry":{"type":"Point","coordinates":[24.18807,45.11645]}},{"type":"Feature","id":1449,"properties":{"capital":false},"geometry":{"type":"Point","coordinates":[24.01199,45.01757]}},{"type":"Feature","id":1450,"properties":{"capital":false},"geometry":{"type":"Point","coordinates":[25.07025,45.32854]}},{"type":"Feature","id":1451,"properties":{"capital":false},"geometry":{"type":"Point","coordinates":[24.30663,45.49642]}},{"type":"Feature","id":1452,"properties":{"capital":false},"geometry":{"type":"Point","coordinates":[23.9656,45.00315]}},{"type":"Feature","id":1453,"properties":{"capital":false},"geometry":{"type":"Point","coordinates":[24.06252,45.14686]}},{"type":"Feature","id":1454,"properties":{"capital":false},"geometry":{"type":"Point","coordinates":[24.18234,44.69887]}},{"type":"Feature","id":1455,"properties":{"capital":false},"geometry":{"type":"Point","coordinates":[24.3853,45.20077]}},{"type":"Feature","id":1456,"properties":{"capital":false},"geometry":{"type":"Point","coordinates":[24.4589,44.91981]}},{"type":"Feature","id":1457,"properties":{"capital":false},"geometry":{"type":"Point","coordinates":[24.75911,44.68349]}},{"type":"Feature","id":1458,"properties":{"capital":false},"geometry":{"type":"Point","coordinates":[24.293,44.81867]}},{"type":"Feature","id":1459,"properties":{"capital":false},"geometry":{"type":"Point","coordinates":[23.99289,44.58055]}},{"type":"Feature","id":1460,"properties":{"capital":false},"geometry":{"type":"Point","coordinates":[23.37253,45.83598]}},{"type":"Feature","id":1461,"properties":{"capital":false},"geometry":{"type":"Point","coordinates":[23.98948,44.77604]}},{"type":"Feature","id":1462,"properties":{"capital":false},"geometry":{"type":"Point","coordinates":[24.18704,44.99877]}},{"type":"Feature","id":1463,"properties":{"capital":false},"geometry":{"type":"Point","coordinates":[24.2785,44.92511]}},{"type":"Feature","id":1464,"properties":{"capital":false},"geometry":{"type":"Point","coordinates":[23.83619,44.68888]}},{"type":"Feature","id":1465,"properties":{"capital":false},"geometry":{"type":"Point","coordinates":[24.13768,44.82033]}},{"type":"Feature","id":1466,"properties":{"capital":false},"geometry":{"type":"Point","coordinates":[24.47412,45.0943]}},{"type":"Feature","id":1467,"properties":{"capital":false},"geometry":{"type":"Point","coordinates":[23.82208,44.87361]}},{"type":"Feature","id":1468,"properties":{"capital":false},"geometry":{"type":"Point","coordinates":[24.12876,44.71242]}},{"type":"Feature","id":1469,"properties":{"capital":false},"geometry":{"type":"Point","coordinates":[24.80179,45.09632]}},{"type":"Feature","id":1470,"properties":{"capital":false},"geometry":{"type":"Point","coordinates":[24.23178,44.8668]}},{"type":"Feature","id":1471,"properties":{"capital":false},"geometry":{"type":"Point","coordinates":[24.02672,44.54797]}},{"type":"Feature","id":1472,"properties":{"capital":false},"geometry":{"type":"Point","coordinates":[24.04439,44.88378]}},{"type":"Feature","id":1473,"properties":{"capital":false},"geometry":{"type":"Point","coordinates":[24.0234,44.91362]}},{"type":"Feature","id":1474,"properties":{"capital":false},"geometry":{"type":"Point","coordinates":[23.82527,44.8418]}},{"type":"Feature","id":1475,"properties":{"capital":false},"geometry":{"type":"Point","coordinates":[24.19621,44.57357]}},{"type":"Feature","id":1476,"properties":{"capital":false},"geometry":{"type":"Point","coordinates":[24.74198,44.97061]}},{"type":"Feature","id":1477,"properties":{"capital":false},"geometry":{"type":"Point","coordinates":[24.04182,45.35184]}},{"type":"Feature","id":1478,"properties":{"capital":false},"geometry":{"type":"Point","coordinates":[23.84945,45.06946]}},{"type":"Feature","id":1479,"properties":{"capital":false},"geometry":{"type":"Point","coordinates":[24.01357,44.75147]}},{"type":"Feature","id":1480,"properties":{"capital":false},"geometry":{"type":"Point","coordinates":[24.09744,44.67188]}},{"type":"Feature","id":1481,"properties":{"capital":false},"geometry":{"type":"Point","coordinates":[23.99868,45.12179]}},{"type":"Feature","id":1482,"properties":{"capital":false},"geometry":{"type":"Point","coordinates":[24.25214,45.03947]}},{"type":"Feature","id":1483,"properties":{"capital":false},"geometry":{"type":"Point","coordinates":[24.46876,45.04171]}},{"type":"Feature","id":1484,"properties":{"capital":false},"geometry":{"type":"Point","coordinates":[24.31848,45.18655]}},{"type":"Feature","id":1485,"properties":{"capital":false},"geometry":{"type":"Point","coordinates":[24.43987,44.99551]}},{"type":"Feature","id":1486,"properties":{"capital":false},"geometry":{"type":"Point","coordinates":[24.29199,44.86761]}},{"type":"Feature","id":1487,"properties":{"capital":false},"geometry":{"type":"Point","coordinates":[24.23101,44.79028]}},{"type":"Feature","id":1488,"properties":{"capital":false},"geometry":{"type":"Point","coordinates":[24.02668,45.07862]}},{"type":"Feature","id":1489,"properties":{"capital":false},"geometry":{"type":"Point","coordinates":[24.13917,45.0688]}},{"type":"Feature","id":1490,"properties":{"capital":false},"geometry":{"type":"Point","coordinates":[24.24713,45.15215]}},{"type":"Feature","id":1491,"properties":{"capital":false},"geometry":{"type":"Point","coordinates":[24.85367,44.96116]}},{"type":"Feature","id":1492,"properties":{"capital":false},"geometry":{"type":"Point","coordinates":[24.40759,45.37555]}},{"type":"Feature","id":1493,"properties":{"capital":false},"geometry":{"type":"Point","coordinates":[24.1365,44.88207]}},{"type":"Feature","id":1494,"properties":{"capital":false},"geometry":{"type":"Point","coordinates":[24.10994,45.11445]}},{"type":"Feature","id":1495,"properties":{"capital":false},"geometry":{"type":"Point","coordinates":[24.07717,45.00647]}},{"type":"Feature","id":1496,"properties":{"capital":false},"geometry":{"type":"Point","coordinates":[24.24955,44.73606]}},{"type":"Feature","id":1497,"properties":{"capital":false},"geometry":{"type":"Point","coordinates":[24.30995,45.40571]}},{"type":"Feature","id":1498,"properties":{"capital":false},"geometry":{"type":"Point","coordinates":[25.00703,45.11102]}},{"type":"Feature","id":1499,"properties":{"capital":false},"geometry":{"type":"Point","coordinates":[24.06955,44.90911]}},{"type":"Feature","id":1500,"properties":{"capital":false},"geometry":{"type":"Point","coordinates":[23.92254,44.87606]}},{"type":"Feature","id":1501,"properties":{"capital":false},"geometry":{"type":"Point","coordinates":[24.44188,45.17504]}},{"type":"Feature","id":1502,"properties":{"capital":false},"geometry":{"type":"Point","coordinates":[24.38735,45.24789]}},{"type":"Feature","id":1503,"properties":{"capital":false},"geometry":{"type":"Point","coordinates":[24.1878,44.83894]}},{"type":"Feature","id":1504,"properties":{"capital":false},"geometry":{"type":"Point","coordinates":[23.84017,44.93663]}},{"type":"Feature","id":1505,"properties":{"capital":false},"geometry":{"type":"Point","coordinates":[23.89332,45.11905]}},{"type":"Feature","id":1506,"properties":{"capital":false},"geometry":{"type":"Point","coordinates":[24.0404,44.81737]}},{"type":"Feature","id":1507,"properties":{"capital":false},"geometry":{"type":"Point","coordinates":[24.16096,45.12237]}},{"type":"Feature","id":1508,"properties":{"capital":false},"geometry":{"type":"Point","coordinates":[25.08133,45.23536]}},{"type":"Feature","id":1509,"properties":{"capital":false},"geometry":{"type":"Point","coordinates":[24.36794,44.89693]}},{"type":"Feature","id":1510,"properties":{"capital":false},"geometry":{"type":"Point","coordinates":[23.90957,45.0853]}},{"type":"Feature","id":1511,"properties":{"capital":false},"geometry":{"type":"Point","coordinates":[24.21324,44.6682]}},{"type":"Feature","id":1512,"properties":{"capital":false},"geometry":{"type":"Point","coordinates":[24.17954,44.94243]}},{"type":"Feature","id":1513,"properties":{"capital":false},"geometry":{"type":"Point","coordinates":[24.23571,44.60909]}},{"type":"Feature","id":1514,"properties":{"capital":false},"geometry":{"type":"Point","coordinates":[24.09591,44.60764]}},{"type":"Feature","id":1515,"properties":{"capital":false},"geometry":{"type":"Point","coordinates":[23.91995,44.75538]}},{"type":"Feature","id":1516,"properties":{"capital":false},"geometry":{"type":"Point","coordinates":[24.04578,45.12479]}},{"type":"Feature","id":1517,"properties":{"capital":false},"geometry":{"type":"Point","coordinates":[24.94392,44.41384]}},{"type":"Feature","id":1518,"properties":{"capital":false},"geometry":{"type":"Point","coordinates":[23.9319,45.16994]}},{"type":"Feature","id":1519,"properties":{"capital":false},"geometry":{"type":"Point","coordinates":[23.99821,44.66476]}},{"type":"Feature","id":1520,"properties":{"capital":false},"geometry":{"type":"Point","coordinates":[24.30517,45.11928]}},{"type":"Feature","id":1521,"properties":{"capital":false},"geometry":{"type":"Point","coordinates":[24.29081,44.60593]}},{"type":"Feature","id":1522,"properties":{"capital":false},"geometry":{"type":"Point","coordinates":[24.56194,45.00769]}},{"type":"Feature","id":1523,"properties":{"capital":false},"geometry":{"type":"Point","coordinates":[23.95231,45.42322]}},{"type":"Feature","id":1524,"properties":{"capital":false},"geometry":{"type":"Point","coordinates":[23.85545,44.76168]}},{"type":"Feature","id":1525,"properties":{"capital":false},"geometry":{"type":"Point","coordinates":[24.39169,45.41941]}},{"type":"Feature","id":1526,"properties":{"capital":false},"geometry":{"type":"Point","coordinates":[23.98816,44.59319]}},{"type":"Feature","id":1527,"properties":{"capital":false},"geometry":{"type":"Point","coordinates":[23.89831,44.69512]}},{"type":"Feature","id":1528,"properties":{"capital":false},"geometry":{"type":"Point","coordinates":[24.20757,44.73236]}},{"type":"Feature","id":1529,"properties":{"capital":true},"geometry":{"type":"Point","coordinates":[27.1828,45.69962]}},{"type":"Feature","id":1530,"properties":{"capital":false},"geometry":{"type":"Point","coordinates":[27.1268,45.7114]}},{"type":"Feature","id":1531,"properties":{"capital":false},"geometry":{"type":"Point","coordinates":[27.16653,45.66214]}},{"type":"Feature","id":1532,"properties":{"capital":false},"geometry":{"type":"Point","coordinates":[27.18043,46.10059]}},{"type":"Feature","id":1533,"properties":{"capital":false},"geometry":{"type":"Point","coordinates":[27.21737,45.87574]}},{"type":"Feature","id":1534,"properties":{"capital":false},"geometry":{"type":"Point","coordinates":[24.78884,44.83554]}},{"type":"Feature","id":1535,"properties":{"capital":false},"geometry":{"type":"Point","coordinates":[27.06614,45.75976]}},{"type":"Feature","id":1536,"properties":{"capital":false},"geometry":{"type":"Point","coordinates":[27.08847,45.9097]}},{"type":"Feature","id":1537,"properties":{"capital":false},"geometry":{"type":"Point","coordinates":[26.83358,45.75754]}},{"type":"Feature","id":1538,"properties":{"capital":false},"geometry":{"type":"Point","coordinates":[27.23552,45.44008]}},{"type":"Feature","id":1539,"properties":{"capital":false},"geometry":{"type":"Point","coordinates":[26.74019,45.90844]}},{"type":"Feature","id":1540,"properties":{"capital":false},"geometry":{"type":"Point","coordinates":[27.40803,46.15862]}},{"type":"Feature","id":1541,"properties":{"capital":false},"geometry":{"type":"Point","coordinates":[27.07357,45.83957]}},{"type":"Feature","id":1542,"properties":{"capital":false},"geometry":{"type":"Point","coordinates":[27.04186,45.55493]}},{"type":"Feature","id":1543,"properties":{"capital":false},"geometry":{"type":"Point","coordinates":[27.03747,45.76084]}},{"type":"Feature","id":1544,"properties":{"capital":false},"geometry":{"type":"Point","coordinates":[26.86358,45.56303]}},{"type":"Feature","id":1545,"properties":{"capital":false},"geometry":{"type":"Point","coordinates":[27.31376,45.43343]}},{"type":"Feature","id":1546,"properties":{"capital":false},"geometry":{"type":"Point","coordinates":[26.78648,46.0151]}},{"type":"Feature","id":1547,"properties":{"capital":false},"geometry":{"type":"Point","coordinates":[27.07951,45.67454]}},{"type":"Feature","id":1548,"properties":{"capital":false},"geometry":{"type":"Point","coordinates":[25.16182,44.56489]}},{"type":"Feature","id":1549,"properties":{"capital":false},"geometry":{"type":"Point","coordinates":[27.29743,46.16563]}},{"type":"Feature","id":1550,"properties":{"capital":false},"geometry":{"type":"Point","coordinates":[27.0644,45.64387]}},{"type":"Feature","id":1551,"properties":{"capital":false},"geometry":{"type":"Point","coordinates":[27.10719,45.54985]}},{"type":"Feature","id":1552,"properties":{"capital":false},"geometry":{"type":"Point","coordinates":[26.92575,45.55217]}},{"type":"Feature","id":1553,"properties":{"capital":false},"geometry":{"type":"Point","coordinates":[27.05783,45.98228]}},{"type":"Feature","id":1554,"properties":{"capital":false},"geometry":{"type":"Point","coordinates":[24.7894,45.17965]}},{"type":"Feature","id":1555,"properties":{"capital":false},"geometry":{"type":"Point","coordinates":[27.21494,45.7822]}},{"type":"Feature","id":1556,"properties":{"capital":false},"geometry":{"type":"Point","coordinates":[27.13521,45.56985]}},{"type":"Feature","id":1557,"properties":{"capital":false},"geometry":{"type":"Point","coordinates":[27.02541,45.58176]}},{"type":"Feature","id":1558,"properties":{"capital":false},"geometry":{"type":"Point","coordinates":[27.24019,46.13564]}},{"type":"Feature","id":1559,"properties":{"capital":false},"geometry":{"type":"Point","coordinates":[27.06261,45.79436]}},{"type":"Feature","id":1560,"properties":{"capital":false},"geometry":{"type":"Point","coordinates":[26.74319,45.58664]}},{"type":"Feature","id":1561,"properties":{"capital":false},"geometry":{"type":"Point","coordinates":[27.49303,45.50154]}},{"type":"Feature","id":1562,"properties":{"capital":false},"geometry":{"type":"Point","coordinates":[26.93752,45.76286]}},{"type":"Feature","id":1563,"properties":{"capital":false},"geometry":{"type":"Point","coordinates":[27.26591,45.64538]}},{"type":"Feature","id":1564,"properties":{"capital":false},"geometry":{"type":"Point","coordinates":[27.10459,45.95511]}},{"type":"Feature","id":1565,"properties":{"capital":false},"geometry":{"type":"Point","coordinates":[27.49826,45.54343]}},{"type":"Feature","id":1566,"properties":{"capital":false},"geometry":{"type":"Point","coordinates":[26.77698,45.82634]}},{"type":"Feature","id":1567,"properties":{"capital":false},"geometry":{"type":"Point","coordinates":[26.71386,45.71138]}},{"type":"Feature","id":1568,"properties":{"capital":false},"geometry":{"type":"Point","coordinates":[26.73654,45.82797]}},{"type":"Feature","id":1569,"properties":{"capital":false},"geometry":{"type":"Point","coordinates":[26.71906,45.77871]}},{"type":"Feature","id":1570,"properties":{"capital":false},"geometry":{"type":"Point","coordinates":[27.10926,46.02947]}},{"type":"Feature","id":1571,"properties":{"capital":false},"geometry":{"type":"Point","coordinates":[25.13112,44.59518]}},{"type":"Feature","id":1572,"properties":{"capital":false},"geometry":{"type":"Point","coordinates":[26.99834,45.65474]}},{"type":"Feature","id":1573,"properties":{"capital":false},"geometry":{"type":"Point","coordinates":[27.20517,46.00021]}},{"type":"Feature","id":1574,"properties":{"capital":false},"geometry":{"type":"Point","coordinates":[26.88174,45.99319]}},{"type":"Feature","id":1575,"properties":{"capital":false},"geometry":{"type":"Point","coordinates":[26.85971,45.79307]}},{"type":"Feature","id":1576,"properties":{"capital":false},"geometry":{"type":"Point","coordinates":[27.12789,46.07408]}},{"type":"Feature","id":1577,"properties":{"capital":false},"geometry":{"type":"Point","coordinates":[27.12663,45.49832]}},{"type":"Feature","id":1578,"properties":{"capital":false},"geometry":{"type":"Point","coordinates":[27.05532,45.4905]}},{"type":"Feature","id":1579,"properties":{"capital":false},"geometry":{"type":"Point","coordinates":[24.78262,45.33673]}},{"type":"Feature","id":1580,"properties":{"capital":false},"geometry":{"type":"Point","coordinates":[27.2043,45.61627]}},{"type":"Feature","id":1581,"properties":{"capital":false},"geometry":{"type":"Point","coordinates":[26.65053,45.99947]}},{"type":"Feature","id":1582,"properties":{"capital":false},"geometry":{"type":"Point","coordinates":[27.05017,45.93018]}},{"type":"Feature","id":1583,"properties":{"capital":false},"geometry":{"type":"Point","coordinates":[27.38267,45.68041]}},{"type":"Feature","id":1584,"properties":{"capital":false},"geometry":{"type":"Point","coordinates":[27.38929,46.10385]}},{"type":"Feature","id":1585,"properties":{"capital":false},"geometry":{"type":"Point","coordinates":[27.32228,45.51278]}},{"type":"Feature","id":1586,"properties":{"capital":false},"geometry":{"type":"Point","coordinates":[27.05274,45.51467]}},{"type":"Feature","id":1587,"properties":{"capital":false},"geometry":{"type":"Point","coordinates":[26.67495,45.92166]}},{"type":"Feature","id":1588,"properties":{"capital":false},"geometry":{"type":"Point","coordinates":[27.08145,45.8558]}},{"type":"Feature","id":1589,"properties":{"capital":false},"geometry":{"type":"Point","coordinates":[24.97564,44.75919]}},{"type":"Feature","id":1590,"properties":{"capital":false},"geometry":{"type":"Point","coordinates":[27.06989,45.60155]}},{"type":"Feature","id":1591,"properties":{"capital":false},"geometry":{"type":"Point","coordinates":[26.79721,45.8766]}},{"type":"Feature","id":1592,"properties":{"capital":false},"geometry":{"type":"Point","coordinates":[26.90543,45.91052]}},{"type":"Feature","id":1593,"properties":{"capital":false},"geometry":{"type":"Point","coordinates":[26.70411,45.6091]}},{"type":"Feature","id":1594,"properties":{"capital":false},"geometry":{"type":"Point","coordinates":[24.84602,45.17666]}},{"type":"Feature","id":1595,"properties":{"capital":false},"geometry":{"type":"Point","coordinates":[26.83527,45.95434]}},{"type":"Feature","id":1596,"properties":{"capital":false},"geometry":{"type":"Point","coordinates":[27.25314,45.72474]}},{"type":"Feature","id":1597,"properties":{"capital":false},"geometry":{"type":"Point","coordinates":[27.0843,45.73191]}},{"type":"Feature","id":1598,"properties":{"capital":false},"geometry":{"type":"Point","coordinates":[26.72851,45.86433]}},{"type":"Feature","id":1599,"properties":{"capital":false},"geometry":{"type":"Point","coordinates":[27.4232,45.61579]}},{"type":"Feature","id":1600,"properties":{"capital":false},"geometry":{"type":"Point","coordinates":[26.70481,45.93671]}},{"type":"Feature","id":1601,"properties":{"capital":false},"geometry":{"type":"Point","coordinates":[27.26879,46.07834]}},{"type":"Feature","id":1602,"properties":{"capital":false},"geometry":{"type":"Point","coordinates":[27.07764,45.59507]}},{"type":"Feature","id":1603,"properties":{"capital":false},"geometry":{"type":"Point","coordinates":[26.68761,45.89128]}},{"type":"Feature","id":1604,"properties":{"capital":false},"geometry":{"type":"Point","coordinates":[27.34728,45.72081]}},{"type":"Feature","id":1605,"properties":{"capital":false},"geometry":{"type":"Point","coordinates":[27.2694,45.60954]}},{"type":"Feature","id":1606,"properties":{"capital":false},"geometry":{"type":"Point","coordinates":[27.08822,45.50076]}},{"type":"Feature","id":1607,"properties":{"capital":false},"geometry":{"type":"Point","coordinates":[27.28571,45.66057]}},{"type":"Feature","id":1608,"properties":{"capital":false},"geometry":{"type":"Point","coordinates":[26.75928,45.7516]}},{"type":"Feature","id":1609,"properties":{"capital":false},"geometry":{"type":"Point","coordinates":[24.52843,45.06784]}},{"type":"Feature","id":1610,"properties":{"capital":false},"geometry":{"type":"Point","coordinates":[26.05047,44.48835]}},{"type":"Feature","id":1611,"properties":{"capital":false},"geometry":{"type":"Point","coordinates":[26.1299,44.45891]}},{"type":"Feature","id":1612,"properties":{"capital":false},"geometry":{"type":"Point","coordinates":[26.16471,44.41833]}},{"type":"Feature","id":1613,"properties":{"capital":false},"geometry":{"type":"Point","coordinates":[26.11907,44.38196]}},{"type":"Feature","id":1614,"properties":{"capital":false},"geometry":{"type":"Point","coordinates":[26.0544,44.40394]}},{"type":"Feature","id":1615,"properties":{"capital":false},"geometry":{"type":"Point","coordinates":[26.04102,44.44256]}},{"type":"Feature","id":1616,"properties":{"capital":false},"geometry":{"type":"Point","coordinates":[25.97722,44.36969]}},{"type":"Feature","id":1617,"properties":{"capital":false},"geometry":{"type":"Point","coordinates":[25.97697,44.45822]}},{"type":"Feature","id":1618,"properties":{"capital":false},"geometry":{"type":"Point","coordinates":[25.98219,44.50835]}},{"type":"Feature","id":1619,"properties":{"capital":false},"geometry":{"type":"Point","coordinates":[26.18225,44.45093]}},{"type":"Feature","id":1620,"properties":{"capital":false},"geometry":{"type":"Point","coordinates":[26.243,44.38594]}},{"type":"Feature","id":1621,"properties":{"capital":false},"geometry":{"type":"Point","coordinates":[26.07605,44.32834]}},{"type":"Feature","id":1622,"properties":{"capital":false},"geometry":{"type":"Point","coordinates":[23.84413,46.38624]}},{"type":"Feature","id":1623,"properties":{"capital":false},"geometry":{"type":"Point","coordinates":[26.02858,44.34811]}},{"type":"Feature","id":1624,"properties":{"capital":false},"geometry":{"type":"Point","coordinates":[26.00028,44.52874]}},{"type":"Feature","id":1625,"properties":{"capital":false},"geometry":{"type":"Point","coordinates":[26.07219,44.55064]}},{"type":"Feature","id":1626,"properties":{"capital":false},"geometry":{"type":"Point","coordinates":[26.20535,44.45206]}},{"type":"Feature","id":1627,"properties":{"capital":false},"geometry":{"type":"Point","coordinates":[26.16984,44.37976]}},{"type":"Feature","id":1628,"properties":{"capital":false},"geometry":{"type":"Point","coordinates":[26.18289,44.48994]}},{"type":"Feature","id":1629,"properties":{"capital":false},"geometry":{"type":"Point","coordinates":[26.09225,44.26267]}},{"type":"Feature","id":1630,"properties":{"capital":false},"geometry":{"type":"Point","coordinates":[24.11114,47.70282]}},{"type":"Feature","id":1631,"properties":{"capital":false},"geometry":{"type":"Point","coordinates":[24.22227,47.72435]}},{"type":"Feature","id":1632,"properties":{"capital":false},"geometry":{"type":"Point","coordinates":[24.06207,47.48956]}},{"type":"Feature","id":1633,"properties":{"capital":false},"geometry":{"type":"Point","coordinates":[23.10621,47.10533]}},{"type":"Feature","id":1634,"properties":{"capital":false},"geometry":{"type":"Point","coordinates":[25.39166,45.01529]}},{"type":"Feature","id":1635,"properties":{"capital":false},"geometry":{"type":"Point","coordinates":[24.04776,47.2704]}},{"type":"Feature","id":1636,"properties":{"capital":false},"geometry":{"type":"Point","coordinates":[22.47824,47.72807]}},{"type":"Feature","id":1637,"properties":{"capital":false},"geometry":{"type":"Point","coordinates":[25.04895,45.21984]}},{"type":"Feature","id":1638,"properties":{"capital":false},"geometry":{"type":"Point","coordinates":[24.6242,47.07116]}},{"type":"Feature","id":1639,"properties":{"capital":false},"geometry":{"type":"Point","coordinates":[23.62209,47.23174]}},{"type":"Feature","id":1640,"properties":{"capital":false},"geometry":{"type":"Point","coordinates":[27.34188,44.76323]}},{"type":"Feature","id":1641,"properties":{"capital":false},"geometry":{"type":"Point","coordinates":[25.77167,44.87521]}},{"type":"Feature","id":1642,"properties":{"capital":false},"geometry":{"type":"Point","coordinates":[24.73944,47.35723]}},{"type":"Feature","id":1643,"properties":{"capital":false},"geometry":{"type":"Point","coordinates":[25.81715,43.81487]}},{"type":"Feature","id":1644,"properties":{"capital":false},"geometry":{"type":"Point","coordinates":[25.81753,44.52238]}},{"type":"Feature","id":1645,"properties":{"capital":false},"geometry":{"type":"Point","coordinates":[26.35755,44.21145]}},{"type":"Feature","id":1646,"properties":{"capital":false},"geometry":{"type":"Point","coordinates":[26.31225,44.16938]}},{"type":"Feature","id":1647,"properties":{"capital":false},"geometry":{"type":"Point","coordinates":[25.8867,44.50156]}},{"type":"Feature","id":1648,"properties":{"capital":false},"geometry":{"type":"Point","coordinates":[26.60355,44.6604]}},{"type":"Feature","id":1649,"properties":{"capital":false},"geometry":{"type":"Point","coordinates":[27.18581,44.54446]}},{"type":"Feature","id":1650,"properties":{"capital":false},"geometry":{"type":"Point","coordinates":[26.4,44.73587]}},{"type":"Feature","id":1651,"properties":{"capital":false},"geometry":{"type":"Point","coordinates":[27.56898,44.61431]}},{"type":"Feature","id":1652,"properties":{"capital":false},"geometry":{"type":"Point","coordinates":[26.53346,44.61237]}},{"type":"Feature","id":1653,"properties":{"capital":false},"geometry":{"type":"Point","coordinates":[23.58422,47.53929]}},{"type":"Feature","id":1654,"properties":{"capital":false},"geometry":{"type":"Point","coordinates":[23.52297,47.59809]}},{"type":"Feature","id":1655,"properties":{"capital":false},"geometry":{"type":"Point","coordinates":[23.30718,47.55107]}},{"type":"Feature","id":1656,"properties":{"capital":false},"geometry":{"type":"Point","coordinates":[23.9802,47.84787]}},{"type":"Feature","id":1657,"properties":{"capital":false},"geometry":{"type":"Point","coordinates":[23.00177,47.88047]}},{"type":"Feature","id":1658,"properties":{"capital":false},"geometry":{"type":"Point","coordinates":[22.33905,47.66353]}},{"type":"Feature","id":1659,"properties":{"capital":false},"geometry":{"type":"Point","coordinates":[25.43955,44.81761]}},{"type":"Feature","id":1660,"properties":{"capital":false},"geometry":{"type":"Point","coordinates":[25.29137,45.09348]}},{"type":"Feature","id":1661,"properties":{"capital":false},"geometry":{"type":"Point","coordinates":[25.34592,45.13624]}},{"type":"Feature","id":1662,"properties":{"capital":false},"geometry":{"type":"Point","coordinates":[25.26838,44.59191]}},{"type":"Feature","id":1663,"properties":{"capital":false},"geometry":{"type":"Point","coordinates":[25.49728,44.80156]}},{"type":"Feature","id":1664,"properties":{"capital":false},"geometry":{"type":"Point","coordinates":[24.32369,47.34355]}},{"type":"Feature","id":1665,"properties":{"capital":false},"geometry":{"type":"Point","coordinates":[23.9732,47.18541]}},{"type":"Feature","id":1666,"properties":{"capital":false},"geometry":{"type":"Point","coordinates":[26.41792,44.31695]}},{"type":"Feature","id":1667,"properties":{"capital":false},"geometry":{"type":"Point","coordinates":[27.00543,44.76084]}},{"type":"Feature","id":1668,"properties":{"capital":false},"geometry":{"type":"Point","coordinates":[27.51414,44.56671]}},{"type":"Feature","id":1669,"properties":{"capital":false},"geometry":{"type":"Point","coordinates":[26.51729,44.71396]}},{"type":"Feature","id":1670,"properties":{"capital":false},"geometry":{"type":"Point","coordinates":[27.69558,44.60685]}},{"type":"Feature","id":1671,"properties":{"capital":false},"geometry":{"type":"Point","coordinates":[26.92537,44.63394]}},{"type":"Feature","id":1672,"properties":{"capital":false},"geometry":{"type":"Point","coordinates":[22.97912,47.98277]}},{"type":"Feature","id":1673,"properties":{"capital":false},"geometry":{"type":"Point","coordinates":[22.73718,47.15482]}},{"type":"Feature","id":1674,"properties":{"capital":false},"geometry":{"type":"Point","coordinates":[27.75161,44.71581]}},{"type":"Feature","id":1675,"properties":{"capital":false},"geometry":{"type":"Point","coordinates":[26.43698,44.19308]}},{"type":"Feature","id":1676,"properties":{"capital":false},"geometry":{"type":"Point","coordinates":[26.5978,44.72601]}},{"type":"Feature","id":1677,"properties":{"capital":false},"geometry":{"type":"Point","coordinates":[23.33288,47.82045]}},{"type":"Feature","id":1678,"properties":{"capital":false},"geometry":{"type":"Point","coordinates":[24.73989,44.80055]}},{"type":"Feature","id":1679,"properties":{"capital":false},"geometry":{"type":"Point","coordinates":[25.09987,44.44164]}},{"type":"Feature","id":1680,"properties":{"capital":false},"geometry":{"type":"Point","coordinates":[25.08273,44.87507]}},{"type":"Feature","id":1681,"properties":{"capital":false},"geometry":{"type":"Point","coordinates":[25.13075,44.74271]}},{"type":"Feature","id":1682,"properties":{"capital":false},"geometry":{"type":"Point","coordinates":[25.03058,44.51998]}},{"type":"Feature","id":1683,"properties":{"capital":false},"geometry":{"type":"Point","coordinates":[25.04732,44.67632]}},{"type":"Feature","id":1684,"properties":{"capital":false},"geometry":{"type":"Point","coordinates":[25.17178,45.38893]}},{"type":"Feature","id":1685,"properties":{"capital":false},"geometry":{"type":"Point","coordinates":[24.51215,45.31828]}},{"type":"Feature","id":1686,"properties":{"capital":false},"geometry":{"type":"Point","coordinates":[24.75058,44.71189]}},{"type":"Feature","id":1687,"properties":{"capital":false},"geometry":{"type":"Point","coordinates":[25.00095,45.18652]}},{"type":"Feature","id":1688,"properties":{"capital":false},"geometry":{"type":"Point","coordinates":[23.56556,45.95763]}},{"type":"Feature","id":1689,"properties":{"capital":false},"geometry":{"type":"Point","coordinates":[25.23651,44.52005]}},{"type":"Feature","id":1690,"properties":{"capital":false},"geometry":{"type":"Point","coordinates":[24.98023,45.05044]}},{"type":"Feature","id":1691,"properties":{"capital":false},"geometry":{"type":"Point","coordinates":[25.17266,45.26272]}},{"type":"Feature","id":1692,"properties":{"capital":false},"geometry":{"type":"Point","coordinates":[24.77946,44.56529]}},{"type":"Feature","id":1693,"properties":{"capital":false},"geometry":{"type":"Point","coordinates":[24.95393,44.71055]}},{"type":"Feature","id":1694,"properties":{"capital":false},"geometry":{"type":"Point","coordinates":[25.24761,44.49117]}},{"type":"Feature","id":1695,"properties":{"capital":false},"geometry":{"type":"Point","coordinates":[24.53725,45.24807]}},{"type":"Feature","id":1696,"properties":{"capital":false},"geometry":{"type":"Point","coordinates":[25.12769,44.65505]}},{"type":"Feature","id":1697,"properties":{"capital":false},"geometry":{"type":"Point","coordinates":[24.56016,45.13712]}},{"type":"Feature","id":1698,"properties":{"capital":false},"geometry":{"type":"Point","coordinates":[24.98708,45.0096]}},{"type":"Feature","id":1699,"properties":{"capital":false},"geometry":{"type":"Point","coordinates":[23.22318,46.11109]}},{"type":"Feature","id":1700,"properties":{"capital":false},"geometry":{"type":"Point","coordinates":[24.56777,44.89049]}},{"type":"Feature","id":1701,"properties":{"capital":false},"geometry":{"type":"Point","coordinates":[24.96065,44.49574]}},{"type":"Feature","id":1702,"properties":{"capital":false},"geometry":{"type":"Point","coordinates":[24.63485,45.178]}},{"type":"Feature","id":1703,"properties":{"capital":false},"geometry":{"type":"Point","coordinates":[24.70488,45.18619]}},{"type":"Feature","id":1704,"properties":{"capital":false},"geometry":{"type":"Point","coordinates":[24.6225,44.78037]}},{"type":"Feature","id":1705,"properties":{"capital":false},"geometry":{"type":"Point","coordinates":[24.92541,45.15371]}},{"type":"Feature","id":1706,"properties":{"capital":false},"geometry":{"type":"Point","coordinates":[25.04182,44.43395]}},{"type":"Feature","id":1707,"properties":{"capital":false},"geometry":{"type":"Point","coordinates":[25.08195,45.06588]}},{"type":"Feature","id":1708,"properties":{"capital":false},"geometry":{"type":"Point","coordinates":[25.0313,45.29783]}},{"type":"Feature","id":1709,"properties":{"capital":true},"geometry":{"type":"Point","coordinates":[26.90979,46.56627]}},{"type":"Feature","id":1710,"properties":{"capital":false},"geometry":{"type":"Point","coordinates":[26.85284,46.62618]}},{"type":"Feature","id":1711,"properties":{"capital":false},"geometry":{"type":"Point","coordinates":[26.94277,46.55734]}},{"type":"Feature","id":1712,"properties":{"capital":false},"geometry":{"type":"Point","coordinates":[26.85777,46.56171]}},{"type":"Feature","id":1713,"properties":{"capital":false},"geometry":{"type":"Point","coordinates":[26.8494,46.58735]}},{"type":"Feature","id":1714,"properties":{"capital":false},"geometry":{"type":"Point","coordinates":[26.76462,46.24802]}},{"type":"Feature","id":1715,"properties":{"capital":false},"geometry":{"type":"Point","coordinates":[26.82792,46.26882]}},{"type":"Feature","id":1716,"properties":{"capital":false},"geometry":{"type":"Point","coordinates":[26.86038,46.2161]}},{"type":"Feature","id":1717,"properties":{"capital":false},"geometry":{"type":"Point","coordinates":[26.69815,46.72006]}},{"type":"Feature","id":1718,"properties":{"capital":false},"geometry":{"type":"Point","coordinates":[26.44165,46.42131]}},{"type":"Feature","id":1719,"properties":{"capital":false},"geometry":{"type":"Point","coordinates":[26.49123,46.47475]}},{"type":"Feature","id":1720,"properties":{"capital":false},"geometry":{"type":"Point","coordinates":[26.45764,46.22145]}},{"type":"Feature","id":1721,"properties":{"capital":false},"geometry":{"type":"Point","coordinates":[26.60973,46.27996]}},{"type":"Feature","id":1722,"properties":{"capital":false},"geometry":{"type":"Point","coordinates":[26.2255,46.48173]}},{"type":"Feature","id":1723,"properties":{"capital":false},"geometry":{"type":"Point","coordinates":[26.60873,46.52647]}},{"type":"Feature","id":1724,"properties":{"capital":false},"geometry":{"type":"Point","coordinates":[26.39956,46.43849]}},{"type":"Feature","id":1725,"properties":{"capital":false},"geometry":{"type":"Point","coordinates":[26.56609,46.64608]}},{"type":"Feature","id":1726,"properties":{"capital":false},"geometry":{"type":"Point","coordinates":[26.85649,46.70916]}},{"type":"Feature","id":1727,"properties":{"capital":false},"geometry":{"type":"Point","coordinates":[22.96381,46.44823]}},{"type":"Feature","id":1728,"properties":{"capital":false},"geometry":{"type":"Point","coordinates":[26.67595,46.46931]}},{"type":"Feature","id":1729,"properties":{"capital":false},"geometry":{"type":"Point","coordinates":[26.64286,46.40406]}},{"type":"Feature","id":1730,"properties":{"capital":false},"geometry":{"type":"Point","coordinates":[26.69303,46.33414]}},{"type":"Feature","id":1731,"properties":{"capital":false},"geometry":{"type":"Point","coordinates":[26.67285,46.69048]}},{"type":"Feature","id":1732,"properties":{"capital":false},"geometry":{"type":"Point","coordinates":[26.68054,46.21179]}},{"type":"Feature","id":1733,"properties":{"capital":false},"geometry":{"type":"Point","coordinates":[26.17688,46.5215]}},{"type":"Feature","id":1734,"properties":{"capital":false},"geometry":{"type":"Point","coordinates":[27.01788,46.5663]}},{"type":"Feature","id":1735,"properties":{"capital":false},"geometry":{"type":"Point","coordinates":[26.74461,46.19663]}},{"type":"Feature","id":1736,"properties":{"capital":false},"geometry":{"type":"Point","coordinates":[26.92418,46.18032]}},{"type":"Feature","id":1737,"properties":{"capital":false},"geometry":{"type":"Point","coordinates":[26.90475,46.41254]}},{"type":"Feature","id":1738,"properties":{"capital":false},"geometry":{"type":"Point","coordinates":[27.2999,46.57802]}},{"type":"Feature","id":1739,"properties":{"capital":false},"geometry":{"type":"Point","coordinates":[27.16067,46.28794]}},{"type":"Feature","id":1740,"properties":{"capital":false},"geometry":{"type":"Point","coordinates":[26.98618,46.14408]}},{"type":"Feature","id":1741,"properties":{"capital":false},"geometry":{"type":"Point","coordinates":[26.99465,46.7366]}},{"type":"Feature","id":1742,"properties":{"capital":false},"geometry":{"type":"Point","coordinates":[26.46882,46.36888]}},{"type":"Feature","id":1743,"properties":{"capital":false},"geometry":{"type":"Point","coordinates":[27.29606,46.30237]}},{"type":"Feature","id":1744,"properties":{"capital":false},"geometry":{"type":"Point","coordinates":[26.52621,46.32149]}},{"type":"Feature","id":1745,"properties":{"capital":false},"geometry":{"type":"Point","coordinates":[26.89681,46.4335]}},{"type":"Feature","id":1746,"properties":{"capital":false},"geometry":{"type":"Point","coordinates":[27.18702,46.54057]}},{"type":"Feature","id":1747,"properties":{"capital":false},"geometry":{"type":"Point","coordinates":[26.88493,46.74427]}},{"type":"Feature","id":1748,"properties":{"capital":false},"geometry":{"type":"Point","coordinates":[27.23106,46.32982]}},{"type":"Feature","id":1749,"properties":{"capital":false},"geometry":{"type":"Point","coordinates":[26.05193,46.58865]}},{"type":"Feature","id":1750,"properties":{"capital":false},"geometry":{"type":"Point","coordinates":[26.78251,46.65339]}},{"type":"Feature","id":1751,"properties":{"capital":false},"geometry":{"type":"Point","coordinates":[27.3958,46.24486]}},{"type":"Feature","id":1752,"properties":{"capital":false},"geometry":{"type":"Point","coordinates":[26.74104,46.35339]}},{"type":"Feature","id":1753,"properties":{"capital":false},"geometry":{"type":"Point","coordinates":[27.06718,46.43934]}},{"type":"Feature","id":1754,"properties":{"capital":false},"geometry":{"type":"Point","coordinates":[27.24252,46.25107]}},{"type":"Feature","id":1755,"properties":{"capital":false},"geometry":{"type":"Point","coordinates":[23.12921,46.09718]}},{"type":"Feature","id":1756,"properties":{"capital":false},"geometry":{"type":"Point","coordinates":[27.21869,46.5863]}},{"type":"Feature","id":1757,"properties":{"capital":false},"geometry":{"type":"Point","coordinates":[27.24297,46.71511]}},{"type":"Feature","id":1758,"properties":{"capital":false},"geometry":{"type":"Point","coordinates":[26.73458,46.40614]}},{"type":"Feature","id":1759,"properties":{"capital":false},"geometry":{"type":"Point","coordinates":[26.83922,46.53343]}},{"type":"Feature","id":1760,"properties":{"capital":false},"geometry":{"type":"Point","coordinates":[26.54441,46.51055]}},{"type":"Feature","id":1761,"properties":{"capital":false},"geometry":{"type":"Point","coordinates":[26.69164,46.15233]}},{"type":"Feature","id":1762,"properties":{"capital":false},"geometry":{"type":"Point","coordinates":[27.389,46.331]}},{"type":"Feature","id":1763,"properties":{"capital":false},"geometry":{"type":"Point","coordinates":[26.97848,46.70703]}},{"type":"Feature","id":1764,"properties":{"capital":false},"geometry":{"type":"Point","coordinates":[26.91691,46.4779]}},{"type":"Feature","id":1765,"properties":{"capital":false},"geometry":{"type":"Point","coordinates":[26.61715,46.20639]}},{"type":"Feature","id":1766,"properties":{"capital":false},"geometry":{"type":"Point","coordinates":[22.75426,46.47677]}},{"type":"Feature","id":1767,"properties":{"capital":false},"geometry":{"type":"Point","coordinates":[27.25906,46.47706]}},{"type":"Feature","id":1768,"properties":{"capital":false},"geometry":{"type":"Point","coordinates":[27.02042,46.2771]}},{"type":"Feature","id":1769,"properties":{"capital":false},"geometry":{"type":"Point","coordinates":[26.12887,46.53291]}},{"type":"Feature","id":1770,"properties":{"capital":false},"geometry":{"type":"Point","coordinates":[26.98511,46.30929]}},{"type":"Feature","id":1771,"properties":{"capital":false},"geometry":{"type":"Point","coordinates":[27.1065,46.48507]}},{"type":"Feature","id":1772,"properties":{"capital":false},"geometry":{"type":"Point","coordinates":[27.08686,46.3357]}},{"type":"Feature","id":1773,"properties":{"capital":false},"geometry":{"type":"Point","coordinates":[26.65183,46.25302]}},{"type":"Feature","id":1774,"properties":{"capital":false},"geometry":{"type":"Point","coordinates":[26.60809,46.59114]}},{"type":"Feature","id":1775,"properties":{"capital":false},"geometry":{"type":"Point","coordinates":[27.21736,46.68223]}},{"type":"Feature","id":1776,"properties":{"capital":false},"geometry":{"type":"Point","coordinates":[27.38603,46.20433]}},{"type":"Feature","id":1777,"properties":{"capital":false},"geometry":{"type":"Point","coordinates":[26.5348,46.46616]}},{"type":"Feature","id":1778,"properties":{"capital":false},"geometry":{"type":"Point","coordinates":[26.74361,46.70182]}},{"type":"Feature","id":1779,"properties":{"capital":false},"geometry":{"type":"Point","coordinates":[27.0123,46.32581]}},{"type":"Feature","id":1780,"properties":{"capital":false},"geometry":{"type":"Point","coordinates":[27.37307,46.44027]}},{"type":"Feature","id":1781,"properties":{"capital":false},"geometry":{"type":"Point","coordinates":[27.08461,46.72257]}},{"type":"Feature","id":1782,"properties":{"capital":false},"geometry":{"type":"Point","coordinates":[27.10879,46.20724]}},{"type":"Feature","id":1783,"properties":{"capital":false},"geometry":{"type":"Point","coordinates":[26.73691,46.44021]}},{"type":"Feature","id":1784,"properties":{"capital":false},"geometry":{"type":"Point","coordinates":[26.93986,46.61828]}},{"type":"Feature","id":1785,"properties":{"capital":false},"geometry":{"type":"Point","coordinates":[26.66173,46.55212]}},{"type":"Feature","id":1786,"properties":{"capital":false},"geometry":{"type":"Point","coordinates":[27.09684,46.64296]}},{"type":"Feature","id":1787,"properties":{"capital":false},"geometry":{"type":"Point","coordinates":[26.53318,46.55092]}},{"type":"Feature","id":1788,"properties":{"capital":false},"geometry":{"type":"Point","coordinates":[27.30441,46.43075]}},{"type":"Feature","id":1789,"properties":{"capital":false},"geometry":{"type":"Point","coordinates":[26.71574,46.53655]}},{"type":"Feature","id":1790,"properties":{"capital":false},"geometry":{"type":"Point","coordinates":[26.99526,46.49088]}},{"type":"Feature","id":1791,"properties":{"capital":false},"geometry":{"type":"Point","coordinates":[27.20381,46.21762]}},{"type":"Feature","id":1792,"properties":{"capital":false},"geometry":{"type":"Point","coordinates":[22.82413,46.35786]}},{"type":"Feature","id":1793,"properties":{"capital":false},"geometry":{"type":"Point","coordinates":[26.67317,46.26373]}},{"type":"Feature","id":1794,"properties":{"capital":false},"geometry":{"type":"Point","coordinates":[27.03548,46.62761]}},{"type":"Feature","id":1795,"properties":{"capital":false},"geometry":{"type":"Point","coordinates":[27.11031,46.52259]}},{"type":"Feature","id":1796,"properties":{"capital":false},"geometry":{"type":"Point","coordinates":[27.08416,46.13316]}},{"type":"Feature","id":1797,"properties":{"capital":false},"geometry":{"type":"Point","coordinates":[27.0444,46.24256]}},{"type":"Feature","id":1798,"properties":{"capital":false},"geometry":{"type":"Point","coordinates":[27.28638,46.37704]}},{"type":"Feature","id":1799,"properties":{"capital":false},"geometry":{"type":"Point","coordinates":[26.46457,46.54971]}},{"type":"Feature","id":1800,"properties":{"capital":false},"geometry":{"type":"Point","coordinates":[26.86703,46.50225]}},{"type":"Feature","id":1801,"properties":{"capital":false},"geometry":{"type":"Point","coordinates":[26.78291,46.20205]}},{"type":"Feature","id":1802,"properties":{"capital":false},"geometry":{"type":"Point","coordinates":[26.99085,46.429]}},{"type":"Feature","id":1803,"properties":{"capital":false},"geometry":{"type":"Point","coordinates":[27.14828,46.67584]}},{"type":"Feature","id":1804,"properties":{"capital":false},"geometry":{"type":"Point","coordinates":[26.97476,46.65444]}},{"type":"Feature","id":1805,"properties":{"capital":false},"geometry":{"type":"Point","coordinates":[26.86315,46.65766]}},{"type":"Feature","id":1806,"properties":{"capital":true},"geometry":{"type":"Point","coordinates":[21.93471,47.05322]}},{"type":"Feature","id":1807,"properties":{"capital":false},"geometry":{"type":"Point","coordinates":[21.97256,47.00695]}},{"type":"Feature","id":1808,"properties":{"capital":false},"geometry":{"type":"Point","coordinates":[21.85377,47.06881]}},{"type":"Feature","id":1809,"properties":{"capital":false},"geometry":{"type":"Point","coordinates":[22.39462,47.05966]}},{"type":"Feature","id":1810,"properties":{"capital":false},"geometry":{"type":"Point","coordinates":[22.39188,47.02843]}},{"type":"Feature","id":1811,"properties":{"capital":false},"geometry":{"type":"Point","coordinates":[22.34933,46.66768]}},{"type":"Feature","id":1812,"properties":{"capital":false},"geometry":{"type":"Point","coordinates":[22.45636,46.53736]}},{"type":"Feature","id":1813,"properties":{"capital":false},"geometry":{"type":"Point","coordinates":[22.34198,47.34739]}},{"type":"Feature","id":1814,"properties":{"capital":false},"geometry":{"type":"Point","coordinates":[22.55812,46.48706]}},{"type":"Feature","id":1815,"properties":{"capital":false},"geometry":{"type":"Point","coordinates":[21.66254,46.80252]}},{"type":"Feature","id":1816,"properties":{"capital":false},"geometry":{"type":"Point","coordinates":[22.4738,46.47336]}},{"type":"Feature","id":1817,"properties":{"capital":false},"geometry":{"type":"Point","coordinates":[22.38011,47.31799]}},{"type":"Feature","id":1818,"properties":{"capital":false},"geometry":{"type":"Point","coordinates":[22.25277,47.32266]}},{"type":"Feature","id":1819,"properties":{"capital":false},"geometry":{"type":"Point","coordinates":[22.49478,47.03655]}},{"type":"Feature","id":1820,"properties":{"capital":false},"geometry":{"type":"Point","coordinates":[21.52544,46.66993]}},{"type":"Feature","id":1821,"properties":{"capital":false},"geometry":{"type":"Point","coordinates":[22.53759,47.29892]}},{"type":"Feature","id":1822,"properties":{"capital":false},"geometry":{"type":"Point","coordinates":[21.80334,46.70717]}},{"type":"Feature","id":1823,"properties":{"capital":false},"geometry":{"type":"Point","coordinates":[21.92025,47.15305]}},{"type":"Feature","id":1824,"properties":{"capital":false},"geometry":{"type":"Point","coordinates":[22.5208,47.38242]}},{"type":"Feature","id":1825,"properties":{"capital":false},"geometry":{"type":"Point","coordinates":[22.61395,46.9914]}},{"type":"Feature","id":1826,"properties":{"capital":false},"geometry":{"type":"Point","coordinates":[21.81433,47.11635]}},{"type":"Feature","id":1827,"properties":{"capital":false},"geometry":{"type":"Point","coordinates":[22.60234,46.92699]}},{"type":"Feature","id":1828,"properties":{"capital":false},"geometry":{"type":"Point","coordinates":[22.23848,47.15847]}},{"type":"Feature","id":1829,"properties":{"capital":false},"geometry":{"type":"Point","coordinates":[22.49357,46.67887]}},{"type":"Feature","id":1830,"properties":{"capital":false},"geometry":{"type":"Point","coordinates":[22.26083,47.40063]}},{"type":"Feature","id":1831,"properties":{"capital":false},"geometry":{"type":"Point","coordinates":[22.67374,46.91387]}},{"type":"Feature","id":1832,"properties":{"capital":false},"geometry":{"type":"Point","coordinates":[22.46696,46.61249]}},{"type":"Feature","id":1833,"properties":{"capital":false},"geometry":{"type":"Point","coordinates":[22.372,46.77053]}},{"type":"Feature","id":1834,"properties":{"capital":false},"geometry":{"type":"Point","coordinates":[22.10315,46.73596]}},{"type":"Feature","id":1835,"properties":{"capital":false},"geometry":{"type":"Point","coordinates":[22.4922,46.45568]}},{"type":"Feature","id":1836,"properties":{"capital":false},"geometry":{"type":"Point","coordinates":[21.71247,46.91418]}},{"type":"Feature","id":1837,"properties":{"capital":false},"geometry":{"type":"Point","coordinates":[22.16714,46.85807]}},{"type":"Feature","id":1838,"properties":{"capital":false},"geometry":{"type":"Point","coordinates":[21.99837,47.14322]}},{"type":"Feature","id":1839,"properties":{"capital":false},"geometry":{"type":"Point","coordinates":[22.1231,47.38133]}},{"type":"Feature","id":1840,"properties":{"capital":false},"geometry":{"type":"Point","coordinates":[22.23032,47.28095]}},{"type":"Feature","id":1841,"properties":{"capital":false},"geometry":{"type":"Point","coordinates":[22.12389,47.23915]}},{"type":"Feature","id":1842,"properties":{"capital":false},"geometry":{"type":"Point","coordinates":[21.58272,46.73095]}},{"type":"Feature","id":1843,"properties":{"capital":false},"geometry":{"type":"Point","coordinates":[22.52026,46.51384]}},{"type":"Feature","id":1844,"properties":{"capital":false},"geometry":{"type":"Point","coordinates":[21.99883,46.7393]}},{"type":"Feature","id":1845,"properties":{"capital":false},"geometry":{"type":"Point","coordinates":[22.16716,46.98158]}},{"type":"Feature","id":1846,"properties":{"capital":false},"geometry":{"type":"Point","coordinates":[22.53534,46.418]}},{"type":"Feature","id":1847,"properties":{"capital":false},"geometry":{"type":"Point","coordinates":[22.4201,46.70343]}},{"type":"Feature","id":1848,"properties":{"capital":false},"geometry":{"type":"Point","coordinates":[22.20099,47.54604]}},{"type":"Feature","id":1849,"properties":{"capital":false},"geometry":{"type":"Point","coordinates":[22.30619,47.20455]}},{"type":"Feature","id":1850,"properties":{"capital":false},"geometry":{"type":"Point","coordinates":[21.99371,47.30647]}},{"type":"Feature","id":1851,"properties":{"capital":false},"geometry":{"type":"Point","coordinates":[23.2817,46.38056]}},{"type":"Feature","id":1852,"properties":{"capital":false},"geometry":{"type":"Point","coordinates":[22.27821,46.84471]}},{"type":"Feature","id":1853,"properties":{"capital":false},"geometry":{"type":"Point","coordinates":[22.39268,46.62895]}},{"type":"Feature","id":1854,"properties":{"capital":false},"geometry":{"type":"Point","coordinates":[22.12738,46.89789]}},{"type":"Feature","id":1855,"properties":{"capital":false},"geometry":{"type":"Point","coordinates":[22.31402,46.6469]}},{"type":"Feature","id":1856,"properties":{"capital":false},"geometry":{"type":"Point","coordinates":[21.75826,47.06584]}},{"type":"Feature","id":1857,"properties":{"capital":false},"geometry":{"type":"Point","coordinates":[22.04313,46.93416]}},{"type":"Feature","id":1858,"properties":{"capital":false},"geometry":{"type":"Point","coordinates":[22.12564,46.7849]}},{"type":"Feature","id":1859,"properties":{"capital":false},"geometry":{"type":"Point","coordinates":[21.91102,46.82241]}},{"type":"Feature","id":1860,"properties":{"capital":false},"geometry":{"type":"Point","coordinates":[22.11494,47.08631]}},{"type":"Feature","id":1861,"properties":{"capital":false},"geometry":{"type":"Point","coordinates":[22.40226,46.59295]}},{"type":"Feature","id":1862,"properties":{"capital":false},"geometry":{"type":"Point","coordinates":[22.05457,46.87319]}},{"type":"Feature","id":1863,"properties":{"capital":false},"geometry":{"type":"Point","coordinates":[23.73779,46.076]}},{"type":"Feature","id":1864,"properties":{"capital":false},"geometry":{"type":"Point","coordinates":[22.34631,47.06278]}},{"type":"Feature","id":1865,"properties":{"capital":false},"geometry":{"type":"Point","coordinates":[22.44845,46.52516]}},{"type":"Feature","id":1866,"properties":{"capital":false},"geometry":{"type":"Point","coordinates":[21.67805,46.82943]}},{"type":"Feature","id":1867,"properties":{"capital":false},"geometry":{"type":"Point","coordinates":[22.44916,47.00975]}},{"type":"Feature","id":1868,"properties":{"capital":false},"geometry":{"type":"Point","coordinates":[21.88442,46.99861]}},{"type":"Feature","id":1869,"properties":{"capital":false},"geometry":{"type":"Point","coordinates":[21.98236,46.6831]}},{"type":"Feature","id":1870,"properties":{"capital":false},"geometry":{"type":"Point","coordinates":[22.02747,47.04098]}},{"type":"Feature","id":1871,"properties":{"capital":false},"geometry":{"type":"Point","coordinates":[22.55549,46.59198]}},{"type":"Feature","id":1872,"properties":{"capital":false},"geometry":{"type":"Point","coordinates":[23.10228,46.37668]}},{"type":"Feature","id":1873,"properties":{"capital":false},"geometry":{"type":"Point","coordinates":[22.29309,46.69491]}},{"type":"Feature","id":1874,"properties":{"capital":false},"geometry":{"type":"Point","coordinates":[22.28737,46.79397]}},{"type":"Feature","id":1875,"properties":{"capital":false},"geometry":{"type":"Point","coordinates":[22.417,47.23821]}},{"type":"Feature","id":1876,"properties":{"capital":false},"geometry":{"type":"Point","coordinates":[22.23657,46.74645]}},{"type":"Feature","id":1877,"properties":{"capital":false},"geometry":{"type":"Point","coordinates":[22.34777,46.7393]}},{"type":"Feature","id":1878,"properties":{"capital":false},"geometry":{"type":"Point","coordinates":[22.44505,46.57522]}},{"type":"Feature","id":1879,"properties":{"capital":false},"geometry":{"type":"Point","coordinates":[22.39592,46.80236]}},{"type":"Feature","id":1880,"properties":{"capital":false},"geometry":{"type":"Point","coordinates":[22.14151,47.04255]}},{"type":"Feature","id":1881,"properties":{"capital":false},"geometry":{"type":"Point","coordinates":[22.09651,47.35053]}},{"type":"Feature","id":1882,"properties":{"capital":false},"geometry":{"type":"Point","coordinates":[22.30482,47.45908]}},{"type":"Feature","id":1883,"properties":{"capital":false},"geometry":{"type":"Point","coordinates":[22.03037,47.22058]}},{"type":"Feature","id":1884,"properties":{"capital":false},"geometry":{"type":"Point","coordinates":[22.20196,46.80142]}},{"type":"Feature","id":1885,"properties":{"capital":false},"geometry":{"type":"Point","coordinates":[22.12052,47.19284]}},{"type":"Feature","id":1886,"properties":{"capital":false},"geometry":{"type":"Point","coordinates":[22.18924,47.20052]}},{"type":"Feature","id":1887,"properties":{"capital":false},"geometry":{"type":"Point","coordinates":[22.53033,47.257]}},{"type":"Feature","id":1888,"properties":{"capital":false},"geometry":{"type":"Point","coordinates":[22.08763,47.48719]}},{"type":"Feature","id":1889,"properties":{"capital":false},"geometry":{"type":"Point","coordinates":[22.51871,47.13925]}},{"type":"Feature","id":1890,"properties":{"capital":false},"geometry":{"type":"Point","coordinates":[22.11818,46.6824]}},{"type":"Feature","id":1891,"properties":{"capital":false},"geometry":{"type":"Point","coordinates":[22.53516,46.94666]}},{"type":"Feature","id":1892,"properties":{"capital":false},"geometry":{"type":"Point","coordinates":[22.17335,47.45686]}},{"type":"Feature","id":1893,"properties":{"capital":false},"geometry":{"type":"Point","coordinates":[22.36374,46.63423]}},{"type":"Feature","id":1894,"properties":{"capital":false},"geometry":{"type":"Point","coordinates":[22.33726,47.27123]}},{"type":"Feature","id":1895,"properties":{"capital":false},"geometry":{"type":"Point","coordinates":[22.19909,47.07147]}},{"type":"Feature","id":1896,"properties":{"capital":false},"geometry":{"type":"Point","coordinates":[21.93139,46.77497]}},{"type":"Feature","id":1897,"properties":{"capital":false},"geometry":{"type":"Point","coordinates":[21.77338,46.78635]}},{"type":"Feature","id":1898,"properties":{"capital":false},"geometry":{"type":"Point","coordinates":[22.32323,47.04564]}},{"type":"Feature","id":1899,"properties":{"capital":false},"geometry":{"type":"Point","coordinates":[22.21987,46.685]}},{"type":"Feature","id":1900,"properties":{"capital":false},"geometry":{"type":"Point","coordinates":[22.51532,46.98575]}},{"type":"Feature","id":1901,"properties":{"capital":false},"geometry":{"type":"Point","coordinates":[22.13033,47.52069]}},{"type":"Feature","id":1902,"properties":{"capital":false},"geometry":{"type":"Point","coordinates":[22.44414,47.38665]}},{"type":"Feature","id":1903,"properties":{"capital":false},"geometry":{"type":"Point","coordinates":[22.28253,46.96938]}},{"type":"Feature","id":1904,"properties":{"capital":false},"geometry":{"type":"Point","coordinates":[21.92597,47.22085]}},{"type":"Feature","id":1905,"properties":{"capital":false},"geometry":{"type":"Point","coordinates":[21.95767,47.115]}},{"type":"Feature","id":1906,"properties":{"capital":false},"geometry":{"type":"Point","coordinates":[21.71304,46.9607]}},{"type":"Feature","id":1907,"properties":{"capital":false},"geometry":{"type":"Point","coordinates":[21.95046,47.25647]}},{"type":"Feature","id":1908,"properties":{"capital":false},"geometry":{"type":"Point","coordinates":[21.78854,46.93003]}},{"type":"Feature","id":1909,"properties":{"capital":false},"geometry":{"type":"Point","coordinates":[21.71952,47.04241]}},{"type":"Feature","id":1910,"properties":{"capital":true},"geometry":{"type":"Point","coordinates":[24.492,47.13173]}},{"type":"Feature","id":1911,"properties":{"capital":false},"geometry":{"type":"Point","coordinates":[24.17531,47.17885]}},{"type":"Feature","id":1912,"properties":{"capital":false},"geometry":{"type":"Point","coordinates":[24.40338,47.28514]}},{"type":"Feature","id":1913,"properties":{"capital":false},"geometry":{"type":"Point","coordinates":[24.67052,47.36823]}},{"type":"Feature","id":1914,"properties":{"capital":false},"geometry":{"type":"Point","coordinates":[24.76021,47.20837]}},{"type":"Feature","id":1915,"properties":{"capital":false},"geometry":{"type":"Point","coordinates":[24.06593,47.17191]}},{"type":"Feature","id":1916,"properties":{"capital":false},"geometry":{"type":"Point","coordinates":[24.51868,47.08689]}},{"type":"Feature","id":1917,"properties":{"capital":false},"geometry":{"type":"Point","coordinates":[24.24294,46.8766]}},{"type":"Feature","id":1918,"properties":{"capital":false},"geometry":{"type":"Point","coordinates":[24.15563,47.23553]}},{"type":"Feature","id":1919,"properties":{"capital":false},"geometry":{"type":"Point","coordinates":[24.62549,47.10986]}},{"type":"Feature","id":1920,"properties":{"capital":false},"geometry":{"type":"Point","coordinates":[24.01742,47.24679]}},{"type":"Feature","id":1921,"properties":{"capital":false},"geometry":{"type":"Point","coordinates":[24.17614,46.98083]}},{"type":"Feature","id":1922,"properties":{"capital":false},"geometry":{"type":"Point","coordinates":[24.23912,47.23448]}},{"type":"Feature","id":1923,"properties":{"capital":false},"geometry":{"type":"Point","coordinates":[24.3906,47.36518]}},{"type":"Feature","id":1924,"properties":{"capital":false},"geometry":{"type":"Point","coordinates":[24.46792,47.22248]}},{"type":"Feature","id":1925,"properties":{"capital":false},"geometry":{"type":"Point","coordinates":[24.59351,47.27815]}},{"type":"Feature","id":1926,"properties":{"capital":false},"geometry":{"type":"Point","coordinates":[24.42146,46.9915]}},{"type":"Feature","id":1927,"properties":{"capital":false},"geometry":{"type":"Point","coordinates":[24.88249,47.36296]}},{"type":"Feature","id":1928,"properties":{"capital":false},"geometry":{"type":"Point","coordinates":[24.65875,47.30734]}},{"type":"Feature","id":1929,"properties":{"capital":false},"geometry":{"type":"Point","coordinates":[24.67347,47.20763]}},{"type":"Feature","id":1930,"properties":{"capital":false},"geometry":{"type":"Point","coordinates":[24.32595,47.01967]}},{"type":"Feature","id":1931,"properties":{"capital":false},"geometry":{"type":"Point","coordinates":[24.74977,47.31184]}},{"type":"Feature","id":1932,"properties":{"capital":false},"geometry":{"type":"Point","coordinates":[24.57534,47.18118]}},{"type":"Feature","id":1933,"properties":{"capital":false},"geometry":{"type":"Point","coordinates":[24.96946,47.36383]}},{"type":"Feature","id":1934,"properties":{"capital":false},"geometry":{"type":"Point","coordinates":[24.74347,47.40102]}},{"type":"Feature","id":1935,"properties":{"capital":false},"geometry":{"type":"Point","coordinates":[24.26497,46.98144]}},{"type":"Feature","id":1936,"properties":{"capital":false},"geometry":{"type":"Point","coordinates":[24.80749,47.37309]}},{"type":"Feature","id":1937,"properties":{"capital":false},"geometry":{"type":"Point","coordinates":[24.50715,47.01104]}},{"type":"Feature","id":1938,"properties":{"capital":false},"geometry":{"type":"Point","coordinates":[24.31004,46.8603]}},{"type":"Feature","id":1939,"properties":{"capital":false},"geometry":{"type":"Point","coordinates":[24.43169,46.81997]}},{"type":"Feature","id":1940,"properties":{"capital":false},"geometry":{"type":"Point","coordinates":[24.69104,46.94938]}},{"type":"Feature","id":1941,"properties":{"capital":false},"geometry":{"type":"Point","coordinates":[23.38649,45.97543]}},{"type":"Feature","id":1942,"properties":{"capital":false},"geometry":{"type":"Point","coordinates":[24.29924,47.2533]}},{"type":"Feature","id":1943,"properties":{"capital":false},"geometry":{"type":"Point","coordinates":[24.20103,47.09817]}},{"type":"Feature","id":1944,"properties":{"capital":false},"geometry":{"type":"Point","coordinates":[24.54057,47.39574]}},{"type":"Feature","id":1945,"properties":{"capital":false},"geometry":{"type":"Point","coordinates":[24.01702,47.19555]}},{"type":"Feature","id":1946,"properties":{"capital":false},"geometry":{"type":"Point","coordinates":[24.74011,47.2197]}},{"type":"Feature","id":1947,"properties":{"capital":false},"geometry":{"type":"Point","coordinates":[24.49824,47.32562]}},{"type":"Feature","id":1948,"properties":{"capital":false},"geometry":{"type":"Point","coordinates":[24.45013,47.28721]}},{"type":"Feature","id":1949,"properties":{"capital":false},"geometry":{"type":"Point","coordinates":[24.81543,47.42234]}},{"type":"Feature","id":1950,"properties":{"capital":false},"geometry":{"type":"Point","coordinates":[24.43538,47.54589]}},{"type":"Feature","id":1951,"properties":{"capital":false},"geometry":{"type":"Point","coordinates":[24.35397,47.3056]}},{"type":"Feature","id":1952,"properties":{"capital":false},"geometry":{"type":"Point","coordinates":[24.29879,46.78197]}},{"type":"Feature","id":1953,"properties":{"capital":false},"geometry":{"type":"Point","coordinates":[24.3343,46.89229]}},{"type":"Feature","id":1954,"properties":{"capital":false},"geometry":{"type":"Point","coordinates":[24.15449,47.29369]}},{"type":"Feature","id":1955,"properties":{"capital":false},"geometry":{"type":"Point","coordinates":[23.17752,46.26372]}},{"type":"Feature","id":1956,"properties":{"capital":false},"geometry":{"type":"Point","coordinates":[24.88906,47.43948]}},{"type":"Feature","id":1957,"properties":{"capital":false},"geometry":{"type":"Point","coordinates":[24.60753,47.00127]}},{"type":"Feature","id":1958,"properties":{"capital":false},"geometry":{"type":"Point","coordinates":[24.3765,47.08959]}},{"type":"Feature","id":1959,"properties":{"capital":false},"geometry":{"type":"Point","coordinates":[24.28769,47.14933]}},{"type":"Feature","id":1960,"properties":{"capital":false},"geometry":{"type":"Point","coordinates":[24.6475,46.97676]}},{"type":"Feature","id":1961,"properties":{"capital":false},"geometry":{"type":"Point","coordinates":[24.28829,47.17993]}},{"type":"Feature","id":1962,"properties":{"capital":false},"geometry":{"type":"Point","coordinates":[24.50465,46.90868]}},{"type":"Feature","id":1963,"properties":{"capital":false},"geometry":{"type":"Point","coordinates":[24.39668,47.43028]}},{"type":"Feature","id":1964,"properties":{"capital":false},"geometry":{"type":"Point","coordinates":[24.76163,47.22506]}},{"type":"Feature","id":1965,"properties":{"capital":false},"geometry":{"type":"Point","coordinates":[24.17413,47.3827]}},{"type":"Feature","id":1966,"properties":{"capital":false},"geometry":{"type":"Point","coordinates":[24.06134,47.20409]}},{"type":"Feature","id":1967,"properties":{"capital":false},"geometry":{"type":"Point","coordinates":[24.36408,46.77151]}},{"type":"Feature","id":1968,"properties":{"capital":false},"geometry":{"type":"Point","coordinates":[24.27813,47.32433]}},{"type":"Feature","id":1969,"properties":{"capital":true},"geometry":{"type":"Point","coordinates":[26.66997,47.73962]}},{"type":"Feature","id":1970,"properties":{"capital":false},"geometry":{"type":"Point","coordinates":[26.64917,47.71596]}},{"type":"Feature","id":1971,"properties":{"capital":false},"geometry":{"type":"Point","coordinates":[26.68606,47.7629]}},{"type":"Feature","id":1972,"properties":{"capital":false},"geometry":{"type":"Point","coordinates":[26.74693,47.73187]}},{"type":"Feature","id":1973,"properties":{"capital":false},"geometry":{"type":"Point","coordinates":[26.59522,48.18641]}},{"type":"Feature","id":1974,"properties":{"capital":false},"geometry":{"type":"Point","coordinates":[26.39936,47.95269]}},{"type":"Feature","id":1975,"properties":{"capital":false},"geometry":{"type":"Point","coordinates":[26.85834,47.95558]}},{"type":"Feature","id":1976,"properties":{"capital":false},"geometry":{"type":"Point","coordinates":[27.07342,47.6919]}},{"type":"Feature","id":1977,"properties":{"capital":false},"geometry":{"type":"Point","coordinates":[26.94552,48.01558]}},{"type":"Feature","id":1978,"properties":{"capital":false},"geometry":{"type":"Point","coordinates":[26.79459,47.66895]}},{"type":"Feature","id":1979,"properties":{"capital":false},"geometry":{"type":"Point","coordinates":[26.45583,47.86145]}},{"type":"Feature","id":1980,"properties":{"capital":false},"geometry":{"type":"Point","coordinates":[26.45013,47.9535]}},{"type":"Feature","id":1981,"properties":{"capital":false},"geometry":{"type":"Point","coordinates":[26.43407,47.77376]}},{"type":"Feature","id":1982,"properties":{"capital":false},"geometry":{"type":"Point","coordinates":[27.25654,47.60519]}},{"type":"Feature","id":1983,"properties":{"capital":false},"geometry":{"type":"Point","coordinates":[26.5578,48.15639]}},{"type":"Feature","id":1984,"properties":{"capital":false},"geometry":{"type":"Point","coordinates":[26.85465,47.61758]}},{"type":"Feature","id":1985,"properties":{"capital":false},"geometry":{"type":"Point","coordinates":[26.59535,47.99436]}},{"type":"Feature","id":1986,"properties":{"capital":false},"geometry":{"type":"Point","coordinates":[26.5534,47.92992]}},{"type":"Feature","id":1987,"properties":{"capital":false},"geometry":{"type":"Point","coordinates":[26.57331,47.6458]}},{"type":"Feature","id":1988,"properties":{"capital":false},"geometry":{"type":"Point","coordinates":[26.85462,48.12964]}},{"type":"Feature","id":1989,"properties":{"capital":false},"geometry":{"type":"Point","coordinates":[26.73481,47.63623]}},{"type":"Feature","id":1990,"properties":{"capital":false},"geometry":{"type":"Point","coordinates":[26.38679,48.09893]}},{"type":"Feature","id":1991,"properties":{"capital":false},"geometry":{"type":"Point","coordinates":[26.21336,47.98935]}},{"type":"Feature","id":1992,"properties":{"capital":false},"geometry":{"type":"Point","coordinates":[26.96735,47.8518]}},{"type":"Feature","id":1993,"properties":{"capital":false},"geometry":{"type":"Point","coordinates":[27.06411,47.82555]}},{"type":"Feature","id":1994,"properties":{"capital":false},"geometry":{"type":"Point","coordinates":[26.80495,48.01858]}},{"type":"Feature","id":1995,"properties":{"capital":false},"geometry":{"type":"Point","coordinates":[27.11059,47.76572]}},{"type":"Feature","id":1996,"properties":{"capital":false},"geometry":{"type":"Point","coordinates":[26.8755,47.55349]}},{"type":"Feature","id":1997,"properties":{"capital":false},"geometry":{"type":"Point","coordinates":[26.90039,47.53337]}},{"type":"Feature","id":1998,"properties":{"capital":false},"geometry":{"type":"Point","coordinates":[26.54127,48.00701]}},{"type":"Feature","id":1999,"properties":{"capital":false},"geometry":{"type":"Point","coordinates":[26.8573,47.77512]}},{"type":"Feature","id":2000,"properties":{"capital":false},"geometry":{"type":"Point","coordinates":[26.64487,48.07461]}},{"type":"Feature","id":2001,"properties":{"capital":false},"geometry":{"type":"Point","coordinates":[24.00818,46.05882]}},{"type":"Feature","id":2002,"properties":{"capital":false},"geometry":{"type":"Point","coordinates":[26.97845,47.90683]}},{"type":"Feature","id":2003,"properties":{"capital":false},"geometry":{"type":"Point","coordinates":[26.30326,47.99832]}},{"type":"Feature","id":2004,"properties":{"capital":false},"geometry":{"type":"Point","coordinates":[27.14805,47.59424]}},{"type":"Feature","id":2005,"properties":{"capital":false},"geometry":{"type":"Point","coordinates":[26.52206,48.14648]}},{"type":"Feature","id":2006,"properties":{"capital":false},"geometry":{"type":"Point","coordinates":[26.38015,48.06948]}},{"type":"Feature","id":2007,"properties":{"capital":false},"geometry":{"type":"Point","coordinates":[26.46566,47.81739]}},{"type":"Feature","id":2008,"properties":{"capital":false},"geometry":{"type":"Point","coordinates":[27.00257,47.62163]}},{"type":"Feature","id":2009,"properties":{"capital":false},"geometry":{"type":"Point","coordinates":[27.05767,47.99093]}},{"type":"Feature","id":2010,"properties":{"capital":false},"geometry":{"type":"Point","coordinates":[23.92127,46.0984]}},{"type":"Feature","id":2011,"properties":{"capital":false},"geometry":{"type":"Point","coordinates":[26.55683,47.7662]}},{"type":"Feature","id":2012,"properties":{"capital":false},"geometry":{"type":"Point","coordinates":[26.14611,47.96467]}},{"type":"Feature","id":2013,"properties":{"capital":false},"geometry":{"type":"Point","coordinates":[27.07189,47.88313]}},{"type":"Feature","id":2014,"properties":{"capital":false},"geometry":{"type":"Point","coordinates":[26.69253,48.09022]}},{"type":"Feature","id":2015,"properties":{"capital":false},"geometry":{"type":"Point","coordinates":[27.03205,48.10341]}},{"type":"Feature","id":2016,"properties":{"capital":false},"geometry":{"type":"Point","coordinates":[23.27033,45.97339]}},{"type":"Feature","id":2017,"properties":{"capital":false},"geometry":{"type":"Point","coordinates":[26.63493,47.85923]}},{"type":"Feature","id":2018,"properties":{"capital":false},"geometry":{"type":"Point","coordinates":[26.64406,48.21656]}},{"type":"Feature","id":2019,"properties":{"capital":false},"geometry":{"type":"Point","coordinates":[26.31649,48.0416]}},{"type":"Feature","id":2020,"properties":{"capital":false},"geometry":{"type":"Point","coordinates":[27.01182,47.50383]}},{"type":"Feature","id":2021,"properties":{"capital":false},"geometry":{"type":"Point","coordinates":[26.80631,48.24157]}},{"type":"Feature","id":2022,"properties":{"capital":false},"geometry":{"type":"Point","coordinates":[27.21246,47.56479]}},{"type":"Feature","id":2023,"properties":{"capital":false},"geometry":{"type":"Point","coordinates":[27.14092,47.94693]}},{"type":"Feature","id":2024,"properties":{"capital":false},"geometry":{"type":"Point","coordinates":[26.59797,47.83508]}},{"type":"Feature","id":2025,"properties":{"capital":false},"geometry":{"type":"Point","coordinates":[27.23869,47.73119]}},{"type":"Feature","id":2026,"properties":{"capital":false},"geometry":{"type":"Point","coordinates":[27.35192,47.60455]}},{"type":"Feature","id":2027,"properties":{"capital":false},"geometry":{"type":"Point","coordinates":[26.41955,48.14062]}},{"type":"Feature","id":2028,"properties":{"capital":false},"geometry":{"type":"Point","coordinates":[26.92355,47.64669]}},{"type":"Feature","id":2029,"properties":{"capital":false},"geometry":{"type":"Point","coordinates":[26.3283,47.95299]}},{"type":"Feature","id":2030,"properties":{"capital":false},"geometry":{"type":"Point","coordinates":[27.19895,47.79147]}},{"type":"Feature","id":2031,"properties":{"capital":false},"geometry":{"type":"Point","coordinates":[26.796,47.9754]}},{"type":"Feature","id":2032,"properties":{"capital":false},"geometry":{"type":"Point","coordinates":[27.11105,47.61847]}},{"type":"Feature","id":2033,"properties":{"capital":false},"geometry":{"type":"Point","coordinates":[27.01128,47.76974]}},{"type":"Feature","id":2034,"properties":{"capital":false},"geometry":{"type":"Point","coordinates":[26.63239,47.5075]}},{"type":"Feature","id":2035,"properties":{"capital":false},"geometry":{"type":"Point","coordinates":[26.81198,47.87203]}},{"type":"Feature","id":2036,"properties":{"capital":false},"geometry":{"type":"Point","coordinates":[26.77797,47.79369]}},{"type":"Feature","id":2037,"properties":{"capital":false},"geometry":{"type":"Point","coordinates":[24.17087,46.24765]}},{"type":"Feature","id":2038,"properties":{"capital":false},"geometry":{"type":"Point","coordinates":[26.41398,47.87594]}},{"type":"Feature","id":2039,"properties":{"capital":false},"geometry":{"type":"Point","coordinates":[26.74391,48.16212]}},{"type":"Feature","id":2040,"properties":{"capital":false},"geometry":{"type":"Point","coordinates":[26.32896,47.84543]}},{"type":"Feature","id":2041,"properties":{"capital":false},"geometry":{"type":"Point","coordinates":[26.51637,47.71639]}},{"type":"Feature","id":2042,"properties":{"capital":false},"geometry":{"type":"Point","coordinates":[26.88629,47.93637]}},{"type":"Feature","id":2043,"properties":{"capital":false},"geometry":{"type":"Point","coordinates":[26.66147,47.9813]}},{"type":"Feature","id":2044,"properties":{"capital":false},"geometry":{"type":"Point","coordinates":[26.64324,47.59645]}},{"type":"Feature","id":2045,"properties":{"capital":false},"geometry":{"type":"Point","coordinates":[26.27563,47.95121]}},{"type":"Feature","id":2046,"properties":{"capital":false},"geometry":{"type":"Point","coordinates":[26.544,47.91116]}},{"type":"Feature","id":2047,"properties":{"capital":false},"geometry":{"type":"Point","coordinates":[26.19553,47.92552]}},{"type":"Feature","id":2048,"properties":{"capital":false},"geometry":{"type":"Point","coordinates":[26.77668,47.62547]}},{"type":"Feature","id":2049,"properties":{"capital":false},"geometry":{"type":"Point","coordinates":[26.86641,47.70914]}},{"type":"Feature","id":2050,"properties":{"capital":false},"geometry":{"type":"Point","coordinates":[26.93629,48.06898]}},{"type":"Feature","id":2051,"properties":{"capital":false},"geometry":{"type":"Point","coordinates":[23.03221,46.25564]}},{"type":"Feature","id":2052,"properties":{"capital":true},"geometry":{"type":"Point","coordinates":[25.59959,45.65143]}},{"type":"Feature","id":2053,"properties":{"capital":false},"geometry":{"type":"Point","coordinates":[25.50682,45.66368]}},{"type":"Feature","id":2054,"properties":{"capital":false},"geometry":{"type":"Point","coordinates":[25.44624,45.69916]}},{"type":"Feature","id":2055,"properties":{"capital":false},"geometry":{"type":"Point","coordinates":[24.97193,45.84069]}},{"type":"Feature","id":2056,"properties":{"capital":false},"geometry":{"type":"Point","coordinates":[25.57422,45.50539]}},{"type":"Feature","id":2057,"properties":{"capital":false},"geometry":{"type":"Point","coordinates":[25.46239,45.5908]}},{"type":"Feature","id":2058,"properties":{"capital":false},"geometry":{"type":"Point","coordinates":[25.22176,46.03867]}},{"type":"Feature","id":2059,"properties":{"capital":false},"geometry":{"type":"Point","coordinates":[25.69736,45.61745]}},{"type":"Feature","id":2060,"properties":{"capital":false},"geometry":{"type":"Point","coordinates":[24.70125,45.72939]}},{"type":"Feature","id":2061,"properties":{"capital":false},"geometry":{"type":"Point","coordinates":[25.31633,45.56064]}},{"type":"Feature","id":2062,"properties":{"capital":false},"geometry":{"type":"Point","coordinates":[25.53157,45.95016]}},{"type":"Feature","id":2063,"properties":{"capital":false},"geometry":{"type":"Point","coordinates":[24.92295,45.83134]}},{"type":"Feature","id":2064,"properties":{"capital":false},"geometry":{"type":"Point","coordinates":[25.6404,45.76358]}},{"type":"Feature","id":2065,"properties":{"capital":false},"geometry":{"type":"Point","coordinates":[25.36661,45.5161]}},{"type":"Feature","id":2066,"properties":{"capital":false},"geometry":{"type":"Point","coordinates":[25.80639,45.67404]}},{"type":"Feature","id":2067,"properties":{"capital":false},"geometry":{"type":"Point","coordinates":[25.06269,46.10684]}},{"type":"Feature","id":2068,"properties":{"capital":false},"geometry":{"type":"Point","coordinates":[25.27958,46.08995]}},{"type":"Feature","id":2069,"properties":{"capital":false},"geometry":{"type":"Point","coordinates":[24.8034,45.91544]}},{"type":"Feature","id":2070,"properties":{"capital":false},"geometry":{"type":"Point","coordinates":[25.22974,45.91347]}},{"type":"Feature","id":2071,"properties":{"capital":false},"geometry":{"type":"Point","coordinates":[25.48138,45.62446]}},{"type":"Feature","id":2072,"properties":{"capital":false},"geometry":{"type":"Point","coordinates":[25.43833,45.76671]}},{"type":"Feature","id":2073,"properties":{"capital":false},"geometry":{"type":"Point","coordinates":[25.59346,45.81873]}},{"type":"Feature","id":2074,"properties":{"capital":false},"geometry":{"type":"Point","coordinates":[25.29166,45.43967]}},{"type":"Feature","id":2075,"properties":{"capital":false},"geometry":{"type":"Point","coordinates":[25.54466,45.76081]}},{"type":"Feature","id":2076,"properties":{"capital":false},"geometry":{"type":"Point","coordinates":[23.65755,45.8867]}},{"type":"Feature","id":2077,"properties":{"capital":false},"geometry":{"type":"Point","coordinates":[25.68427,45.71387]}},{"type":"Feature","id":2078,"properties":{"capital":false},"geometry":{"type":"Point","coordinates":[25.01133,45.75531]}},{"type":"Feature","id":2079,"properties":{"capital":false},"geometry":{"type":"Point","coordinates":[25.30978,45.98536]}},{"type":"Feature","id":2080,"properties":{"capital":false},"geometry":{"type":"Point","coordinates":[25.27798,46.04139]}},{"type":"Feature","id":2081,"properties":{"capital":false},"geometry":{"type":"Point","coordinates":[25.07303,46.00287]}},{"type":"Feature","id":2082,"properties":{"capital":false},"geometry":{"type":"Point","coordinates":[24.84927,45.72792]}},{"type":"Feature","id":2083,"properties":{"capital":false},"geometry":{"type":"Point","coordinates":[25.54101,45.89911]}},{"type":"Feature","id":2084,"properties":{"capital":false},"geometry":{"type":"Point","coordinates":[25.04722,45.82252]}},{"type":"Feature","id":2085,"properties":{"capital":false},"geometry":{"type":"Point","coordinates":[23.56742,46.17612]}},{"type":"Feature","id":2086,"properties":{"capital":false},"geometry":{"type":"Point","coordinates":[25.33565,45.50285]}},{"type":"Feature","id":2087,"properties":{"capital":false},"geometry":{"type":"Point","coordinates":[25.55528,46.00445]}},{"type":"Feature","id":2088,"properties":{"capital":false},"geometry":{"type":"Point","coordinates":[25.19094,45.84715]}},{"type":"Feature","id":2089,"properties":{"capital":false},"geometry":{"type":"Point","coordinates":[25.30773,45.60433]}},{"type":"Feature","id":2090,"properties":{"capital":false},"geometry":{"type":"Point","coordinates":[25.77415,45.7216]}},{"type":"Feature","id":2091,"properties":{"capital":false},"geometry":{"type":"Point","coordinates":[25.40782,46.02418]}},{"type":"Feature","id":2092,"properties":{"capital":false},"geometry":{"type":"Point","coordinates":[24.94397,45.73174]}},{"type":"Feature","id":2093,"properties":{"capital":false},"geometry":{"type":"Point","coordinates":[25.13744,45.83056]}},{"type":"Feature","id":2094,"properties":{"capital":false},"geometry":{"type":"Point","coordinates":[25.16846,45.76406]}},{"type":"Feature","id":2095,"properties":{"capital":false},"geometry":{"type":"Point","coordinates":[23.83428,46.17255]}},{"type":"Feature","id":2096,"properties":{"capital":false},"geometry":{"type":"Point","coordinates":[25.63524,45.71054]}},{"type":"Feature","id":2097,"properties":{"capital":false},"geometry":{"type":"Point","coordinates":[24.92546,45.92927]}},{"type":"Feature","id":2098,"properties":{"capital":false},"geometry":{"type":"Point","coordinates":[25.75518,45.64076]}},{"type":"Feature","id":2099,"properties":{"capital":false},"geometry":{"type":"Point","coordinates":[25.85436,45.69828]}},{"type":"Feature","id":2100,"properties":{"capital":false},"geometry":{"type":"Point","coordinates":[25.10039,45.92835]}},{"type":"Feature","id":2101,"properties":{"capital":false},"geometry":{"type":"Point","coordinates":[24.66942,45.78381]}},{"type":"Feature","id":2102,"properties":{"capital":false},"geometry":{"type":"Point","coordinates":[25.26739,45.98404]}},{"type":"Feature","id":2103,"properties":{"capital":false},"geometry":{"type":"Point","coordinates":[25.99206,45.5964]}},{"type":"Feature","id":2104,"properties":{"capital":false},"geometry":{"type":"Point","coordinates":[24.72225,45.79553]}},{"type":"Feature","id":2105,"properties":{"capital":false},"geometry":{"type":"Point","coordinates":[24.84074,45.81812]}},{"type":"Feature","id":2106,"properties":{"capital":false},"geometry":{"type":"Point","coordinates":[25.42148,45.63438]}},{"type":"Feature","id":2107,"properties":{"capital":false},"geometry":{"type":"Point","coordinates":[23.66659,46.00679]}},{"type":"Feature","id":2108,"properties":{"capital":false},"geometry":{"type":"Point","coordinates":[25.24194,45.69429]}},{"type":"Feature","id":2109,"properties":{"capital":false},"geometry":{"type":"Point","coordinates":[25.46563,45.81487]}},{"type":"Feature","id":2110,"properties":{"capital":false},"geometry":{"type":"Point","coordinates":[24.81898,45.76149]}},{"type":"Feature","id":2111,"properties":{"capital":false},"geometry":{"type":"Point","coordinates":[25.3859,45.65894]}},{"type":"Feature","id":2112,"properties":{"capital":false},"geometry":{"type":"Point","coordinates":[24.77751,45.76117]}},{"type":"Feature","id":2113,"properties":{"capital":false},"geometry":{"type":"Point","coordinates":[25.55178,46.04586]}},{"type":"Feature","id":2114,"properties":{"capital":false},"geometry":{"type":"Point","coordinates":[23.8412,45.97082]}},{"type":"Feature","id":2115,"properties":{"capital":true},"geometry":{"type":"Point","coordinates":[27.9735,45.27164]}},{"type":"Feature","id":2116,"properties":{"capital":false},"geometry":{"type":"Point","coordinates":[27.9318,45.18189]}},{"type":"Feature","id":2117,"properties":{"capital":false},"geometry":{"type":"Point","coordinates":[27.27005,45.08507]}},{"type":"Feature","id":2118,"properties":{"capital":false},"geometry":{"type":"Point","coordinates":[27.26007,45.06381]}},{"type":"Feature","id":2119,"properties":{"capital":false},"geometry":{"type":"Point","coordinates":[27.51366,44.81041]}},{"type":"Feature","id":2120,"properties":{"capital":false},"geometry":{"type":"Point","coordinates":[27.75622,44.83605]}},{"type":"Feature","id":2121,"properties":{"capital":false},"geometry":{"type":"Point","coordinates":[27.56788,45.06622]}},{"type":"Feature","id":2122,"properties":{"capital":false},"geometry":{"type":"Point","coordinates":[27.24549,44.82287]}},{"type":"Feature","id":2123,"properties":{"capital":false},"geometry":{"type":"Point","coordinates":[27.36341,44.9693]}},{"type":"Feature","id":2124,"properties":{"capital":false},"geometry":{"type":"Point","coordinates":[24.00628,46.33768]}},{"type":"Feature","id":2125,"properties":{"capital":false},"geometry":{"type":"Point","coordinates":[27.43752,44.88468]}},{"type":"Feature","id":2126,"properties":{"capital":false},"geometry":{"type":"Point","coordinates":[28.12386,44.89467]}},{"type":"Feature","id":2127,"properties":{"capital":false},"geometry":{"type":"Point","coordinates":[27.15868,45.21057]}},{"type":"Feature","id":2128,"properties":{"capital":false},"geometry":{"type":"Point","coordinates":[27.63981,45.28592]}},{"type":"Feature","id":2129,"properties":{"capital":false},"geometry":{"type":"Point","coordinates":[27.3907,45.26674]}},{"type":"Feature","id":2130,"properties":{"capital":false},"geometry":{"type":"Point","coordinates":[27.88457,45.07302]}},{"type":"Feature","id":2131,"properties":{"capital":false},"geometry":{"type":"Point","coordinates":[27.48089,45.13505]}},{"type":"Feature","id":2132,"properties":{"capital":false},"geometry":{"type":"Point","coordinates":[27.60319,44.91315]}},{"type":"Feature","id":2133,"properties":{"capital":false},"geometry":{"type":"Point","coordinates":[27.18944,45.16315]}},{"type":"Feature","id":2134,"properties":{"capital":false},"geometry":{"type":"Point","coordinates":[27.96746,44.84499]}},{"type":"Feature","id":2135,"properties":{"capital":false},"geometry":{"type":"Point","coordinates":[27.63393,45.40951]}},{"type":"Feature","id":2136,"properties":{"capital":false},"geometry":{"type":"Point","coordinates":[27.37458,45.11073]}},{"type":"Feature","id":2137,"properties":{"capital":false},"geometry":{"type":"Point","coordinates":[27.62162,45.21462]}},{"type":"Feature","id":2138,"properties":{"capital":false},"geometry":{"type":"Point","coordinates":[23.62164,46.17905]}},{"type":"Feature","id":2139,"properties":{"capital":false},"geometry":{"type":"Point","coordinates":[27.46557,45.29839]}},{"type":"Feature","id":2140,"properties":{"capital":false},"geometry":{"type":"Point","coordinates":[27.54056,45.28236]}},{"type":"Feature","id":2141,"properties":{"capital":false},"geometry":{"type":"Point","coordinates":[27.74612,45.2902]}},{"type":"Feature","id":2142,"properties":{"capital":false},"geometry":{"type":"Point","coordinates":[27.38242,44.8059]}},{"type":"Feature","id":2143,"properties":{"capital":false},"geometry":{"type":"Point","coordinates":[27.49335,45.37159]}},{"type":"Feature","id":2144,"properties":{"capital":false},"geometry":{"type":"Point","coordinates":[27.61531,45.32975]}},{"type":"Feature","id":2145,"properties":{"capital":false},"geometry":{"type":"Point","coordinates":[27.8332,45.31099]}},{"type":"Feature","id":2146,"properties":{"capital":false},"geometry":{"type":"Point","coordinates":[27.83531,44.89636]}},{"type":"Feature","id":2147,"properties":{"capital":false},"geometry":{"type":"Point","coordinates":[27.32064,45.08439]}},{"type":"Feature","id":2148,"properties":{"capital":false},"geometry":{"type":"Point","coordinates":[27.4355,45.2274]}},{"type":"Feature","id":2149,"properties":{"capital":false},"geometry":{"type":"Point","coordinates":[27.907,45.12858]}},{"type":"Feature","id":2150,"properties":{"capital":false},"geometry":{"type":"Point","coordinates":[27.73212,45.18338]}},{"type":"Feature","id":2151,"properties":{"capital":false},"geometry":{"type":"Point","coordinates":[27.80289,45.23413]}},{"type":"Feature","id":2152,"properties":{"capital":false},"geometry":{"type":"Point","coordinates":[27.80107,44.98693]}},{"type":"Feature","id":2153,"properties":{"capital":false},"geometry":{"type":"Point","coordinates":[27.31644,44.95302]}},{"type":"Feature","id":2154,"properties":{"capital":false},"geometry":{"type":"Point","coordinates":[27.78307,45.11106]}},{"type":"Feature","id":2155,"properties":{"capital":false},"geometry":{"type":"Point","coordinates":[27.92284,45.3697]}},{"type":"Feature","id":2156,"properties":{"capital":false},"geometry":{"type":"Point","coordinates":[27.61778,44.80641]}},{"type":"Feature","id":2157,"properties":{"capital":false},"geometry":{"type":"Point","coordinates":[27.28434,45.15634]}},{"type":"Feature","id":2158,"properties":{"capital":false},"geometry":{"type":"Point","coordinates":[27.71369,44.9988]}},{"type":"Feature","id":2159,"properties":{"capital":false},"geometry":{"type":"Point","coordinates":[27.4782,44.95456]}},{"type":"Feature","id":2160,"properties":{"capital":false},"geometry":{"type":"Point","coordinates":[27.88861,45.27147]}},{"type":"Feature","id":2161,"properties":{"capital":true},"geometry":{"type":"Point","coordinates":[26.81985,45.15019]}},{"type":"Feature","id":2162,"properties":{"capital":false},"geometry":{"type":"Point","coordinates":[23.72315,45.86019]}},{"type":"Feature","id":2163,"properties":{"capital":false},"geometry":{"type":"Point","coordinates":[27.05011,45.38298]}},{"type":"Feature","id":2164,"properties":{"capital":false},"geometry":{"type":"Point","coordinates":[26.58808,44.92806]}},{"type":"Feature","id":2165,"properties":{"capital":false},"geometry":{"type":"Point","coordinates":[27.28407,45.30397]}},{"type":"Feature","id":2166,"properties":{"capital":false},"geometry":{"type":"Point","coordinates":[27.13453,45.2463]}},{"type":"Feature","id":2167,"properties":{"capital":false},"geometry":{"type":"Point","coordinates":[26.76749,45.38183]}},{"type":"Feature","id":2168,"properties":{"capital":false},"geometry":{"type":"Point","coordinates":[26.68093,45.28613]}},{"type":"Feature","id":2169,"properties":{"capital":false},"geometry":{"type":"Point","coordinates":[26.70491,45.54197]}},{"type":"Feature","id":2170,"properties":{"capital":false},"geometry":{"type":"Point","coordinates":[22.82884,46.45579]}},{"type":"Feature","id":2171,"properties":{"capital":false},"geometry":{"type":"Point","coordinates":[26.81142,45.31587]}},{"type":"Feature","id":2172,"properties":{"capital":false},"geometry":{"type":"Point","coordinates":[27.24162,45.32241]}},{"type":"Feature","id":2173,"properties":{"capital":false},"geometry":{"type":"Point","coordinates":[26.49387,45.38317]}},{"type":"Feature","id":2174,"properties":{"capital":false},"geometry":{"type":"Point","coordinates":[26.86212,44.92632]}},{"type":"Feature","id":2175,"properties":{"capital":false},"geometry":{"type":"Point","coordinates":[26.50849,45.43049]}},{"type":"Feature","id":2176,"properties":{"capital":false},"geometry":{"type":"Point","coordinates":[26.53094,45.09124]}},{"type":"Feature","id":2177,"properties":{"capital":false},"geometry":{"type":"Point","coordinates":[26.89931,45.49769]}},{"type":"Feature","id":2178,"properties":{"capital":false},"geometry":{"type":"Point","coordinates":[26.28979,45.25432]}},{"type":"Feature","id":2179,"properties":{"capital":false},"geometry":{"type":"Point","coordinates":[27.1649,45.04595]}},{"type":"Feature","id":2180,"properties":{"capital":false},"geometry":{"type":"Point","coordinates":[26.60733,45.39598]}},{"type":"Feature","id":2181,"properties":{"capital":false},"geometry":{"type":"Point","coordinates":[26.25056,45.2897]}},{"type":"Feature","id":2182,"properties":{"capital":false},"geometry":{"type":"Point","coordinates":[26.75915,45.26431]}},{"type":"Feature","id":2183,"properties":{"capital":false},"geometry":{"type":"Point","coordinates":[26.60223,45.44848]}},{"type":"Feature","id":2184,"properties":{"capital":false},"geometry":{"type":"Point","coordinates":[26.21586,45.35038]}},{"type":"Feature","id":2185,"properties":{"capital":false},"geometry":{"type":"Point","coordinates":[27.06379,45.05992]}},{"type":"Feature","id":2186,"properties":{"capital":false},"geometry":{"type":"Point","coordinates":[26.37802,45.24185]}},{"type":"Feature","id":2187,"properties":{"capital":false},"geometry":{"type":"Point","coordinates":[27.03837,45.20919]}},{"type":"Feature","id":2188,"properties":{"capital":false},"geometry":{"type":"Point","coordinates":[26.39143,45.37834]}},{"type":"Feature","id":2189,"properties":{"capital":false},"geometry":{"type":"Point","coordinates":[26.76016,45.04735]}},{"type":"Feature","id":2190,"properties":{"capital":false},"geometry":{"type":"Point","coordinates":[26.48911,45.33069]}},{"type":"Feature","id":2191,"properties":{"capital":false},"geometry":{"type":"Point","coordinates":[26.93551,45.07607]}},{"type":"Feature","id":2192,"properties":{"capital":false},"geometry":{"type":"Point","coordinates":[26.78977,45.02561]}},{"type":"Feature","id":2193,"properties":{"capital":false},"geometry":{"type":"Point","coordinates":[27.20521,45.26929]}},{"type":"Feature","id":2194,"properties":{"capital":false},"geometry":{"type":"Point","coordinates":[26.64919,44.87119]}},{"type":"Feature","id":2195,"properties":{"capital":false},"geometry":{"type":"Point","coordinates":[26.80242,44.82995]}},{"type":"Feature","id":2196,"properties":{"capital":false},"geometry":{"type":"Point","coordinates":[26.98096,45.37619]}},{"type":"Feature","id":2197,"properties":{"capital":false},"geometry":{"type":"Point","coordinates":[23.87087,46.32104]}},{"type":"Feature","id":2198,"properties":{"capital":false},"geometry":{"type":"Point","coordinates":[26.42424,45.48669]}},{"type":"Feature","id":2199,"properties":{"capital":false},"geometry":{"type":"Point","coordinates":[27.14284,44.97662]}},{"type":"Feature","id":2200,"properties":{"capital":false},"geometry":{"type":"Point","coordinates":[26.57438,45.48533]}},{"type":"Feature","id":2201,"properties":{"capital":false},"geometry":{"type":"Point","coordinates":[27.08016,44.97057]}},{"type":"Feature","id":2202,"properties":{"capital":false},"geometry":{"type":"Point","coordinates":[26.57745,45.27803]}},{"type":"Feature","id":2203,"properties":{"capital":false},"geometry":{"type":"Point","coordinates":[26.81088,45.18082]}},{"type":"Feature","id":2204,"properties":{"capital":false},"geometry":{"type":"Point","coordinates":[26.83715,45.43157]}},{"type":"Feature","id":2205,"properties":{"capital":false},"geometry":{"type":"Point","coordinates":[26.67637,45.12893]}},{"type":"Feature","id":2206,"properties":{"capital":false},"geometry":{"type":"Point","coordinates":[26.67619,44.91478]}},{"type":"Feature","id":2207,"properties":{"capital":false},"geometry":{"type":"Point","coordinates":[26.65601,45.48842]}},{"type":"Feature","id":2208,"properties":{"capital":false},"geometry":{"type":"Point","coordinates":[22.94875,46.50215]}},{"type":"Feature","id":2209,"properties":{"capital":false},"geometry":{"type":"Point","coordinates":[26.68464,44.98736]}},{"type":"Feature","id":2210,"properties":{"capital":false},"geometry":{"type":"Point","coordinates":[26.88793,45.39205]}},{"type":"Feature","id":2211,"properties":{"capital":false},"geometry":{"type":"Point","coordinates":[26.49125,45.0933]}},{"type":"Feature","id":2212,"properties":{"capital":false},"geometry":{"type":"Point","coordinates":[26.30118,45.41913]}},{"type":"Feature","id":2213,"properties":{"capital":false},"geometry":{"type":"Point","coordinates":[26.53588,45.3954]}},{"type":"Feature","id":2214,"properties":{"capital":false},"geometry":{"type":"Point","coordinates":[27.10668,44.83541]}},{"type":"Feature","id":2215,"properties":{"capital":false},"geometry":{"type":"Point","coordinates":[26.88122,45.45431]}},{"type":"Feature","id":2216,"properties":{"capital":false},"geometry":{"type":"Point","coordinates":[26.3929,45.32085]}},{"type":"Feature","id":2217,"properties":{"capital":false},"geometry":{"type":"Point","coordinates":[26.35982,45.32054]}},{"type":"Feature","id":2218,"properties":{"capital":false},"geometry":{"type":"Point","coordinates":[26.57575,45.09426]}},{"type":"Feature","id":2219,"properties":{"capital":false},"geometry":{"type":"Point","coordinates":[26.54671,45.28833]}},{"type":"Feature","id":2220,"properties":{"capital":false},"geometry":{"type":"Point","coordinates":[27.02717,45.42194]}},{"type":"Feature","id":2221,"properties":{"capital":false},"geometry":{"type":"Point","coordinates":[26.98816,44.91708]}},{"type":"Feature","id":2222,"properties":{"capital":false},"geometry":{"type":"Point","coordinates":[26.86445,45.23392]}},{"type":"Feature","id":2223,"properties":{"capital":false},"geometry":{"type":"Point","coordinates":[27.21862,45.40241]}},{"type":"Feature","id":2224,"properties":{"capital":false},"geometry":{"type":"Point","coordinates":[26.89249,45.3551]}},{"type":"Feature","id":2225,"properties":{"capital":false},"geometry":{"type":"Point","coordinates":[27.1097,45.36354]}},{"type":"Feature","id":2226,"properties":{"capital":false},"geometry":{"type":"Point","coordinates":[27.14445,45.16086]}},{"type":"Feature","id":2227,"properties":{"capital":false},"geometry":{"type":"Point","coordinates":[27.21618,44.96081]}},{"type":"Feature","id":2228,"properties":{"capital":false},"geometry":{"type":"Point","coordinates":[26.98406,45.09973]}},{"type":"Feature","id":2229,"properties":{"capital":false},"geometry":{"type":"Point","coordinates":[26.51972,45.03571]}},{"type":"Feature","id":2230,"properties":{"capital":false},"geometry":{"type":"Point","coordinates":[26.74592,45.23213]}},{"type":"Feature","id":2231,"properties":{"capital":false},"geometry":{"type":"Point","coordinates":[26.76461,45.48411]}},{"type":"Feature","id":2232,"properties":{"capital":false},"geometry":{"type":"Point","coordinates":[23.51513,46.14515]}},{"type":"Feature","id":2233,"properties":{"capital":false},"geometry":{"type":"Point","coordinates":[26.66194,45.35427]}},{"type":"Feature","id":2234,"properties":{"capital":false},"geometry":{"type":"Point","coordinates":[26.9214,44.84928]}},{"type":"Feature","id":2235,"properties":{"capital":false},"geometry":{"type":"Point","coordinates":[26.25896,45.47854]}},{"type":"Feature","id":2236,"properties":{"capital":false},"geometry":{"type":"Point","coordinates":[26.86199,44.99571]}},{"type":"Feature","id":2237,"properties":{"capital":false},"geometry":{"type":"Point","coordinates":[26.70688,45.08491]}},{"type":"Feature","id":2238,"properties":{"capital":false},"geometry":{"type":"Point","coordinates":[26.57967,45.18949]}},{"type":"Feature","id":2239,"properties":{"capital":false},"geometry":{"type":"Point","coordinates":[27.01186,45.39997]}},{"type":"Feature","id":2240,"properties":{"capital":false},"geometry":{"type":"Point","coordinates":[23.41004,46.23736]}},{"type":"Feature","id":2241,"properties":{"capital":false},"geometry":{"type":"Point","coordinates":[26.87907,45.0752]}},{"type":"Feature","id":2242,"properties":{"capital":false},"geometry":{"type":"Point","coordinates":[26.63699,45.08098]}},{"type":"Feature","id":2243,"properties":{"capital":false},"geometry":{"type":"Point","coordinates":[26.88337,45.15862]}},{"type":"Feature","id":2244,"properties":{"capital":false},"geometry":{"type":"Point","coordinates":[27.04046,45.36368]}},{"type":"Feature","id":2245,"properties":{"capital":false},"geometry":{"type":"Point","coordinates":[26.82209,45.49596]}},{"type":"Feature","id":2246,"properties":{"capital":false},"geometry":{"type":"Point","coordinates":[26.72821,45.2053]}},{"type":"Feature","id":2247,"properties":{"capital":false},"geometry":{"type":"Point","coordinates":[26.7241,45.47253]}},{"type":"Feature","id":2248,"properties":{"capital":false},"geometry":{"type":"Point","coordinates":[26.46187,45.22719]}},{"type":"Feature","id":2249,"properties":{"capital":false},"geometry":{"type":"Point","coordinates":[27.34786,45.34404]}},{"type":"Feature","id":2250,"properties":{"capital":false},"geometry":{"type":"Point","coordinates":[26.87877,45.29114]}},{"type":"Feature","id":2251,"properties":{"capital":false},"geometry":{"type":"Point","coordinates":[27.07707,45.28456]}},{"type":"Feature","id":2252,"properties":{"capital":false},"geometry":{"type":"Point","coordinates":[26.63056,45.27906]}},{"type":"Feature","id":2253,"properties":{"capital":false},"geometry":{"type":"Point","coordinates":[26.76477,44.90774]}},{"type":"Feature","id":2254,"properties":{"capital":true},"geometry":{"type":"Point","coordinates":[21.90127,45.29452]}},{"type":"Feature","id":2255,"properties":{"capital":false},"geometry":{"type":"Point","coordinates":[21.85053,45.08974]}},{"type":"Feature","id":2256,"properties":{"capital":false},"geometry":{"type":"Point","coordinates":[22.42534,44.88645]}},{"type":"Feature","id":2257,"properties":{"capital":false},"geometry":{"type":"Point","coordinates":[21.71326,45.37536]}},{"type":"Feature","id":2258,"properties":{"capital":false},"geometry":{"type":"Point","coordinates":[21.77347,45.34161]}},{"type":"Feature","id":2259,"properties":{"capital":false},"geometry":{"type":"Point","coordinates":[22.21695,45.41164]}},{"type":"Feature","id":2260,"properties":{"capital":false},"geometry":{"type":"Point","coordinates":[24.11007,46.22201]}},{"type":"Feature","id":2261,"properties":{"capital":false},"geometry":{"type":"Point","coordinates":[21.67246,44.73839]}},{"type":"Feature","id":2262,"properties":{"capital":false},"geometry":{"type":"Point","coordinates":[21.69642,45.03119]}},{"type":"Feature","id":2263,"properties":{"capital":false},"geometry":{"type":"Point","coordinates":[22.35663,45.51805]}},{"type":"Feature","id":2264,"properties":{"capital":false},"geometry":{"type":"Point","coordinates":[22.30995,45.20959]}},{"type":"Feature","id":2265,"properties":{"capital":false},"geometry":{"type":"Point","coordinates":[22.04358,44.8759]}},{"type":"Feature","id":2266,"properties":{"capital":false},"geometry":{"type":"Point","coordinates":[22.55451,45.51472]}},{"type":"Feature","id":2267,"properties":{"capital":false},"geometry":{"type":"Point","coordinates":[21.46753,44.99075]}},{"type":"Feature","id":2268,"properties":{"capital":false},"geometry":{"type":"Point","coordinates":[21.95273,44.64678]}},{"type":"Feature","id":2269,"properties":{"capital":false},"geometry":{"type":"Point","coordinates":[21.62899,45.42579]}},{"type":"Feature","id":2270,"properties":{"capital":false},"geometry":{"type":"Point","coordinates":[22.30855,45.34525]}},{"type":"Feature","id":2271,"properties":{"capital":false},"geometry":{"type":"Point","coordinates":[21.99845,44.9265]}},{"type":"Feature","id":2272,"properties":{"capital":false},"geometry":{"type":"Point","coordinates":[21.99216,45.42]}},{"type":"Feature","id":2273,"properties":{"capital":false},"geometry":{"type":"Point","coordinates":[22.13727,45.23314]}},{"type":"Feature","id":2274,"properties":{"capital":false},"geometry":{"type":"Point","coordinates":[23.63384,46.34859]}},{"type":"Feature","id":2275,"properties":{"capital":false},"geometry":{"type":"Point","coordinates":[22.24308,45.36335]}},{"type":"Feature","id":2276,"properties":{"capital":false},"geometry":{"type":"Point","coordinates":[22.26875,45.30093]}},{"type":"Feature","id":2277,"properties":{"capital":false},"geometry":{"type":"Point","coordinates":[21.86285,45.19821]}},{"type":"Feature","id":2278,"properties":{"capital":false},"geometry":{"type":"Point","coordinates":[21.74652,44.83316]}},{"type":"Feature","id":2279,"properties":{"capital":false},"geometry":{"type":"Point","coordinates":[22.14882,45.54544]}},{"type":"Feature","id":2280,"properties":{"capital":false},"geometry":{"type":"Point","coordinates":[21.70444,45.00936]}},{"type":"Feature","id":2281,"properties":{"capital":false},"geometry":{"type":"Point","coordinates":[21.6138,44.94407]}},{"type":"Feature","id":2282,"properties":{"capital":false},"geometry":{"type":"Point","coordinates":[21.77751,45.1563]}},{"type":"Feature","id":2283,"properties":{"capital":false},"geometry":{"type":"Point","coordinates":[22.09188,45.4971]}},{"type":"Feature","id":2284,"properties":{"capital":false},"geometry":{"type":"Point","coordinates":[23.81744,46.29061]}},{"type":"Feature","id":2285,"properties":{"capital":false},"geometry":{"type":"Point","coordinates":[22.32361,45.04074]}},{"type":"Feature","id":2286,"properties":{"capital":false},"geometry":{"type":"Point","coordinates":[22.42011,45.06427]}},{"type":"Feature","id":2287,"properties":{"capital":false},"geometry":{"type":"Point","coordinates":[21.95699,44.86364]}},{"type":"Feature","id":2288,"properties":{"capital":false},"geometry":{"type":"Point","coordinates":[21.65167,45.30083]}},{"type":"Feature","id":2289,"properties":{"capital":false},"geometry":{"type":"Point","coordinates":[21.75032,45.26904]}},{"type":"Feature","id":2290,"properties":{"capital":false},"geometry":{"type":"Point","coordinates":[22.31594,45.08198]}},{"type":"Feature","id":2291,"properties":{"capital":false},"geometry":{"type":"Point","coordinates":[21.88593,45.40654]}},{"type":"Feature","id":2292,"properties":{"capital":false},"geometry":{"type":"Point","coordinates":[21.84775,45.48777]}},{"type":"Feature","id":2293,"properties":{"capital":false},"geometry":{"type":"Point","coordinates":[21.58267,45.23295]}},{"type":"Feature","id":2294,"properties":{"capital":false},"geometry":{"type":"Point","coordinates":[21.79114,44.75163]}},{"type":"Feature","id":2295,"properties":{"capital":false},"geometry":{"type":"Point","coordinates":[22.32038,45.49466]}},{"type":"Feature","id":2296,"properties":{"capital":false},"geometry":{"type":"Point","coordinates":[21.77652,45.18584]}},{"type":"Feature","id":2297,"properties":{"capital":false},"geometry":{"type":"Point","coordinates":[21.59264,45.12039]}},{"type":"Feature","id":2298,"properties":{"capital":false},"geometry":{"type":"Point","coordinates":[22.3122,44.95084]}},{"type":"Feature","id":2299,"properties":{"capital":false},"geometry":{"type":"Point","coordinates":[22.2267,44.98344]}},{"type":"Feature","id":2300,"properties":{"capital":false},"geometry":{"type":"Point","coordinates":[23.90661,46.42889]}},{"type":"Feature","id":2301,"properties":{"capital":false},"geometry":{"type":"Point","coordinates":[21.94177,44.89958]}},{"type":"Feature","id":2302,"properties":{"capital":false},"geometry":{"type":"Point","coordinates":[22.2663,45.09253]}},{"type":"Feature","id":2303,"properties":{"capital":false},"geometry":{"type":"Point","coordinates":[21.81119,45.28354]}},{"type":"Feature","id":2304,"properties":{"capital":false},"geometry":{"type":"Point","coordinates":[22.51361,45.50693]}},{"type":"Feature","id":2305,"properties":{"capital":false},"geometry":{"type":"Point","coordinates":[21.5031,45.40752]}},{"type":"Feature","id":2306,"properties":{"capital":false},"geometry":{"type":"Point","coordinates":[22.36575,44.9049]}},{"type":"Feature","id":2307,"properties":{"capital":false},"geometry":{"type":"Point","coordinates":[22.26321,45.03861]}},{"type":"Feature","id":2308,"properties":{"capital":false},"geometry":{"type":"Point","coordinates":[21.58906,44.88073]}},{"type":"Feature","id":2309,"properties":{"capital":false},"geometry":{"type":"Point","coordinates":[23.20444,46.36845]}},{"type":"Feature","id":2310,"properties":{"capital":false},"geometry":{"type":"Point","coordinates":[22.25493,45.48016]}},{"type":"Feature","id":2311,"properties":{"capital":false},"geometry":{"type":"Point","coordinates":[22.16064,45.43355]}},{"type":"Feature","id":2312,"properties":{"capital":false},"geometry":{"type":"Point","coordinates":[21.68397,44.67968]}},{"type":"Feature","id":2313,"properties":{"capital":false},"geometry":{"type":"Point","coordinates":[21.5755,44.77128]}},{"type":"Feature","id":2314,"properties":{"capital":false},"geometry":{"type":"Point","coordinates":[22.11197,44.9269]}},{"type":"Feature","id":2315,"properties":{"capital":false},"geometry":{"type":"Point","coordinates":[21.68839,45.43893]}},{"type":"Feature","id":2316,"properties":{"capital":false},"geometry":{"type":"Point","coordinates":[21.62421,44.99365]}},{"type":"Feature","id":2317,"properties":{"capital":false},"geometry":{"type":"Point","coordinates":[22.09367,44.8771]}},{"type":"Feature","id":2318,"properties":{"capital":false},"geometry":{"type":"Point","coordinates":[22.45659,45.56708]}},{"type":"Feature","id":2319,"properties":{"capital":false},"geometry":{"type":"Point","coordinates":[22.11658,45.57568]}},{"type":"Feature","id":2320,"properties":{"capital":false},"geometry":{"type":"Point","coordinates":[21.7076,44.88511]}},{"type":"Feature","id":2321,"properties":{"capital":false},"geometry":{"type":"Point","coordinates":[21.84432,44.69657]}},{"type":"Feature","id":2322,"properties":{"capital":false},"geometry":{"type":"Point","coordinates":[22.28306,45.2604]}},{"type":"Feature","id":2323,"properties":{"capital":false},"geometry":{"type":"Point","coordinates":[21.37093,44.86023]}},{"type":"Feature","id":2324,"properties":{"capital":false},"geometry":{"type":"Point","coordinates":[21.85965,44.81753]}},{"type":"Feature","id":2325,"properties":{"capital":false},"geometry":{"type":"Point","coordinates":[22.28369,45.14521]}},{"type":"Feature","id":2326,"properties":{"capital":false},"geometry":{"type":"Point","coordinates":[21.63951,45.14011]}},{"type":"Feature","id":2327,"properties":{"capital":false},"geometry":{"type":"Point","coordinates":[22.00213,45.33825]}},{"type":"Feature","id":2328,"properties":{"capital":false},"geometry":{"type":"Point","coordinates":[22.39488,44.79807]}},{"type":"Feature","id":2329,"properties":{"capital":false},"geometry":{"type":"Point","coordinates":[22.33401,45.39037]}},{"type":"Feature","id":2330,"properties":{"capital":false},"geometry":{"type":"Point","coordinates":[22.03012,45.22609]}},{"type":"Feature","id":2331,"properties":{"capital":false},"geometry":{"type":"Point","coordinates":[21.54077,45.08136]}},{"type":"Feature","id":2332,"properties":{"capital":false},"geometry":{"type":"Point","coordinates":[21.65769,45.52249]}},{"type":"Feature","id":2333,"properties":{"capital":false},"geometry":{"type":"Point","coordinates":[21.49124,45.04101]}},{"type":"Feature","id":2334,"properties":{"capital":false},"geometry":{"type":"Point","coordinates":[22.41075,45.52427]}},{"type":"Feature","id":2335,"properties":{"capital":false},"geometry":{"type":"Point","coordinates":[21.95166,45.45218]}},{"type":"Feature","id":2336,"properties":{"capital":true},"geometry":{"type":"Point","coordinates":[23.60352,46.77762]}},{"type":"Feature","id":2337,"properties":{"capital":false},"geometry":{"type":"Point","coordinates":[23.87534,47.14173]}},{"type":"Feature","id":2338,"properties":{"capital":false},"geometry":{"type":"Point","coordinates":[23.91982,47.17044]}},{"type":"Feature","id":2339,"properties":{"capital":false},"geometry":{"type":"Point","coordinates":[23.78677,47.12862]}},{"type":"Feature","id":2340,"properties":{"capital":false},"geometry":{"type":"Point","coordinates":[23.92437,47.14783]}},{"type":"Feature","id":2341,"properties":{"capital":false},"geometry":{"type":"Point","coordinates":[23.78415,46.57427]}},{"type":"Feature","id":2342,"properties":{"capital":false},"geometry":{"type":"Point","coordinates":[23.74699,46.54]}},{"type":"Feature","id":2343,"properties":{"capital":false},"geometry":{"type":"Point","coordinates":[23.72053,46.58069]}},{"type":"Feature","id":2344,"properties":{"capital":false},"geometry":{"type":"Point","coordinates":[23.88314,46.54388]}},{"type":"Feature","id":2345,"properties":{"capital":false},"geometry":{"type":"Point","coordinates":[23.90993,47.03039]}},{"type":"Feature","id":2346,"properties":{"capital":false},"geometry":{"type":"Point","coordinates":[23.02435,46.86342]}},{"type":"Feature","id":2347,"properties":{"capital":false},"geometry":{"type":"Point","coordinates":[23.23613,46.8718]}},{"type":"Feature","id":2348,"properties":{"capital":false},"geometry":{"type":"Point","coordinates":[23.73773,46.68314]}},{"type":"Feature","id":2349,"properties":{"capital":false},"geometry":{"type":"Point","coordinates":[23.74479,47.04114]}},{"type":"Feature","id":2350,"properties":{"capital":false},"geometry":{"type":"Point","coordinates":[23.75173,46.80597]}},{"type":"Feature","id":2351,"properties":{"capital":false},"geometry":{"type":"Point","coordinates":[23.42323,46.09699]}},{"type":"Feature","id":2352,"properties":{"capital":false},"geometry":{"type":"Point","coordinates":[23.49103,46.98256]}},{"type":"Feature","id":2353,"properties":{"capital":false},"geometry":{"type":"Point","coordinates":[23.51956,46.79625]}},{"type":"Feature","id":2354,"properties":{"capital":false},"geometry":{"type":"Point","coordinates":[23.46075,46.57786]}},{"type":"Feature","id":2355,"properties":{"capital":false},"geometry":{"type":"Point","coordinates":[23.02997,46.68238]}},{"type":"Feature","id":2356,"properties":{"capital":false},"geometry":{"type":"Point","coordinates":[23.643,47.14357]}},{"type":"Feature","id":2357,"properties":{"capital":false},"geometry":{"type":"Point","coordinates":[23.81411,46.91185]}},{"type":"Feature","id":2358,"properties":{"capital":false},"geometry":{"type":"Point","coordinates":[23.66113,46.9327]}},{"type":"Feature","id":2359,"properties":{"capital":false},"geometry":{"type":"Point","coordinates":[24.14624,46.91043]}},{"type":"Feature","id":2360,"properties":{"capital":false},"geometry":{"type":"Point","coordinates":[23.91691,46.78432]}},{"type":"Feature","id":2361,"properties":{"capital":false},"geometry":{"type":"Point","coordinates":[23.85335,46.48242]}},{"type":"Feature","id":2362,"properties":{"capital":false},"geometry":{"type":"Point","coordinates":[23.00826,46.76398]}},{"type":"Feature","id":2363,"properties":{"capital":false},"geometry":{"type":"Point","coordinates":[24.12888,46.78969]}},{"type":"Feature","id":2364,"properties":{"capital":false},"geometry":{"type":"Point","coordinates":[23.28814,46.79157]}},{"type":"Feature","id":2365,"properties":{"capital":false},"geometry":{"type":"Point","coordinates":[23.85571,47.1947]}},{"type":"Feature","id":2366,"properties":{"capital":false},"geometry":{"type":"Point","coordinates":[24.16272,46.84514]}},{"type":"Feature","id":2367,"properties":{"capital":false},"geometry":{"type":"Point","coordinates":[23.95818,46.66144]}},{"type":"Feature","id":2368,"properties":{"capital":false},"geometry":{"type":"Point","coordinates":[23.53886,46.86146]}},{"type":"Feature","id":2369,"properties":{"capital":false},"geometry":{"type":"Point","coordinates":[23.7258,46.16038]}},{"type":"Feature","id":2370,"properties":{"capital":false},"geometry":{"type":"Point","coordinates":[23.87393,47.29659]}},{"type":"Feature","id":2371,"properties":{"capital":false},"geometry":{"type":"Point","coordinates":[22.8217,46.96552]}},{"type":"Feature","id":2372,"properties":{"capital":false},"geometry":{"type":"Point","coordinates":[23.54527,46.64861]}},{"type":"Feature","id":2373,"properties":{"capital":false},"geometry":{"type":"Point","coordinates":[23.78807,47.21737]}},{"type":"Feature","id":2374,"properties":{"capital":false},"geometry":{"type":"Point","coordinates":[23.83019,46.75046]}},{"type":"Feature","id":2375,"properties":{"capital":false},"geometry":{"type":"Point","coordinates":[23.67727,47.03579]}},{"type":"Feature","id":2376,"properties":{"capital":false},"geometry":{"type":"Point","coordinates":[23.67569,46.96964]}},{"type":"Feature","id":2377,"properties":{"capital":false},"geometry":{"type":"Point","coordinates":[23.70652,46.36644]}},{"type":"Feature","id":2378,"properties":{"capital":false},"geometry":{"type":"Point","coordinates":[23.62042,46.71664]}},{"type":"Feature","id":2379,"properties":{"capital":false},"geometry":{"type":"Point","coordinates":[23.98662,47.02499]}},{"type":"Feature","id":2380,"properties":{"capital":false},"geometry":{"type":"Point","coordinates":[23.49112,46.74596]}},{"type":"Feature","id":2381,"properties":{"capital":false},"geometry":{"type":"Point","coordinates":[24.05794,46.7052]}},{"type":"Feature","id":2382,"properties":{"capital":false},"geometry":{"type":"Point","coordinates":[24.09253,46.85671]}},{"type":"Feature","id":2383,"properties":{"capital":false},"geometry":{"type":"Point","coordinates":[23.38616,46.75396]}},{"type":"Feature","id":2384,"properties":{"capital":false},"geometry":{"type":"Point","coordinates":[23.3508,46.83276]}},{"type":"Feature","id":2385,"properties":{"capital":false},"geometry":{"type":"Point","coordinates":[23.51456,46.55557]}},{"type":"Feature","id":2386,"properties":{"capital":false},"geometry":{"type":"Point","coordinates":[23.80701,46.98164]}},{"type":"Feature","id":2387,"properties":{"capital":false},"geometry":{"type":"Point","coordinates":[23.10467,46.83791]}},{"type":"Feature","id":2388,"properties":{"capital":false},"geometry":{"type":"Point","coordinates":[23.79157,46.85458]}},{"type":"Feature","id":2389,"properties":{"capital":false},"geometry":{"type":"Point","coordinates":[23.2788,46.27524]}},{"type":"Feature","id":2390,"properties":{"capital":false},"geometry":{"type":"Point","coordinates":[23.91892,46.50436]}},{"type":"Feature","id":2391,"properties":{"capital":false},"geometry":{"type":"Point","coordinates":[23.19541,46.6447]}},{"type":"Feature","id":2392,"properties":{"capital":false},"geometry":{"type":"Point","coordinates":[23.08471,46.78139]}},{"type":"Feature","id":2393,"properties":{"capital":false},"geometry":{"type":"Point","coordinates":[22.95771,46.7524]}},{"type":"Feature","id":2394,"properties":{"capital":false},"geometry":{"type":"Point","coordinates":[23.11307,46.68392]}},{"type":"Feature","id":2395,"properties":{"capital":false},"geometry":{"type":"Point","coordinates":[23.94373,47.05516]}},{"type":"Feature","id":2396,"properties":{"capital":false},"geometry":{"type":"Point","coordinates":[24.03301,46.79662]}},{"type":"Feature","id":2397,"properties":{"capital":false},"geometry":{"type":"Point","coordinates":[23.6691,46.49869]}},{"type":"Feature","id":2398,"properties":{"capital":false},"geometry":{"type":"Point","coordinates":[23.98713,46.84061]}},{"type":"Feature","id":2399,"properties":{"capital":false},"geometry":{"type":"Point","coordinates":[23.55708,47.04261]}},{"type":"Feature","id":2400,"properties":{"capital":false},"geometry":{"type":"Point","coordinates":[23.65192,46.57985]}},{"type":"Feature","id":2401,"properties":{"capital":false},"geometry":{"type":"Point","coordinates":[23.84643,46.64296]}},{"type":"Feature","id":2402,"properties":{"capital":false},"geometry":{"type":"Point","coordinates":[22.85749,46.92011]}},{"type":"Feature","id":2403,"properties":{"capital":false},"geometry":{"type":"Point","coordinates":[23.52001,47.07936]}},{"type":"Feature","id":2404,"properties":{"capital":false},"geometry":{"type":"Point","coordinates":[23.10465,46.73938]}},{"type":"Feature","id":2405,"properties":{"capital":false},"geometry":{"type":"Point","coordinates":[22.88664,46.82305]}},{"type":"Feature","id":2406,"properties":{"capital":false},"geometry":{"type":"Point","coordinates":[23.45625,46.67577]}},{"type":"Feature","id":2407,"properties":{"capital":false},"geometry":{"type":"Point","coordinates":[23.89456,46.93106]}},{"type":"Feature","id":2408,"properties":{"capital":false},"geometry":{"type":"Point","coordinates":[22.9877,46.83015]}},{"type":"Feature","id":2409,"properties":{"capital":false},"geometry":{"type":"Point","coordinates":[24.07651,47.00925]}},{"type":"Feature","id":2410,"properties":{"capital":false},"geometry":{"type":"Point","coordinates":[23.41811,46.86908]}},{"type":"Feature","id":2411,"properties":{"capital":false},"geometry":{"type":"Point","coordinates":[23.96757,46.77204]}},{"type":"Feature","id":2412,"properties":{"capital":false},"geometry":{"type":"Point","coordinates":[23.9998,46.58487]}},{"type":"Feature","id":2413,"properties":{"capital":false},"geometry":{"type":"Point","coordinates":[23.70034,46.62143]}},{"type":"Feature","id":2414,"properties":{"capital":false},"geometry":{"type":"Point","coordinates":[24.05182,46.95013]}},{"type":"Feature","id":2415,"properties":{"capital":false},"geometry":{"type":"Point","coordinates":[24.04946,47.1115]}},{"type":"Feature","id":2416,"properties":{"capital":false},"geometry":{"type":"Point","coordinates":[23.7466,47.22001]}},{"type":"Feature","id":2417,"properties":{"capital":false},"geometry":{"type":"Point","coordinates":[23.32717,46.6438]}},{"type":"Feature","id":2418,"properties":{"capital":false},"geometry":{"type":"Point","coordinates":[23.90821,46.55839]}},{"type":"Feature","id":2419,"properties":{"capital":false},"geometry":{"type":"Point","coordinates":[23.55542,46.96062]}},{"type":"Feature","id":2420,"properties":{"capital":false},"geometry":{"type":"Point","coordinates":[22.76186,46.95348]}},{"type":"Feature","id":2421,"properties":{"capital":true},"geometry":{"type":"Point","coordinates":[28.62636,44.17537]}},{"type":"Feature","id":2422,"properties":{"capital":false},"geometry":{"type":"Point","coordinates":[28.64867,44.02779]}},{"type":"Feature","id":2423,"properties":{"capital":false},"geometry":{"type":"Point","coordinates":[23.92952,46.40553]}},{"type":"Feature","id":2424,"properties":{"capital":false},"geometry":{"type":"Point","coordinates":[28.57868,43.81739]}},{"type":"Feature","id":2425,"properties":{"capital":false},"geometry":{"type":"Point","coordinates":[28.61002,44.32042]}},{"type":"Feature","id":2426,"properties":{"capital":false},"geometry":{"type":"Point","coordinates":[28.59393,44.0547]}},{"type":"Feature","id":2427,"properties":{"capital":false},"geometry":{"type":"Point","coordinates":[28.61427,44.09187]}},{"type":"Feature","id":2428,"properties":{"capital":false},"geometry":{"type":"Point","coordinates":[28.58239,43.91793]}},{"type":"Feature","id":2429,"properties":{"capital":false},"geometry":{"type":"Point","coordinates":[28.52682,43.79883]}},{"type":"Feature","id":2430,"properties":{"capital":false},"geometry":{"type":"Point","coordinates":[28.56303,44.25391]}},{"type":"Feature","id":2431,"properties":{"capital":false},"geometry":{"type":"Point","coordinates":[28.63728,44.00132]}},{"type":"Feature","id":2432,"properties":{"capital":false},"geometry":{"type":"Point","coordinates":[28.03547,44.34304]}},{"type":"Feature","id":2433,"properties":{"capital":false},"geometry":{"type":"Point","coordinates":[27.94812,44.68674]}},{"type":"Feature","id":2434,"properties":{"capital":false},"geometry":{"type":"Point","coordinates":[28.27112,44.24761]}},{"type":"Feature","id":2435,"properties":{"capital":false},"geometry":{"type":"Point","coordinates":[27.95453,44.08494]}},{"type":"Feature","id":2436,"properties":{"capital":false},"geometry":{"type":"Point","coordinates":[28.42992,43.80107]}},{"type":"Feature","id":2437,"properties":{"capital":false},"geometry":{"type":"Point","coordinates":[27.85409,44.18445]}},{"type":"Feature","id":2438,"properties":{"capital":false},"geometry":{"type":"Point","coordinates":[27.70045,44.06469]}},{"type":"Feature","id":2439,"properties":{"capital":false},"geometry":{"type":"Point","coordinates":[28.3383,44.25702]}},{"type":"Feature","id":2440,"properties":{"capital":false},"geometry":{"type":"Point","coordinates":[28.09606,43.82382]}},{"type":"Feature","id":2441,"properties":{"capital":false},"geometry":{"type":"Point","coordinates":[23.46615,46.4779]}},{"type":"Feature","id":2442,"properties":{"capital":false},"geometry":{"type":"Point","coordinates":[28.22941,43.89672]}},{"type":"Feature","id":2443,"properties":{"capital":false},"geometry":{"type":"Point","coordinates":[27.98603,44.71669]}},{"type":"Feature","id":2444,"properties":{"capital":false},"geometry":{"type":"Point","coordinates":[28.28773,44.10456]}},{"type":"Feature","id":2445,"properties":{"capital":false},"geometry":{"type":"Point","coordinates":[28.23442,44.06308]}},{"type":"Feature","id":2446,"properties":{"capital":false},"geometry":{"type":"Point","coordinates":[28.56082,44.55866]}},{"type":"Feature","id":2447,"properties":{"capital":false},"geometry":{"type":"Point","coordinates":[28.31699,43.89431]}},{"type":"Feature","id":2448,"properties":{"capital":false},"geometry":{"type":"Point","coordinates":[28.66162,44.39207]}},{"type":"Feature","id":2449,"properties":{"capital":false},"geometry":{"type":"Point","coordinates":[28.23338,44.53055]}},{"type":"Feature","id":2450,"properties":{"capital":false},"geometry":{"type":"Point","coordinates":[28.55582,44.11286]}},{"type":"Feature","id":2451,"properties":{"capital":false},"geometry":{"type":"Point","coordinates":[23.78787,46.07029]}},{"type":"Feature","id":2452,"properties":{"capital":false},"geometry":{"type":"Point","coordinates":[28.00889,44.09125]}},{"type":"Feature","id":2453,"properties":{"capital":false},"geometry":{"type":"Point","coordinates":[27.77768,44.01987]}},{"type":"Feature","id":2454,"properties":{"capital":false},"geometry":{"type":"Point","coordinates":[28.09313,44.77907]}},{"type":"Feature","id":2455,"properties":{"capital":false},"geometry":{"type":"Point","coordinates":[28.03045,44.63494]}},{"type":"Feature","id":2456,"properties":{"capital":false},"geometry":{"type":"Point","coordinates":[28.08405,43.94959]}},{"type":"Feature","id":2457,"properties":{"capital":false},"geometry":{"type":"Point","coordinates":[27.80666,44.11324]}},{"type":"Feature","id":2458,"properties":{"capital":false},"geometry":{"type":"Point","coordinates":[28.71284,44.57194]}},{"type":"Feature","id":2459,"properties":{"capital":false},"geometry":{"type":"Point","coordinates":[27.60449,44.09311]}},{"type":"Feature","id":2460,"properties":{"capital":false},"geometry":{"type":"Point","coordinates":[28.38354,44.03126]}},{"type":"Feature","id":2461,"properties":{"capital":false},"geometry":{"type":"Point","coordinates":[23.4823,45.89601]}},{"type":"Feature","id":2462,"properties":{"capital":false},"geometry":{"type":"Point","coordinates":[28.4623,44.3684]}},{"type":"Feature","id":2463,"properties":{"capital":false},"geometry":{"type":"Point","coordinates":[28.67738,44.6448]}},{"type":"Feature","id":2464,"properties":{"capital":false},"geometry":{"type":"Point","coordinates":[28.17743,44.28162]}},{"type":"Feature","id":2465,"properties":{"capital":false},"geometry":{"type":"Point","coordinates":[28.40947,44.17288]}},{"type":"Feature","id":2466,"properties":{"capital":false},"geometry":{"type":"Point","coordinates":[28.21715,43.81583]}},{"type":"Feature","id":2467,"properties":{"capital":false},"geometry":{"type":"Point","coordinates":[28.37812,44.38598]}},{"type":"Feature","id":2468,"properties":{"capital":false},"geometry":{"type":"Point","coordinates":[27.66671,44.16877]}},{"type":"Feature","id":2469,"properties":{"capital":false},"geometry":{"type":"Point","coordinates":[27.36883,44.10604]}},{"type":"Feature","id":2470,"properties":{"capital":false},"geometry":{"type":"Point","coordinates":[28.32947,44.54563]}},{"type":"Feature","id":2471,"properties":{"capital":false},"geometry":{"type":"Point","coordinates":[28.49591,43.89556]}},{"type":"Feature","id":2472,"properties":{"capital":false},"geometry":{"type":"Point","coordinates":[28.1269,44.18213]}},{"type":"Feature","id":2473,"properties":{"capital":false},"geometry":{"type":"Point","coordinates":[22.88164,46.39535]}},{"type":"Feature","id":2474,"properties":{"capital":false},"geometry":{"type":"Point","coordinates":[28.39824,44.20401]}},{"type":"Feature","id":2475,"properties":{"capital":false},"geometry":{"type":"Point","coordinates":[27.9353,44.2436]}},{"type":"Feature","id":2476,"properties":{"capital":false},"geometry":{"type":"Point","coordinates":[28.15415,44.72079]}},{"type":"Feature","id":2477,"properties":{"capital":false},"geometry":{"type":"Point","coordinates":[28.64648,44.48589]}},{"type":"Feature","id":2478,"properties":{"capital":false},"geometry":{"type":"Point","coordinates":[28.0704,44.39365]}},{"type":"Feature","id":2479,"properties":{"capital":false},"geometry":{"type":"Point","coordinates":[28.17869,44.40072]}},{"type":"Feature","id":2480,"properties":{"capital":false},"geometry":{"type":"Point","coordinates":[28.41451,44.46023]}},{"type":"Feature","id":2481,"properties":{"capital":false},"geometry":{"type":"Point","coordinates":[28.04699,44.54467]}},{"type":"Feature","id":2482,"properties":{"capital":false},"geometry":{"type":"Point","coordinates":[28.45486,44.01415]}},{"type":"Feature","id":2483,"properties":{"capital":false},"geometry":{"type":"Point","coordinates":[28.4638,44.1636]}},{"type":"Feature","id":2484,"properties":{"capital":false},"geometry":{"type":"Point","coordinates":[28.56333,44.28958]}},{"type":"Feature","id":2485,"properties":{"capital":false},"geometry":{"type":"Point","coordinates":[27.98505,43.93051]}},{"type":"Feature","id":2486,"properties":{"capital":false},"geometry":{"type":"Point","coordinates":[28.27147,44.6478]}},{"type":"Feature","id":2487,"properties":{"capital":false},"geometry":{"type":"Point","coordinates":[28.22047,44.34464]}},{"type":"Feature","id":2488,"properties":{"capital":false},"geometry":{"type":"Point","coordinates":[28.39473,43.95811]}},{"type":"Feature","id":2489,"properties":{"capital":false},"geometry":{"type":"Point","coordinates":[28.12346,44.63406]}},{"type":"Feature","id":2490,"properties":{"capital":false},"geometry":{"type":"Point","coordinates":[28.63593,43.95253]}},{"type":"Feature","id":2491,"properties":{"capital":false},"geometry":{"type":"Point","coordinates":[28.41834,44.08913]}},{"type":"Feature","id":2492,"properties":{"capital":false},"geometry":{"type":"Point","coordinates":[28.30858,44.28747]}},{"type":"Feature","id":2493,"properties":{"capital":false},"geometry":{"type":"Point","coordinates":[28.08945,44.28084]}},{"type":"Feature","id":2494,"properties":{"capital":false},"geometry":{"type":"Point","coordinates":[28.43089,44.55494]}},{"type":"Feature","id":2495,"properties":{"capital":false},"geometry":{"type":"Point","coordinates":[28.57507,44.61253]}},{"type":"Feature","id":2496,"properties":{"capital":true},"geometry":{"type":"Point","coordinates":[25.78651,45.86439]}},{"type":"Feature","id":2497,"properties":{"capital":false},"geometry":{"type":"Point","coordinates":[25.60209,46.07547]}},{"type":"Feature","id":2498,"properties":{"capital":false},"geometry":{"type":"Point","coordinates":[26.17443,45.84719]}},{"type":"Feature","id":2499,"properties":{"capital":false},"geometry":{"type":"Point","coordinates":[26.27622,45.76152]}},{"type":"Feature","id":2500,"properties":{"capital":false},"geometry":{"type":"Point","coordinates":[26.03277,45.67396]}},{"type":"Feature","id":2501,"properties":{"capital":false},"geometry":{"type":"Point","coordinates":[26.08361,45.68788]}},{"type":"Feature","id":2502,"properties":{"capital":false},"geometry":{"type":"Point","coordinates":[26.06602,45.65228]}},{"type":"Feature","id":2503,"properties":{"capital":false},"geometry":{"type":"Point","coordinates":[26.13317,45.99943]}},{"type":"Feature","id":2504,"properties":{"capital":false},"geometry":{"type":"Point","coordinates":[25.56259,45.96651]}},{"type":"Feature","id":2505,"properties":{"capital":false},"geometry":{"type":"Point","coordinates":[25.69699,46.08833]}},{"type":"Feature","id":2506,"properties":{"capital":false},"geometry":{"type":"Point","coordinates":[25.5722,45.93457]}},{"type":"Feature","id":2507,"properties":{"capital":false},"geometry":{"type":"Point","coordinates":[25.85626,45.95619]}},{"type":"Feature","id":2508,"properties":{"capital":false},"geometry":{"type":"Point","coordinates":[26.0063,45.81896]}},{"type":"Feature","id":2509,"properties":{"capital":false},"geometry":{"type":"Point","coordinates":[23.40087,46.33482]}},{"type":"Feature","id":2510,"properties":{"capital":false},"geometry":{"type":"Point","coordinates":[26.07122,45.83445]}},{"type":"Feature","id":2511,"properties":{"capital":false},"geometry":{"type":"Point","coordinates":[25.60801,46.12914]}},{"type":"Feature","id":2512,"properties":{"capital":false},"geometry":{"type":"Point","coordinates":[26.30314,46.0426]}},{"type":"Feature","id":2513,"properties":{"capital":false},"geometry":{"type":"Point","coordinates":[26.15871,45.96599]}},{"type":"Feature","id":2514,"properties":{"capital":false},"geometry":{"type":"Point","coordinates":[26.02619,45.96342]}},{"type":"Feature","id":2515,"properties":{"capital":false},"geometry":{"type":"Point","coordinates":[25.80294,45.77648]}},{"type":"Feature","id":2516,"properties":{"capital":false},"geometry":{"type":"Point","coordinates":[25.88475,45.73805]}},{"type":"Feature","id":2517,"properties":{"capital":false},"geometry":{"type":"Point","coordinates":[26.23207,45.94238]}},{"type":"Feature","id":2518,"properties":{"capital":false},"geometry":{"type":"Point","coordinates":[25.8453,45.90346]}},{"type":"Feature","id":2519,"properties":{"capital":false},"geometry":{"type":"Point","coordinates":[25.59021,45.83714]}},{"type":"Feature","id":2520,"properties":{"capital":false},"geometry":{"type":"Point","coordinates":[25.77142,45.79534]}},{"type":"Feature","id":2521,"properties":{"capital":false},"geometry":{"type":"Point","coordinates":[26.27123,46.07051]}},{"type":"Feature","id":2522,"properties":{"capital":false},"geometry":{"type":"Point","coordinates":[25.84091,46.00829]}},{"type":"Feature","id":2523,"properties":{"capital":false},"geometry":{"type":"Point","coordinates":[25.97172,45.87116]}},{"type":"Feature","id":2524,"properties":{"capital":false},"geometry":{"type":"Point","coordinates":[26.2566,45.98668]}},{"type":"Feature","id":2525,"properties":{"capital":false},"geometry":{"type":"Point","coordinates":[25.84706,45.79704]}},{"type":"Feature","id":2526,"properties":{"capital":false},"geometry":{"type":"Point","coordinates":[23.43875,46.43061]}},{"type":"Feature","id":2527,"properties":{"capital":false},"geometry":{"type":"Point","coordinates":[26.15937,46.06847]}},{"type":"Feature","id":2528,"properties":{"capital":false},"geometry":{"type":"Point","coordinates":[25.92054,45.84034]}},{"type":"Feature","id":2529,"properties":{"capital":false},"geometry":{"type":"Point","coordinates":[26.12893,46.04429]}},{"type":"Feature","id":2530,"properties":{"capital":false},"geometry":{"type":"Point","coordinates":[26.05195,46.04081]}},{"type":"Feature","id":2531,"properties":{"capital":false},"geometry":{"type":"Point","coordinates":[25.77538,45.9177]}},{"type":"Feature","id":2532,"properties":{"capital":false},"geometry":{"type":"Point","coordinates":[25.65328,45.81159]}},{"type":"Feature","id":2533,"properties":{"capital":false},"geometry":{"type":"Point","coordinates":[25.55746,46.1271]}},{"type":"Feature","id":2534,"properties":{"capital":false},"geometry":{"type":"Point","coordinates":[26.11166,45.76949]}},{"type":"Feature","id":2535,"properties":{"capital":false},"geometry":{"type":"Point","coordinates":[26.18519,45.87817]}},{"type":"Feature","id":2536,"properties":{"capital":false},"geometry":{"type":"Point","coordinates":[26.01281,45.76362]}},{"type":"Feature","id":2537,"properties":{"capital":false},"geometry":{"type":"Point","coordinates":[26.23442,46.07898]}},{"type":"Feature","id":2538,"properties":{"capital":false},"geometry":{"type":"Point","coordinates":[25.77519,45.9005]}},{"type":"Feature","id":2539,"properties":{"capital":false},"geometry":{"type":"Point","coordinates":[25.86189,46.10198]}},{"type":"Feature","id":2540,"properties":{"capital":false},"geometry":{"type":"Point","coordinates":[25.83582,46.05315]}},{"type":"Feature","id":2541,"properties":{"capital":false},"geometry":{"type":"Point","coordinates":[25.98587,45.92215]}},{"type":"Feature","id":2542,"properties":{"capital":false},"geometry":{"type":"Point","coordinates":[26.21108,46.10418]}},{"type":"Feature","id":2543,"properties":{"capital":true},"geometry":{"type":"Point","coordinates":[25.45718,44.92883]}},{"type":"Feature","id":2544,"properties":{"capital":false},"geometry":{"type":"Point","coordinates":[25.43776,44.97421]}},{"type":"Feature","id":2545,"properties":{"capital":false},"geometry":{"type":"Point","coordinates":[25.39921,44.99115]}},{"type":"Feature","id":2546,"properties":{"capital":false},"geometry":{"type":"Point","coordinates":[25.53298,44.93608]}},{"type":"Feature","id":2547,"properties":{"capital":false},"geometry":{"type":"Point","coordinates":[23.72197,46.27264]}},{"type":"Feature","id":2548,"properties":{"capital":false},"geometry":{"type":"Point","coordinates":[25.38448,44.98429]}},{"type":"Feature","id":2549,"properties":{"capital":false},"geometry":{"type":"Point","coordinates":[25.50095,44.89489]}},{"type":"Feature","id":2550,"properties":{"capital":false},"geometry":{"type":"Point","coordinates":[25.41767,45.1289]}},{"type":"Feature","id":2551,"properties":{"capital":false},"geometry":{"type":"Point","coordinates":[25.41802,45.09648]}},{"type":"Feature","id":2552,"properties":{"capital":false},"geometry":{"type":"Point","coordinates":[25.31662,44.71803]}},{"type":"Feature","id":2553,"properties":{"capital":false},"geometry":{"type":"Point","coordinates":[25.28866,44.75754]}},{"type":"Feature","id":2554,"properties":{"capital":false},"geometry":{"type":"Point","coordinates":[25.33864,44.64726]}},{"type":"Feature","id":2555,"properties":{"capital":false},"geometry":{"type":"Point","coordinates":[25.64116,44.98294]}},{"type":"Feature","id":2556,"properties":{"capital":false},"geometry":{"type":"Point","coordinates":[25.63573,45.02641]}},{"type":"Feature","id":2557,"properties":{"capital":false},"geometry":{"type":"Point","coordinates":[23.56708,46.45295]}},{"type":"Feature","id":2558,"properties":{"capital":false},"geometry":{"type":"Point","coordinates":[25.43119,45.07915]}},{"type":"Feature","id":2559,"properties":{"capital":false},"geometry":{"type":"Point","coordinates":[25.42085,45.04154]}},{"type":"Feature","id":2560,"properties":{"capital":false},"geometry":{"type":"Point","coordinates":[25.57025,44.66093]}},{"type":"Feature","id":2561,"properties":{"capital":false},"geometry":{"type":"Point","coordinates":[25.57602,44.67915]}},{"type":"Feature","id":2562,"properties":{"capital":false},"geometry":{"type":"Point","coordinates":[25.65217,44.81899]}},{"type":"Feature","id":2563,"properties":{"capital":false},"geometry":{"type":"Point","coordinates":[25.29912,45.12114]}},{"type":"Feature","id":2564,"properties":{"capital":false},"geometry":{"type":"Point","coordinates":[23.52727,46.31422]}},{"type":"Feature","id":2565,"properties":{"capital":false},"geometry":{"type":"Point","coordinates":[25.51928,45.15053]}},{"type":"Feature","id":2566,"properties":{"capital":false},"geometry":{"type":"Point","coordinates":[25.81263,44.73894]}},{"type":"Feature","id":2567,"properties":{"capital":false},"geometry":{"type":"Point","coordinates":[25.45619,45.15419]}},{"type":"Feature","id":2568,"properties":{"capital":false},"geometry":{"type":"Point","coordinates":[25.64715,44.86713]}},{"type":"Feature","id":2569,"properties":{"capital":false},"geometry":{"type":"Point","coordinates":[25.21076,45.08589]}},{"type":"Feature","id":2570,"properties":{"capital":false},"geometry":{"type":"Point","coordinates":[25.33836,44.78842]}},{"type":"Feature","id":2571,"properties":{"capital":false},"geometry":{"type":"Point","coordinates":[25.85307,44.72513]}},{"type":"Feature","id":2572,"properties":{"capital":false},"geometry":{"type":"Point","coordinates":[25.58902,44.87167]}},{"type":"Feature","id":2573,"properties":{"capital":false},"geometry":{"type":"Point","coordinates":[25.63728,44.68488]}},{"type":"Feature","id":2574,"properties":{"capital":false},"geometry":{"type":"Point","coordinates":[25.49533,44.5443]}},{"type":"Feature","id":2575,"properties":{"capital":false},"geometry":{"type":"Point","coordinates":[25.67086,44.75067]}},{"type":"Feature","id":2576,"properties":{"capital":false},"geometry":{"type":"Point","coordinates":[25.88112,44.78343]}},{"type":"Feature","id":2577,"properties":{"capital":false},"geometry":{"type":"Point","coordinates":[25.49398,44.6533]}},{"type":"Feature","id":2578,"properties":{"capital":false},"geometry":{"type":"Point","coordinates":[25.26919,44.76068]}},{"type":"Feature","id":2579,"properties":{"capital":false},"geometry":{"type":"Point","coordinates":[25.76911,44.9175]}},{"type":"Feature","id":2580,"properties":{"capital":false},"geometry":{"type":"Point","coordinates":[25.71493,44.78605]}},{"type":"Feature","id":2581,"properties":{"capital":false},"geometry":{"type":"Point","coordinates":[25.36373,44.73221]}},{"type":"Feature","id":2582,"properties":{"capital":false},"geometry":{"type":"Point","coordinates":[25.34296,44.91461]}},{"type":"Feature","id":2583,"properties":{"capital":false},"geometry":{"type":"Point","coordinates":[25.79357,44.79025]}},{"type":"Feature","id":2584,"properties":{"capital":false},"geometry":{"type":"Point","coordinates":[25.45535,45.02045]}},{"type":"Feature","id":2585,"properties":{"capital":false},"geometry":{"type":"Point","coordinates":[25.56694,44.94137]}},{"type":"Feature","id":2586,"properties":{"capital":false},"geometry":{"type":"Point","coordinates":[23.13215,46.30638]}},{"type":"Feature","id":2587,"properties":{"capital":false},"geometry":{"type":"Point","coordinates":[25.49776,44.75681]}},{"type":"Feature","id":2588,"properties":{"capital":false},"geometry":{"type":"Point","coordinates":[25.24985,44.84593]}},{"type":"Feature","id":2589,"properties":{"capital":false},"geometry":{"type":"Point","coordinates":[25.67216,44.9403]}},{"type":"Feature","id":2590,"properties":{"capital":false},"geometry":{"type":"Point","coordinates":[25.44035,44.84747]}},{"type":"Feature","id":2591,"properties":{"capital":false},"geometry":{"type":"Point","coordinates":[25.24468,44.87336]}},{"type":"Feature","id":2592,"properties":{"capital":false},"geometry":{"type":"Point","coordinates":[25.66262,44.61085]}},{"type":"Feature","id":2593,"properties":{"capital":false},"geometry":{"type":"Point","coordinates":[25.20634,45.14928]}},{"type":"Feature","id":2594,"properties":{"capital":false},"geometry":{"type":"Point","coordinates":[25.28536,44.96513]}},{"type":"Feature","id":2595,"properties":{"capital":false},"geometry":{"type":"Point","coordinates":[25.43694,44.68159]}},{"type":"Feature","id":2596,"properties":{"capital":false},"geometry":{"type":"Point","coordinates":[25.40364,44.68159]}},{"type":"Feature","id":2597,"properties":{"capital":false},"geometry":{"type":"Point","coordinates":[25.43564,45.21417]}},{"type":"Feature","id":2598,"properties":{"capital":false},"geometry":{"type":"Point","coordinates":[25.23629,44.66484]}},{"type":"Feature","id":2599,"properties":{"capital":false},"geometry":{"type":"Point","coordinates":[25.54545,44.78046]}},{"type":"Feature","id":2600,"properties":{"capital":false},"geometry":{"type":"Point","coordinates":[25.55439,44.98982]}},{"type":"Feature","id":2601,"properties":{"capital":false},"geometry":{"type":"Point","coordinates":[25.55769,44.6146]}},{"type":"Feature","id":2602,"properties":{"capital":false},"geometry":{"type":"Point","coordinates":[25.44174,45.18942]}},{"type":"Feature","id":2603,"properties":{"capital":false},"geometry":{"type":"Point","coordinates":[25.67609,44.56736]}},{"type":"Feature","id":2604,"properties":{"capital":false},"geometry":{"type":"Point","coordinates":[25.58834,44.56033]}},{"type":"Feature","id":2605,"properties":{"capital":false},"geometry":{"type":"Point","coordinates":[25.51375,44.70792]}},{"type":"Feature","id":2606,"properties":{"capital":false},"geometry":{"type":"Point","coordinates":[25.27849,45.18478]}},{"type":"Feature","id":2607,"properties":{"capital":false},"geometry":{"type":"Point","coordinates":[25.74183,44.62499]}},{"type":"Feature","id":2608,"properties":{"capital":false},"geometry":{"type":"Point","coordinates":[25.38626,45.17819]}},{"type":"Feature","id":2609,"properties":{"capital":false},"geometry":{"type":"Point","coordinates":[25.57296,44.7349]}},{"type":"Feature","id":2610,"properties":{"capital":false},"geometry":{"type":"Point","coordinates":[25.30359,44.46861]}},{"type":"Feature","id":2611,"properties":{"capital":false},"geometry":{"type":"Point","coordinates":[25.27265,45.00296]}},{"type":"Feature","id":2612,"properties":{"capital":false},"geometry":{"type":"Point","coordinates":[25.42618,44.58851]}},{"type":"Feature","id":2613,"properties":{"capital":false},"geometry":{"type":"Point","coordinates":[25.58641,45.06499]}},{"type":"Feature","id":2614,"properties":{"capital":false},"geometry":{"type":"Point","coordinates":[25.2376,44.77936]}},{"type":"Feature","id":2615,"properties":{"capital":false},"geometry":{"type":"Point","coordinates":[25.48611,44.85695]}},{"type":"Feature","id":2616,"properties":{"capital":false},"geometry":{"type":"Point","coordinates":[23.88708,46.05666]}},{"type":"Feature","id":2617,"properties":{"capital":false},"geometry":{"type":"Point","coordinates":[25.17401,45.16473]}},{"type":"Feature","id":2618,"properties":{"capital":false},"geometry":{"type":"Point","coordinates":[25.33204,44.5905]}},{"type":"Feature","id":2619,"properties":{"capital":false},"geometry":{"type":"Point","coordinates":[25.55282,45.11043]}},{"type":"Feature","id":2620,"properties":{"capital":false},"geometry":{"type":"Point","coordinates":[25.51364,45.09798]}},{"type":"Feature","id":2621,"properties":{"capital":false},"geometry":{"type":"Point","coordinates":[25.24795,45.06996]}},{"type":"Feature","id":2622,"properties":{"capital":false},"geometry":{"type":"Point","coordinates":[25.37833,45.07337]}},{"type":"Feature","id":2623,"properties":{"capital":false},"geometry":{"type":"Point","coordinates":[23.41974,46.3984]}},{"type":"Feature","id":2624,"properties":{"capital":true},"geometry":{"type":"Point","coordinates":[23.80175,44.31822]}},{"type":"Feature","id":2625,"properties":{"capital":false},"geometry":{"type":"Point","coordinates":[23.73753,44.29408]}},{"type":"Feature","id":2626,"properties":{"capital":false},"geometry":{"type":"Point","coordinates":[23.73559,44.39357]}},{"type":"Feature","id":2627,"properties":{"capital":false},"geometry":{"type":"Point","coordinates":[23.77963,44.2472]}},{"type":"Feature","id":2628,"properties":{"capital":false},"geometry":{"type":"Point","coordinates":[23.79591,44.39209]}},{"type":"Feature","id":2629,"properties":{"capital":false},"geometry":{"type":"Point","coordinates":[23.34443,44.02058]}},{"type":"Feature","id":2630,"properties":{"capital":false},"geometry":{"type":"Point","coordinates":[22.93364,43.99007]}},{"type":"Feature","id":2631,"properties":{"capital":false},"geometry":{"type":"Point","coordinates":[23.52191,44.55296]}},{"type":"Feature","id":2632,"properties":{"capital":false},"geometry":{"type":"Point","coordinates":[23.39632,45.90713]}},{"type":"Feature","id":2633,"properties":{"capital":false},"geometry":{"type":"Point","coordinates":[23.74046,44.09401]}},{"type":"Feature","id":2634,"properties":{"capital":false},"geometry":{"type":"Point","coordinates":[23.47385,44.00359]}},{"type":"Feature","id":2635,"properties":{"capital":false},"geometry":{"type":"Point","coordinates":[23.70565,44.44645]}},{"type":"Feature","id":2636,"properties":{"capital":false},"geometry":{"type":"Point","coordinates":[24.16618,43.95421]}},{"type":"Feature","id":2637,"properties":{"capital":false},"geometry":{"type":"Point","coordinates":[24.15561,43.97964]}},{"type":"Feature","id":2638,"properties":{"capital":false},"geometry":{"type":"Point","coordinates":[24.0646,44.06626]}},{"type":"Feature","id":2639,"properties":{"capital":false},"geometry":{"type":"Point","coordinates":[23.37662,44.51501]}},{"type":"Feature","id":2640,"properties":{"capital":false},"geometry":{"type":"Point","coordinates":[23.9572,43.78267]}},{"type":"Feature","id":2641,"properties":{"capital":false},"geometry":{"type":"Point","coordinates":[23.50004,43.89168]}},{"type":"Feature","id":2642,"properties":{"capital":false},"geometry":{"type":"Point","coordinates":[23.61631,43.9692]}},{"type":"Feature","id":2643,"properties":{"capital":false},"geometry":{"type":"Point","coordinates":[23.26228,44.40356]}},{"type":"Feature","id":2644,"properties":{"capital":false},"geometry":{"type":"Point","coordinates":[23.4242,44.36735]}},{"type":"Feature","id":2645,"properties":{"capital":false},"geometry":{"type":"Point","coordinates":[23.57494,45.87819]}},{"type":"Feature","id":2646,"properties":{"capital":false},"geometry":{"type":"Point","coordinates":[23.62912,44.48844]}},{"type":"Feature","id":2647,"properties":{"capital":false},"geometry":{"type":"Point","coordinates":[23.52394,44.49845]}},{"type":"Feature","id":2648,"properties":{"capital":false},"geometry":{"type":"Point","coordinates":[23.90218,44.1276]}},{"type":"Feature","id":2649,"properties":{"capital":false},"geometry":{"type":"Point","coordinates":[23.68663,44.34231]}},{"type":"Feature","id":2650,"properties":{"capital":false},"geometry":{"type":"Point","coordinates":[23.87302,44.57624]}},{"type":"Feature","id":2651,"properties":{"capital":false},"geometry":{"type":"Point","coordinates":[23.75908,44.16469]}},{"type":"Feature","id":2652,"properties":{"capital":false},"geometry":{"type":"Point","coordinates":[23.25145,44.19254]}},{"type":"Feature","id":2653,"properties":{"capital":false},"geometry":{"type":"Point","coordinates":[23.25882,44.33646]}},{"type":"Feature","id":2654,"properties":{"capital":false},"geometry":{"type":"Point","coordinates":[24.01312,44.11689]}},{"type":"Feature","id":2655,"properties":{"capital":false},"geometry":{"type":"Point","coordinates":[24.04651,43.79361]}},{"type":"Feature","id":2656,"properties":{"capital":false},"geometry":{"type":"Point","coordinates":[24.13008,44.04203]}},{"type":"Feature","id":2657,"properties":{"capital":false},"geometry":{"type":"Point","coordinates":[23.66898,44.06101]}},{"type":"Feature","id":2658,"properties":{"capital":false},"geometry":{"type":"Point","coordinates":[23.43403,44.44878]}},{"type":"Feature","id":2659,"properties":{"capital":false},"geometry":{"type":"Point","coordinates":[23.04849,44.10983]}},{"type":"Feature","id":2660,"properties":{"capital":false},"geometry":{"type":"Point","coordinates":[23.45013,44.0851]}},{"type":"Feature","id":2661,"properties":{"capital":false},"geometry":{"type":"Point","coordinates":[22.9501,43.90956]}},{"type":"Feature","id":2662,"properties":{"capital":false},"geometry":{"type":"Point","coordinates":[23.9346,44.24595]}},{"type":"Feature","id":2663,"properties":{"capital":false},"geometry":{"type":"Point","coordinates":[23.61356,44.43535]}},{"type":"Feature","id":2664,"properties":{"capital":false},"geometry":{"type":"Point","coordinates":[24.04261,43.97454]}},{"type":"Feature","id":2665,"properties":{"capital":false},"geometry":{"type":"Point","coordinates":[22.87603,46.45685]}},{"type":"Feature","id":2666,"properties":{"capital":false},"geometry":{"type":"Point","coordinates":[24.08955,43.80159]}},{"type":"Feature","id":2667,"properties":{"capital":false},"geometry":{"type":"Point","coordinates":[23.03084,43.87003]}},{"type":"Feature","id":2668,"properties":{"capital":false},"geometry":{"type":"Point","coordinates":[24.18248,44.10637]}},{"type":"Feature","id":2669,"properties":{"capital":false},"geometry":{"type":"Point","coordinates":[23.94948,43.97192]}},{"type":"Feature","id":2670,"properties":{"capital":false},"geometry":{"type":"Point","coordinates":[24.09642,44.24265]}},{"type":"Feature","id":2671,"properties":{"capital":false},"geometry":{"type":"Point","coordinates":[23.84527,44.05485]}},{"type":"Feature","id":2672,"properties":{"capital":false},"geometry":{"type":"Point","coordinates":[23.74411,44.60582]}},{"type":"Feature","id":2673,"properties":{"capital":false},"geometry":{"type":"Point","coordinates":[23.30815,44.09771]}},{"type":"Feature","id":2674,"properties":{"capital":false},"geometry":{"type":"Point","coordinates":[23.89576,44.35529]}},{"type":"Feature","id":2675,"properties":{"capital":false},"geometry":{"type":"Point","coordinates":[23.7977,43.84674]}},{"type":"Feature","id":2676,"properties":{"capital":false},"geometry":{"type":"Point","coordinates":[23.41012,44.12788]}},{"type":"Feature","id":2677,"properties":{"capital":false},"geometry":{"type":"Point","coordinates":[23.62774,44.01705]}},{"type":"Feature","id":2678,"properties":{"capital":false},"geometry":{"type":"Point","coordinates":[23.85815,43.89804]}},{"type":"Feature","id":2679,"properties":{"capital":false},"geometry":{"type":"Point","coordinates":[23.36463,44.42605]}},{"type":"Feature","id":2680,"properties":{"capital":false},"geometry":{"type":"Point","coordinates":[23.61694,43.9259]}},{"type":"Feature","id":2681,"properties":{"capital":false},"geometry":{"type":"Point","coordinates":[23.757,44.48282]}},{"type":"Feature","id":2682,"properties":{"capital":false},"geometry":{"type":"Point","coordinates":[23.27966,44.44736]}},{"type":"Feature","id":2683,"properties":{"capital":false},"geometry":{"type":"Point","coordinates":[23.29441,44.14772]}},{"type":"Feature","id":2684,"properties":{"capital":false},"geometry":{"type":"Point","coordinates":[23.99959,44.18872]}},{"type":"Feature","id":2685,"properties":{"capital":false},"geometry":{"type":"Point","coordinates":[23.62944,44.10295]}},{"type":"Feature","id":2686,"properties":{"capital":false},"geometry":{"type":"Point","coordinates":[23.71276,43.87767]}},{"type":"Feature","id":2687,"properties":{"capital":false},"geometry":{"type":"Point","coordinates":[23.70975,43.91634]}},{"type":"Feature","id":2688,"properties":{"capital":false},"geometry":{"type":"Point","coordinates":[23.09663,44.03111]}},{"type":"Feature","id":2689,"properties":{"capital":false},"geometry":{"type":"Point","coordinates":[23.85573,44.23724]}},{"type":"Feature","id":2690,"properties":{"capital":false},"geometry":{"type":"Point","coordinates":[23.70799,44.57168]}},{"type":"Feature","id":2691,"properties":{"capital":false},"geometry":{"type":"Point","coordinates":[23.85185,44.39286]}},{"type":"Feature","id":2692,"properties":{"capital":false},"geometry":{"type":"Point","coordinates":[24.01768,44.01124]}},{"type":"Feature","id":2693,"properties":{"capital":false},"geometry":{"type":"Point","coordinates":[23.20138,44.09579]}},{"type":"Feature","id":2694,"properties":{"capital":false},"geometry":{"type":"Point","coordinates":[23.81327,44.54698]}},{"type":"Feature","id":2695,"properties":{"capital":false},"geometry":{"type":"Point","coordinates":[23.37137,43.91362]}},{"type":"Feature","id":2696,"properties":{"capital":false},"geometry":{"type":"Point","coordinates":[23.94419,46.19983]}},{"type":"Feature","id":2697,"properties":{"capital":false},"geometry":{"type":"Point","coordinates":[23.24645,44.24448]}},{"type":"Feature","id":2698,"properties":{"capital":false},"geometry":{"type":"Point","coordinates":[23.89406,43.80791]}},{"type":"Feature","id":2699,"properties":{"capital":false},"geometry":{"type":"Point","coordinates":[23.47358,44.14298]}},{"type":"Feature","id":2700,"properties":{"capital":false},"geometry":{"type":"Point","coordinates":[23.94812,44.3395]}},{"type":"Feature","id":2701,"properties":{"capital":false},"geometry":{"type":"Point","coordinates":[23.16325,43.89849]}},{"type":"Feature","id":2702,"properties":{"capital":false},"geometry":{"type":"Point","coordinates":[23.18655,44.22164]}},{"type":"Feature","id":2703,"properties":{"capital":false},"geometry":{"type":"Point","coordinates":[23.06474,43.92085]}},{"type":"Feature","id":2704,"properties":{"capital":false},"geometry":{"type":"Point","coordinates":[23.60405,44.36023]}},{"type":"Feature","id":2705,"properties":{"capital":false},"geometry":{"type":"Point","coordinates":[23.64965,46.13688]}},{"type":"Feature","id":2706,"properties":{"capital":false},"geometry":{"type":"Point","coordinates":[23.60386,44.16048]}},{"type":"Feature","id":2707,"properties":{"capital":false},"geometry":{"type":"Point","coordinates":[23.28257,43.88678]}},{"type":"Feature","id":2708,"properties":{"capital":false},"geometry":{"type":"Point","coordinates":[24.01512,44.3108]}},{"type":"Feature","id":2709,"properties":{"capital":false},"geometry":{"type":"Point","coordinates":[23.95406,43.89735]}},{"type":"Feature","id":2710,"properties":{"capital":false},"geometry":{"type":"Point","coordinates":[23.43811,44.24397]}},{"type":"Feature","id":2711,"properties":{"capital":false},"geometry":{"type":"Point","coordinates":[23.57364,44.45921]}},{"type":"Feature","id":2712,"properties":{"capital":false},"geometry":{"type":"Point","coordinates":[23.21841,43.93214]}},{"type":"Feature","id":2713,"properties":{"capital":false},"geometry":{"type":"Point","coordinates":[23.30435,44.36577]}},{"type":"Feature","id":2714,"properties":{"capital":false},"geometry":{"type":"Point","coordinates":[23.2901,44.47405]}},{"type":"Feature","id":2715,"properties":{"capital":false},"geometry":{"type":"Point","coordinates":[23.48043,44.04454]}},{"type":"Feature","id":2716,"properties":{"capital":false},"geometry":{"type":"Point","coordinates":[23.49232,44.41235]}},{"type":"Feature","id":2717,"properties":{"capital":false},"geometry":{"type":"Point","coordinates":[23.86309,44.16422]}},{"type":"Feature","id":2718,"properties":{"capital":false},"geometry":{"type":"Point","coordinates":[23.50366,44.2934]}},{"type":"Feature","id":2719,"properties":{"capital":false},"geometry":{"type":"Point","coordinates":[24.15611,44.2052]}},{"type":"Feature","id":2720,"properties":{"capital":false},"geometry":{"type":"Point","coordinates":[23.0112,46.33872]}},{"type":"Feature","id":2721,"properties":{"capital":false},"geometry":{"type":"Point","coordinates":[23.81025,44.18718]}},{"type":"Feature","id":2722,"properties":{"capital":false},"geometry":{"type":"Point","coordinates":[23.17783,44.15777]}},{"type":"Feature","id":2723,"properties":{"capital":false},"geometry":{"type":"Point","coordinates":[23.54039,44.01322]}},{"type":"Feature","id":2724,"properties":{"capital":false},"geometry":{"type":"Point","coordinates":[23.87301,43.98496]}},{"type":"Feature","id":2725,"properties":{"capital":false},"geometry":{"type":"Point","coordinates":[23.41936,44.2774]}},{"type":"Feature","id":2726,"properties":{"capital":false},"geometry":{"type":"Point","coordinates":[23.16852,44.30194]}},{"type":"Feature","id":2727,"properties":{"capital":false},"geometry":{"type":"Point","coordinates":[23.34679,44.2084]}},{"type":"Feature","id":2728,"properties":{"capital":false},"geometry":{"type":"Point","coordinates":[23.60736,44.24455]}},{"type":"Feature","id":2729,"properties":{"capital":false},"geometry":{"type":"Point","coordinates":[23.41187,43.92583]}},{"type":"Feature","id":2730,"properties":{"capital":false},"geometry":{"type":"Point","coordinates":[23.89667,44.27287]}},{"type":"Feature","id":2731,"properties":{"capital":false},"geometry":{"type":"Point","coordinates":[23.60003,43.8858]}},{"type":"Feature","id":2732,"properties":{"capital":false},"geometry":{"type":"Point","coordinates":[23.65536,44.45938]}},{"type":"Feature","id":2733,"properties":{"capital":false},"geometry":{"type":"Point","coordinates":[24.12255,43.96109]}},{"type":"Feature","id":2734,"properties":{"capital":false},"geometry":{"type":"Point","coordinates":[23.38976,44.10295]}},{"type":"Feature","id":2735,"properties":{"capital":false},"geometry":{"type":"Point","coordinates":[23.19529,43.89112]}},{"type":"Feature","id":2736,"properties":{"capital":false},"geometry":{"type":"Point","coordinates":[23.92185,44.2119]}},{"type":"Feature","id":2737,"properties":{"capital":false},"geometry":{"type":"Point","coordinates":[23.57423,44.11192]}},{"type":"Feature","id":2738,"properties":{"capital":false},"geometry":{"type":"Point","coordinates":[23.53192,44.35044]}},{"type":"Feature","id":2739,"properties":{"capital":false},"geometry":{"type":"Point","coordinates":[23.93747,44.0665]}},{"type":"Feature","id":2740,"properties":{"capital":false},"geometry":{"type":"Point","coordinates":[23.744,44.68195]}},{"type":"Feature","id":2741,"properties":{"capital":true},"geometry":{"type":"Point","coordinates":[28.03968,45.44054]}},{"type":"Feature","id":2742,"properties":{"capital":false},"geometry":{"type":"Point","coordinates":[27.92608,45.41212]}},{"type":"Feature","id":2743,"properties":{"capital":false},"geometry":{"type":"Point","coordinates":[28.01689,45.52996]}},{"type":"Feature","id":2744,"properties":{"capital":false},"geometry":{"type":"Point","coordinates":[27.42674,45.8513]}},{"type":"Feature","id":2745,"properties":{"capital":false},"geometry":{"type":"Point","coordinates":[27.46175,45.7855]}},{"type":"Feature","id":2746,"properties":{"capital":false},"geometry":{"type":"Point","coordinates":[27.43943,45.92712]}},{"type":"Feature","id":2747,"properties":{"capital":false},"geometry":{"type":"Point","coordinates":[27.88471,46.09624]}},{"type":"Feature","id":2748,"properties":{"capital":false},"geometry":{"type":"Point","coordinates":[27.90061,46.08502]}},{"type":"Feature","id":2749,"properties":{"capital":false},"geometry":{"type":"Point","coordinates":[27.91796,45.87076]}},{"type":"Feature","id":2750,"properties":{"capital":false},"geometry":{"type":"Point","coordinates":[27.47716,45.74633]}},{"type":"Feature","id":2751,"properties":{"capital":false},"geometry":{"type":"Point","coordinates":[27.72054,46.09522]}},{"type":"Feature","id":2752,"properties":{"capital":false},"geometry":{"type":"Point","coordinates":[27.67235,46.1011]}},{"type":"Feature","id":2753,"properties":{"capital":false},"geometry":{"type":"Point","coordinates":[27.84869,45.80918]}},{"type":"Feature","id":2754,"properties":{"capital":false},"geometry":{"type":"Point","coordinates":[27.93429,45.94697]}},{"type":"Feature","id":2755,"properties":{"capital":false},"geometry":{"type":"Point","coordinates":[27.83787,45.43945]}},{"type":"Feature","id":2756,"properties":{"capital":false},"geometry":{"type":"Point","coordinates":[27.36862,46.03967]}},{"type":"Feature","id":2757,"properties":{"capital":false},"geometry":{"type":"Point","coordinates":[27.30378,46.0024]}},{"type":"Feature","id":2758,"properties":{"capital":false},"geometry":{"type":"Point","coordinates":[28.01732,46.06587]}},{"type":"Feature","id":2759,"properties":{"capital":false},"geometry":{"type":"Point","coordinates":[27.63162,46.01497]}},{"type":"Feature","id":2760,"properties":{"capital":false},"geometry":{"type":"Point","coordinates":[27.62901,45.89976]}},{"type":"Feature","id":2761,"properties":{"capital":false},"geometry":{"type":"Point","coordinates":[27.78335,45.85746]}},{"type":"Feature","id":2762,"properties":{"capital":false},"geometry":{"type":"Point","coordinates":[27.3069,45.87233]}},{"type":"Feature","id":2763,"properties":{"capital":false},"geometry":{"type":"Point","coordinates":[27.72191,45.70493]}},{"type":"Feature","id":2764,"properties":{"capital":false},"geometry":{"type":"Point","coordinates":[27.89245,45.73222]}},{"type":"Feature","id":2765,"properties":{"capital":false},"geometry":{"type":"Point","coordinates":[27.68453,45.77597]}},{"type":"Feature","id":2766,"properties":{"capital":false},"geometry":{"type":"Point","coordinates":[27.76187,45.97811]}},{"type":"Feature","id":2767,"properties":{"capital":false},"geometry":{"type":"Point","coordinates":[27.99001,45.7897]}},{"type":"Feature","id":2768,"properties":{"capital":false},"geometry":{"type":"Point","coordinates":[28.05996,45.74134]}},{"type":"Feature","id":2769,"properties":{"capital":false},"geometry":{"type":"Point","coordinates":[28.06475,45.65277]}},{"type":"Feature","id":2770,"properties":{"capital":false},"geometry":{"type":"Point","coordinates":[27.54804,45.57504]}},{"type":"Feature","id":2771,"properties":{"capital":false},"geometry":{"type":"Point","coordinates":[27.48837,46.04209]}},{"type":"Feature","id":2772,"properties":{"capital":false},"geometry":{"type":"Point","coordinates":[27.41065,46.06467]}},{"type":"Feature","id":2773,"properties":{"capital":false},"geometry":{"type":"Point","coordinates":[27.64431,45.71643]}},{"type":"Feature","id":2774,"properties":{"capital":false},"geometry":{"type":"Point","coordinates":[27.75874,45.4744]}},{"type":"Feature","id":2775,"properties":{"capital":false},"geometry":{"type":"Point","coordinates":[27.51774,45.68411]}},{"type":"Feature","id":2776,"properties":{"capital":false},"geometry":{"type":"Point","coordinates":[27.8714,45.9914]}},{"type":"Feature","id":2777,"properties":{"capital":false},"geometry":{"type":"Point","coordinates":[27.53981,45.61993]}},{"type":"Feature","id":2778,"properties":{"capital":false},"geometry":{"type":"Point","coordinates":[27.53508,45.85661]}},{"type":"Feature","id":2779,"properties":{"capital":false},"geometry":{"type":"Point","coordinates":[28.05322,45.76356]}},{"type":"Feature","id":2780,"properties":{"capital":false},"geometry":{"type":"Point","coordinates":[27.37435,45.76559]}},{"type":"Feature","id":2781,"properties":{"capital":false},"geometry":{"type":"Point","coordinates":[27.55075,45.53585]}},{"type":"Feature","id":2782,"properties":{"capital":false},"geometry":{"type":"Point","coordinates":[27.30706,45.93123]}},{"type":"Feature","id":2783,"properties":{"capital":false},"geometry":{"type":"Point","coordinates":[28.11045,45.91826]}},{"type":"Feature","id":2784,"properties":{"capital":false},"geometry":{"type":"Point","coordinates":[27.797,45.62461]}},{"type":"Feature","id":2785,"properties":{"capital":false},"geometry":{"type":"Point","coordinates":[27.72412,45.49929]}},{"type":"Feature","id":2786,"properties":{"capital":false},"geometry":{"type":"Point","coordinates":[27.43774,46.08582]}},{"type":"Feature","id":2787,"properties":{"capital":false},"geometry":{"type":"Point","coordinates":[27.83836,45.71273]}},{"type":"Feature","id":2788,"properties":{"capital":false},"geometry":{"type":"Point","coordinates":[28.0036,45.67489]}},{"type":"Feature","id":2789,"properties":{"capital":false},"geometry":{"type":"Point","coordinates":[27.83133,45.50011]}},{"type":"Feature","id":2790,"properties":{"capital":false},"geometry":{"type":"Point","coordinates":[27.77227,45.58264]}},{"type":"Feature","id":2791,"properties":{"capital":false},"geometry":{"type":"Point","coordinates":[27.94443,45.47119]}},{"type":"Feature","id":2792,"properties":{"capital":false},"geometry":{"type":"Point","coordinates":[27.75336,45.93222]}},{"type":"Feature","id":2793,"properties":{"capital":false},"geometry":{"type":"Point","coordinates":[28.02082,46.00927]}},{"type":"Feature","id":2794,"properties":{"capital":false},"geometry":{"type":"Point","coordinates":[27.64924,45.56441]}},{"type":"Feature","id":2795,"properties":{"capital":false},"geometry":{"type":"Point","coordinates":[28.04634,45.56543]}},{"type":"Feature","id":2796,"properties":{"capital":false},"geometry":{"type":"Point","coordinates":[27.37793,45.96887]}},{"type":"Feature","id":2797,"properties":{"capital":false},"geometry":{"type":"Point","coordinates":[27.46829,45.71495]}},{"type":"Feature","id":2798,"properties":{"capital":false},"geometry":{"type":"Point","coordinates":[27.68986,45.83841]}},{"type":"Feature","id":2799,"properties":{"capital":false},"geometry":{"type":"Point","coordinates":[27.84645,45.9015]}},{"type":"Feature","id":2800,"properties":{"capital":false},"geometry":{"type":"Point","coordinates":[28.08952,45.83736]}},{"type":"Feature","id":2801,"properties":{"capital":false},"geometry":{"type":"Point","coordinates":[27.78783,46.07239]}},{"type":"Feature","id":2802,"properties":{"capital":false},"geometry":{"type":"Point","coordinates":[27.47932,45.95704]}},{"type":"Feature","id":2803,"properties":{"capital":false},"geometry":{"type":"Point","coordinates":[27.25456,45.99203]}},{"type":"Feature","id":2804,"properties":{"capital":false},"geometry":{"type":"Point","coordinates":[27.79116,45.5957]}},{"type":"Feature","id":2805,"properties":{"capital":false},"geometry":{"type":"Point","coordinates":[27.82527,45.72849]}},{"type":"Feature","id":2806,"properties":{"capital":false},"geometry":{"type":"Point","coordinates":[23.63965,46.2219]}},{"type":"Feature","id":2807,"properties":{"capital":true},"geometry":{"type":"Point","coordinates":[23.27406,45.03575]}},{"type":"Feature","id":2808,"properties":{"capital":false},"geometry":{"type":"Point","coordinates":[23.20862,45.01767]}},{"type":"Feature","id":2809,"properties":{"capital":false},"geometry":{"type":"Point","coordinates":[23.23128,44.97521]}},{"type":"Feature","id":2810,"properties":{"capital":false},"geometry":{"type":"Point","coordinates":[23.31072,45.09798]}},{"type":"Feature","id":2811,"properties":{"capital":false},"geometry":{"type":"Point","coordinates":[23.33433,45.93827]}},{"type":"Feature","id":2812,"properties":{"capital":false},"geometry":{"type":"Point","coordinates":[22.9726,44.80278]}},{"type":"Feature","id":2813,"properties":{"capital":false},"geometry":{"type":"Point","coordinates":[23.66888,45.17712]}},{"type":"Feature","id":2814,"properties":{"capital":false},"geometry":{"type":"Point","coordinates":[23.51358,44.95663]}},{"type":"Feature","id":2815,"properties":{"capital":false},"geometry":{"type":"Point","coordinates":[23.38767,44.88312]}},{"type":"Feature","id":2816,"properties":{"capital":false},"geometry":{"type":"Point","coordinates":[23.60272,45.02893]}},{"type":"Feature","id":2817,"properties":{"capital":false},"geometry":{"type":"Point","coordinates":[23.79958,45.10228]}},{"type":"Feature","id":2818,"properties":{"capital":false},"geometry":{"type":"Point","coordinates":[23.48463,44.7441]}},{"type":"Feature","id":2819,"properties":{"capital":false},"geometry":{"type":"Point","coordinates":[24.01516,46.21828]}},{"type":"Feature","id":2820,"properties":{"capital":false},"geometry":{"type":"Point","coordinates":[23.1329,45.0753]}},{"type":"Feature","id":2821,"properties":{"capital":false},"geometry":{"type":"Point","coordinates":[23.76162,45.17109]}},{"type":"Feature","id":2822,"properties":{"capital":false},"geometry":{"type":"Point","coordinates":[23.4199,45.08714]}},{"type":"Feature","id":2823,"properties":{"capital":false},"geometry":{"type":"Point","coordinates":[23.50668,44.86896]}},{"type":"Feature","id":2824,"properties":{"capital":false},"geometry":{"type":"Point","coordinates":[23.58743,45.07132]}},{"type":"Feature","id":2825,"properties":{"capital":false},"geometry":{"type":"Point","coordinates":[23.66668,44.91313]}},{"type":"Feature","id":2826,"properties":{"capital":false},"geometry":{"type":"Point","coordinates":[23.27157,44.86887]}},{"type":"Feature","id":2827,"properties":{"capital":false},"geometry":{"type":"Point","coordinates":[23.22787,44.74574]}},{"type":"Feature","id":2828,"properties":{"capital":false},"geometry":{"type":"Point","coordinates":[23.2828,44.69439]}},{"type":"Feature","id":2829,"properties":{"capital":false},"geometry":{"type":"Point","coordinates":[23.45356,44.65147]}},{"type":"Feature","id":2830,"properties":{"capital":false},"geometry":{"type":"Point","coordinates":[23.38194,45.17862]}},{"type":"Feature","id":2831,"properties":{"capital":false},"geometry":{"type":"Point","coordinates":[23.68535,45.1282]}},{"type":"Feature","id":2832,"properties":{"capital":false},"geometry":{"type":"Point","coordinates":[23.7266,44.9642]}},{"type":"Feature","id":2833,"properties":{"capital":false},"geometry":{"type":"Point","coordinates":[23.77598,45.97414]}},{"type":"Feature","id":2834,"properties":{"capital":false},"geometry":{"type":"Point","coordinates":[23.62809,44.75161]}},{"type":"Feature","id":2835,"properties":{"capital":false},"geometry":{"type":"Point","coordinates":[22.90552,44.86409]}},{"type":"Feature","id":2836,"properties":{"capital":false},"geometry":{"type":"Point","coordinates":[23.01089,44.93862]}},{"type":"Feature","id":2837,"properties":{"capital":false},"geometry":{"type":"Point","coordinates":[23.07187,44.95786]}},{"type":"Feature","id":2838,"properties":{"capital":false},"geometry":{"type":"Point","coordinates":[23.52437,45.17365]}},{"type":"Feature","id":2839,"properties":{"capital":false},"geometry":{"type":"Point","coordinates":[23.65905,44.63051]}},{"type":"Feature","id":2840,"properties":{"capital":false},"geometry":{"type":"Point","coordinates":[23.75668,44.73307]}},{"type":"Feature","id":2841,"properties":{"capital":false},"geometry":{"type":"Point","coordinates":[23.31742,44.97619]}},{"type":"Feature","id":2842,"properties":{"capital":false},"geometry":{"type":"Point","coordinates":[23.62558,45.77526]}},{"type":"Feature","id":2843,"properties":{"capital":false},"geometry":{"type":"Point","coordinates":[23.14108,44.82012]}},{"type":"Feature","id":2844,"properties":{"capital":false},"geometry":{"type":"Point","coordinates":[23.21746,44.86058]}},{"type":"Feature","id":2845,"properties":{"capital":false},"geometry":{"type":"Point","coordinates":[22.91401,44.90609]}},{"type":"Feature","id":2846,"properties":{"capital":false},"geometry":{"type":"Point","coordinates":[22.96482,45.00667]}},{"type":"Feature","id":2847,"properties":{"capital":false},"geometry":{"type":"Point","coordinates":[23.64672,44.80295]}},{"type":"Feature","id":2848,"properties":{"capital":false},"geometry":{"type":"Point","coordinates":[23.43003,44.62282]}},{"type":"Feature","id":2849,"properties":{"capital":false},"geometry":{"type":"Point","coordinates":[23.5292,44.90619]}},{"type":"Feature","id":2850,"properties":{"capital":false},"geometry":{"type":"Point","coordinates":[23.20208,45.09329]}},{"type":"Feature","id":2851,"properties":{"capital":false},"geometry":{"type":"Point","coordinates":[23.6208,44.92133]}},{"type":"Feature","id":2852,"properties":{"capital":false},"geometry":{"type":"Point","coordinates":[23.7124,44.8718]}},{"type":"Feature","id":2853,"properties":{"capital":false},"geometry":{"type":"Point","coordinates":[23.08719,44.84744]}},{"type":"Feature","id":2854,"properties":{"capital":false},"geometry":{"type":"Point","coordinates":[23.46173,45.1399]}},{"type":"Feature","id":2855,"properties":{"capital":false},"geometry":{"type":"Point","coordinates":[23.67365,46.2074]}},{"type":"Feature","id":2856,"properties":{"capital":false},"geometry":{"type":"Point","coordinates":[23.17601,44.83114]}},{"type":"Feature","id":2857,"properties":{"capital":false},"geometry":{"type":"Point","coordinates":[22.8193,45.05052]}},{"type":"Feature","id":2858,"properties":{"capital":false},"geometry":{"type":"Point","coordinates":[23.04562,45.07785]}},{"type":"Feature","id":2859,"properties":{"capital":false},"geometry":{"type":"Point","coordinates":[23.34871,44.78952]}},{"type":"Feature","id":2860,"properties":{"capital":false},"geometry":{"type":"Point","coordinates":[23.80351,45.17436]}},{"type":"Feature","id":2861,"properties":{"capital":false},"geometry":{"type":"Point","coordinates":[23.68498,45.07043]}},{"type":"Feature","id":2862,"properties":{"capital":false},"geometry":{"type":"Point","coordinates":[23.76417,45.04702]}},{"type":"Feature","id":2863,"properties":{"capital":false},"geometry":{"type":"Point","coordinates":[23.14116,45.11864]}},{"type":"Feature","id":2864,"properties":{"capital":false},"geometry":{"type":"Point","coordinates":[23.81156,46.40358]}},{"type":"Feature","id":2865,"properties":{"capital":false},"geometry":{"type":"Point","coordinates":[23.04252,44.75647]}},{"type":"Feature","id":2866,"properties":{"capital":false},"geometry":{"type":"Point","coordinates":[23.54077,45.10521]}},{"type":"Feature","id":2867,"properties":{"capital":false},"geometry":{"type":"Point","coordinates":[23.48111,44.80888]}},{"type":"Feature","id":2868,"properties":{"capital":false},"geometry":{"type":"Point","coordinates":[23.46754,45.01696]}},{"type":"Feature","id":2869,"properties":{"capital":false},"geometry":{"type":"Point","coordinates":[23.3396,45.13592]}},{"type":"Feature","id":2870,"properties":{"capital":false},"geometry":{"type":"Point","coordinates":[23.13471,44.77785]}},{"type":"Feature","id":2871,"properties":{"capital":false},"geometry":{"type":"Point","coordinates":[23.23967,45.11537]}},{"type":"Feature","id":2872,"properties":{"capital":false},"geometry":{"type":"Point","coordinates":[23.6903,44.77317]}},{"type":"Feature","id":2873,"properties":{"capital":false},"geometry":{"type":"Point","coordinates":[22.96513,46.3947]}},{"type":"Feature","id":2874,"properties":{"capital":false},"geometry":{"type":"Point","coordinates":[23.63262,44.68386]}},{"type":"Feature","id":2875,"properties":{"capital":false},"geometry":{"type":"Point","coordinates":[23.08071,44.99948]}},{"type":"Feature","id":2876,"properties":{"capital":false},"geometry":{"type":"Point","coordinates":[22.94837,45.04943]}},{"type":"Feature","id":2877,"properties":{"capital":false},"geometry":{"type":"Point","coordinates":[23.51514,44.71887]}},{"type":"Feature","id":2878,"properties":{"capital":false},"geometry":{"type":"Point","coordinates":[23.37895,44.67356]}},{"type":"Feature","id":2879,"properties":{"capital":false},"geometry":{"type":"Point","coordinates":[23.49084,44.59492]}},{"type":"Feature","id":2880,"properties":{"capital":false},"geometry":{"type":"Point","coordinates":[23.29299,44.79661]}},{"type":"Feature","id":2881,"properties":{"capital":false},"geometry":{"type":"Point","coordinates":[23.0818,44.71772]}},{"type":"Feature","id":2882,"properties":{"capital":false},"geometry":{"type":"Point","coordinates":[23.54946,44.78916]}},{"type":"Feature","id":2883,"properties":{"capital":false},"geometry":{"type":"Point","coordinates":[23.17852,44.93122]}},{"type":"Feature","id":2884,"properties":{"capital":false},"geometry":{"type":"Point","coordinates":[25.29395,46.30619]}},{"type":"Feature","id":2885,"properties":{"capital":false},"geometry":{"type":"Point","coordinates":[25.34113,46.34307]}},{"type":"Feature","id":2886,"properties":{"capital":false},"geometry":{"type":"Point","coordinates":[25.27884,46.27419]}},{"type":"Feature","id":2887,"properties":{"capital":true},"geometry":{"type":"Point","coordinates":[25.80574,46.36304]}},{"type":"Feature","id":2888,"properties":{"capital":false},"geometry":{"type":"Point","coordinates":[25.83481,46.39476]}},{"type":"Feature","id":2889,"properties":{"capital":false},"geometry":{"type":"Point","coordinates":[25.85797,46.14778]}},{"type":"Feature","id":2890,"properties":{"capital":false},"geometry":{"type":"Point","coordinates":[25.80753,46.65515]}},{"type":"Feature","id":2891,"properties":{"capital":false},"geometry":{"type":"Point","coordinates":[25.56015,46.96525]}},{"type":"Feature","id":2892,"properties":{"capital":false},"geometry":{"type":"Point","coordinates":[25.0323,46.29039]}},{"type":"Feature","id":2893,"properties":{"capital":false},"geometry":{"type":"Point","coordinates":[24.04384,46.12563]}},{"type":"Feature","id":2894,"properties":{"capital":false},"geometry":{"type":"Point","coordinates":[25.60401,46.72142]}},{"type":"Feature","id":2895,"properties":{"capital":false},"geometry":{"type":"Point","coordinates":[25.34904,46.92407]}},{"type":"Feature","id":2896,"properties":{"capital":false},"geometry":{"type":"Point","coordinates":[25.52866,46.34499]}},{"type":"Feature","id":2897,"properties":{"capital":false},"geometry":{"type":"Point","coordinates":[25.04682,46.45297]}},{"type":"Feature","id":2898,"properties":{"capital":false},"geometry":{"type":"Point","coordinates":[25.00869,46.33527]}},{"type":"Feature","id":2899,"properties":{"capital":false},"geometry":{"type":"Point","coordinates":[25.49076,47.06519]}},{"type":"Feature","id":2900,"properties":{"capital":false},"geometry":{"type":"Point","coordinates":[25.51359,46.3602]}},{"type":"Feature","id":2901,"properties":{"capital":false},"geometry":{"type":"Point","coordinates":[25.95506,46.32176]}},{"type":"Feature","id":2902,"properties":{"capital":false},"geometry":{"type":"Point","coordinates":[25.51668,46.67795]}},{"type":"Feature","id":2903,"properties":{"capital":false},"geometry":{"type":"Point","coordinates":[25.76037,46.53581]}},{"type":"Feature","id":2904,"properties":{"capital":false},"geometry":{"type":"Point","coordinates":[25.68312,46.99116]}},{"type":"Feature","id":2905,"properties":{"capital":false},"geometry":{"type":"Point","coordinates":[25.18688,46.47015]}},{"type":"Feature","id":2906,"properties":{"capital":false},"geometry":{"type":"Point","coordinates":[25.74833,46.51686]}},{"type":"Feature","id":2907,"properties":{"capital":false},"geometry":{"type":"Point","coordinates":[22.88652,46.36728]}},{"type":"Feature","id":2908,"properties":{"capital":false},"geometry":{"type":"Point","coordinates":[25.30483,46.3953]}},{"type":"Feature","id":2909,"properties":{"capital":false},"geometry":{"type":"Point","coordinates":[25.49933,46.80365]}},{"type":"Feature","id":2910,"properties":{"capital":false},"geometry":{"type":"Point","coordinates":[25.19733,46.20046]}},{"type":"Feature","id":2911,"properties":{"capital":false},"geometry":{"type":"Point","coordinates":[25.85189,46.45326]}},{"type":"Feature","id":2912,"properties":{"capital":false},"geometry":{"type":"Point","coordinates":[25.40503,46.91057]}},{"type":"Feature","id":2913,"properties":{"capital":false},"geometry":{"type":"Point","coordinates":[25.50413,46.70082]}},{"type":"Feature","id":2914,"properties":{"capital":false},"geometry":{"type":"Point","coordinates":[25.53479,46.74573]}},{"type":"Feature","id":2915,"properties":{"capital":false},"geometry":{"type":"Point","coordinates":[25.48836,46.27352]}},{"type":"Feature","id":2916,"properties":{"capital":false},"geometry":{"type":"Point","coordinates":[25.97274,46.56204]}},{"type":"Feature","id":2917,"properties":{"capital":false},"geometry":{"type":"Point","coordinates":[25.9584,46.52983]}},{"type":"Feature","id":2918,"properties":{"capital":false},"geometry":{"type":"Point","coordinates":[25.22461,46.38013]}},{"type":"Feature","id":2919,"properties":{"capital":false},"geometry":{"type":"Point","coordinates":[25.38934,46.23253]}},{"type":"Feature","id":2920,"properties":{"capital":false},"geometry":{"type":"Point","coordinates":[25.45943,46.23431]}},{"type":"Feature","id":2921,"properties":{"capital":false},"geometry":{"type":"Point","coordinates":[25.83063,46.47464]}},{"type":"Feature","id":2922,"properties":{"capital":false},"geometry":{"type":"Point","coordinates":[25.22086,46.25846]}},{"type":"Feature","id":2923,"properties":{"capital":false},"geometry":{"type":"Point","coordinates":[25.42528,46.15929]}},{"type":"Feature","id":2924,"properties":{"capital":false},"geometry":{"type":"Point","coordinates":[26.09878,46.228]}},{"type":"Feature","id":2925,"properties":{"capital":false},"geometry":{"type":"Point","coordinates":[25.12421,46.55236]}},{"type":"Feature","id":2926,"properties":{"capital":false},"geometry":{"type":"Point","coordinates":[25.44871,46.79327]}},{"type":"Feature","id":2927,"properties":{"capital":false},"geometry":{"type":"Point","coordinates":[24.92843,46.31335]}},{"type":"Feature","id":2928,"properties":{"capital":false},"geometry":{"type":"Point","coordinates":[25.44504,46.87575]}},{"type":"Feature","id":2929,"properties":{"capital":false},"geometry":{"type":"Point","coordinates":[24.97301,46.26145]}},{"type":"Feature","id":2930,"properties":{"capital":false},"geometry":{"type":"Point","coordinates":[25.75253,46.43511]}},{"type":"Feature","id":2931,"properties":{"capital":false},"geometry":{"type":"Point","coordinates":[25.84435,46.30548]}},{"type":"Feature","id":2932,"properties":{"capital":false},"geometry":{"type":"Point","coordinates":[25.79149,46.57907]}},{"type":"Feature","id":2933,"properties":{"capital":false},"geometry":{"type":"Point","coordinates":[25.94407,46.26605]}},{"type":"Feature","id":2934,"properties":{"capital":false},"geometry":{"type":"Point","coordinates":[25.88452,46.25799]}},{"type":"Feature","id":2935,"properties":{"capital":false},"geometry":{"type":"Point","coordinates":[25.43118,46.85553]}},{"type":"Feature","id":2936,"properties":{"capital":false},"geometry":{"type":"Point","coordinates":[25.55574,46.66714]}},{"type":"Feature","id":2937,"properties":{"capital":false},"geometry":{"type":"Point","coordinates":[25.10728,46.33571]}},{"type":"Feature","id":2938,"properties":{"capital":false},"geometry":{"type":"Point","coordinates":[25.76107,46.96515]}},{"type":"Feature","id":2939,"properties":{"capital":false},"geometry":{"type":"Point","coordinates":[25.915,46.20541]}},{"type":"Feature","id":2940,"properties":{"capital":false},"geometry":{"type":"Point","coordinates":[25.24384,46.21245]}},{"type":"Feature","id":2941,"properties":{"capital":false},"geometry":{"type":"Point","coordinates":[25.33743,46.53129]}},{"type":"Feature","id":2942,"properties":{"capital":false},"geometry":{"type":"Point","coordinates":[25.62134,46.64428]}},{"type":"Feature","id":2943,"properties":{"capital":false},"geometry":{"type":"Point","coordinates":[25.36989,46.39136]}},{"type":"Feature","id":2944,"properties":{"capital":false},"geometry":{"type":"Point","coordinates":[25.74594,46.49446]}},{"type":"Feature","id":2945,"properties":{"capital":false},"geometry":{"type":"Point","coordinates":[25.94054,46.22651]}},{"type":"Feature","id":2946,"properties":{"capital":false},"geometry":{"type":"Point","coordinates":[25.77765,46.55591]}},{"type":"Feature","id":2947,"properties":{"capital":false},"geometry":{"type":"Point","coordinates":[25.78048,46.41302]}},{"type":"Feature","id":2948,"properties":{"capital":false},"geometry":{"type":"Point","coordinates":[25.84627,46.34686]}},{"type":"Feature","id":2949,"properties":{"capital":false},"geometry":{"type":"Point","coordinates":[25.13464,46.27522]}},{"type":"Feature","id":2950,"properties":{"capital":false},"geometry":{"type":"Point","coordinates":[25.75904,46.45151]}},{"type":"Feature","id":2951,"properties":{"capital":false},"geometry":{"type":"Point","coordinates":[25.38222,46.34055]}},{"type":"Feature","id":2952,"properties":{"capital":false},"geometry":{"type":"Point","coordinates":[25.85284,46.281]}},{"type":"Feature","id":2953,"properties":{"capital":true},"geometry":{"type":"Point","coordinates":[22.90328,45.87925]}},{"type":"Feature","id":2954,"properties":{"capital":false},"geometry":{"type":"Point","coordinates":[22.82597,45.84427]}},{"type":"Feature","id":2955,"properties":{"capital":false},"geometry":{"type":"Point","coordinates":[22.9008,45.75223]}},{"type":"Feature","id":2956,"properties":{"capital":false},"geometry":{"type":"Point","coordinates":[22.78595,45.71105]}},{"type":"Feature","id":2957,"properties":{"capital":false},"geometry":{"type":"Point","coordinates":[22.88731,45.71664]}},{"type":"Feature","id":2958,"properties":{"capital":false},"geometry":{"type":"Point","coordinates":[23.36692,45.41894]}},{"type":"Feature","id":2959,"properties":{"capital":false},"geometry":{"type":"Point","coordinates":[23.22007,45.35622]}},{"type":"Feature","id":2960,"properties":{"capital":false},"geometry":{"type":"Point","coordinates":[23.38854,45.44938]}},{"type":"Feature","id":2961,"properties":{"capital":false},"geometry":{"type":"Point","coordinates":[23.11533,45.32984]}},{"type":"Feature","id":2962,"properties":{"capital":false},"geometry":{"type":"Point","coordinates":[23.29194,45.37614]}},{"type":"Feature","id":2963,"properties":{"capital":false},"geometry":{"type":"Point","coordinates":[23.31684,45.40805]}},{"type":"Feature","id":2964,"properties":{"capital":false},"geometry":{"type":"Point","coordinates":[23.26103,45.44781]}},{"type":"Feature","id":2965,"properties":{"capital":false},"geometry":{"type":"Point","coordinates":[22.78759,46.12915]}},{"type":"Feature","id":2966,"properties":{"capital":false},"geometry":{"type":"Point","coordinates":[22.86553,46.12311]}},{"type":"Feature","id":2967,"properties":{"capital":false},"geometry":{"type":"Point","coordinates":[22.98939,45.73371]}},{"type":"Feature","id":2968,"properties":{"capital":false},"geometry":{"type":"Point","coordinates":[22.94697,45.60945]}},{"type":"Feature","id":2969,"properties":{"capital":false},"geometry":{"type":"Point","coordinates":[23.19728,45.8381]}},{"type":"Feature","id":2970,"properties":{"capital":false},"geometry":{"type":"Point","coordinates":[23.01511,45.84797]}},{"type":"Feature","id":2971,"properties":{"capital":false},"geometry":{"type":"Point","coordinates":[22.71557,46.17312]}},{"type":"Feature","id":2972,"properties":{"capital":false},"geometry":{"type":"Point","coordinates":[23.09889,46.02876]}},{"type":"Feature","id":2973,"properties":{"capital":false},"geometry":{"type":"Point","coordinates":[23.16115,45.47186]}},{"type":"Feature","id":2974,"properties":{"capital":false},"geometry":{"type":"Point","coordinates":[23.00702,45.80265]}},{"type":"Feature","id":2975,"properties":{"capital":false},"geometry":{"type":"Point","coordinates":[22.89123,46.03092]}},{"type":"Feature","id":2976,"properties":{"capital":false},"geometry":{"type":"Point","coordinates":[22.58392,45.79137]}},{"type":"Feature","id":2977,"properties":{"capital":false},"geometry":{"type":"Point","coordinates":[23.48417,45.99274]}},{"type":"Feature","id":2978,"properties":{"capital":false},"geometry":{"type":"Point","coordinates":[23.1908,45.79046]}},{"type":"Feature","id":2979,"properties":{"capital":false},"geometry":{"type":"Point","coordinates":[22.90758,46.21358]}},{"type":"Feature","id":2980,"properties":{"capital":false},"geometry":{"type":"Point","coordinates":[23.09234,45.68251]}},{"type":"Feature","id":2981,"properties":{"capital":false},"geometry":{"type":"Point","coordinates":[22.7728,45.91873]}},{"type":"Feature","id":2982,"properties":{"capital":false},"geometry":{"type":"Point","coordinates":[23.01583,45.66053]}},{"type":"Feature","id":2983,"properties":{"capital":false},"geometry":{"type":"Point","coordinates":[22.94172,46.18738]}},{"type":"Feature","id":2984,"properties":{"capital":false},"geometry":{"type":"Point","coordinates":[22.90159,46.12784]}},{"type":"Feature","id":2985,"properties":{"capital":false},"geometry":{"type":"Point","coordinates":[22.76067,46.30085]}},{"type":"Feature","id":2986,"properties":{"capital":false},"geometry":{"type":"Point","coordinates":[22.67374,45.69735]}},{"type":"Feature","id":2987,"properties":{"capital":false},"geometry":{"type":"Point","coordinates":[22.4898,45.95018]}},{"type":"Feature","id":2988,"properties":{"capital":false},"geometry":{"type":"Point","coordinates":[22.71308,45.78043]}},{"type":"Feature","id":2989,"properties":{"capital":false},"geometry":{"type":"Point","coordinates":[22.96999,45.9719]}},{"type":"Feature","id":2990,"properties":{"capital":false},"geometry":{"type":"Point","coordinates":[22.80066,45.57884]}},{"type":"Feature","id":2991,"properties":{"capital":false},"geometry":{"type":"Point","coordinates":[22.57066,45.91161]}},{"type":"Feature","id":2992,"properties":{"capital":false},"geometry":{"type":"Point","coordinates":[23.19974,45.91984]}},{"type":"Feature","id":2993,"properties":{"capital":false},"geometry":{"type":"Point","coordinates":[22.58861,45.9506]}},{"type":"Feature","id":2994,"properties":{"capital":false},"geometry":{"type":"Point","coordinates":[22.95723,45.90044]}},{"type":"Feature","id":2995,"properties":{"capital":false},"geometry":{"type":"Point","coordinates":[22.66184,45.93359]}},{"type":"Feature","id":2996,"properties":{"capital":false},"geometry":{"type":"Point","coordinates":[22.48077,45.88608]}},{"type":"Feature","id":2997,"properties":{"capital":false},"geometry":{"type":"Point","coordinates":[22.6971,45.73291]}},{"type":"Feature","id":2998,"properties":{"capital":false},"geometry":{"type":"Point","coordinates":[22.61539,45.63858]}},{"type":"Feature","id":2999,"properties":{"capital":false},"geometry":{"type":"Point","coordinates":[23.66563,45.93942]}},{"type":"Feature","id":3000,"properties":{"capital":false},"geometry":{"type":"Point","coordinates":[22.78922,46.07602]}},{"type":"Feature","id":3001,"properties":{"capital":false},"geometry":{"type":"Point","coordinates":[23.83798,46.19254]}},{"type":"Feature","id":3002,"properties":{"capital":false},"geometry":{"type":"Point","coordinates":[23.12679,45.81302]}},{"type":"Feature","id":3003,"properties":{"capital":false},"geometry":{"type":"Point","coordinates":[23.17118,45.73126]}},{"type":"Feature","id":3004,"properties":{"capital":false},"geometry":{"type":"Point","coordinates":[22.88362,45.79837]}},{"type":"Feature","id":3005,"properties":{"capital":false},"geometry":{"type":"Point","coordinates":[23.09035,45.51661]}},{"type":"Feature","id":3006,"properties":{"capital":false},"geometry":{"type":"Point","coordinates":[23.07361,45.86523]}},{"type":"Feature","id":3007,"properties":{"capital":false},"geometry":{"type":"Point","coordinates":[22.74799,45.60396]}},{"type":"Feature","id":3008,"properties":{"capital":false},"geometry":{"type":"Point","coordinates":[22.76666,46.17709]}},{"type":"Feature","id":3009,"properties":{"capital":false},"geometry":{"type":"Point","coordinates":[22.85373,45.49558]}},{"type":"Feature","id":3010,"properties":{"capital":false},"geometry":{"type":"Point","coordinates":[23.27488,45.84037]}},{"type":"Feature","id":3011,"properties":{"capital":false},"geometry":{"type":"Point","coordinates":[22.77999,45.5152]}},{"type":"Feature","id":3012,"properties":{"capital":false},"geometry":{"type":"Point","coordinates":[22.95206,45.51115]}},{"type":"Feature","id":3013,"properties":{"capital":false},"geometry":{"type":"Point","coordinates":[22.96885,45.58842]}},{"type":"Feature","id":3014,"properties":{"capital":false},"geometry":{"type":"Point","coordinates":[22.88136,45.91491]}},{"type":"Feature","id":3015,"properties":{"capital":false},"geometry":{"type":"Point","coordinates":[22.66479,46.21418]}},{"type":"Feature","id":3016,"properties":{"capital":false},"geometry":{"type":"Point","coordinates":[22.78482,45.6865]}},{"type":"Feature","id":3017,"properties":{"capital":false},"geometry":{"type":"Point","coordinates":[22.88605,45.57478]}},{"type":"Feature","id":3018,"properties":{"capital":false},"geometry":{"type":"Point","coordinates":[23.12304,45.85122]}},{"type":"Feature","id":3019,"properties":{"capital":false},"geometry":{"type":"Point","coordinates":[22.8863,45.61312]}},{"type":"Feature","id":3020,"properties":{"capital":false},"geometry":{"type":"Point","coordinates":[22.596,46.17871]}},{"type":"Feature","id":3021,"properties":{"capital":false},"geometry":{"type":"Point","coordinates":[22.83334,46.04545]}},{"type":"Feature","id":3022,"properties":{"capital":false},"geometry":{"type":"Point","coordinates":[22.79593,45.90173]}},{"type":"Feature","id":3023,"properties":{"capital":false},"geometry":{"type":"Point","coordinates":[22.67219,46.02203]}},{"type":"Feature","id":3024,"properties":{"capital":false},"geometry":{"type":"Point","coordinates":[22.44281,46.00513]}},{"type":"Feature","id":3025,"properties":{"capital":true},"geometry":{"type":"Point","coordinates":[27.33503,44.19552]}},{"type":"Feature","id":3026,"properties":{"capital":false},"geometry":{"type":"Point","coordinates":[27.38638,44.19898]}},{"type":"Feature","id":3027,"properties":{"capital":true},"geometry":{"type":"Point","coordinates":[21.31118,46.1888]}},{"type":"Feature","id":3028,"properties":{"capital":true},"geometry":{"type":"Point","coordinates":[27.37444,44.56242]}},{"type":"Feature","id":3029,"properties":{"capital":false},"geometry":{"type":"Point","coordinates":[27.83158,44.3705]}},{"type":"Feature","id":3030,"properties":{"capital":false},"geometry":{"type":"Point","coordinates":[27.65048,44.64464]}},{"type":"Feature","id":3031,"properties":{"capital":false},"geometry":{"type":"Point","coordinates":[27.13098,44.5397]}},{"type":"Feature","id":3032,"properties":{"capital":false},"geometry":{"type":"Point","coordinates":[21.38342,46.12424]}},{"type":"Feature","id":3033,"properties":{"capital":false},"geometry":{"type":"Point","coordinates":[27.31609,44.62021]}},{"type":"Feature","id":3034,"properties":{"capital":false},"geometry":{"type":"Point","coordinates":[27.14298,44.57505]}},{"type":"Feature","id":3035,"properties":{"capital":false},"geometry":{"type":"Point","coordinates":[26.90156,44.63531]}},{"type":"Feature","id":3036,"properties":{"capital":false},"geometry":{"type":"Point","coordinates":[27.71661,44.32329]}},{"type":"Feature","id":3037,"properties":{"capital":false},"geometry":{"type":"Point","coordinates":[27.90307,44.48166]}},{"type":"Feature","id":3038,"properties":{"capital":false},"geometry":{"type":"Point","coordinates":[27.49283,44.60636]}},{"type":"Feature","id":3039,"properties":{"capital":false},"geometry":{"type":"Point","coordinates":[27.01547,44.62486]}},{"type":"Feature","id":3040,"properties":{"capital":false},"geometry":{"type":"Point","coordinates":[27.06382,44.19672]}},{"type":"Feature","id":3041,"properties":{"capital":false},"geometry":{"type":"Point","coordinates":[27.05824,44.59391]}},{"type":"Feature","id":3042,"properties":{"capital":false},"geometry":{"type":"Point","coordinates":[27.34217,44.53626]}},{"type":"Feature","id":3043,"properties":{"capital":false},"geometry":{"type":"Point","coordinates":[27.04611,44.73725]}},{"type":"Feature","id":3044,"properties":{"capital":false},"geometry":{"type":"Point","coordinates":[27.43509,44.55999]}},{"type":"Feature","id":3045,"properties":{"capital":false},"geometry":{"type":"Point","coordinates":[27.25065,44.26502]}},{"type":"Feature","id":3046,"properties":{"capital":false},"geometry":{"type":"Point","coordinates":[27.53547,44.23066]}},{"type":"Feature","id":3047,"properties":{"capital":false},"geometry":{"type":"Point","coordinates":[21.38463,46.22565]}},{"type":"Feature","id":3048,"properties":{"capital":false},"geometry":{"type":"Point","coordinates":[26.93161,44.44385]}},{"type":"Feature","id":3049,"properties":{"capital":false},"geometry":{"type":"Point","coordinates":[26.94961,44.21856]}},{"type":"Feature","id":3050,"properties":{"capital":false},"geometry":{"type":"Point","coordinates":[27.33254,44.43444]}},{"type":"Feature","id":3051,"properties":{"capital":false},"geometry":{"type":"Point","coordinates":[27.16168,44.43642]}},{"type":"Feature","id":3052,"properties":{"capital":false},"geometry":{"type":"Point","coordinates":[27.89144,44.55747]}},{"type":"Feature","id":3053,"properties":{"capital":false},"geometry":{"type":"Point","coordinates":[21.31095,46.27804]}},{"type":"Feature","id":3054,"properties":{"capital":false},"geometry":{"type":"Point","coordinates":[27.18239,44.61306]}},{"type":"Feature","id":3055,"properties":{"capital":false},"geometry":{"type":"Point","coordinates":[27.45666,44.63251]}},{"type":"Feature","id":3056,"properties":{"capital":false},"geometry":{"type":"Point","coordinates":[27.8549,44.74408]}},{"type":"Feature","id":3057,"properties":{"capital":false},"geometry":{"type":"Point","coordinates":[27.2061,44.234]}},{"type":"Feature","id":3058,"properties":{"capital":false},"geometry":{"type":"Point","coordinates":[26.90802,44.77185]}},{"type":"Feature","id":3059,"properties":{"capital":false},"geometry":{"type":"Point","coordinates":[27.28827,44.73506]}},{"type":"Feature","id":3060,"properties":{"capital":false},"geometry":{"type":"Point","coordinates":[27.16159,44.27724]}},{"type":"Feature","id":3061,"properties":{"capital":false},"geometry":{"type":"Point","coordinates":[27.63292,44.2912]}},{"type":"Feature","id":3062,"properties":{"capital":false},"geometry":{"type":"Point","coordinates":[26.81644,44.47486]}},{"type":"Feature","id":3063,"properties":{"capital":false},"geometry":{"type":"Point","coordinates":[26.85447,44.44092]}},{"type":"Feature","id":3064,"properties":{"capital":false},"geometry":{"type":"Point","coordinates":[26.9134,44.38755]}},{"type":"Feature","id":3065,"properties":{"capital":false},"geometry":{"type":"Point","coordinates":[21.40477,46.1635]}},{"type":"Feature","id":3066,"properties":{"capital":false},"geometry":{"type":"Point","coordinates":[27.70983,44.67857]}},{"type":"Feature","id":3067,"properties":{"capital":false},"geometry":{"type":"Point","coordinates":[27.2303,44.73397]}},{"type":"Feature","id":3068,"properties":{"capital":false},"geometry":{"type":"Point","coordinates":[27.71623,44.5372]}},{"type":"Feature","id":3069,"properties":{"capital":false},"geometry":{"type":"Point","coordinates":[26.97139,44.63811]}},{"type":"Feature","id":3070,"properties":{"capital":false},"geometry":{"type":"Point","coordinates":[27.07729,44.28576]}},{"type":"Feature","id":3071,"properties":{"capital":false},"geometry":{"type":"Point","coordinates":[27.24099,44.56095]}},{"type":"Feature","id":3072,"properties":{"capital":false},"geometry":{"type":"Point","coordinates":[27.54511,44.43692]}},{"type":"Feature","id":3073,"properties":{"capital":false},"geometry":{"type":"Point","coordinates":[27.10225,44.71381]}},{"type":"Feature","id":3074,"properties":{"capital":false},"geometry":{"type":"Point","coordinates":[27.44938,44.21407]}},{"type":"Feature","id":3075,"properties":{"capital":false},"geometry":{"type":"Point","coordinates":[26.87989,44.53948]}},{"type":"Feature","id":3076,"properties":{"capital":false},"geometry":{"type":"Point","coordinates":[27.6353,44.60258]}},{"type":"Feature","id":3077,"properties":{"capital":false},"geometry":{"type":"Point","coordinates":[27.46444,44.73377]}},{"type":"Feature","id":3078,"properties":{"capital":false},"geometry":{"type":"Point","coordinates":[26.86413,44.6432]}},{"type":"Feature","id":3079,"properties":{"capital":false},"geometry":{"type":"Point","coordinates":[27.88037,44.4123]}},{"type":"Feature","id":3080,"properties":{"capital":false},"geometry":{"type":"Point","coordinates":[27.59449,44.57209]}},{"type":"Feature","id":3081,"properties":{"capital":false},"geometry":{"type":"Point","coordinates":[27.63882,44.4257]}},{"type":"Feature","id":3082,"properties":{"capital":false},"geometry":{"type":"Point","coordinates":[27.32357,44.33069]}},{"type":"Feature","id":3083,"properties":{"capital":false},"geometry":{"type":"Point","coordinates":[21.5113,46.51979]}},{"type":"Feature","id":3084,"properties":{"capital":false},"geometry":{"type":"Point","coordinates":[26.91957,44.26458]}},{"type":"Feature","id":3085,"properties":{"capital":false},"geometry":{"type":"Point","coordinates":[27.5954,44.25748]}},{"type":"Feature","id":3086,"properties":{"capital":false},"geometry":{"type":"Point","coordinates":[27.55344,44.71742]}},{"type":"Feature","id":3087,"properties":{"capital":false},"geometry":{"type":"Point","coordinates":[27.14874,44.38806]}},{"type":"Feature","id":3088,"properties":{"capital":false},"geometry":{"type":"Point","coordinates":[27.09501,44.34071]}},{"type":"Feature","id":3089,"properties":{"capital":false},"geometry":{"type":"Point","coordinates":[27.84972,44.60626]}},{"type":"Feature","id":3090,"properties":{"capital":false},"geometry":{"type":"Point","coordinates":[21.30891,46.34325]}},{"type":"Feature","id":3091,"properties":{"capital":true},"geometry":{"type":"Point","coordinates":[27.58295,47.16162]}},{"type":"Feature","id":3092,"properties":{"capital":false},"geometry":{"type":"Point","coordinates":[27.62514,47.0737]}},{"type":"Feature","id":3093,"properties":{"capital":false},"geometry":{"type":"Point","coordinates":[27.6867,47.15454]}},{"type":"Feature","id":3094,"properties":{"capital":false},"geometry":{"type":"Point","coordinates":[27.50385,47.2169]}},{"type":"Feature","id":3095,"properties":{"capital":false},"geometry":{"type":"Point","coordinates":[27.69595,47.12482]}},{"type":"Feature","id":3096,"properties":{"capital":false},"geometry":{"type":"Point","coordinates":[26.90315,47.42697]}},{"type":"Feature","id":3097,"properties":{"capital":false},"geometry":{"type":"Point","coordinates":[21.84039,46.42557]}},{"type":"Feature","id":3098,"properties":{"capital":false},"geometry":{"type":"Point","coordinates":[26.72202,47.25317]}},{"type":"Feature","id":3099,"properties":{"capital":false},"geometry":{"type":"Point","coordinates":[27.01039,47.20765]}},{"type":"Feature","id":3100,"properties":{"capital":false},"geometry":{"type":"Point","coordinates":[27.05111,47.20321]}},{"type":"Feature","id":3101,"properties":{"capital":false},"geometry":{"type":"Point","coordinates":[26.85903,47.13156]}},{"type":"Feature","id":3102,"properties":{"capital":false},"geometry":{"type":"Point","coordinates":[27.28743,47.52811]}},{"type":"Feature","id":3103,"properties":{"capital":false},"geometry":{"type":"Point","coordinates":[21.69525,46.08999]}},{"type":"Feature","id":3104,"properties":{"capital":false},"geometry":{"type":"Point","coordinates":[27.60426,47.20381]}},{"type":"Feature","id":3105,"properties":{"capital":false},"geometry":{"type":"Point","coordinates":[27.12471,47.22231]}},{"type":"Feature","id":3106,"properties":{"capital":false},"geometry":{"type":"Point","coordinates":[27.10316,47.31126]}},{"type":"Feature","id":3107,"properties":{"capital":false},"geometry":{"type":"Point","coordinates":[27.44359,47.52128]}},{"type":"Feature","id":3108,"properties":{"capital":false},"geometry":{"type":"Point","coordinates":[27.76552,47.21674]}},{"type":"Feature","id":3109,"properties":{"capital":false},"geometry":{"type":"Point","coordinates":[27.10048,47.15489]}},{"type":"Feature","id":3110,"properties":{"capital":false},"geometry":{"type":"Point","coordinates":[26.93659,47.07002]}},{"type":"Feature","id":3111,"properties":{"capital":false},"geometry":{"type":"Point","coordinates":[26.95772,47.37705]}},{"type":"Feature","id":3112,"properties":{"capital":false},"geometry":{"type":"Point","coordinates":[27.84518,46.91028]}},{"type":"Feature","id":3113,"properties":{"capital":false},"geometry":{"type":"Point","coordinates":[27.57149,47.06519]}},{"type":"Feature","id":3114,"properties":{"capital":false},"geometry":{"type":"Point","coordinates":[20.74711,46.16629]}},{"type":"Feature","id":3115,"properties":{"capital":false},"geometry":{"type":"Point","coordinates":[27.10566,47.39097]}},{"type":"Feature","id":3116,"properties":{"capital":false},"geometry":{"type":"Point","coordinates":[27.79936,47.09457]}},{"type":"Feature","id":3117,"properties":{"capital":false},"geometry":{"type":"Point","coordinates":[27.86168,47.02885]}},{"type":"Feature","id":3118,"properties":{"capital":false},"geometry":{"type":"Point","coordinates":[26.94213,47.34764]}},{"type":"Feature","id":3119,"properties":{"capital":false},"geometry":{"type":"Point","coordinates":[21.6903,46.32884]}},{"type":"Feature","id":3120,"properties":{"capital":false},"geometry":{"type":"Point","coordinates":[27.99018,46.87479]}},{"type":"Feature","id":3121,"properties":{"capital":false},"geometry":{"type":"Point","coordinates":[26.57461,47.26019]}},{"type":"Feature","id":3122,"properties":{"capital":false},"geometry":{"type":"Point","coordinates":[26.93875,47.27479]}},{"type":"Feature","id":3123,"properties":{"capital":false},"geometry":{"type":"Point","coordinates":[27.19202,46.91887]}},{"type":"Feature","id":3124,"properties":{"capital":false},"geometry":{"type":"Point","coordinates":[26.8793,47.46001]}},{"type":"Feature","id":3125,"properties":{"capital":false},"geometry":{"type":"Point","coordinates":[27.7209,46.96313]}},{"type":"Feature","id":3126,"properties":{"capital":false},"geometry":{"type":"Point","coordinates":[22.1306,46.37196]}},{"type":"Feature","id":3127,"properties":{"capital":false},"geometry":{"type":"Point","coordinates":[27.89498,46.87522]}},{"type":"Feature","id":3128,"properties":{"capital":false},"geometry":{"type":"Point","coordinates":[27.34153,47.1745]}},{"type":"Feature","id":3129,"properties":{"capital":false},"geometry":{"type":"Point","coordinates":[27.23701,47.25798]}},{"type":"Feature","id":3130,"properties":{"capital":false},"geometry":{"type":"Point","coordinates":[27.20043,47.35091]}},{"type":"Feature","id":3131,"properties":{"capital":false},"geometry":{"type":"Point","coordinates":[27.69681,47.24192]}},{"type":"Feature","id":3132,"properties":{"capital":false},"geometry":{"type":"Point","coordinates":[28.07901,46.87678]}},{"type":"Feature","id":3133,"properties":{"capital":false},"geometry":{"type":"Point","coordinates":[27.53708,46.97284]}},{"type":"Feature","id":3134,"properties":{"capital":false},"geometry":{"type":"Point","coordinates":[27.26649,47.35518]}},{"type":"Feature","id":3135,"properties":{"capital":false},"geometry":{"type":"Point","coordinates":[28.05665,46.992]}},{"type":"Feature","id":3136,"properties":{"capital":false},"geometry":{"type":"Point","coordinates":[22.23021,46.28448]}},{"type":"Feature","id":3137,"properties":{"capital":false},"geometry":{"type":"Point","coordinates":[26.81179,47.09454]}},{"type":"Feature","id":3138,"properties":{"capital":false},"geometry":{"type":"Point","coordinates":[26.87598,47.2028]}},{"type":"Feature","id":3139,"properties":{"capital":false},"geometry":{"type":"Point","coordinates":[27.37702,47.10309]}},{"type":"Feature","id":3140,"properties":{"capital":false},"geometry":{"type":"Point","coordinates":[27.43429,46.9189]}},{"type":"Feature","id":3141,"properties":{"capital":false},"geometry":{"type":"Point","coordinates":[26.6949,47.35831]}},{"type":"Feature","id":3142,"properties":{"capital":false},"geometry":{"type":"Point","coordinates":[27.41007,47.19509]}},{"type":"Feature","id":3143,"properties":{"capital":false},"geometry":{"type":"Point","coordinates":[27.14172,47.18853]}},{"type":"Feature","id":3144,"properties":{"capital":false},"geometry":{"type":"Point","coordinates":[27.26026,47.04971]}},{"type":"Feature","id":3145,"properties":{"capital":false},"geometry":{"type":"Point","coordinates":[26.84842,47.06517]}},{"type":"Feature","id":3146,"properties":{"capital":false},"geometry":{"type":"Point","coordinates":[27.43068,46.96768]}},{"type":"Feature","id":3147,"properties":{"capital":false},"geometry":{"type":"Point","coordinates":[27.52442,47.15088]}},{"type":"Feature","id":3148,"properties":{"capital":false},"geometry":{"type":"Point","coordinates":[21.77529,46.62207]}},{"type":"Feature","id":3149,"properties":{"capital":false},"geometry":{"type":"Point","coordinates":[26.65156,47.15951]}},{"type":"Feature","id":3150,"properties":{"capital":false},"geometry":{"type":"Point","coordinates":[27.51497,47.04221]}},{"type":"Feature","id":3151,"properties":{"capital":false},"geometry":{"type":"Point","coordinates":[26.79072,47.1382]}},{"type":"Feature","id":3152,"properties":{"capital":false},"geometry":{"type":"Point","coordinates":[27.95801,46.92167]}},{"type":"Feature","id":3153,"properties":{"capital":false},"geometry":{"type":"Point","coordinates":[26.60016,47.23476]}},{"type":"Feature","id":3154,"properties":{"capital":false},"geometry":{"type":"Point","coordinates":[27.35996,47.32949]}},{"type":"Feature","id":3155,"properties":{"capital":false},"geometry":{"type":"Point","coordinates":[27.02586,47.06533]}},{"type":"Feature","id":3156,"properties":{"capital":false},"geometry":{"type":"Point","coordinates":[22.05122,46.47754]}},{"type":"Feature","id":3157,"properties":{"capital":false},"geometry":{"type":"Point","coordinates":[27.1257,47.4874]}},{"type":"Feature","id":3158,"properties":{"capital":false},"geometry":{"type":"Point","coordinates":[27.27477,47.21206]}},{"type":"Feature","id":3159,"properties":{"capital":false},"geometry":{"type":"Point","coordinates":[27.23937,47.15196]}},{"type":"Feature","id":3160,"properties":{"capital":false},"geometry":{"type":"Point","coordinates":[27.51202,47.28724]}},{"type":"Feature","id":3161,"properties":{"capital":false},"geometry":{"type":"Point","coordinates":[27.88411,47.07739]}},{"type":"Feature","id":3162,"properties":{"capital":false},"geometry":{"type":"Point","coordinates":[27.50553,47.37445]}},{"type":"Feature","id":3163,"properties":{"capital":false},"geometry":{"type":"Point","coordinates":[27.94089,46.95829]}},{"type":"Feature","id":3164,"properties":{"capital":false},"geometry":{"type":"Point","coordinates":[27.31846,47.28273]}},{"type":"Feature","id":3165,"properties":{"capital":false},"geometry":{"type":"Point","coordinates":[26.8413,47.24243]}},{"type":"Feature","id":3166,"properties":{"capital":false},"geometry":{"type":"Point","coordinates":[27.76679,47.03271]}},{"type":"Feature","id":3167,"properties":{"capital":false},"geometry":{"type":"Point","coordinates":[22.03721,46.01687]}},{"type":"Feature","id":3168,"properties":{"capital":false},"geometry":{"type":"Point","coordinates":[27.5773,46.91992]}},{"type":"Feature","id":3169,"properties":{"capital":false},"geometry":{"type":"Point","coordinates":[26.89724,47.39084]}},{"type":"Feature","id":3170,"properties":{"capital":false},"geometry":{"type":"Point","coordinates":[27.19184,47.11418]}},{"type":"Feature","id":3171,"properties":{"capital":false},"geometry":{"type":"Point","coordinates":[26.72244,47.38593]}},{"type":"Feature","id":3172,"properties":{"capital":false},"geometry":{"type":"Point","coordinates":[26.75554,47.19733]}},{"type":"Feature","id":3173,"properties":{"capital":false},"geometry":{"type":"Point","coordinates":[26.95561,47.16713]}},{"type":"Feature","id":3174,"properties":{"capital":false},"geometry":{"type":"Point","coordinates":[27.50634,46.93022]}},{"type":"Feature","id":3175,"properties":{"capital":false},"geometry":{"type":"Point","coordinates":[21.98582,46.49138]}},{"type":"Feature","id":3176,"properties":{"capital":false},"geometry":{"type":"Point","coordinates":[27.21392,47.47057]}},{"type":"Feature","id":3177,"properties":{"capital":false},"geometry":{"type":"Point","coordinates":[27.23611,46.91232]}},{"type":"Feature","id":3178,"properties":{"capital":false},"geometry":{"type":"Point","coordinates":[26.58825,47.34898]}},{"type":"Feature","id":3179,"properties":{"capital":false},"geometry":{"type":"Point","coordinates":[26.83228,47.32436]}},{"type":"Feature","id":3180,"properties":{"capital":false},"geometry":{"type":"Point","coordinates":[27.50558,47.45997]}},{"type":"Feature","id":3181,"properties":{"capital":false},"geometry":{"type":"Point","coordinates":[27.3379,46.98642]}},{"type":"Feature","id":3182,"properties":{"capital":false},"geometry":{"type":"Point","coordinates":[27.33653,46.90686]}},{"type":"Feature","id":3183,"properties":{"capital":false},"geometry":{"type":"Point","coordinates":[27.46844,47.33182]}},{"type":"Feature","id":3184,"properties":{"capital":false},"geometry":{"type":"Point","coordinates":[27.79582,47.13362]}},{"type":"Feature","id":3185,"properties":{"capital":false},"geometry":{"type":"Point","coordinates":[26.66719,47.29195]}}]}