{"type": "FeatureCollection", "features": [{"id": 0, "type": "Feature", "properties": {"county": "AB"}, "geometry": {"type": "Polygon", "coordinates": [[[23.31907, 45.90772], [23.33784, 45.91142], [23.33767, 45.91808], [23.32818, 45.91522], [23.32292, 45.92127], [23.31262, 45.92238], [23.29337, 45.91906], [23.28311, 45.92483], [23.28621, 45.92693], [23.26955, 45.92906], [23.26509, 45.93362], [23.25158, 45.95961], [23.25234, 45.96933], [23.2353, 45.98779], [23.24042, 46.00881], [23.23487, 46.03051], [23.24182, 46.03753], [23.23896, 46.04098], [23.22387, 46.03294], [23.20477, 46.03597], [23.18444, 46.02709], [23.14094, 46.03761], [23.13475, 46.03501], [23.12936, 46.04281], [23.10098, 46.04603], [23.10266, 46.0617], [23.08732, 46.06647], [23.08936, 46.07667], [23.07974, 46.0824], [23.08718, 46.08872], [23.08371, 46.09268], [23.09072, 46.0949], [23.08947, 46.10021], [23.07531, 46.10718], [23.06185, 46.10579], [23.0679, 46.12234], [23.05941, 46.12923], [23.05523, 46.14079], [23.07638, 46.14512], [23.07775, 46.14977], [23.09902, 46.13892], [23.10376, 46.15374], [23.0901, 46.16651], [23.09554, 46.18231], [23.06944, 46.19869], [23.07024, 46.20728], [23.05051, 46.21379], [23.03945, 46.20809], [22.9819, 46.21766], [22.97534, 46.23392], [22.96743, 46.2354], [22.96738, 46.24054], [22.95594, 46.24688], [22.95493, 46.26056], [22.94751, 46.26658], [22.96507, 46.28238], [22.95822, 46.29283], [22.94316, 46.2986], [22.93312, 46.32662], [22.86896, 46.33797], [22.85528, 46.3356], [22.8518, 46.32959], [22.81203, 46.32606], [22.79944, 46.33883], [22.78551, 46.34005], [22.77704, 46.34933], [22.7488, 46.35116], [22.72781, 46.36363], [22.69931, 46.36555], [22.69895, 46.37847], [22.68188, 46.38532], [22.67563, 46.39498], [22.67464, 46.40868], [22.71991, 46.43092], [22.69025, 46.4397], [22.69255, 46.45329], [22.67743, 46.46857], [22.67978, 46.47639], [22.67296, 46.48116], [22.6638, 46.47978], [22.67966, 46.49246], [22.67472, 46.50657], [22.67696, 46.5233], [22.69095, 46.51862], [22.7261, 46.54691], [22.7513, 46.54915], [22.7555, 46.55465], [22.75217, 46.56905], [22.76295, 46.5691], [22.76553, 46.57628], [22.77755, 46.57303], [22.77441, 46.56925], [22.78264, 46.57158], [22.78583, 46.56615], [22.81174, 46.56896], [22.81317, 46.55599], [22.83596, 46.54644], [22.84761, 46.54582], [22.85574, 46.5506], [22.85948, 46.53995], [22.883, 46.53591], [22.92752, 46.55462], [22.94667, 46.55617], [22.9762, 46.54842], [22.99446, 46.5546], [22.99975, 46.54845], [22.98895, 46.53776], [23.00091, 46.53403], [23.01117, 46.50375], [23.0326, 46.50203], [23.05555, 46.49247], [23.04631, 46.47717], [23.04719, 46.46823], [23.06911, 46.4709], [23.08625, 46.46659], [23.09766, 46.47112], [23.10412, 46.49049], [23.11899, 46.48735], [23.13017, 46.49097], [23.15084, 46.50599], [23.18475, 46.50969], [23.19558, 46.49253], [23.23688, 46.49092], [23.24911, 46.49793], [23.2696, 46.49777], [23.2771, 46.5072], [23.2896, 46.50891], [23.27992, 46.51256], [23.27777, 46.52622], [23.28219, 46.52994], [23.29848, 46.53024], [23.3118, 46.52455], [23.33465, 46.53286], [23.34068, 46.5301], [23.34667, 46.53335], [23.34694, 46.52995], [23.38882, 46.5404], [23.40064, 46.53048], [23.43081, 46.5296], [23.43933, 46.52324], [23.45387, 46.52839], [23.4601, 46.52535], [23.45447, 46.51731], [23.4626, 46.50422], [23.47581, 46.50044], [23.48509, 46.5036], [23.49708, 46.49532], [23.51583, 46.49283], [23.52313, 46.48596], [23.53077, 46.49066], [23.52973, 46.49922], [23.54806, 46.50385], [23.55944, 46.48825], [23.57427, 46.49718], [23.58671, 46.49607], [23.5887, 46.48863], [23.61196, 46.48462], [23.61449, 46.47845], [23.60034, 46.47772], [23.60307, 46.46938], [23.58981, 46.4564], [23.59192, 46.43616], [23.60322, 46.42859], [23.60306, 46.41552], [23.62282, 46.40577], [23.66092, 46.39671], [23.66923, 46.40183], [23.66344, 46.40364], [23.66472, 46.40472], [23.68121, 46.40888], [23.66554, 46.42067], [23.66235, 46.42061], [23.66851, 46.41558], [23.6556, 46.418], [23.65104, 46.42777], [23.6725, 46.4293], [23.66864, 46.43945], [23.67697, 46.44933], [23.70118, 46.45748], [23.73029, 46.45153], [23.76646, 46.46217], [23.78294, 46.45812], [23.80195, 46.46569], [23.82536, 46.46291], [23.83317, 46.46889], [23.85508, 46.45096], [23.86614, 46.45623], [23.86425, 46.45112], [23.86843, 46.44737], [23.88015, 46.45005], [23.87597, 46.45349], [23.88787, 46.4593], [23.88674, 46.46345], [23.90966, 46.46352], [23.92329, 46.44934], [23.95049, 46.4501], [23.96409, 46.43653], [23.99318, 46.42618], [24.0142, 46.44093], [24.02287, 46.44964], [24.01883, 46.45647], [24.02813, 46.45998], [24.0334, 46.45053], [24.02723, 46.44055], [24.03592, 46.43148], [24.03013, 46.41578], [24.03553, 46.40687], [23.99352, 46.3847], [23.98954, 46.38105], [23.99579, 46.37182], [24.01872, 46.36704], [24.03026, 46.36948], [24.01986, 46.36042], [24.07493, 46.33574], [24.13576, 46.33624], [24.14846, 46.3262], [24.14833, 46.30981], [24.14237, 46.30098], [24.1592, 46.29146], [24.15743, 46.28275], [24.16517, 46.27736], [24.16369, 46.27241], [24.17597, 46.26884], [24.17668, 46.28023], [24.19419, 46.28298], [24.21104, 46.27173], [24.20647, 46.26643], [24.21009, 46.2635], [24.23132, 46.25965], [24.22938, 46.25], [24.25165, 46.2404], [24.22877, 46.23133], [24.20981, 46.23336], [24.19041, 46.22395], [24.19877, 46.21226], [24.18761, 46.18326], [24.20954, 46.17422], [24.21682, 46.164], [24.21332, 46.15421], [24.19128, 46.15289], [24.15156, 46.13487], [24.11893, 46.13478], [24.09028, 46.11655], [24.08252, 46.10188], [24.06775, 46.09472], [24.07604, 46.09422], [24.05825, 46.0845], [24.04255, 46.09652], [24.04413, 46.08026], [24.02694, 46.06284], [24.03239, 46.04076], [24.01849, 46.03889], [24.02692, 46.02852], [24.00646, 46.01543], [24.00623, 46.00025], [24.00006, 45.99809], [23.99103, 46.00728], [23.98744, 46.0146], [23.99079, 46.01833], [23.97676, 46.02943], [23.98451, 46.03469], [23.9796, 46.03823], [23.96781, 46.03395], [23.96323, 46.03422], [23.96434, 46.04055], [23.95698, 46.0363], [23.93687, 46.03781], [23.92796, 46.0488], [23.91295, 46.04108], [23.89134, 46.04471], [23.84567, 46.00783], [23.85181, 46.00853], [23.85125, 46.00193], [23.85688, 46.00092], [23.85237, 45.98553], [23.86089, 45.98049], [23.86357, 45.96301], [23.87451, 45.95844], [23.87007, 45.9487], [23.86159, 45.94969], [23.85004, 45.95904], [23.83728, 45.95137], [23.83545, 45.94303], [23.82716, 45.9404], [23.82494, 45.93096], [23.81636, 45.92323], [23.80404, 45.92872], [23.80495, 45.92378], [23.79701, 45.92229], [23.7894, 45.92834], [23.75889, 45.9201], [23.74984, 45.92223], [23.73313, 45.91431], [23.73543, 45.91162], [23.73001, 45.90976], [23.73518, 45.90603], [23.72715, 45.90257], [23.73043, 45.8972], [23.74436, 45.89257], [23.74984, 45.88519], [23.7665, 45.88848], [23.77337, 45.88071], [23.74765, 45.86179], [23.73271, 45.84283], [23.72692, 45.84814], [23.72708, 45.84006], [23.73274, 45.8382], [23.73452, 45.83073], [23.72126, 45.83316], [23.71663, 45.83028], [23.71896, 45.82388], [23.69929, 45.82865], [23.69425, 45.82506], [23.69572, 45.80895], [23.68765, 45.80767], [23.68753, 45.80264], [23.67917, 45.80764], [23.64385, 45.8044], [23.62495, 45.80832], [23.61656, 45.80191], [23.61468, 45.79607], [23.62449, 45.79438], [23.62198, 45.78331], [23.63874, 45.77808], [23.6492, 45.7657], [23.65902, 45.76331], [23.67191, 45.75373], [23.67448, 45.74946], [23.65936, 45.76119], [23.64504, 45.74571], [23.63189, 45.75233], [23.62223, 45.75042], [23.61542, 45.73921], [23.61963, 45.7355], [23.60979, 45.72302], [23.60115, 45.7229], [23.60468, 45.71616], [23.59574, 45.70828], [23.59657, 45.70352], [23.58892, 45.70273], [23.61087, 45.68749], [23.5968, 45.6829], [23.59269, 45.67368], [23.62535, 45.65891], [23.6449, 45.64006], [23.64453, 45.62993], [23.63341, 45.62866], [23.63232, 45.62157], [23.63663, 45.6118], [23.65274, 45.60131], [23.64368, 45.58835], [23.62937, 45.58852], [23.61798, 45.58093], [23.61579, 45.56666], [23.61063, 45.56364], [23.6361, 45.54397], [23.63875, 45.53436], [23.64777, 45.52708], [23.64525, 45.52367], [23.65225, 45.51996], [23.65395, 45.50519], [23.66507, 45.49337], [23.70362, 45.49678], [23.68922, 45.4833], [23.67891, 45.46482], [23.64029, 45.45544], [23.62977, 45.45863], [23.6269, 45.47093], [23.61981, 45.46589], [23.60502, 45.4679], [23.59773, 45.47279], [23.59187, 45.48621], [23.59544, 45.49234], [23.57733, 45.50754], [23.56883, 45.52461], [23.55418, 45.53063], [23.5366, 45.54981], [23.5137, 45.55365], [23.50307, 45.5637], [23.50451, 45.5712], [23.49952, 45.57975], [23.483, 45.57363], [23.47665, 45.58051], [23.45392, 45.57981], [23.44549, 45.58786], [23.42729, 45.58437], [23.41858, 45.59559], [23.42424, 45.60742], [23.42044, 45.61378], [23.42666, 45.62306], [23.40906, 45.63381], [23.3769, 45.62193], [23.36988, 45.62618], [23.36576, 45.63746], [23.36877, 45.64264], [23.38506, 45.65026], [23.38672, 45.657], [23.40179, 45.65887], [23.40856, 45.66837], [23.42209, 45.67007], [23.42265, 45.67873], [23.39499, 45.69422], [23.38214, 45.69477], [23.36598, 45.70741], [23.36017, 45.71787], [23.36792, 45.72596], [23.38097, 45.75933], [23.3736, 45.77281], [23.35322, 45.77784], [23.34771, 45.78817], [23.35292, 45.79284], [23.34337, 45.79963], [23.34382, 45.80749], [23.32385, 45.8363], [23.33166, 45.87981], [23.30335, 45.89378], [23.31907, 45.90772]]]}}, {"id": 1, "type": "Feature", "properties": {"county": "AG"}, "geometry": {"type": "Polygon", "coordinates": [[[24.70218, 44.73244], [24.67472, 44.73909], [24.62965, 44.72877], [24.63136, 44.73288], [24.60698, 44.7538], [24.59379, 44.75087], [24.58783, 44.77569], [24.58226, 44.77404], [24.58858, 44.79815], [24.57708, 44.79901], [24.57172, 44.81706], [24.55649, 44.83114], [24.5508, 44.8471], [24.55208, 44.85848], [24.54247, 44.86142], [24.54493, 44.88509], [24.54074, 44.89104], [24.53496, 44.88886], [24.52278, 44.89423], [24.51352, 44.87756], [24.51523, 44.86905], [24.50544, 44.86587], [24.50942, 44.8455], [24.49486, 44.84457], [24.49485, 44.83169], [24.48297, 44.82987], [24.4802, 44.82174], [24.44534, 44.81076], [24.44688, 44.82022], [24.43297, 44.81784], [24.42151, 44.82707], [24.44343, 44.852], [24.46274, 44.8618], [24.47233, 44.87435], [24.46325, 44.87467], [24.48007, 44.89913], [24.46354, 44.90417], [24.46365, 44.91337], [24.47055, 44.92034], [24.46918, 44.92449], [24.49976, 44.94543], [24.48233, 44.95418], [24.48341, 44.95075], [24.47088, 44.94532], [24.46869, 44.94827], [24.47923, 44.96365], [24.47639, 44.96714], [24.481, 44.9758], [24.50904, 44.99778], [24.48276, 45.01431], [24.51736, 45.0393], [24.52047, 45.04898], [24.51201, 45.05502], [24.48136, 45.06094], [24.49127, 45.07708], [24.50715, 45.08497], [24.50643, 45.09261], [24.49744, 45.09127], [24.49831, 45.10037], [24.49216, 45.09881], [24.4875, 45.1053], [24.4965, 45.10661], [24.49263, 45.11097], [24.4978, 45.11501], [24.51245, 45.10828], [24.51969, 45.13476], [24.49793, 45.16564], [24.51288, 45.16582], [24.51042, 45.17499], [24.52198, 45.17982], [24.51349, 45.18888], [24.49911, 45.18845], [24.48875, 45.195], [24.50079, 45.20503], [24.48446, 45.21275], [24.4759, 45.20903], [24.46928, 45.221], [24.46677, 45.23174], [24.47431, 45.23796], [24.47097, 45.24012], [24.4776, 45.24538], [24.4796, 45.25686], [24.48396, 45.25669], [24.48371, 45.26494], [24.47585, 45.26721], [24.49195, 45.27775], [24.48821, 45.29644], [24.48014, 45.29603], [24.48115, 45.30254], [24.49091, 45.309], [24.48589, 45.31251], [24.49223, 45.3155], [24.48609, 45.33114], [24.47259, 45.32948], [24.46948, 45.34788], [24.47279, 45.35768], [24.46613, 45.36301], [24.50727, 45.35249], [24.49396, 45.37862], [24.50435, 45.37935], [24.50536, 45.38407], [24.49592, 45.39853], [24.491, 45.3993], [24.47903, 45.43765], [24.4856, 45.4626], [24.51037, 45.46304], [24.52498, 45.47528], [24.52787, 45.49679], [24.5119, 45.51752], [24.54054, 45.53576], [24.5317, 45.5537], [24.53106, 45.57063], [24.52314, 45.58057], [24.55368, 45.58774], [24.5659, 45.57914], [24.59658, 45.59619], [24.62253, 45.59952], [24.6262, 45.60392], [24.65816, 45.60306], [24.65951, 45.59697], [24.67107, 45.59458], [24.68365, 45.6044], [24.69889, 45.60236], [24.72859, 45.60836], [24.73642, 45.60313], [24.77131, 45.6112], [24.79254, 45.60236], [24.81064, 45.61074], [24.82981, 45.60654], [24.83639, 45.59203], [24.91739, 45.59459], [24.94147, 45.58209], [24.95784, 45.59268], [24.97669, 45.59156], [24.98328, 45.58618], [25.01343, 45.58601], [25.03611, 45.59264], [25.08059, 45.58181], [25.10323, 45.5852], [25.12674, 45.57112], [25.135, 45.56109], [25.14555, 45.55862], [25.15167, 45.54578], [25.17547, 45.53584], [25.18897, 45.52278], [25.20342, 45.51969], [25.21164, 45.52687], [25.22997, 45.5165], [25.2368, 45.51776], [25.23324, 45.51177], [25.24209, 45.49391], [25.2383, 45.47561], [25.25876, 45.45666], [25.25743, 45.45205], [25.27585, 45.44206], [25.26203, 45.43789], [25.25345, 45.42882], [25.25536, 45.42254], [25.27258, 45.40741], [25.30109, 45.42305], [25.31231, 45.39895], [25.30801, 45.38952], [25.32166, 45.38097], [25.31652, 45.37005], [25.32188, 45.36491], [25.31926, 45.35957], [25.32542, 45.3559], [25.32533, 45.34655], [25.30975, 45.33586], [25.31612, 45.32175], [25.30496, 45.30424], [25.30534, 45.29234], [25.28068, 45.2704], [25.28028, 45.26184], [25.28708, 45.25286], [25.28512, 45.24064], [25.29372, 45.23209], [25.29109, 45.22371], [25.26983, 45.21359], [25.24774, 45.21092], [25.25384, 45.20489], [25.24957, 45.20424], [25.25337, 45.20326], [25.24974, 45.19694], [25.25626, 45.18601], [25.25279, 45.18114], [25.21611, 45.16432], [25.2172, 45.15862], [25.21186, 45.15662], [25.20713, 45.16337], [25.19719, 45.16531], [25.17944, 45.19208], [25.18394, 45.1953], [25.18245, 45.20256], [25.17081, 45.20097], [25.16368, 45.21527], [25.13924, 45.21213], [25.1564, 45.20165], [25.14626, 45.19913], [25.15536, 45.19041], [25.14678, 45.18482], [25.15214, 45.1812], [25.15426, 45.16012], [25.14614, 45.14263], [25.15395, 45.13657], [25.14666, 45.12904], [25.16268, 45.12449], [25.14416, 45.11236], [25.16187, 45.1171], [25.17654, 45.10724], [25.17468, 45.10221], [25.18011, 45.09347], [25.16984, 45.08067], [25.15759, 45.07616], [25.15371, 45.08539], [25.14222, 45.08419], [25.1247, 45.07051], [25.12824, 45.06134], [25.14864, 45.05147], [25.1449, 45.03841], [25.17204, 45.0405], [25.17014, 45.02861], [25.18727, 45.03323], [25.19686, 45.01868], [25.2002, 45.00204], [25.19632, 44.9913], [25.17685, 44.98929], [25.17233, 44.98377], [25.16675, 44.94967], [25.16929, 44.94099], [25.1613, 44.92111], [25.17403, 44.91959], [25.1976, 44.90321], [25.1907, 44.88134], [25.20458, 44.85601], [25.19517, 44.84897], [25.18695, 44.8267], [25.194, 44.82591], [25.19189, 44.81938], [25.20075, 44.81009], [25.1973, 44.80584], [25.20053, 44.79603], [25.20522, 44.7963], [25.20739, 44.78515], [25.21288, 44.78212], [25.20837, 44.77349], [25.21107, 44.7643], [25.1971, 44.73641], [25.19289, 44.73412], [25.18415, 44.74491], [25.17788, 44.73966], [25.18262, 44.73785], [25.1746, 44.7307], [25.18525, 44.7274], [25.18583, 44.72276], [25.17496, 44.71472], [25.18531, 44.71575], [25.20311, 44.70715], [25.22731, 44.70325], [25.23734, 44.69494], [25.19662, 44.66614], [25.18796, 44.67045], [25.16839, 44.66178], [25.17956, 44.64929], [25.19281, 44.64319], [25.19431, 44.63953], [25.18076, 44.63216], [25.19538, 44.63664], [25.20502, 44.63286], [25.19325, 44.61977], [25.19833, 44.60874], [25.21251, 44.61573], [25.2255, 44.60523], [25.22027, 44.60178], [25.25177, 44.5628], [25.25908, 44.56852], [25.2926, 44.55145], [25.27992, 44.52804], [25.25731, 44.51143], [25.26565, 44.50712], [25.27975, 44.47868], [25.28004, 44.47485], [25.26855, 44.47199], [25.27115, 44.46969], [25.26695, 44.46751], [25.27733, 44.45338], [25.27098, 44.4482], [25.27969, 44.44446], [25.26363, 44.43533], [25.25824, 44.44127], [25.23477, 44.42425], [25.20295, 44.45645], [25.1112, 44.41588], [25.10673, 44.42005], [25.08617, 44.4171], [25.10329, 44.40987], [25.09192, 44.41326], [25.06513, 44.39732], [25.05464, 44.4091], [25.04627, 44.39731], [25.01054, 44.41084], [24.97662, 44.38285], [24.96119, 44.37685], [24.88404, 44.38264], [24.88057, 44.39421], [24.81833, 44.39387], [24.81824, 44.38739], [24.81449, 44.38681], [24.80637, 44.39011], [24.80756, 44.39345], [24.78777, 44.39236], [24.78638, 44.39825], [24.75623, 44.3906], [24.74568, 44.39436], [24.75348, 44.4043], [24.74402, 44.42297], [24.75434, 44.42808], [24.74987, 44.44337], [24.75916, 44.46451], [24.73401, 44.46521], [24.73475, 44.49177], [24.72741, 44.49238], [24.73154, 44.5222], [24.74263, 44.53805], [24.73895, 44.54654], [24.72505, 44.54332], [24.73063, 44.54825], [24.72862, 44.55324], [24.73655, 44.55512], [24.7234, 44.57864], [24.71055, 44.5823], [24.70873, 44.61654], [24.71671, 44.6261], [24.70107, 44.64037], [24.70499, 44.65711], [24.69287, 44.69677], [24.68568, 44.70011], [24.71055, 44.71051], [24.70658, 44.71408], [24.72164, 44.71445], [24.71835, 44.71679], [24.72576, 44.72021], [24.71594, 44.71825], [24.70218, 44.73244]]]}}, {"id": 2, "type": "Feature", "properties": {"county": "AR"}, "geometry": {"type": "Polygon", "coordinates": [[[21.47718, 46.06316], [21.44918, 46.04584], [21.43885, 46.05204], [21.44061, 46.05621], [21.43206, 46.0572], [21.43668, 46.0463], [21.43369, 46.04421], [21.4496, 46.02925], [21.41667, 46.0166], [21.42133, 46.01154], [21.39652, 46.00553], [21.3909, 46.00863], [21.38882, 46.00148], [21.36809, 45.99131], [21.36314, 45.98572], [21.36573, 45.98192], [21.35101, 45.9837], [21.36065, 45.99544], [21.3495, 46.00218], [21.34612, 45.99977], [21.33636, 46.00745], [21.3262, 46.00721], [21.31799, 46.01288], [21.31467, 46.00906], [21.28461, 46.02013], [21.27374, 46.01529], [21.26211, 45.99485], [21.23827, 45.98641], [21.2386, 45.98246], [21.24799, 45.98084], [21.23618, 45.98186], [21.242, 45.97136], [21.2004, 45.98142], [21.17204, 45.99874], [21.12552, 45.97704], [21.11946, 45.98301], [21.1102, 45.97707], [21.08489, 45.99703], [21.08271, 46.01312], [21.07444, 46.01255], [21.06873, 46.03977], [21.04259, 46.03615], [20.94065, 46.03749], [20.9219, 46.05938], [20.91793, 46.07427], [20.91072, 46.07289], [20.88906, 46.0842], [20.8694, 46.08261], [20.85939, 46.08983], [20.83298, 46.09056], [20.804, 46.10693], [20.79861, 46.12083], [20.78172, 46.12564], [20.77273, 46.14454], [20.74623, 46.14799], [20.72775, 46.14526], [20.71861, 46.14863], [20.71619, 46.16002], [20.7053, 46.16135], [20.7149, 46.16684], [20.72235, 46.18747], [20.73333, 46.19186], [20.72567, 46.19648], [20.72736, 46.20741], [20.76184, 46.20444], [20.74883, 46.25062], [20.77558, 46.27591], [20.78922, 46.27308], [20.87339, 46.28742], [20.89054, 46.27137], [20.92221, 46.26176], [20.92506, 46.2762], [20.94667, 46.27916], [20.95249, 46.26484], [20.99034, 46.25953], [21.02495, 46.26649], [21.03666, 46.24788], [21.066, 46.24275], [21.07115, 46.25386], [21.07982, 46.25203], [21.08701, 46.25918], [21.10315, 46.26259], [21.11553, 46.30163], [21.14536, 46.30469], [21.15154, 46.29755], [21.16813, 46.29792], [21.18054, 46.30411], [21.17312, 46.31839], [21.17751, 46.32345], [21.17615, 46.33556], [21.19037, 46.33912], [21.19946, 46.34791], [21.19648, 46.37083], [21.20629, 46.40323], [21.21632, 46.40183], [21.2191, 46.41109], [21.22535, 46.41353], [21.28324, 46.40317], [21.29627, 46.40669], [21.28976, 46.41514], [21.31745, 46.45065], [21.29632, 46.47611], [21.27433, 46.47648], [21.26038, 46.50194], [21.27613, 46.53499], [21.27416, 46.54074], [21.28967, 46.54432], [21.32071, 46.58279], [21.30116, 46.59077], [21.3141, 46.61756], [21.32987, 46.63157], [21.35313, 46.63027], [21.3656, 46.63787], [21.38156, 46.62827], [21.41002, 46.6219], [21.41641, 46.64251], [21.42167, 46.64646], [21.4738, 46.65274], [21.46466, 46.65898], [21.46005, 46.65512], [21.45385, 46.6582], [21.45909, 46.66187], [21.47142, 46.66079], [21.48489, 46.6511], [21.4975, 46.66127], [21.50279, 46.65962], [21.50438, 46.65321], [21.51016, 46.65385], [21.51152, 46.63662], [21.52772, 46.63805], [21.5269, 46.63287], [21.53914, 46.62951], [21.54679, 46.60133], [21.5677, 46.60041], [21.56781, 46.61289], [21.56041, 46.61954], [21.57326, 46.62567], [21.56278, 46.63153], [21.56277, 46.63962], [21.57014, 46.64904], [21.62035, 46.64619], [21.64681, 46.66575], [21.65843, 46.66245], [21.68931, 46.66505], [21.70674, 46.65858], [21.7563, 46.66323], [21.78321, 46.65419], [21.79484, 46.65469], [21.85735, 46.6707], [21.86933, 46.68087], [21.90537, 46.6686], [21.91052, 46.66279], [21.88134, 46.63115], [21.9108, 46.63047], [21.95223, 46.61708], [22.00041, 46.62446], [22.01752, 46.64182], [22.0208, 46.65418], [22.02595, 46.65424], [22.02665, 46.64398], [22.05392, 46.63811], [22.05601, 46.63213], [22.06148, 46.63622], [22.07092, 46.6343], [22.07304, 46.63873], [22.08074, 46.63758], [22.07558, 46.6321], [22.08831, 46.63391], [22.08869, 46.61831], [22.09412, 46.61428], [22.10837, 46.61556], [22.10964, 46.60718], [22.11668, 46.60272], [22.13055, 46.6027], [22.13395, 46.60714], [22.14216, 46.6024], [22.1684, 46.60387], [22.1753, 46.59629], [22.16445, 46.5712], [22.17914, 46.54687], [22.17957, 46.5389], [22.1755, 46.5364], [22.19851, 46.51329], [22.20929, 46.51209], [22.21659, 46.52182], [22.2221, 46.51787], [22.22035, 46.51372], [22.229, 46.51425], [22.22896, 46.50903], [22.24607, 46.50234], [22.25675, 46.50708], [22.2724, 46.5008], [22.31486, 46.51509], [22.32517, 46.51452], [22.32741, 46.50155], [22.32344, 46.49542], [22.32862, 46.48983], [22.32248, 46.48286], [22.33924, 46.47613], [22.34668, 46.45326], [22.34449, 46.44774], [22.36008, 46.43892], [22.3739, 46.43913], [22.38225, 46.43109], [22.37042, 46.42631], [22.40124, 46.40966], [22.41139, 46.40917], [22.42409, 46.39835], [22.42414, 46.39333], [22.45244, 46.38505], [22.51322, 46.38627], [22.56579, 46.39244], [22.57728, 46.39796], [22.63538, 46.38961], [22.64893, 46.39133], [22.66639, 46.40415], [22.67658, 46.40583], [22.67563, 46.39498], [22.68188, 46.38532], [22.69875, 46.37873], [22.69931, 46.36555], [22.72781, 46.36363], [22.74872, 46.35122], [22.72444, 46.33377], [22.67787, 46.32136], [22.68264, 46.30966], [22.68036, 46.2981], [22.65933, 46.26901], [22.66048, 46.26185], [22.6544, 46.25545], [22.66172, 46.24899], [22.65689, 46.23543], [22.64722, 46.23357], [22.64904, 46.2288], [22.63447, 46.22619], [22.62466, 46.23142], [22.60774, 46.2187], [22.5872, 46.22491], [22.59091, 46.22829], [22.58377, 46.23349], [22.56259, 46.23188], [22.5555, 46.22714], [22.55231, 46.22987], [22.54574, 46.2241], [22.53291, 46.22886], [22.52847, 46.22478], [22.52341, 46.22842], [22.51303, 46.22464], [22.50101, 46.23182], [22.49491, 46.24339], [22.46143, 46.22687], [22.46261, 46.21653], [22.45346, 46.21982], [22.43843, 46.21035], [22.44862, 46.19276], [22.44972, 46.17819], [22.45425, 46.17552], [22.45311, 46.16305], [22.46717, 46.14571], [22.45724, 46.13876], [22.45716, 46.13034], [22.44804, 46.12473], [22.44543, 46.11592], [22.43141, 46.11277], [22.43154, 46.10638], [22.42015, 46.10413], [22.41149, 46.10845], [22.40516, 46.09511], [22.41768, 46.08106], [22.42948, 46.07705], [22.4289, 46.06414], [22.43532, 46.04919], [22.42765, 46.04367], [22.42805, 46.03445], [22.44031, 46.02927], [22.43666, 46.01096], [22.42282, 46.01233], [22.41377, 46.00848], [22.41627, 46.00521], [22.40479, 46.00245], [22.39584, 46.01018], [22.38901, 46.00884], [22.38384, 45.99547], [22.34696, 45.99854], [22.33601, 45.99438], [22.33954, 45.97877], [22.35279, 45.97269], [22.3394, 45.97431], [22.31138, 45.96665], [22.31555, 45.96229], [22.30774, 45.94094], [22.31215, 45.93762], [22.30212, 45.93193], [22.27491, 45.93426], [22.27066, 45.93033], [22.26258, 45.9349], [22.24551, 45.92527], [22.24855, 45.90555], [22.24315, 45.90262], [22.22145, 45.90317], [22.2178, 45.91265], [22.20456, 45.91619], [22.20266, 45.92174], [22.18138, 45.92343], [22.17388, 45.92848], [22.15459, 45.92091], [22.14301, 45.92567], [22.13544, 45.92275], [22.12563, 45.92686], [22.12838, 45.93333], [22.12414, 45.93774], [22.09279, 45.94572], [22.06945, 45.95928], [22.04701, 45.96183], [22.03973, 45.96846], [21.99838, 45.96794], [21.98788, 45.97756], [21.9872, 45.98846], [21.96747, 45.99435], [21.95565, 45.98715], [21.92533, 45.98484], [21.91621, 45.96307], [21.8935, 45.95245], [21.87243, 45.95867], [21.86569, 45.94865], [21.85136, 45.9472], [21.81972, 45.96783], [21.81102, 45.9574], [21.81871, 45.94911], [21.80109, 45.94395], [21.79943, 45.92528], [21.80532, 45.92114], [21.76971, 45.91689], [21.7686, 45.93934], [21.77538, 45.94865], [21.76257, 45.95645], [21.73413, 45.98931], [21.72158, 45.97579], [21.72466, 45.96843], [21.71372, 45.96097], [21.71409, 45.9548], [21.70022, 45.93903], [21.69242, 45.91634], [21.66772, 45.90623], [21.66297, 45.91467], [21.6676, 45.92627], [21.66199, 45.93542], [21.64838, 45.94752], [21.63002, 45.94277], [21.64193, 45.97401], [21.62155, 45.97513], [21.61584, 45.97726], [21.61799, 45.982], [21.59102, 45.99057], [21.59184, 45.9946], [21.56058, 46.00248], [21.56057, 45.9962], [21.55207, 45.99513], [21.54753, 46.00623], [21.52423, 46.01033], [21.52443, 46.01841], [21.5363, 46.03302], [21.51602, 46.06751], [21.4978, 46.06885], [21.47718, 46.06316]]]}}, {"id": 3, "type": "Feature", "properties": {"county": "B"}, "geometry": {"type": "Polygon", "coordinates": [[[26.16188, 44.39823], [26.14284, 44.36945], [26.16679, 44.34363], [26.15195, 44.33425], [26.12743, 44.34835], [26.13038, 44.3512], [26.11237, 44.36089], [26.11366, 44.36563], [26.09912, 44.36759], [26.09551, 44.35999], [26.08859, 44.36913], [26.07532, 44.37199], [26.07695, 44.37803], [26.06895, 44.37465], [26.05609, 44.37955], [26.04575, 44.37499], [26.03304, 44.38318], [26.03942, 44.3871], [26.02848, 44.3897], [26.01087, 44.40577], [26.00337, 44.40168], [25.99715, 44.40285], [25.99552, 44.40927], [25.97632, 44.40639], [25.96667, 44.44073], [26.01233, 44.44295], [26.01981, 44.44843], [26.01473, 44.44969], [26.01314, 44.45809], [25.97603, 44.46558], [25.98784, 44.49211], [25.98324, 44.498], [26.00644, 44.4997], [26.00858, 44.51481], [26.02535, 44.52014], [26.02263, 44.5233], [26.02675, 44.52682], [26.03352, 44.52355], [26.0686, 44.53485], [26.07302, 44.54138], [26.0777, 44.53712], [26.10448, 44.53954], [26.10293, 44.50858], [26.10873, 44.50592], [26.1044, 44.50164], [26.11064, 44.49073], [26.1849, 44.47915], [26.15628, 44.45499], [26.1694, 44.4507], [26.1768, 44.45388], [26.17521, 44.44461], [26.19408, 44.44664], [26.19766, 44.43951], [26.20903, 44.43355], [26.22557, 44.43241], [26.21787, 44.40715], [26.20842, 44.40493], [26.21409, 44.3992], [26.21213, 44.39507], [26.18092, 44.39383], [26.16188, 44.39823]]]}}, {"id": 4, "type": "Feature", "properties": {"county": "BC"}, "geometry": {"type": "Polygon", "coordinates": [[[26.77781, 46.09336], [26.76211, 46.08655], [26.74022, 46.08741], [26.73365, 46.0954], [26.71775, 46.08904], [26.70461, 46.09388], [26.67776, 46.07823], [26.65251, 46.07919], [26.63954, 46.07071], [26.64085, 46.0656], [26.6341, 46.05751], [26.60814, 46.04478], [26.60144, 46.04739], [26.58608, 46.04043], [26.58205, 46.02523], [26.5727, 46.01683], [26.54005, 46.0233], [26.53574, 46.0279], [26.51565, 46.02692], [26.49172, 46.04522], [26.48003, 46.04479], [26.47723, 46.03995], [26.46036, 46.03514], [26.44001, 46.03889], [26.43772, 46.04781], [26.44196, 46.05108], [26.42512, 46.06696], [26.43063, 46.07807], [26.40506, 46.09226], [26.4079, 46.10357], [26.38886, 46.10137], [26.36929, 46.11236], [26.36765, 46.11855], [26.38008, 46.12832], [26.39254, 46.12303], [26.3857, 46.12898], [26.38956, 46.13299], [26.38358, 46.13909], [26.38752, 46.14497], [26.37154, 46.14599], [26.34326, 46.13714], [26.34744, 46.16212], [26.33053, 46.18335], [26.33328, 46.19584], [26.34144, 46.2037], [26.32671, 46.23], [26.30997, 46.23894], [26.25863, 46.2501], [26.26479, 46.2563], [26.25327, 46.26687], [26.25342, 46.27735], [26.27437, 46.28735], [26.27217, 46.29644], [26.27881, 46.29947], [26.29197, 46.33551], [26.2708, 46.34489], [26.23567, 46.33505], [26.22097, 46.31457], [26.19324, 46.31027], [26.1561, 46.31517], [26.14926, 46.32904], [26.1644, 46.34713], [26.16683, 46.36928], [26.16268, 46.38082], [26.16595, 46.38478], [26.10976, 46.40055], [26.06192, 46.4007], [26.0564, 46.40355], [26.06024, 46.41338], [26.04691, 46.41658], [26.03409, 46.41723], [26.03004, 46.41013], [26.02236, 46.41626], [26.01996, 46.40911], [26.00624, 46.4127], [26.00352, 46.40637], [25.99526, 46.40676], [26.00025, 46.4138], [25.99716, 46.42007], [26.00316, 46.4252], [25.98699, 46.43889], [26.00583, 46.44485], [26.00514, 46.45479], [26.01706, 46.4612], [26.0116, 46.46922], [26.01684, 46.47697], [26.00705, 46.48257], [26.01904, 46.49236], [26.05663, 46.49436], [26.06317, 46.48716], [26.07461, 46.48454], [26.08323, 46.51247], [26.07445, 46.52549], [26.05741, 46.52699], [26.03551, 46.54385], [26.0392, 46.55567], [26.03158, 46.56031], [26.03358, 46.57036], [26.02247, 46.58875], [26.01218, 46.59001], [25.99847, 46.60151], [25.99166, 46.62144], [26.00162, 46.62732], [26.00331, 46.63785], [26.01943, 46.63433], [26.00774, 46.6484], [26.00647, 46.65972], [25.99344, 46.67383], [25.98105, 46.68017], [25.97271, 46.67764], [25.97753, 46.68475], [25.97518, 46.69733], [25.99934, 46.6998], [26.0128, 46.69414], [26.03132, 46.70956], [26.05478, 46.71627], [26.07167, 46.70791], [26.07577, 46.69425], [26.07074, 46.6883], [26.07321, 46.67956], [26.08146, 46.67352], [26.08137, 46.65617], [26.10075, 46.64693], [26.11467, 46.6553], [26.1401, 46.66072], [26.15909, 46.64171], [26.17923, 46.65056], [26.21624, 46.65604], [26.21522, 46.66735], [26.22245, 46.67752], [26.21837, 46.68013], [26.23323, 46.68546], [26.2438, 46.69726], [26.26643, 46.70323], [26.26187, 46.69412], [26.27193, 46.6918], [26.28435, 46.68065], [26.29366, 46.65533], [26.32004, 46.65508], [26.33072, 46.66431], [26.34625, 46.65093], [26.38148, 46.64964], [26.39049, 46.65102], [26.40901, 46.66465], [26.4105, 46.67858], [26.43566, 46.68782], [26.4412, 46.6791], [26.45434, 46.68157], [26.47226, 46.67624], [26.48771, 46.6787], [26.50634, 46.69431], [26.51472, 46.69473], [26.52231, 46.68856], [26.52998, 46.69236], [26.54666, 46.67831], [26.57029, 46.67859], [26.58241, 46.68531], [26.58054, 46.68818], [26.58819, 46.68919], [26.60813, 46.71278], [26.6237, 46.72023], [26.62887, 46.7159], [26.63721, 46.72228], [26.64358, 46.71803], [26.63659, 46.72477], [26.64065, 46.72771], [26.64554, 46.71975], [26.66488, 46.73636], [26.66931, 46.73298], [26.67606, 46.73606], [26.67091, 46.7551], [26.67955, 46.76036], [26.67597, 46.7677], [26.70538, 46.76679], [26.71156, 46.77159], [26.73347, 46.76306], [26.73454, 46.76853], [26.74317, 46.76826], [26.73135, 46.7495], [26.7543, 46.75621], [26.75153, 46.73778], [26.77938, 46.72566], [26.78637, 46.71691], [26.8174, 46.7325], [26.81378, 46.73528], [26.8247, 46.73941], [26.82281, 46.74318], [26.83661, 46.74974], [26.8346, 46.75202], [26.8419, 46.75133], [26.83221, 46.7664], [26.8216, 46.77318], [26.84952, 46.77992], [26.84953, 46.80469], [26.86626, 46.80667], [26.87145, 46.81372], [26.88244, 46.81586], [26.88179, 46.82876], [26.90942, 46.82726], [26.90592, 46.82216], [26.91416, 46.82055], [26.91489, 46.8111], [26.90104, 46.81625], [26.90811, 46.8003], [26.89298, 46.79829], [26.91292, 46.79311], [26.90786, 46.78653], [26.92244, 46.78279], [26.91879, 46.77793], [26.92221, 46.77529], [26.93604, 46.78484], [26.94681, 46.77147], [26.94032, 46.76638], [26.94725, 46.76385], [26.94704, 46.75916], [26.93942, 46.75637], [26.93928, 46.75273], [26.94982, 46.75711], [26.96598, 46.75435], [26.97868, 46.76265], [27.02892, 46.77209], [27.0454, 46.77237], [27.0521, 46.75997], [27.06159, 46.75618], [27.07447, 46.76639], [27.09876, 46.76961], [27.11532, 46.74872], [27.12978, 46.74718], [27.14589, 46.75376], [27.14231, 46.74125], [27.15204, 46.73687], [27.15082, 46.73125], [27.16054, 46.73435], [27.16309, 46.74942], [27.18576, 46.74976], [27.18754, 46.76048], [27.20624, 46.76986], [27.21031, 46.76057], [27.22642, 46.75181], [27.22834, 46.7446], [27.23108, 46.75051], [27.23635, 46.74813], [27.23281, 46.74463], [27.23935, 46.73535], [27.28888, 46.716], [27.31193, 46.70057], [27.32657, 46.69797], [27.29298, 46.6769], [27.32043, 46.6585], [27.31449, 46.65526], [27.3161, 46.65213], [27.27638, 46.62528], [27.30805, 46.60209], [27.31093, 46.59528], [27.31919, 46.59541], [27.32926, 46.58357], [27.33608, 46.5651], [27.35259, 46.55083], [27.36031, 46.53608], [27.36813, 46.53314], [27.37424, 46.52261], [27.37984, 46.52409], [27.37298, 46.51935], [27.37731, 46.51577], [27.38366, 46.51799], [27.38208, 46.50038], [27.39896, 46.46964], [27.41542, 46.46205], [27.41108, 46.4574], [27.41823, 46.43526], [27.42426, 46.43444], [27.41995, 46.43136], [27.42951, 46.42473], [27.43277, 46.41254], [27.44178, 46.41018], [27.44924, 46.4001], [27.45201, 46.3788], [27.45953, 46.37906], [27.46442, 46.37142], [27.46625, 46.36249], [27.45897, 46.36009], [27.47112, 46.33617], [27.48284, 46.32709], [27.47587, 46.32651], [27.48007, 46.31873], [27.47583, 46.31794], [27.47397, 46.32301], [27.4571, 46.32032], [27.45788, 46.31548], [27.46685, 46.30221], [27.46361, 46.29621], [27.48281, 46.28199], [27.46627, 46.27897], [27.47892, 46.22068], [27.50644, 46.21943], [27.50883, 46.21574], [27.50998, 46.20685], [27.50415, 46.20387], [27.5087, 46.19317], [27.50511, 46.19245], [27.50047, 46.16491], [27.50631, 46.16407], [27.50616, 46.15544], [27.47886, 46.1676], [27.47588, 46.16064], [27.46735, 46.15793], [27.46451, 46.1619], [27.46624, 46.15716], [27.45917, 46.15743], [27.44803, 46.18421], [27.41565, 46.18926], [27.41998, 46.1938], [27.39758, 46.19442], [27.37887, 46.18976], [27.37591, 46.17818], [27.38096, 46.16508], [27.37514, 46.16365], [27.37463, 46.15743], [27.35003, 46.15272], [27.34701, 46.15701], [27.3504, 46.1689], [27.3339, 46.16848], [27.33037, 46.17944], [27.31419, 46.18379], [27.31929, 46.19191], [27.31796, 46.20277], [27.30662, 46.20618], [27.26273, 46.20042], [27.26989, 46.18322], [27.24578, 46.17788], [27.23937, 46.17833], [27.23553, 46.1896], [27.22619, 46.18685], [27.22168, 46.19136], [27.20068, 46.1793], [27.19818, 46.1856], [27.19042, 46.18667], [27.18584, 46.17192], [27.17324, 46.18128], [27.16944, 46.17385], [27.16464, 46.17467], [27.17017, 46.1696], [27.12362, 46.14748], [27.12726, 46.13778], [27.14011, 46.13419], [27.13324, 46.1206], [27.13856, 46.11829], [27.13613, 46.11448], [27.13192, 46.11708], [27.12297, 46.10409], [27.08609, 46.11146], [27.10519, 46.10502], [27.10564, 46.0887], [27.08451, 46.09529], [27.07945, 46.08823], [27.07318, 46.08768], [26.98358, 46.11326], [26.96121, 46.10872], [26.94566, 46.09982], [26.9507, 46.09785], [26.9527, 46.08621], [26.94019, 46.07803], [26.93265, 46.06456], [26.87014, 46.08514], [26.84809, 46.0787], [26.84497, 46.07142], [26.82487, 46.07232], [26.8071, 46.06578], [26.80119, 46.07581], [26.78798, 46.07863], [26.78632, 46.08801], [26.77781, 46.09336]]]}}, {"id": 5, "type": "Feature", "properties": {"county": "BH"}, "geometry": {"type": "Polygon", "coordinates": [[[21.61982, 46.64611], [21.57171, 46.65019], [21.56277, 46.63962], [21.56278, 46.63153], [21.57326, 46.62567], [21.56041, 46.61954], [21.56781, 46.61289], [21.5677, 46.60041], [21.54679, 46.60133], [21.53914, 46.62951], [21.5269, 46.63287], [21.52772, 46.63805], [21.51152, 46.63662], [21.51016, 46.65385], [21.50438, 46.65321], [21.50178, 46.66014], [21.49746, 46.66124], [21.48489, 46.6511], [21.47142, 46.66079], [21.45909, 46.66187], [21.45385, 46.6582], [21.46005, 46.65512], [21.46466, 46.65898], [21.4738, 46.65274], [21.44147, 46.65144], [21.45471, 46.66083], [21.45564, 46.66714], [21.44234, 46.66657], [21.43078, 46.67833], [21.42766, 46.68913], [21.43442, 46.69564], [21.45114, 46.68853], [21.47299, 46.69566], [21.49215, 46.68599], [21.50759, 46.69807], [21.51112, 46.7117], [21.52933, 46.72077], [21.52668, 46.73919], [21.48478, 46.75845], [21.48321, 46.7647], [21.49025, 46.7758], [21.50936, 46.78338], [21.5187, 46.80002], [21.52257, 46.81386], [21.52006, 46.83734], [21.53451, 46.83957], [21.53793, 46.84742], [21.55705, 46.85371], [21.59521, 46.86051], [21.60199, 46.86664], [21.60349, 46.88481], [21.6142, 46.88651], [21.60725, 46.90455], [21.59905, 46.90918], [21.59998, 46.92863], [21.60619, 46.9325], [21.63835, 46.93293], [21.65797, 46.95614], [21.67314, 46.9537], [21.68033, 46.96279], [21.68186, 46.96691], [21.66792, 46.9702], [21.67935, 46.99797], [21.68896, 47.00183], [21.68152, 47.00592], [21.67792, 47.01838], [21.66102, 47.0209], [21.64867, 47.04034], [21.68276, 47.04572], [21.68859, 47.05554], [21.70483, 47.06336], [21.7014, 47.06822], [21.71639, 47.07487], [21.71273, 47.08252], [21.72613, 47.09847], [21.77085, 47.10885], [21.7926, 47.10659], [21.79141, 47.12401], [21.80038, 47.13062], [21.81737, 47.17275], [21.85805, 47.18703], [21.85806, 47.22011], [21.84681, 47.22376], [21.85163, 47.23913], [21.86914, 47.26113], [21.88784, 47.2721], [21.88819, 47.27788], [21.87876, 47.28736], [21.88612, 47.28973], [21.89611, 47.31629], [21.92164, 47.34149], [21.92546, 47.35354], [21.93977, 47.36767], [21.93851, 47.37296], [21.95296, 47.3746], [21.96152, 47.38124], [21.97719, 47.37811], [21.9905, 47.38141], [22.01197, 47.3758], [22.02267, 47.39016], [22.03548, 47.41343], [22.02971, 47.42268], [22.0354, 47.42744], [22.0259, 47.44239], [22.03272, 47.45099], [22.02095, 47.45461], [22.00708, 47.48334], [22.02406, 47.51987], [22.04542, 47.53977], [22.0615, 47.52899], [22.07137, 47.53803], [22.05468, 47.54697], [22.05798, 47.55098], [22.07919, 47.56235], [22.09362, 47.55813], [22.10506, 47.57278], [22.11427, 47.57521], [22.1291, 47.58931], [22.12814, 47.59809], [22.171, 47.5917], [22.18082, 47.6001], [22.2003, 47.59914], [22.20731, 47.59643], [22.21355, 47.58586], [22.22986, 47.58233], [22.23615, 47.56525], [22.26104, 47.56432], [22.25697, 47.56082], [22.26164, 47.55491], [22.25569, 47.53981], [22.28538, 47.53493], [22.28972, 47.54047], [22.29562, 47.51964], [22.28611, 47.51575], [22.29218, 47.50935], [22.28829, 47.50652], [22.32637, 47.49934], [22.34096, 47.49081], [22.34459, 47.45637], [22.34104, 47.45564], [22.35812, 47.42947], [22.38158, 47.42715], [22.40732, 47.43394], [22.40897, 47.43041], [22.42134, 47.43208], [22.43281, 47.42202], [22.45933, 47.43193], [22.47386, 47.42121], [22.49111, 47.42537], [22.5033, 47.42351], [22.50189, 47.41747], [22.50864, 47.4177], [22.51179, 47.42331], [22.52938, 47.41861], [22.53323, 47.40728], [22.53068, 47.39921], [22.55098, 47.40104], [22.566, 47.39186], [22.56841, 47.3834], [22.55967, 47.38018], [22.5772, 47.36635], [22.57005, 47.35713], [22.58479, 47.35804], [22.6118, 47.34034], [22.60794, 47.328], [22.58722, 47.32722], [22.58916, 47.32292], [22.57602, 47.30819], [22.58056, 47.30119], [22.5609, 47.30712], [22.54766, 47.29824], [22.55306, 47.29278], [22.54966, 47.29158], [22.55345, 47.28152], [22.54707, 47.28088], [22.54679, 47.2693], [22.55254, 47.27241], [22.5606, 47.26466], [22.55139, 47.26064], [22.55825, 47.26118], [22.55735, 47.25406], [22.56122, 47.25181], [22.55206, 47.24826], [22.53987, 47.23386], [22.5168, 47.2327], [22.51719, 47.22604], [22.51101, 47.21957], [22.52199, 47.20818], [22.51577, 47.20698], [22.50803, 47.21475], [22.506, 47.20896], [22.51162, 47.19618], [22.49331, 47.18616], [22.5067, 47.1733], [22.5082, 47.16563], [22.52237, 47.16444], [22.53144, 47.16913], [22.53957, 47.16153], [22.53376, 47.14985], [22.54075, 47.14668], [22.54861, 47.14962], [22.5543, 47.1432], [22.54393, 47.14003], [22.54413, 47.13522], [22.55326, 47.13446], [22.55593, 47.12486], [22.56672, 47.1263], [22.56668, 47.12176], [22.55682, 47.11621], [22.51523, 47.10797], [22.53722, 47.09969], [22.54502, 47.08804], [22.56881, 47.08234], [22.5916, 47.06812], [22.5923, 47.06321], [22.63114, 47.05539], [22.64792, 47.05731], [22.6673, 47.05002], [22.68678, 47.05135], [22.69041, 47.03427], [22.69795, 47.03049], [22.70095, 47.01814], [22.71019, 47.01046], [22.7281, 47.00764], [22.70296, 46.99076], [22.69712, 46.98156], [22.67482, 46.97089], [22.67845, 46.96248], [22.67085, 46.95012], [22.67975, 46.94892], [22.68562, 46.93866], [22.71724, 46.93335], [22.73674, 46.915], [22.77567, 46.91062], [22.77897, 46.89703], [22.75413, 46.87622], [22.74547, 46.84787], [22.73299, 46.83378], [22.7266, 46.81601], [22.71084, 46.81277], [22.70415, 46.80553], [22.65796, 46.80513], [22.63729, 46.79941], [22.7132, 46.76332], [22.71452, 46.75309], [22.70824, 46.73876], [22.74089, 46.71438], [22.74898, 46.68925], [22.771, 46.66637], [22.77264, 46.65239], [22.79356, 46.63956], [22.78796, 46.62705], [22.81958, 46.63859], [22.80147, 46.61838], [22.80749, 46.61047], [22.80628, 46.59051], [22.81722, 46.5844], [22.81453, 46.57585], [22.81786, 46.56996], [22.78583, 46.56615], [22.78264, 46.57158], [22.77441, 46.56925], [22.77755, 46.57303], [22.76364, 46.57579], [22.76295, 46.5691], [22.75217, 46.56905], [22.7555, 46.55465], [22.7513, 46.54915], [22.7261, 46.54691], [22.69095, 46.51862], [22.67696, 46.5233], [22.67472, 46.50657], [22.67966, 46.49246], [22.6638, 46.47978], [22.67296, 46.48116], [22.67978, 46.47639], [22.67743, 46.46857], [22.69255, 46.45329], [22.69025, 46.4397], [22.71991, 46.43092], [22.64452, 46.3904], [22.57728, 46.39796], [22.56579, 46.39244], [22.51322, 46.38627], [22.45244, 46.38505], [22.42414, 46.39333], [22.42409, 46.39835], [22.41139, 46.40917], [22.40124, 46.40966], [22.37042, 46.42631], [22.38225, 46.43109], [22.3739, 46.43913], [22.36008, 46.43892], [22.34449, 46.44774], [22.34668, 46.45326], [22.33924, 46.47613], [22.32248, 46.48286], [22.32862, 46.48983], [22.32344, 46.49542], [22.32741, 46.50155], [22.32517, 46.51452], [22.31486, 46.51509], [22.2724, 46.5008], [22.25675, 46.50708], [22.24607, 46.50234], [22.22896, 46.50903], [22.229, 46.51425], [22.22035, 46.51372], [22.2221, 46.51787], [22.21659, 46.52182], [22.20929, 46.51209], [22.19751, 46.51383], [22.1755, 46.5364], [22.17957, 46.5389], [22.17914, 46.54687], [22.16445, 46.5712], [22.1753, 46.59629], [22.1684, 46.60387], [22.14216, 46.6024], [22.13395, 46.60714], [22.13055, 46.6027], [22.11668, 46.60272], [22.10964, 46.60718], [22.10837, 46.61556], [22.09412, 46.61428], [22.08869, 46.61831], [22.08893, 46.6335], [22.07474, 46.63237], [22.0805, 46.63771], [22.05601, 46.63213], [22.05392, 46.63811], [22.02691, 46.6438], [22.02595, 46.65424], [22.02256, 46.65426], [22.01752, 46.64182], [22.00257, 46.62621], [21.98895, 46.62068], [21.95223, 46.61708], [21.9108, 46.63047], [21.88134, 46.63115], [21.91052, 46.66279], [21.90537, 46.6686], [21.86933, 46.68087], [21.86211, 46.67251], [21.80852, 46.65578], [21.78321, 46.65419], [21.7563, 46.66323], [21.70674, 46.65858], [21.68931, 46.66505], [21.65843, 46.66245], [21.64681, 46.66575], [21.61982, 46.64611]]]}}, {"id": 6, "type": "Feature", "properties": {"county": "BN"}, "geometry": {"type": "Polygon", "coordinates": [[[24.31439, 46.75807], [24.30115, 46.75315], [24.2476, 46.77291], [24.24747, 46.76871], [24.23488, 46.77289], [24.24025, 46.77456], [24.21136, 46.78355], [24.21698, 46.78787], [24.17784, 46.80652], [24.19214, 46.80651], [24.18847, 46.81218], [24.19693, 46.82019], [24.18884, 46.83107], [24.21058, 46.83942], [24.19925, 46.8526], [24.21914, 46.87395], [24.21211, 46.88519], [24.2274, 46.88837], [24.21639, 46.89713], [24.20965, 46.91204], [24.18681, 46.92185], [24.19365, 46.92419], [24.19255, 46.93509], [24.18535, 46.92893], [24.16154, 46.93358], [24.16139, 46.94788], [24.16783, 46.94652], [24.1783, 46.95351], [24.17037, 46.95815], [24.17552, 46.96318], [24.15824, 46.96483], [24.15698, 46.96171], [24.14156, 46.96727], [24.11393, 46.96055], [24.11813, 46.97405], [24.10807, 46.98527], [24.09788, 46.9891], [24.1005, 46.9961], [24.10697, 46.99524], [24.10436, 47.00267], [24.11588, 47.01123], [24.11531, 47.02207], [24.10361, 47.02721], [24.11665, 47.04139], [24.11459, 47.05059], [24.1188, 47.05827], [24.12636, 47.06041], [24.12387, 47.06641], [24.13419, 47.07391], [24.136, 47.082], [24.13114, 47.08782], [24.14575, 47.08767], [24.14723, 47.08964], [24.11952, 47.09786], [24.12038, 47.10594], [24.1099, 47.11134], [24.1078, 47.12413], [24.09652, 47.12701], [24.0879, 47.11521], [24.07017, 47.11822], [24.06726, 47.12428], [24.07077, 47.12874], [24.04052, 47.13255], [24.0393, 47.14033], [24.02615, 47.1459], [24.01742, 47.14249], [24.0115, 47.1505], [24.01414, 47.15856], [24.02378, 47.15492], [24.02845, 47.16412], [24.02457, 47.16948], [24.02051, 47.16817], [24.01665, 47.17834], [24.00205, 47.17579], [24.0053, 47.16697], [23.97784, 47.16811], [23.95833, 47.16219], [23.95449, 47.16853], [23.95846, 47.17408], [23.9506, 47.17664], [23.93604, 47.19929], [23.93673, 47.21156], [23.92917, 47.22119], [23.92965, 47.23177], [23.91874, 47.25387], [23.92126, 47.2733], [23.93062, 47.27434], [23.93473, 47.28477], [23.92813, 47.3005], [23.93838, 47.30279], [23.94113, 47.30927], [23.95026, 47.30607], [23.95346, 47.31575], [23.9569, 47.31134], [23.95954, 47.31699], [23.97159, 47.31169], [23.9716, 47.31644], [23.97676, 47.31496], [23.97982, 47.32115], [24.00714, 47.3046], [24.00863, 47.31298], [24.02117, 47.3142], [24.01838, 47.31729], [24.02944, 47.32482], [24.022, 47.3291], [24.02682, 47.33138], [24.01781, 47.34454], [24.02214, 47.36127], [24.03278, 47.36218], [24.03781, 47.37407], [24.06083, 47.37765], [24.07631, 47.40276], [24.07238, 47.40968], [24.08429, 47.41093], [24.08153, 47.41255], [24.08573, 47.41757], [24.10304, 47.42156], [24.11035, 47.43346], [24.12446, 47.43816], [24.12068, 47.44114], [24.12457, 47.44391], [24.11803, 47.44727], [24.12662, 47.45828], [24.11895, 47.46046], [24.12998, 47.46561], [24.12245, 47.47473], [24.12847, 47.47945], [24.11893, 47.47824], [24.11758, 47.48295], [24.12298, 47.48638], [24.12135, 47.49468], [24.12668, 47.4994], [24.13118, 47.491], [24.1414, 47.48755], [24.14421, 47.49339], [24.15363, 47.49482], [24.15343, 47.50276], [24.16688, 47.50569], [24.19755, 47.50633], [24.20522, 47.49797], [24.21661, 47.50363], [24.24106, 47.50046], [24.25239, 47.51886], [24.26772, 47.51739], [24.27801, 47.52998], [24.27939, 47.54417], [24.30195, 47.55823], [24.30321, 47.57912], [24.32176, 47.57266], [24.32601, 47.56685], [24.34271, 47.56537], [24.36091, 47.57474], [24.38653, 47.60837], [24.43822, 47.59065], [24.45642, 47.59535], [24.47294, 47.58779], [24.55277, 47.57353], [24.56564, 47.56267], [24.58151, 47.57046], [24.60453, 47.56863], [24.63189, 47.57582], [24.65215, 47.56752], [24.6519, 47.55832], [24.65959, 47.55399], [24.69124, 47.55855], [24.7254, 47.57593], [24.73456, 47.5714], [24.75529, 47.57127], [24.78742, 47.57699], [24.80725, 47.56667], [24.82592, 47.5961], [24.84592, 47.59668], [24.86084, 47.59133], [24.89912, 47.60303], [24.91661, 47.59824], [24.96174, 47.59699], [24.99215, 47.58559], [24.99106, 47.58049], [25.00778, 47.56884], [25.05196, 47.56046], [25.0665, 47.53036], [25.09505, 47.51586], [25.0938, 47.50398], [25.07313, 47.4934], [25.07009, 47.48728], [25.06147, 47.48128], [25.04537, 47.48105], [25.04699, 47.47023], [25.06025, 47.46252], [25.0662, 47.45021], [25.08116, 47.45398], [25.0909, 47.44894], [25.07756, 47.43824], [25.05238, 47.43102], [25.05032, 47.42547], [25.05909, 47.42078], [25.05829, 47.41655], [25.02671, 47.43581], [25.01465, 47.43343], [24.99947, 47.42022], [24.98285, 47.42404], [24.98561, 47.41808], [25.00135, 47.41426], [25.03334, 47.39432], [25.03997, 47.38044], [25.06265, 47.3792], [25.06943, 47.36994], [25.06051, 47.35291], [25.0771, 47.34077], [25.07269, 47.32949], [25.07754, 47.31167], [25.04751, 47.30369], [25.02807, 47.2868], [25.05135, 47.27024], [25.0796, 47.25864], [25.07487, 47.24618], [25.04427, 47.21609], [25.05829, 47.20141], [25.05663, 47.18802], [25.06719, 47.16676], [25.05761, 47.1506], [25.06608, 47.14285], [25.0634, 47.13655], [25.05098, 47.13106], [25.04241, 47.13283], [25.03226, 47.11944], [25.01351, 47.11118], [24.99877, 47.11082], [24.9859, 47.11911], [24.97811, 47.11388], [24.95339, 47.11991], [24.94083, 47.1005], [24.93206, 47.09605], [24.91442, 47.10218], [24.90545, 47.10055], [24.89711, 47.10926], [24.87022, 47.10486], [24.85417, 47.09594], [24.83907, 47.08038], [24.79303, 47.04936], [24.78489, 47.0394], [24.7742, 47.00846], [24.76274, 46.99599], [24.75289, 46.9955], [24.74039, 46.98156], [24.74001, 46.97313], [24.74499, 46.97209], [24.74015, 46.96018], [24.73318, 46.95742], [24.74101, 46.95309], [24.72172, 46.93239], [24.74362, 46.92161], [24.75431, 46.90973], [24.74558, 46.90578], [24.72839, 46.91132], [24.72495, 46.90369], [24.70908, 46.90206], [24.69369, 46.90822], [24.65772, 46.90913], [24.65202, 46.91298], [24.65572, 46.91512], [24.64635, 46.91923], [24.65338, 46.92322], [24.63996, 46.92546], [24.64492, 46.93649], [24.63846, 46.93783], [24.63868, 46.94522], [24.62918, 46.95126], [24.62289, 46.94297], [24.60058, 46.94796], [24.57866, 46.9259], [24.5853, 46.92122], [24.58454, 46.91519], [24.57013, 46.91453], [24.56494, 46.91238], [24.56894, 46.9086], [24.56044, 46.90542], [24.53244, 46.90704], [24.53179, 46.899], [24.54028, 46.89125], [24.53204, 46.88116], [24.53891, 46.87643], [24.53502, 46.87272], [24.53826, 46.86784], [24.53281, 46.87047], [24.52719, 46.85398], [24.50912, 46.8488], [24.50327, 46.85137], [24.50365, 46.83958], [24.49038, 46.84012], [24.48918, 46.83572], [24.46721, 46.82844], [24.45816, 46.82008], [24.46344, 46.81163], [24.44929, 46.78906], [24.46023, 46.78505], [24.46221, 46.7915], [24.47226, 46.78304], [24.45561, 46.76746], [24.43261, 46.76995], [24.43066, 46.77538], [24.41563, 46.77402], [24.40093, 46.76402], [24.40427, 46.76067], [24.39883, 46.75866], [24.40331, 46.7543], [24.401, 46.75055], [24.38855, 46.75133], [24.38402, 46.74716], [24.36209, 46.74635], [24.33926, 46.75775], [24.32437, 46.75414], [24.31439, 46.75807]]]}}, {"id": 7, "type": "Feature", "properties": {"county": "BR"}, "geometry": {"type": "Polygon", "coordinates": [[[27.43679, 44.79896], [27.40776, 44.77302], [27.39159, 44.78337], [27.38196, 44.77468], [27.36591, 44.78953], [27.34112, 44.80261], [27.3096, 44.7747], [27.28862, 44.78582], [27.25762, 44.74968], [27.22156, 44.77531], [27.22358, 44.7826], [27.20349, 44.78708], [27.20775, 44.79688], [27.18906, 44.80689], [27.19117, 44.81178], [27.21155, 44.80689], [27.23149, 44.8593], [27.21291, 44.86381], [27.21603, 44.87128], [27.21059, 44.8727], [27.23482, 44.86912], [27.28086, 44.9951], [27.24927, 44.99492], [27.25332, 45.02099], [27.24637, 45.02053], [27.24772, 45.02713], [27.19756, 45.02804], [27.2061, 45.06966], [27.2025, 45.06916], [27.20542, 45.09259], [27.18865, 45.09208], [27.18779, 45.08757], [27.17778, 45.09122], [27.17549, 45.10572], [27.18739, 45.10901], [27.17909, 45.11327], [27.16702, 45.10981], [27.14958, 45.17122], [27.11195, 45.1564], [27.10928, 45.15297], [27.11449, 45.13743], [27.09766, 45.13046], [27.06712, 45.15634], [27.08437, 45.17986], [27.11477, 45.20192], [27.11828, 45.21488], [27.12534, 45.21493], [27.17509, 45.24934], [27.21062, 45.22365], [27.23964, 45.20981], [27.24321, 45.22007], [27.28369, 45.2001], [27.29239, 45.21348], [27.31518, 45.21061], [27.32094, 45.21647], [27.33537, 45.21084], [27.35009, 45.21222], [27.33953, 45.2157], [27.35174, 45.2314], [27.32785, 45.23875], [27.33983, 45.25274], [27.31937, 45.2615], [27.32802, 45.27603], [27.31252, 45.2922], [27.32573, 45.29181], [27.36567, 45.27265], [27.37387, 45.27607], [27.37174, 45.28172], [27.39017, 45.28668], [27.38686, 45.29319], [27.38906, 45.31265], [27.37978, 45.32976], [27.39317, 45.33162], [27.3915, 45.33728], [27.40885, 45.34039], [27.40787, 45.35296], [27.39841, 45.36155], [27.44174, 45.37574], [27.42944, 45.4056], [27.43521, 45.40688], [27.43277, 45.40967], [27.56219, 45.49081], [27.57265, 45.48727], [27.57529, 45.49167], [27.60561, 45.48224], [27.60274, 45.47758], [27.61413, 45.47349], [27.61155, 45.46432], [27.62406, 45.46617], [27.62883, 45.45465], [27.64623, 45.46214], [27.64358, 45.47768], [27.65495, 45.4798], [27.65441, 45.49071], [27.66418, 45.4898], [27.65887, 45.47604], [27.66163, 45.47196], [27.69266, 45.48161], [27.69414, 45.47319], [27.68147, 45.46658], [27.68857, 45.46054], [27.68339, 45.46149], [27.67327, 45.44618], [27.71678, 45.43347], [27.71812, 45.44094], [27.73808, 45.4367], [27.73279, 45.43942], [27.75019, 45.4485], [27.73963, 45.41537], [27.78302, 45.42231], [27.78636, 45.40689], [27.82188, 45.39652], [27.86867, 45.39799], [27.86555, 45.40583], [27.87403, 45.41789], [27.88909, 45.42007], [27.91681, 45.40703], [27.94669, 45.40526], [27.98301, 45.39063], [27.99334, 45.40049], [28.00584, 45.39614], [28.03055, 45.40433], [28.02289, 45.35251], [27.99922, 45.30817], [27.99484, 45.28675], [28.02287, 45.26685], [28.06811, 45.25225], [28.09477, 45.24944], [28.11515, 45.25883], [28.12103, 45.24304], [28.1306, 45.2338], [28.0914, 45.19025], [28.1977, 45.13754], [28.16962, 45.12211], [28.17922, 45.10713], [28.17574, 45.10188], [28.13572, 45.10148], [28.13741, 45.06877], [28.15263, 45.03673], [28.13573, 45.02868], [28.12849, 45.01363], [28.14236, 44.9792], [28.15126, 44.97314], [28.13329, 44.94931], [28.12488, 44.92203], [28.12814, 44.90216], [28.14235, 44.89002], [28.13398, 44.88018], [28.11241, 44.87203], [28.10007, 44.86142], [28.09758, 44.84682], [28.07642, 44.81992], [28.07483, 44.80112], [28.06344, 44.78217], [28.0463, 44.77405], [28.0359, 44.76037], [28.02737, 44.76404], [28.01554, 44.75785], [27.996, 44.76016], [27.94844, 44.78058], [27.89718, 44.77247], [27.88104, 44.76308], [27.87384, 44.77416], [27.82674, 44.78238], [27.82053, 44.79723], [27.82649, 44.82002], [27.81841, 44.82042], [27.80585, 44.81987], [27.80042, 44.81479], [27.78855, 44.81877], [27.77559, 44.80496], [27.75049, 44.80784], [27.72829, 44.80172], [27.72544, 44.79385], [27.7437, 44.78844], [27.74424, 44.77925], [27.72284, 44.77793], [27.7219, 44.76505], [27.64907, 44.7703], [27.6484, 44.77577], [27.59101, 44.77796], [27.59161, 44.78345], [27.53321, 44.78432], [27.5283, 44.78868], [27.52156, 44.7889], [27.52683, 44.77402], [27.50313, 44.77443], [27.50334, 44.78005], [27.48394, 44.78043], [27.47801, 44.77521], [27.43679, 44.79896]]]}}, {"id": 8, "type": "Feature", "properties": {"county": "BT"}, "geometry": {"type": "Polygon", "coordinates": [[[26.54805, 47.60009], [26.55205, 47.60883], [26.54744, 47.61738], [26.53591, 47.62059], [26.54276, 47.63175], [26.53705, 47.6379], [26.54468, 47.64072], [26.54377, 47.64401], [26.53616, 47.64863], [26.51765, 47.64757], [26.5201, 47.65165], [26.50316, 47.6549], [26.50533, 47.65952], [26.49667, 47.65872], [26.50747, 47.66345], [26.46346, 47.70692], [26.45915, 47.71383], [26.46764, 47.71593], [26.44607, 47.73358], [26.43229, 47.72633], [26.43986, 47.74298], [26.42766, 47.74059], [26.42052, 47.74829], [26.39715, 47.74136], [26.40014, 47.73302], [26.39201, 47.7384], [26.39573, 47.7423], [26.39076, 47.74508], [26.40632, 47.75396], [26.40238, 47.76629], [26.40613, 47.76778], [26.40224, 47.77032], [26.40626, 47.78415], [26.36959, 47.77406], [26.36056, 47.78606], [26.35314, 47.78492], [26.35443, 47.79098], [26.33244, 47.79954], [26.33245, 47.80549], [26.31844, 47.81462], [26.32398, 47.81944], [26.31763, 47.81976], [26.31654, 47.82655], [26.32491, 47.83097], [26.31092, 47.829], [26.31227, 47.83677], [26.30572, 47.83248], [26.30069, 47.83559], [26.30075, 47.83985], [26.30659, 47.84115], [26.30276, 47.84562], [26.31101, 47.84935], [26.30342, 47.85555], [26.29482, 47.8557], [26.29386, 47.86279], [26.29022, 47.86444], [26.28168, 47.85675], [26.26408, 47.86847], [26.27278, 47.8757], [26.22878, 47.90011], [26.2249, 47.89462], [26.21521, 47.89462], [26.21314, 47.88885], [26.20334, 47.89082], [26.20644, 47.88682], [26.19941, 47.88442], [26.19479, 47.89173], [26.18376, 47.89292], [26.1826, 47.90016], [26.1918, 47.90861], [26.18289, 47.91072], [26.18401, 47.91989], [26.16709, 47.92017], [26.16326, 47.92825], [26.1478, 47.92432], [26.14542, 47.93132], [26.126, 47.93266], [26.12862, 47.94225], [26.12295, 47.94564], [26.13113, 47.95333], [26.1099, 47.96262], [26.12157, 47.97029], [26.09839, 47.97799], [26.12656, 47.98781], [26.13741, 47.98418], [26.18806, 47.99548], [26.1992, 48.00802], [26.21211, 48.05079], [26.26687, 48.07651], [26.29801, 48.13369], [26.33424, 48.15941], [26.32786, 48.17622], [26.33269, 48.18583], [26.34809, 48.18299], [26.35097, 48.19165], [26.36048, 48.18517], [26.37708, 48.19887], [26.38603, 48.19468], [26.37916, 48.18878], [26.38684, 48.18696], [26.40515, 48.1901], [26.42088, 48.20165], [26.43589, 48.19323], [26.43988, 48.19619], [26.43218, 48.20004], [26.43523, 48.20455], [26.45831, 48.20679], [26.45692, 48.21396], [26.47151, 48.22023], [26.48076, 48.21514], [26.49449, 48.21837], [26.52929, 48.2098], [26.54994, 48.21654], [26.54971, 48.2251], [26.57234, 48.21946], [26.56874, 48.23143], [26.57818, 48.24398], [26.58773, 48.24675], [26.59817, 48.23844], [26.6204, 48.23919], [26.61547, 48.25149], [26.62877, 48.2473], [26.63204, 48.26142], [26.63932, 48.26044], [26.64569, 48.25245], [26.65406, 48.25507], [26.66079, 48.26433], [26.66668, 48.26097], [26.66466, 48.2476], [26.68028, 48.24862], [26.69151, 48.25401], [26.70023, 48.26538], [26.70872, 48.25274], [26.72501, 48.24571], [26.73187, 48.25028], [26.72859, 48.25821], [26.74265, 48.25409], [26.73587, 48.24495], [26.76617, 48.24827], [26.78318, 48.24313], [26.7864, 48.24998], [26.80964, 48.25394], [26.81605, 48.2462], [26.82658, 48.24425], [26.8316, 48.22669], [26.85175, 48.23411], [26.86075, 48.21813], [26.88423, 48.20242], [26.90877, 48.20143], [26.90333, 48.19472], [26.89244, 48.19178], [26.90347, 48.18077], [26.92089, 48.1822], [26.91496, 48.199], [26.93112, 48.1998], [26.94485, 48.19453], [26.94973, 48.18449], [26.93271, 48.17066], [26.93525, 48.16401], [26.97495, 48.1609], [26.99172, 48.14977], [26.98007, 48.14372], [26.95487, 48.15179], [26.95104, 48.14444], [26.95887, 48.13357], [27.00058, 48.12188], [27.02023, 48.13838], [27.02912, 48.13608], [27.02451, 48.12434], [27.03922, 48.12967], [27.03372, 48.11535], [27.04068, 48.10336], [27.02548, 48.08909], [27.04189, 48.08178], [27.04545, 48.06911], [27.08002, 48.05101], [27.08399, 48.03473], [27.10753, 48.03277], [27.10807, 48.02839], [27.09216, 48.02198], [27.09188, 48.00683], [27.10213, 48.0066], [27.12341, 48.01616], [27.13078, 48.01226], [27.11694, 48.00056], [27.12183, 47.99391], [27.16615, 47.99489], [27.1532, 47.97157], [27.14137, 47.96696], [27.17817, 47.94686], [27.15084, 47.92132], [27.19994, 47.90184], [27.20899, 47.84942], [27.24821, 47.83411], [27.23437, 47.82497], [27.22282, 47.83167], [27.21527, 47.81927], [27.22201, 47.81454], [27.24137, 47.81577], [27.23079, 47.80625], [27.23147, 47.79898], [27.2498, 47.79377], [27.25384, 47.77869], [27.26646, 47.78023], [27.26513, 47.76068], [27.27967, 47.76446], [27.28578, 47.75613], [27.28009, 47.75022], [27.29716, 47.75165], [27.29797, 47.74745], [27.28654, 47.74503], [27.28067, 47.73589], [27.29451, 47.72848], [27.29393, 47.72403], [27.2772, 47.7288], [27.26866, 47.72644], [27.2655, 47.7328], [27.25005, 47.71953], [27.26647, 47.71246], [27.2712, 47.69966], [27.28265, 47.70081], [27.27338, 47.68975], [27.29647, 47.6804], [27.29481, 47.66241], [27.30728, 47.6611], [27.31494, 47.64292], [27.3337, 47.62743], [27.36154, 47.61936], [27.36873, 47.60484], [27.37468, 47.6023], [27.37198, 47.59785], [27.39139, 47.58949], [27.33067, 47.57257], [27.30106, 47.57601], [27.30558, 47.57187], [27.29495, 47.56696], [27.28799, 47.57397], [27.28305, 47.56832], [27.26335, 47.57111], [27.25679, 47.56768], [27.2599, 47.56456], [27.24839, 47.5625], [27.2528, 47.55839], [27.24656, 47.55646], [27.25416, 47.55297], [27.24634, 47.54269], [27.2591, 47.52907], [27.24217, 47.522], [27.23735, 47.52652], [27.22467, 47.52244], [27.22951, 47.51498], [27.22324, 47.51308], [27.21722, 47.52077], [27.17958, 47.51736], [27.18007, 47.52189], [27.16889, 47.5238], [27.15907, 47.5352], [27.14966, 47.52919], [27.14435, 47.54179], [27.10004, 47.54792], [27.09716, 47.54222], [27.0915, 47.54252], [27.07254, 47.51282], [27.08141, 47.48631], [27.08225, 47.46438], [27.06473, 47.4619], [27.04916, 47.46621], [27.04982, 47.45171], [27.0419, 47.43826], [27.02263, 47.46118], [27.00526, 47.46651], [27.01203, 47.46958], [27.01001, 47.47249], [27.01659, 47.46912], [27.00679, 47.48551], [27.00839, 47.47546], [26.99054, 47.49256], [26.98337, 47.49076], [26.97737, 47.49622], [26.87914, 47.49164], [26.86609, 47.49644], [26.83771, 47.49725], [26.8178, 47.50801], [26.78791, 47.49986], [26.75093, 47.50303], [26.71758, 47.51535], [26.6987, 47.5094], [26.70427, 47.49935], [26.69756, 47.49284], [26.71537, 47.48619], [26.72685, 47.47288], [26.64085, 47.47025], [26.59895, 47.45972], [26.58739, 47.46254], [26.59143, 47.47003], [26.58926, 47.49039], [26.58069, 47.49236], [26.57997, 47.49784], [26.56056, 47.4956], [26.55765, 47.50402], [26.55098, 47.50421], [26.55041, 47.51172], [26.60479, 47.52055], [26.6039, 47.53274], [26.57799, 47.53536], [26.58248, 47.53904], [26.56311, 47.55618], [26.56465, 47.56475], [26.55606, 47.5754], [26.55811, 47.57908], [26.54168, 47.58269], [26.54799, 47.59122], [26.53718, 47.59813], [26.54805, 47.60009]]]}}, {"id": 9, "type": "Feature", "properties": {"county": "BV"}, "geometry": {"type": "Polygon", "coordinates": [[[24.91288, 45.59324], [24.83639, 45.59203], [24.82981, 45.60654], [24.81064, 45.61074], [24.79281, 45.60235], [24.77151, 45.6112], [24.73642, 45.60313], [24.72859, 45.60836], [24.69889, 45.60236], [24.68518, 45.60391], [24.67499, 45.61595], [24.66934, 45.64009], [24.67836, 45.64659], [24.67729, 45.66318], [24.68298, 45.67068], [24.68067, 45.68045], [24.67465, 45.68391], [24.67843, 45.68615], [24.68161, 45.70952], [24.65957, 45.74838], [24.6429, 45.76549], [24.64431, 45.79114], [24.63924, 45.79512], [24.64424, 45.79728], [24.64323, 45.80302], [24.65764, 45.80822], [24.65518, 45.81189], [24.66101, 45.81758], [24.68426, 45.82453], [24.68306, 45.83211], [24.68811, 45.83645], [24.71413, 45.81623], [24.72513, 45.82658], [24.71825, 45.84094], [24.7343, 45.83614], [24.75354, 45.84238], [24.77347, 45.83965], [24.77489, 45.84461], [24.76982, 45.85699], [24.77615, 45.86127], [24.77205, 45.86751], [24.75523, 45.87098], [24.71586, 45.89477], [24.70729, 45.92782], [24.69979, 45.93188], [24.70292, 45.94015], [24.72092, 45.94588], [24.74905, 45.93508], [24.77183, 45.9626], [24.76868, 45.9756], [24.7918, 45.973], [24.83551, 45.97781], [24.83887, 45.9865], [24.82523, 45.99601], [24.82125, 46.0101], [24.83413, 46.00626], [24.8655, 46.00966], [24.87547, 46.02985], [24.88496, 46.03269], [24.88942, 46.03967], [24.90774, 46.03806], [24.96523, 46.06182], [24.94844, 46.07268], [24.94629, 46.07878], [24.9559, 46.09084], [24.94633, 46.09354], [24.94884, 46.10221], [24.97502, 46.12387], [24.99351, 46.12909], [25.01496, 46.14627], [25.04662, 46.13321], [25.07894, 46.15144], [25.12584, 46.14238], [25.12896, 46.15012], [25.13572, 46.14728], [25.14947, 46.1586], [25.16294, 46.15879], [25.18876, 46.17097], [25.21844, 46.15129], [25.25016, 46.14148], [25.26051, 46.15103], [25.25692, 46.15552], [25.26614, 46.16861], [25.25142, 46.17729], [25.2616, 46.19046], [25.27344, 46.18722], [25.26625, 46.17552], [25.27269, 46.1708], [25.2938, 46.17712], [25.31969, 46.17314], [25.33285, 46.17753], [25.35995, 46.14617], [25.37562, 46.13474], [25.38538, 46.13627], [25.3949, 46.13005], [25.40489, 46.13269], [25.4104, 46.12897], [25.40713, 46.12387], [25.44933, 46.12495], [25.45441, 46.11999], [25.45082, 46.07337], [25.47448, 46.0588], [25.48679, 46.05744], [25.50078, 46.04646], [25.53096, 46.04895], [25.53376, 46.05271], [25.53549, 46.04799], [25.54396, 46.04866], [25.54286, 46.05283], [25.54623, 46.05613], [25.54753, 46.05195], [25.55565, 46.05536], [25.55509, 46.04796], [25.56231, 46.05294], [25.5599, 46.03639], [25.58101, 46.02656], [25.58206, 46.02142], [25.56864, 46.00268], [25.55949, 46.00138], [25.55579, 45.99604], [25.54538, 45.99646], [25.55356, 45.98817], [25.54328, 45.98976], [25.54126, 45.98424], [25.5392, 45.95595], [25.54655, 45.9483], [25.5404, 45.93894], [25.54594, 45.92647], [25.56343, 45.91465], [25.54834, 45.9063], [25.5536, 45.90027], [25.54368, 45.89591], [25.54943, 45.89664], [25.54949, 45.89292], [25.54118, 45.89199], [25.5542, 45.89007], [25.55505, 45.89618], [25.5708, 45.89721], [25.60964, 45.89151], [25.63967, 45.90096], [25.64099, 45.89524], [25.60089, 45.88707], [25.58961, 45.87283], [25.58072, 45.87555], [25.58989, 45.88026], [25.58333, 45.88296], [25.55777, 45.87646], [25.55683, 45.87182], [25.56442, 45.86032], [25.56132, 45.85009], [25.56769, 45.84699], [25.56375, 45.84315], [25.56723, 45.83656], [25.58522, 45.8278], [25.60172, 45.82921], [25.61047, 45.82445], [25.61214, 45.82875], [25.6238, 45.82406], [25.61621, 45.82133], [25.62266, 45.80889], [25.64287, 45.80917], [25.6469, 45.80499], [25.63881, 45.80238], [25.64186, 45.79812], [25.64872, 45.79475], [25.65024, 45.79999], [25.66488, 45.78869], [25.66436, 45.78211], [25.67587, 45.77377], [25.67126, 45.76376], [25.67735, 45.75838], [25.66284, 45.74832], [25.6777, 45.74784], [25.6973, 45.7613], [25.70273, 45.77376], [25.71027, 45.76981], [25.71805, 45.77291], [25.74356, 45.77004], [25.76538, 45.75645], [25.79039, 45.76452], [25.78786, 45.75357], [25.83323, 45.74755], [25.82677, 45.74298], [25.82647, 45.73227], [25.82108, 45.73331], [25.8216, 45.7258], [25.83713, 45.72238], [25.84109, 45.73062], [25.8543, 45.72254], [25.8516, 45.7188], [25.86036, 45.70771], [25.90834, 45.71026], [25.91344, 45.70922], [25.91417, 45.70244], [25.92367, 45.70215], [25.94105, 45.69176], [25.97254, 45.68724], [25.96863, 45.67467], [25.97187, 45.66611], [25.95133, 45.65239], [25.96378, 45.64725], [25.99496, 45.64822], [25.99629, 45.64488], [26.00242, 45.64883], [26.02021, 45.63741], [26.01289, 45.62373], [26.01883, 45.61554], [26.0567, 45.61687], [26.05541, 45.61191], [26.06596, 45.60643], [26.05343, 45.59742], [26.05479, 45.59381], [26.06807, 45.58583], [26.07184, 45.5778], [26.09298, 45.57254], [26.09497, 45.55694], [26.10467, 45.54995], [26.08942, 45.52157], [26.09336, 45.51631], [26.07843, 45.5127], [26.06641, 45.50214], [26.0655, 45.4853], [26.05469, 45.48509], [26.04667, 45.47844], [26.0134, 45.49017], [26.0088, 45.50421], [25.99537, 45.51438], [25.9674, 45.50777], [25.93783, 45.51254], [25.92103, 45.52196], [25.90772, 45.50101], [25.8997, 45.49886], [25.89099, 45.48791], [25.89731, 45.47816], [25.88745, 45.46681], [25.89231, 45.45939], [25.8898, 45.44699], [25.86916, 45.43587], [25.86538, 45.42246], [25.8224, 45.43163], [25.8284, 45.43875], [25.81985, 45.45561], [25.80953, 45.4679], [25.79718, 45.47133], [25.78646, 45.48182], [25.7721, 45.47434], [25.76593, 45.46557], [25.72629, 45.4654], [25.70187, 45.48112], [25.69949, 45.4909], [25.68101, 45.50063], [25.64276, 45.49211], [25.64273, 45.49541], [25.62998, 45.49607], [25.62947, 45.48993], [25.60705, 45.47604], [25.59929, 45.46247], [25.58905, 45.46108], [25.57235, 45.46768], [25.53292, 45.45894], [25.51156, 45.4704], [25.49808, 45.46743], [25.47643, 45.45297], [25.46068, 45.45351], [25.45171, 45.44096], [25.42995, 45.43796], [25.41289, 45.42973], [25.40797, 45.4204], [25.40943, 45.3943], [25.40326, 45.38658], [25.36274, 45.39158], [25.32159, 45.38109], [25.30801, 45.38952], [25.31231, 45.39895], [25.30094, 45.42315], [25.27258, 45.40741], [25.25538, 45.4225], [25.25345, 45.42882], [25.26203, 45.43789], [25.27585, 45.44206], [25.25743, 45.45205], [25.25876, 45.45666], [25.2383, 45.47561], [25.24209, 45.49391], [25.23324, 45.51177], [25.23663, 45.51788], [25.22997, 45.5165], [25.21164, 45.52687], [25.20342, 45.51969], [25.18897, 45.52278], [25.17547, 45.53584], [25.15167, 45.54578], [25.14555, 45.55862], [25.135, 45.56109], [25.12674, 45.57112], [25.10323, 45.5852], [25.08059, 45.58181], [25.03611, 45.59264], [25.01343, 45.58601], [24.98328, 45.58618], [24.96774, 45.5929], [24.95643, 45.59225], [24.94157, 45.58209], [24.91288, 45.59324]]]}}, {"id": 10, "type": "Feature", "properties": {"county": "BZ"}, "geometry": {"type": "Polygon", "coordinates": [[[26.60837, 44.87216], [26.59308, 44.8861], [26.58499, 44.88233], [26.55376, 44.91523], [26.53627, 44.9101], [26.53055, 44.93754], [26.59994, 44.95585], [26.59279, 44.96403], [26.57934, 44.96105], [26.57724, 44.97154], [26.56093, 44.99417], [26.55493, 44.99942], [26.54715, 44.99719], [26.53459, 45.00302], [26.52957, 45.01488], [26.51003, 45.01287], [26.5136, 45.00397], [26.50193, 44.99951], [26.49624, 45.00672], [26.492, 45.00536], [26.47701, 45.03408], [26.47794, 45.04745], [26.46876, 45.06336], [26.46301, 45.07002], [26.44327, 45.07561], [26.45138, 45.08331], [26.45624, 45.08163], [26.45212, 45.0877], [26.45627, 45.09193], [26.44948, 45.12611], [26.45647, 45.12892], [26.45634, 45.13614], [26.46949, 45.13829], [26.46061, 45.16615], [26.46037, 45.1981], [26.42149, 45.17518], [26.39669, 45.1784], [26.37567, 45.1583], [26.35245, 45.16491], [26.35353, 45.18073], [26.3513, 45.18649], [26.34592, 45.18688], [26.34912, 45.19229], [26.34573, 45.1962], [26.35685, 45.21425], [26.32611, 45.21694], [26.31451, 45.20873], [26.31073, 45.21081], [26.30286, 45.20207], [26.25666, 45.20873], [26.25645, 45.20126], [26.24959, 45.19928], [26.24619, 45.2232], [26.23357, 45.23405], [26.24206, 45.23742], [26.22614, 45.24437], [26.23149, 45.25636], [26.22339, 45.27372], [26.21737, 45.27772], [26.20361, 45.27375], [26.18527, 45.2787], [26.22106, 45.30522], [26.2302, 45.30607], [26.23357, 45.31474], [26.22379, 45.32572], [26.2099, 45.3278], [26.19037, 45.34726], [26.18875, 45.35591], [26.16018, 45.363], [26.16157, 45.36768], [26.15346, 45.3771], [26.15817, 45.3905], [26.16812, 45.39547], [26.16319, 45.40251], [26.1434, 45.41066], [26.1495, 45.42944], [26.14899, 45.45716], [26.12284, 45.47566], [26.10727, 45.47673], [26.09223, 45.48396], [26.08691, 45.49519], [26.07274, 45.50579], [26.08437, 45.51638], [26.09593, 45.51762], [26.09879, 45.52924], [26.1381, 45.5674], [26.14772, 45.58493], [26.15554, 45.58495], [26.15517, 45.57677], [26.16081, 45.57685], [26.1623, 45.56995], [26.17225, 45.56334], [26.18005, 45.57412], [26.17488, 45.57945], [26.17764, 45.59469], [26.1844, 45.59552], [26.18545, 45.60831], [26.20511, 45.61444], [26.21284, 45.62184], [26.2461, 45.62624], [26.2553, 45.61821], [26.24972, 45.61229], [26.25058, 45.60355], [26.28128, 45.58581], [26.30102, 45.60532], [26.31074, 45.60306], [26.31777, 45.62077], [26.3262, 45.62471], [26.32916, 45.63183], [26.3242, 45.64913], [26.33323, 45.66883], [26.33233, 45.68559], [26.34189, 45.70016], [26.35723, 45.71208], [26.35341, 45.72252], [26.36485, 45.72272], [26.37089, 45.73378], [26.38453, 45.73623], [26.38074, 45.74975], [26.38938, 45.76677], [26.38333, 45.78269], [26.39212, 45.8024], [26.40989, 45.79024], [26.42675, 45.78845], [26.44077, 45.77663], [26.44339, 45.75157], [26.43574, 45.73967], [26.44303, 45.73116], [26.46681, 45.71932], [26.46718, 45.70457], [26.483, 45.70115], [26.48949, 45.69373], [26.4872, 45.68752], [26.49283, 45.6769], [26.50807, 45.66712], [26.52993, 45.64093], [26.54148, 45.64178], [26.55169, 45.62928], [26.57968, 45.63331], [26.59355, 45.62035], [26.61528, 45.62804], [26.64778, 45.60904], [26.68155, 45.6087], [26.71898, 45.57185], [26.74339, 45.56647], [26.74685, 45.56252], [26.73924, 45.5562], [26.74843, 45.54842], [26.76663, 45.55139], [26.78221, 45.54777], [26.79161, 45.55228], [26.80539, 45.54786], [26.81762, 45.52876], [26.83393, 45.51783], [26.85305, 45.52536], [26.89016, 45.51681], [26.90019, 45.52343], [26.90336, 45.53865], [26.90608, 45.53284], [26.92624, 45.53536], [26.93854, 45.53202], [26.94054, 45.52549], [26.94829, 45.52187], [26.96414, 45.53368], [26.98585, 45.53773], [26.97508, 45.53194], [27.00223, 45.48487], [27.01821, 45.47813], [27.04544, 45.45258], [27.08994, 45.4459], [27.10031, 45.45833], [27.10367, 45.47059], [27.10908, 45.46882], [27.10928, 45.47489], [27.12725, 45.46627], [27.13622, 45.46559], [27.14023, 45.47283], [27.15828, 45.46521], [27.14295, 45.45133], [27.12042, 45.44769], [27.10665, 45.43852], [27.1127, 45.43475], [27.10408, 45.42604], [27.12006, 45.42081], [27.11484, 45.4093], [27.14343, 45.41037], [27.14794, 45.41639], [27.17483, 45.42765], [27.17399, 45.43164], [27.1944, 45.45337], [27.20429, 45.45284], [27.22343, 45.42758], [27.23801, 45.43296], [27.24103, 45.42992], [27.25673, 45.44942], [27.2795, 45.45435], [27.28113, 45.43354], [27.27698, 45.43224], [27.28026, 45.42683], [27.27354, 45.42816], [27.26462, 45.4205], [27.27003, 45.39021], [27.33958, 45.38351], [27.33662, 45.37133], [27.35542, 45.3712], [27.37957, 45.37501], [27.39444, 45.38332], [27.40146, 45.37702], [27.43476, 45.39471], [27.44174, 45.37574], [27.39841, 45.36155], [27.40787, 45.35296], [27.40885, 45.34039], [27.3915, 45.33728], [27.39317, 45.33162], [27.37978, 45.32976], [27.38906, 45.31265], [27.38686, 45.29319], [27.39017, 45.28668], [27.37174, 45.28172], [27.37387, 45.27607], [27.36567, 45.27265], [27.32573, 45.29181], [27.31252, 45.2922], [27.32802, 45.27603], [27.31937, 45.2615], [27.33983, 45.25274], [27.32785, 45.23875], [27.35174, 45.2314], [27.33953, 45.2157], [27.35009, 45.21222], [27.33537, 45.21084], [27.32094, 45.21647], [27.31518, 45.21061], [27.29239, 45.21348], [27.28369, 45.2001], [27.24321, 45.22007], [27.23964, 45.20981], [27.21062, 45.22365], [27.17509, 45.24934], [27.12534, 45.21493], [27.11828, 45.21488], [27.11477, 45.20192], [27.08437, 45.17986], [27.0663, 45.15848], [27.09766, 45.13046], [27.11449, 45.13743], [27.10928, 45.15297], [27.11195, 45.1564], [27.14958, 45.17122], [27.16702, 45.10981], [27.17909, 45.11327], [27.18739, 45.10901], [27.17549, 45.10572], [27.17778, 45.09122], [27.18779, 45.08757], [27.18865, 45.09208], [27.20542, 45.09259], [27.2025, 45.06916], [27.2061, 45.06966], [27.19756, 45.02804], [27.24772, 45.02713], [27.24637, 45.02053], [27.25332, 45.02099], [27.24927, 44.99492], [27.28086, 44.9951], [27.23482, 44.86912], [27.21059, 44.8727], [27.21603, 44.87128], [27.21291, 44.86381], [27.23149, 44.8593], [27.21155, 44.80689], [27.19117, 44.81178], [27.18906, 44.80689], [27.20775, 44.79688], [27.20306, 44.78606], [27.15561, 44.78871], [27.14818, 44.7679], [27.18746, 44.75129], [27.1792, 44.73523], [27.13734, 44.74168], [27.13408, 44.73554], [27.09792, 44.74485], [27.11093, 44.78199], [27.05624, 44.79692], [27.00797, 44.82447], [26.97334, 44.78827], [26.90776, 44.80536], [26.87839, 44.82026], [26.86581, 44.80608], [26.84646, 44.81495], [26.83043, 44.79768], [26.81685, 44.80408], [26.81021, 44.79534], [26.7766, 44.81511], [26.71875, 44.80919], [26.71398, 44.81952], [26.6787, 44.80879], [26.64483, 44.82298], [26.63095, 44.8136], [26.60558, 44.857], [26.60998, 44.85909], [26.6009, 44.86782], [26.60837, 44.87216]]]}}, {"id": 11, "type": "Feature", "properties": {"county": "CJ"}, "geometry": {"type": "Polygon", "coordinates": [[[23.61102, 46.48381], [23.5887, 46.48863], [23.58671, 46.49607], [23.5744, 46.49717], [23.55944, 46.48825], [23.54806, 46.50385], [23.52973, 46.49922], [23.53077, 46.49066], [23.52313, 46.48596], [23.51583, 46.49283], [23.49708, 46.49532], [23.48509, 46.5036], [23.47581, 46.50044], [23.4626, 46.50422], [23.45447, 46.51731], [23.4601, 46.52535], [23.45387, 46.52839], [23.43933, 46.52324], [23.43081, 46.5296], [23.40064, 46.53048], [23.39165, 46.53967], [23.38232, 46.54064], [23.34694, 46.52995], [23.34667, 46.53335], [23.34068, 46.5301], [23.33465, 46.53286], [23.3118, 46.52455], [23.29848, 46.53024], [23.28219, 46.52994], [23.27777, 46.52622], [23.27992, 46.51256], [23.2896, 46.50891], [23.2771, 46.5072], [23.2696, 46.49777], [23.24911, 46.49793], [23.23688, 46.49092], [23.19558, 46.49253], [23.18475, 46.50969], [23.15084, 46.50599], [23.13017, 46.49097], [23.11899, 46.48735], [23.10412, 46.49049], [23.09362, 46.46838], [23.06015, 46.47089], [23.05213, 46.46616], [23.04712, 46.46833], [23.04614, 46.47648], [23.05555, 46.49247], [23.0326, 46.50203], [23.01117, 46.50375], [23.00091, 46.53403], [22.98895, 46.53776], [22.99975, 46.54845], [22.99501, 46.55451], [22.9762, 46.54842], [22.94667, 46.55617], [22.92752, 46.55462], [22.883, 46.53591], [22.85948, 46.53995], [22.85574, 46.5506], [22.84761, 46.54582], [22.83596, 46.54644], [22.81317, 46.55599], [22.81067, 46.56424], [22.81803, 46.57024], [22.81454, 46.57571], [22.81724, 46.58432], [22.80628, 46.59051], [22.80749, 46.61047], [22.80147, 46.61838], [22.81958, 46.63859], [22.78796, 46.62705], [22.79356, 46.63956], [22.77264, 46.65239], [22.771, 46.66637], [22.74898, 46.68925], [22.74089, 46.71438], [22.70824, 46.73876], [22.71452, 46.75309], [22.7132, 46.76332], [22.63729, 46.79941], [22.65796, 46.80513], [22.70415, 46.80553], [22.71084, 46.81277], [22.72642, 46.81587], [22.73299, 46.83378], [22.74547, 46.84787], [22.75413, 46.87622], [22.77897, 46.89703], [22.77567, 46.91062], [22.73674, 46.915], [22.71724, 46.93335], [22.68529, 46.93885], [22.67975, 46.94892], [22.67085, 46.95012], [22.67845, 46.96248], [22.67482, 46.97089], [22.73418, 47.00811], [22.78576, 46.98795], [22.78524, 46.98147], [22.795, 46.97713], [22.82115, 46.9829], [22.83482, 46.99518], [22.84246, 46.98861], [22.84645, 46.9915], [22.85876, 46.98775], [22.86618, 46.98065], [22.87892, 46.98891], [22.87109, 46.97975], [22.89, 46.97614], [22.899, 46.96949], [22.89661, 46.94427], [22.90403, 46.93331], [22.90773, 46.937], [22.916, 46.93467], [22.92082, 46.92595], [22.93223, 46.92228], [22.93164, 46.91843], [22.9713, 46.91263], [22.98471, 46.9031], [23.00691, 46.90756], [23.0052, 46.90297], [23.01387, 46.90077], [23.00909, 46.89275], [23.01167, 46.88783], [23.02294, 46.8958], [23.0269, 46.8927], [23.03353, 46.90148], [23.03502, 46.89616], [23.04141, 46.89717], [23.03217, 46.88969], [23.03758, 46.88788], [23.03593, 46.88184], [23.04195, 46.88158], [23.04515, 46.88421], [23.04053, 46.88832], [23.057, 46.89453], [23.0653, 46.90457], [23.0649, 46.90061], [23.09229, 46.89027], [23.08333, 46.8779], [23.08338, 46.86724], [23.09043, 46.85972], [23.10425, 46.86045], [23.10476, 46.85337], [23.15118, 46.86602], [23.14937, 46.86974], [23.16037, 46.87621], [23.17555, 46.87529], [23.16279, 46.87927], [23.17617, 46.87946], [23.19867, 46.86947], [23.20032, 46.88213], [23.2226, 46.89263], [23.21099, 46.90228], [23.20655, 46.9216], [23.20255, 46.9226], [23.22958, 46.93476], [23.21616, 46.93966], [23.22123, 46.94947], [23.21723, 46.95302], [23.22878, 46.95236], [23.2341, 46.95687], [23.22831, 46.96368], [23.24257, 46.95621], [23.23755, 46.94732], [23.25873, 46.93502], [23.25448, 46.92645], [23.25891, 46.91417], [23.27803, 46.91071], [23.27633, 46.9017], [23.28208, 46.89794], [23.30458, 46.90313], [23.30922, 46.91109], [23.32375, 46.91417], [23.33834, 46.90839], [23.35503, 46.91996], [23.34523, 46.92062], [23.34456, 46.92486], [23.36008, 46.92716], [23.36375, 46.93985], [23.37187, 46.93725], [23.37027, 46.93989], [23.38867, 46.9505], [23.37244, 46.96244], [23.38804, 46.96691], [23.38497, 46.97732], [23.39955, 46.97643], [23.41174, 46.98182], [23.39841, 46.99352], [23.42771, 46.98835], [23.43159, 46.99408], [23.4412, 46.99154], [23.44566, 46.99785], [23.45874, 46.99817], [23.46345, 47.00419], [23.45794, 47.00562], [23.47407, 47.01351], [23.46747, 47.02149], [23.47088, 47.02642], [23.48625, 47.03], [23.48792, 47.03529], [23.47175, 47.0437], [23.47683, 47.04637], [23.47179, 47.04957], [23.47378, 47.05489], [23.45044, 47.061], [23.44773, 47.07563], [23.42754, 47.08961], [23.43399, 47.09304], [23.44852, 47.08804], [23.45249, 47.09587], [23.46625, 47.09015], [23.48506, 47.09083], [23.48877, 47.09675], [23.48008, 47.1083], [23.48961, 47.1098], [23.48396, 47.11055], [23.48747, 47.11946], [23.49579, 47.1133], [23.50411, 47.1173], [23.50005, 47.12805], [23.49141, 47.12952], [23.50016, 47.14104], [23.49791, 47.15494], [23.52139, 47.15549], [23.53411, 47.16106], [23.5445, 47.15861], [23.54359, 47.16572], [23.55373, 47.17719], [23.56146, 47.17893], [23.58247, 47.17755], [23.59706, 47.16456], [23.61583, 47.16986], [23.63387, 47.18263], [23.634, 47.18964], [23.62672, 47.19419], [23.63595, 47.20173], [23.64018, 47.21323], [23.64541, 47.21382], [23.6437, 47.22202], [23.65361, 47.22898], [23.65293, 47.23468], [23.6619, 47.23688], [23.66482, 47.23344], [23.6672, 47.2393], [23.67882, 47.23396], [23.69737, 47.24425], [23.7116, 47.24354], [23.72062, 47.25486], [23.72619, 47.24599], [23.75271, 47.24198], [23.75303, 47.26095], [23.75876, 47.26402], [23.75652, 47.27128], [23.76207, 47.28355], [23.76945, 47.27275], [23.79634, 47.26338], [23.79578, 47.25891], [23.81454, 47.25129], [23.80968, 47.25741], [23.81424, 47.25738], [23.81286, 47.26785], [23.79886, 47.28146], [23.81348, 47.29123], [23.80691, 47.29598], [23.81595, 47.29877], [23.81377, 47.3071], [23.82559, 47.30867], [23.82808, 47.32], [23.84166, 47.32748], [23.84095, 47.34214], [23.83221, 47.34766], [23.84058, 47.35465], [23.84704, 47.37254], [23.85265, 47.36814], [23.86675, 47.37026], [23.86987, 47.38021], [23.87228, 47.37088], [23.88738, 47.36559], [23.89342, 47.3566], [23.917, 47.35683], [23.92254, 47.35213], [23.96975, 47.36568], [23.99929, 47.3581], [23.99434, 47.36506], [24.02272, 47.36196], [24.01781, 47.34454], [24.02682, 47.33138], [24.022, 47.3291], [24.02921, 47.32379], [24.01838, 47.31729], [24.02117, 47.3142], [24.00651, 47.31121], [24.00832, 47.30532], [23.98017, 47.32119], [23.97052, 47.31142], [23.95954, 47.31699], [23.9569, 47.31134], [23.95346, 47.31575], [23.95026, 47.30607], [23.94049, 47.30908], [23.93838, 47.30279], [23.92678, 47.29854], [23.93473, 47.28477], [23.93062, 47.27434], [23.92126, 47.2733], [23.91861, 47.25467], [23.92965, 47.23177], [23.92917, 47.22119], [23.93673, 47.21156], [23.93604, 47.19929], [23.9506, 47.17664], [23.95846, 47.17408], [23.95449, 47.16853], [23.95833, 47.16219], [23.97784, 47.16811], [24.0053, 47.16697], [24.00205, 47.17579], [24.01665, 47.17834], [24.02051, 47.16817], [24.02457, 47.16948], [24.02845, 47.16412], [24.02378, 47.15492], [24.01414, 47.15856], [24.0115, 47.1505], [24.01742, 47.14249], [24.02615, 47.1459], [24.0393, 47.14033], [24.04052, 47.13255], [24.07077, 47.12874], [24.06726, 47.12428], [24.07017, 47.11822], [24.0879, 47.11521], [24.09652, 47.12701], [24.1078, 47.12413], [24.1099, 47.11134], [24.12038, 47.10594], [24.11952, 47.09786], [24.14723, 47.08964], [24.13114, 47.08782], [24.136, 47.082], [24.13419, 47.07391], [24.12387, 47.06641], [24.12636, 47.06041], [24.1188, 47.05827], [24.11459, 47.05059], [24.11665, 47.04139], [24.10361, 47.02721], [24.11531, 47.02207], [24.11588, 47.01123], [24.10436, 47.00267], [24.10697, 46.99524], [24.1005, 46.9961], [24.09788, 46.9891], [24.10807, 46.98527], [24.11813, 46.97405], [24.11393, 46.96055], [24.14156, 46.96727], [24.15698, 46.96171], [24.15824, 46.96483], [24.17563, 46.96306], [24.17037, 46.95815], [24.1783, 46.95351], [24.16783, 46.94652], [24.16139, 46.94788], [24.16154, 46.93358], [24.18535, 46.92893], [24.19255, 46.93509], [24.19365, 46.92419], [24.18681, 46.92185], [24.20965, 46.91204], [24.21639, 46.89713], [24.2274, 46.88837], [24.21211, 46.88519], [24.21914, 46.87395], [24.19925, 46.8526], [24.21058, 46.83942], [24.18884, 46.83107], [24.19693, 46.81977], [24.18847, 46.81218], [24.19283, 46.80982], [24.19128, 46.80561], [24.17757, 46.80716], [24.18804, 46.79345], [24.18145, 46.7878], [24.1708, 46.78631], [24.16755, 46.78121], [24.1176, 46.77378], [24.11579, 46.76538], [24.12613, 46.74647], [24.11588, 46.74243], [24.0879, 46.75358], [24.08494, 46.74627], [24.07102, 46.74198], [24.06651, 46.73345], [24.08513, 46.71376], [24.11358, 46.70857], [24.12437, 46.70011], [24.11395, 46.69405], [24.11329, 46.68298], [24.1024, 46.66162], [24.09377, 46.66151], [24.09457, 46.65716], [24.06383, 46.65648], [24.05888, 46.65105], [24.03359, 46.64511], [24.02901, 46.62981], [24.02024, 46.62787], [24.0252, 46.61549], [24.06907, 46.60603], [24.05247, 46.57498], [24.0526, 46.56182], [24.03748, 46.55728], [24.04538, 46.54506], [24.01939, 46.53129], [24.00319, 46.54118], [23.98694, 46.54226], [23.95909, 46.51548], [23.97503, 46.5046], [23.969, 46.50498], [23.96422, 46.49845], [23.97371, 46.48197], [23.96288, 46.47568], [23.96777, 46.47256], [23.97079, 46.4594], [23.98491, 46.45879], [23.97955, 46.45332], [23.98811, 46.45405], [23.98519, 46.44947], [24.00486, 46.44222], [23.99097, 46.43204], [23.97757, 46.42964], [23.95049, 46.4501], [23.92329, 46.44934], [23.90966, 46.46352], [23.88674, 46.46345], [23.88787, 46.4593], [23.87597, 46.45349], [23.88015, 46.45005], [23.86843, 46.44737], [23.86425, 46.45112], [23.86614, 46.45623], [23.85508, 46.45096], [23.83317, 46.46889], [23.82536, 46.46291], [23.80195, 46.46569], [23.78294, 46.45812], [23.76646, 46.46217], [23.73029, 46.45153], [23.70118, 46.45748], [23.67697, 46.44933], [23.66864, 46.43945], [23.6725, 46.4293], [23.65104, 46.42777], [23.6556, 46.418], [23.66851, 46.41558], [23.66235, 46.42061], [23.66554, 46.42067], [23.68121, 46.40888], [23.66472, 46.40472], [23.66923, 46.40183], [23.66092, 46.39671], [23.62282, 46.40577], [23.60306, 46.41552], [23.60328, 46.42848], [23.59197, 46.43608], [23.58896, 46.44956], [23.58994, 46.45664], [23.60309, 46.46944], [23.60034, 46.47772], [23.61449, 46.47845], [23.61102, 46.48381]]]}}, {"id": 12, "type": "Feature", "properties": {"county": "CL"}, "geometry": {"type": "Polygon", "coordinates": [[[26.60059, 44.05183], [26.52828, 44.05365], [26.43463, 44.0331], [26.37997, 44.04295], [26.35809, 44.10807], [26.38967, 44.12295], [26.41965, 44.12561], [26.41795, 44.13116], [26.42885, 44.14588], [26.42709, 44.15749], [26.42211, 44.16565], [26.41748, 44.16472], [26.41346, 44.1758], [26.42077, 44.18328], [26.40958, 44.18904], [26.39984, 44.18537], [26.39977, 44.19747], [26.41587, 44.19859], [26.4158, 44.20382], [26.40105, 44.2081], [26.40045, 44.22421], [26.36132, 44.22307], [26.36017, 44.24194], [26.34585, 44.24181], [26.315, 44.25786], [26.3036, 44.25585], [26.28097, 44.27865], [26.28344, 44.28133], [26.25416, 44.29822], [26.27585, 44.31722], [26.25251, 44.33024], [26.28035, 44.34894], [26.28621, 44.34555], [26.29526, 44.35318], [26.3059, 44.35083], [26.32292, 44.36081], [26.3142, 44.36176], [26.33116, 44.3718], [26.3145, 44.372], [26.31286, 44.39021], [26.29892, 44.39006], [26.29833, 44.39903], [26.2878, 44.39866], [26.28682, 44.40515], [26.26005, 44.40925], [26.28891, 44.41732], [26.30188, 44.41334], [26.30916, 44.40108], [26.31649, 44.39992], [26.32005, 44.38649], [26.32659, 44.38451], [26.32455, 44.38717], [26.33277, 44.38906], [26.32322, 44.39611], [26.33874, 44.40192], [26.34198, 44.39752], [26.3469, 44.39899], [26.35254, 44.41199], [26.3756, 44.42186], [26.38989, 44.41604], [26.40077, 44.41977], [26.40146, 44.43841], [26.44146, 44.43771], [26.44185, 44.44443], [26.45174, 44.44428], [26.45196, 44.45596], [26.45847, 44.45908], [26.45173, 44.46284], [26.45008, 44.45622], [26.43771, 44.46189], [26.42634, 44.45664], [26.39538, 44.45719], [26.39472, 44.46573], [26.38162, 44.46471], [26.38173, 44.47033], [26.37623, 44.46906], [26.37676, 44.47724], [26.36057, 44.4861], [26.39801, 44.51119], [26.4066, 44.50734], [26.41915, 44.52475], [26.42849, 44.52157], [26.46259, 44.54338], [26.46653, 44.54846], [26.43902, 44.54866], [26.4453, 44.56292], [26.45617, 44.56673], [26.46657, 44.56357], [26.47986, 44.57651], [26.49636, 44.57148], [26.49159, 44.56232], [26.50777, 44.55543], [26.51269, 44.56158], [26.52216, 44.55817], [26.5629, 44.5266], [26.59937, 44.52307], [26.58822, 44.5124], [26.59104, 44.51103], [26.61079, 44.52235], [26.60183, 44.52662], [26.60374, 44.53244], [26.61849, 44.52757], [26.61451, 44.53539], [26.62108, 44.54313], [26.6413, 44.53166], [26.64469, 44.53613], [26.63557, 44.54086], [26.665, 44.59554], [26.68383, 44.59105], [26.67332, 44.57253], [26.68267, 44.56524], [26.68063, 44.56252], [26.72598, 44.55901], [26.72272, 44.53768], [26.75419, 44.52806], [26.76034, 44.54997], [26.78696, 44.5418], [26.77929, 44.52141], [26.77311, 44.5229], [26.77014, 44.5178], [26.79631, 44.51102], [26.81064, 44.52244], [26.82338, 44.51155], [26.82992, 44.52756], [26.85024, 44.52456], [26.84413, 44.51531], [26.86189, 44.52013], [26.87552, 44.51757], [26.88138, 44.52801], [26.89754, 44.52309], [26.89272, 44.51592], [26.97175, 44.52895], [27.00361, 44.52899], [27.0035, 44.50869], [27.0917, 44.50859], [27.09156, 44.48508], [27.13552, 44.48302], [27.13988, 44.50092], [27.18845, 44.49192], [27.18708, 44.48667], [27.2062, 44.48384], [27.2105, 44.50105], [27.20191, 44.50206], [27.20578, 44.51577], [27.22554, 44.51317], [27.22431, 44.50818], [27.23134, 44.50732], [27.22789, 44.49343], [27.26296, 44.48914], [27.26783, 44.50626], [27.29031, 44.50382], [27.28746, 44.4897], [27.34562, 44.48594], [27.35219, 44.51729], [27.37019, 44.51629], [27.36975, 44.50614], [27.3901, 44.50592], [27.38849, 44.49623], [27.50244, 44.49355], [27.50239, 44.4967], [27.51853, 44.49715], [27.52527, 44.54381], [27.54566, 44.54212], [27.5464, 44.56202], [27.57198, 44.55908], [27.57022, 44.46781], [27.63912, 44.47071], [27.63859, 44.46541], [27.64944, 44.46499], [27.64852, 44.45082], [27.65942, 44.44613], [27.65431, 44.42093], [27.73421, 44.41765], [27.73363, 44.40621], [27.74655, 44.40538], [27.74802, 44.3974], [27.76988, 44.39483], [27.74562, 44.38188], [27.75636, 44.3659], [27.7486, 44.36185], [27.76251, 44.34775], [27.7719, 44.34434], [27.78912, 44.35513], [27.79965, 44.33843], [27.80329, 44.34143], [27.81337, 44.33414], [27.83475, 44.3473], [27.84259, 44.36793], [27.85508, 44.38011], [28.01741, 44.34025], [28.01188, 44.32208], [27.99696, 44.30459], [27.98003, 44.29298], [27.94982, 44.25712], [27.93615, 44.25062], [27.91427, 44.24722], [27.88494, 44.25105], [27.80075, 44.24014], [27.77865, 44.23255], [27.72526, 44.19764], [27.70021, 44.19644], [27.63699, 44.20606], [27.60063, 44.19832], [27.52835, 44.17007], [27.50395, 44.15137], [27.45346, 44.12507], [27.39276, 44.13194], [27.35949, 44.12883], [27.31512, 44.14059], [27.22869, 44.11623], [27.18519, 44.1205], [27.16494, 44.13174], [27.13389, 44.14058], [27.08037, 44.13298], [27.06102, 44.13564], [27.04195, 44.14462], [26.99451, 44.13391], [26.90671, 44.13333], [26.84086, 44.11146], [26.76281, 44.07787], [26.72374, 44.07267], [26.69996, 44.07598], [26.6638, 44.06284], [26.60059, 44.05183]]]}}, {"id": 13, "type": "Feature", "properties": {"county": "CS"}, "geometry": {"type": "Polygon", "coordinates": [[[21.79136, 44.66405], [21.71881, 44.65391], [21.68905, 44.66527], [21.63266, 44.66129], [21.62066, 44.66823], [21.61396, 44.68013], [21.61089, 44.69968], [21.61501, 44.71617], [21.60712, 44.73513], [21.58834, 44.75807], [21.53693, 44.77265], [21.40337, 44.77657], [21.39222, 44.78291], [21.38516, 44.80508], [21.37647, 44.81527], [21.35826, 44.8217], [21.3564, 44.82714], [21.36422, 44.82922], [21.35658, 44.83161], [21.36005, 44.83673], [21.35301, 44.84077], [21.36136, 44.8404], [21.35764, 44.85019], [21.37102, 44.86666], [21.38407, 44.86533], [21.38798, 44.86977], [21.40604, 44.86643], [21.41798, 44.87335], [21.44297, 44.8665], [21.44113, 44.87], [21.44691, 44.87402], [21.46325, 44.86748], [21.47106, 44.87126], [21.48546, 44.86816], [21.51077, 44.88004], [21.56013, 44.889], [21.55818, 44.90662], [21.55019, 44.9174], [21.5527, 44.92388], [21.54668, 44.93052], [21.46926, 44.95846], [21.43817, 44.96056], [21.40676, 44.97851], [21.41475, 44.98679], [21.38844, 44.99806], [21.38297, 45.00183], [21.38684, 45.0044], [21.37704, 45.00672], [21.36024, 45.02038], [21.37402, 45.02805], [21.39303, 45.02716], [21.40582, 45.03698], [21.42075, 45.03652], [21.42294, 45.03236], [21.45612, 45.04043], [21.44761, 45.05751], [21.48328, 45.0913], [21.46975, 45.10468], [21.47842, 45.12125], [21.52748, 45.13792], [21.5289, 45.14737], [21.51643, 45.16886], [21.49324, 45.17319], [21.47741, 45.19449], [21.51474, 45.2021], [21.50752, 45.20368], [21.50991, 45.21217], [21.50403, 45.2128], [21.50426, 45.21735], [21.51136, 45.21761], [21.52712, 45.23182], [21.52126, 45.2449], [21.5306, 45.24847], [21.53432, 45.26394], [21.5561, 45.27243], [21.53131, 45.29137], [21.54279, 45.29972], [21.52588, 45.33153], [21.49393, 45.34288], [21.49713, 45.35085], [21.49242, 45.35533], [21.4886, 45.35314], [21.44509, 45.39038], [21.44053, 45.4071], [21.48874, 45.41862], [21.485, 45.43468], [21.47559, 45.43121], [21.46925, 45.43574], [21.46996, 45.44157], [21.46421, 45.44288], [21.4587, 45.47677], [21.51155, 45.49359], [21.55656, 45.49014], [21.55188, 45.4934], [21.55913, 45.50012], [21.56618, 45.49644], [21.58443, 45.50895], [21.57899, 45.5092], [21.58239, 45.5142], [21.57078, 45.52032], [21.58523, 45.5304], [21.57249, 45.53467], [21.57776, 45.54435], [21.59775, 45.55661], [21.59988, 45.57107], [21.62835, 45.56823], [21.64791, 45.58017], [21.67412, 45.58589], [21.69377, 45.5731], [21.70207, 45.57373], [21.69851, 45.56751], [21.70486, 45.56144], [21.72412, 45.56279], [21.72897, 45.55593], [21.74491, 45.55217], [21.74728, 45.54463], [21.81703, 45.52714], [21.83136, 45.52857], [21.83912, 45.53623], [21.87572, 45.53568], [21.8717, 45.56136], [21.92352, 45.56688], [21.93509, 45.55649], [21.92053, 45.5528], [21.94018, 45.53142], [21.9453, 45.50566], [21.97486, 45.51244], [21.99085, 45.50308], [21.99265, 45.50909], [22.00708, 45.50414], [22.00867, 45.51028], [22.03053, 45.49742], [22.04282, 45.49829], [22.0433, 45.50535], [22.06428, 45.50863], [22.06573, 45.5147], [22.06008, 45.5201], [22.06625, 45.52107], [22.06489, 45.52873], [22.07612, 45.53172], [22.06646, 45.53552], [22.05743, 45.55211], [22.04558, 45.55203], [22.0449, 45.56074], [22.04953, 45.56144], [22.04418, 45.5718], [22.04917, 45.57398], [22.03664, 45.58711], [22.04526, 45.59152], [22.07404, 45.57194], [22.1056, 45.59525], [22.1149, 45.59087], [22.12286, 45.59593], [22.1346, 45.59411], [22.1481, 45.61602], [22.15011, 45.59844], [22.16229, 45.60771], [22.17328, 45.6044], [22.18881, 45.61783], [22.20774, 45.60567], [22.2367, 45.6043], [22.25284, 45.58749], [22.2701, 45.58484], [22.29099, 45.60532], [22.29765, 45.63646], [22.31648, 45.65985], [22.35805, 45.66735], [22.38869, 45.66247], [22.39645, 45.66836], [22.41936, 45.66373], [22.42648, 45.66889], [22.45314, 45.6608], [22.45756, 45.65367], [22.45346, 45.64715], [22.46136, 45.64351], [22.47434, 45.6239], [22.49437, 45.61817], [22.51238, 45.59529], [22.54442, 45.59525], [22.54813, 45.58095], [22.55755, 45.58658], [22.57095, 45.58509], [22.57211, 45.57932], [22.58297, 45.58445], [22.59547, 45.57465], [22.59308, 45.56063], [22.63659, 45.57108], [22.6416, 45.56484], [22.64105, 45.55305], [22.62782, 45.54252], [22.62722, 45.53605], [22.648, 45.54166], [22.65266, 45.52676], [22.67713, 45.51574], [22.66868, 45.50658], [22.67343, 45.50674], [22.67617, 45.49661], [22.68973, 45.49268], [22.69749, 45.46237], [22.70672, 45.46071], [22.70422, 45.4328], [22.71285, 45.41579], [22.69102, 45.39182], [22.66731, 45.38214], [22.6566, 45.37134], [22.66877, 45.36136], [22.66689, 45.35216], [22.68319, 45.33159], [22.69922, 45.32871], [22.69232, 45.31997], [22.69669, 45.30344], [22.68708, 45.28852], [22.67731, 45.28261], [22.68884, 45.27454], [22.68609, 45.25283], [22.66513, 45.23587], [22.6446, 45.23371], [22.64922, 45.22321], [22.6266, 45.20877], [22.60056, 45.20541], [22.57558, 45.18339], [22.57453, 45.17569], [22.5588, 45.15739], [22.581, 45.13748], [22.62836, 45.13493], [22.63968, 45.12721], [22.64968, 45.12766], [22.65752, 45.115], [22.65622, 45.10501], [22.63776, 45.09487], [22.58636, 45.04406], [22.57081, 45.04085], [22.55896, 45.02193], [22.53663, 45.00203], [22.49216, 44.97327], [22.5117, 44.96591], [22.5164, 44.95572], [22.48661, 44.94929], [22.4888, 44.93563], [22.49621, 44.92886], [22.49103, 44.90932], [22.48219, 44.90691], [22.48876, 44.89408], [22.48654, 44.88116], [22.47632, 44.87649], [22.47083, 44.86072], [22.45753, 44.85133], [22.45975, 44.84329], [22.44445, 44.8324], [22.44648, 44.82226], [22.42373, 44.80053], [22.43045, 44.78118], [22.42441, 44.78151], [22.41744, 44.77067], [22.41871, 44.7563], [22.40145, 44.75334], [22.39164, 44.76193], [22.38147, 44.75543], [22.36818, 44.75618], [22.36543, 44.74266], [22.35884, 44.74335], [22.35897, 44.7397], [22.35812, 44.73871], [22.34164, 44.77406], [22.26809, 44.78253], [22.25196, 44.79375], [22.2434, 44.80754], [22.2068, 44.81747], [22.20715, 44.79934], [22.19506, 44.77921], [22.20416, 44.7614], [22.18554, 44.74128], [22.16353, 44.74343], [22.15563, 44.73577], [22.15354, 44.71149], [22.14689, 44.70076], [22.1492, 44.68245], [22.13867, 44.65993], [22.15348, 44.65014], [22.17116, 44.6487], [22.1774, 44.63988], [22.17283, 44.6339], [22.17629, 44.62449], [22.14751, 44.5853], [22.13302, 44.60061], [22.12861, 44.59281], [22.1174, 44.59181], [22.09597, 44.60954], [22.09228, 44.61907], [22.08439, 44.61802], [22.08226, 44.62194], [22.06376, 44.61507], [22.062, 44.60995], [22.02347, 44.60774], [22.01615, 44.5992], [22.00437, 44.608], [21.99867, 44.62847], [21.98961, 44.6337], [21.95077, 44.63512], [21.91742, 44.64744], [21.89154, 44.64509], [21.8422, 44.65434], [21.81459, 44.65062], [21.79136, 44.66405]]]}}, {"id": 14, "type": "Feature", "properties": {"county": "CT"}, "geometry": {"type": "Polygon", "coordinates": [[[28.23643, 43.75849], [27.99422, 43.84288], [27.97627, 43.90094], [27.95407, 43.94015], [27.94427, 43.98479], [27.91682, 44.00823], [27.84349, 43.96639], [27.73786, 43.95352], [27.71004, 43.95939], [27.67365, 44.0298], [27.64352, 44.04793], [27.61194, 44.01221], [27.46876, 44.0225], [27.39943, 44.01237], [27.35617, 44.05871], [27.29118, 44.07517], [27.29066, 44.08305], [27.27687, 44.09925], [27.2763, 44.10542], [27.28414, 44.10986], [27.27137, 44.12634], [27.2954, 44.13814], [27.31512, 44.14059], [27.35949, 44.12883], [27.39276, 44.13194], [27.45346, 44.12507], [27.50395, 44.15137], [27.52835, 44.17007], [27.60063, 44.19832], [27.63699, 44.20606], [27.70021, 44.19644], [27.72526, 44.19764], [27.78583, 44.23584], [27.82866, 44.24658], [27.86368, 44.24539], [27.88494, 44.25105], [27.93041, 44.24892], [27.94982, 44.25712], [27.96751, 44.27414], [27.98003, 44.29298], [28.01188, 44.32208], [28.02166, 44.35645], [28.03124, 44.37137], [28.0694, 44.40393], [28.07281, 44.41385], [28.10469, 44.42861], [28.1102, 44.43971], [28.09827, 44.45616], [28.08748, 44.49127], [28.05324, 44.5087], [28.03462, 44.54741], [28.01655, 44.56482], [28.01374, 44.58442], [28.03261, 44.60726], [28.03177, 44.62529], [28.01912, 44.6389], [27.96916, 44.66893], [27.95823, 44.68019], [27.93123, 44.6797], [27.91144, 44.69693], [27.88238, 44.70776], [27.87464, 44.71732], [27.87143, 44.73109], [27.8782, 44.75849], [27.89718, 44.77247], [27.94957, 44.78049], [27.996, 44.76016], [28.01554, 44.75785], [28.02538, 44.76378], [28.03695, 44.76096], [28.0463, 44.77405], [28.06458, 44.78341], [28.07414, 44.80389], [28.11007, 44.7935], [28.13257, 44.80085], [28.15351, 44.8003], [28.18163, 44.78536], [28.18152, 44.76105], [28.19449, 44.75421], [28.2164, 44.75393], [28.21704, 44.76234], [28.23993, 44.76467], [28.24042, 44.75612], [28.26271, 44.7558], [28.25881, 44.74791], [28.26182, 44.72683], [28.27471, 44.71837], [28.2688, 44.71224], [28.27922, 44.71202], [28.26786, 44.69921], [28.27387, 44.69734], [28.2918, 44.70869], [28.31273, 44.71148], [28.32695, 44.70732], [28.31457, 44.69609], [28.36554, 44.6916], [28.36492, 44.68483], [28.37462, 44.68631], [28.38508, 44.67997], [28.37731, 44.66373], [28.37912, 44.65262], [28.3868, 44.65195], [28.38691, 44.63951], [28.39636, 44.63881], [28.40441, 44.64897], [28.40831, 44.64892], [28.39514, 44.63472], [28.41204, 44.62984], [28.40931, 44.62458], [28.41979, 44.62144], [28.42185, 44.61588], [28.43467, 44.61665], [28.43585, 44.62532], [28.44903, 44.64299], [28.43354, 44.6495], [28.43751, 44.65412], [28.42777, 44.65803], [28.4348, 44.6738], [28.44833, 44.66866], [28.44635, 44.6647], [28.46924, 44.65701], [28.46715, 44.64824], [28.52082, 44.63418], [28.5285, 44.63592], [28.53247, 44.66112], [28.53605, 44.66251], [28.59058, 44.65418], [28.59616, 44.65835], [28.683, 44.66882], [28.67769, 44.6626], [28.70154, 44.6577], [28.6919, 44.65292], [28.69609, 44.65014], [28.7104, 44.65501], [28.74095, 44.64678], [28.74951, 44.65428], [28.77858, 44.65501], [28.7782, 44.64874], [28.79058, 44.63512], [28.80377, 44.63904], [28.80796, 44.63305], [28.82435, 44.63234], [28.86538, 44.66406], [28.91481, 44.68627], [28.91458, 44.69665], [28.95813, 44.69425], [28.9857, 44.67911], [28.99508, 44.67902], [28.95033, 44.63689], [28.88661, 44.54107], [28.85704, 44.50563], [28.76098, 44.42486], [28.71118, 44.37657], [28.69851, 44.35869], [28.69563, 44.3448], [28.68922, 44.34165], [28.68864, 44.33035], [28.69471, 44.32066], [28.68842, 44.32962], [28.68588, 44.34243], [28.67639, 44.33711], [28.67586, 44.34462], [28.66163, 44.33662], [28.66164, 44.33333], [28.67246, 44.33385], [28.67241, 44.332], [28.65156, 44.32776], [28.68924, 44.32227], [28.63931, 44.32423], [28.62906, 44.3053], [28.62187, 44.26422], [28.62957, 44.22939], [28.63973, 44.21812], [28.64687, 44.22137], [28.65029, 44.21957], [28.64426, 44.21654], [28.65874, 44.19937], [28.65554, 44.18229], [28.66462, 44.17775], [28.66094, 44.17907], [28.65946, 44.17563], [28.66311, 44.17379], [28.66344, 44.17468], [28.66167, 44.17756], [28.66208, 44.17782], [28.66571, 44.17212], [28.66038, 44.1699], [28.65844, 44.1617], [28.67161, 44.15423], [28.67316, 44.14882], [28.67362, 44.14309], [28.70056, 44.12187], [28.70817, 44.10842], [28.7002, 44.12126], [28.67238, 44.14331], [28.67136, 44.15366], [28.65827, 44.16071], [28.65668, 44.15756], [28.65673, 44.17115], [28.65092, 44.16979], [28.65333, 44.16564], [28.64318, 44.16715], [28.65255, 44.16269], [28.64376, 44.15839], [28.65403, 44.15743], [28.64305, 44.15464], [28.65433, 44.15332], [28.64406, 44.14891], [28.65585, 44.14989], [28.64556, 44.14548], [28.66377, 44.14649], [28.66547, 44.15], [28.66881, 44.14711], [28.64715, 44.14096], [28.64901, 44.13704], [28.66477, 44.14049], [28.65656, 44.13766], [28.66319, 44.12822], [28.66127, 44.12448], [28.66619, 44.11242], [28.67737, 44.107], [28.66725, 44.11115], [28.65528, 44.11153], [28.65379, 44.11197], [28.66535, 44.11241], [28.65705, 44.13051], [28.65694, 44.1211], [28.64975, 44.11939], [28.65014, 44.11179], [28.6495, 44.11955], [28.65656, 44.12122], [28.65116, 44.1298], [28.64422, 44.12817], [28.64338, 44.11511], [28.63922, 44.11745], [28.64319, 44.11163], [28.64164, 44.10207], [28.64698, 44.10185], [28.6479, 44.11002], [28.66717, 44.1093], [28.66697, 44.10388], [28.69536, 44.10279], [28.69475, 44.09111], [28.64389, 44.08418], [28.63838, 44.07662], [28.64584, 44.04503], [28.65513, 44.02905], [28.66025, 44.02888], [28.65657, 44.02481], [28.66161, 44.02196], [28.66755, 43.98668], [28.64165, 43.95661], [28.63879, 43.93982], [28.63314, 43.93319], [28.63583, 43.92297], [28.61384, 43.89839], [28.60638, 43.87801], [28.61061, 43.87293], [28.60585, 43.8691], [28.60852, 43.85018], [28.59138, 43.83962], [28.59325, 43.82824], [28.587, 43.81086], [28.60102, 43.7988], [28.58907, 43.80336], [28.58659, 43.80964], [28.57558, 43.79485], [28.58613, 43.79236], [28.59401, 43.79908], [28.58836, 43.7898], [28.5808, 43.78878], [28.58321, 43.77903], [28.57448, 43.7569], [28.57903, 43.73872], [28.44618, 43.73371], [28.34848, 43.75215], [28.23643, 43.75849]]]}}, {"id": 15, "type": "Feature", "properties": {"county": "CV"}, "geometry": {"type": "Polygon", "coordinates": [[[25.83273, 45.74761], [25.78786, 45.75357], [25.79039, 45.76452], [25.76538, 45.75645], [25.74356, 45.77004], [25.71805, 45.77291], [25.71027, 45.76981], [25.70273, 45.77376], [25.69709, 45.76112], [25.6777, 45.74784], [25.66749, 45.74615], [25.66271, 45.74855], [25.6651, 45.7521], [25.67726, 45.75798], [25.67126, 45.76376], [25.67587, 45.77377], [25.6683, 45.77709], [25.66488, 45.78869], [25.65024, 45.79999], [25.64872, 45.79475], [25.64186, 45.79812], [25.63881, 45.80238], [25.64538, 45.80737], [25.62326, 45.80847], [25.61621, 45.82133], [25.6238, 45.82406], [25.61395, 45.82818], [25.61047, 45.82445], [25.60172, 45.82921], [25.58593, 45.82765], [25.56723, 45.83656], [25.55777, 45.87646], [25.58839, 45.88283], [25.58072, 45.87555], [25.58748, 45.87215], [25.60089, 45.88707], [25.64213, 45.89732], [25.63696, 45.90094], [25.60501, 45.89127], [25.57016, 45.89717], [25.55505, 45.89618], [25.5542, 45.89007], [25.54154, 45.8915], [25.54919, 45.89271], [25.54943, 45.89664], [25.54368, 45.89591], [25.5536, 45.90027], [25.54865, 45.90674], [25.56343, 45.91465], [25.54594, 45.92647], [25.5404, 45.93894], [25.54655, 45.9483], [25.5392, 45.95595], [25.54126, 45.98424], [25.54328, 45.98976], [25.55356, 45.98817], [25.546, 45.99694], [25.55579, 45.99604], [25.56901, 46.00305], [25.58006, 46.01687], [25.58133, 46.02616], [25.55996, 46.0363], [25.5619, 46.05321], [25.55509, 46.04796], [25.55565, 46.05536], [25.54753, 46.05195], [25.54623, 46.05613], [25.54396, 46.04866], [25.53549, 46.04799], [25.53376, 46.05271], [25.50466, 46.04532], [25.45082, 46.07337], [25.45126, 46.1041], [25.46729, 46.10689], [25.46777, 46.11403], [25.47827, 46.12411], [25.47893, 46.14565], [25.49765, 46.14842], [25.50898, 46.16164], [25.50467, 46.16597], [25.51041, 46.17815], [25.50612, 46.18637], [25.54716, 46.20958], [25.55661, 46.20781], [25.56291, 46.21814], [25.57482, 46.21288], [25.60287, 46.24165], [25.61568, 46.2397], [25.66511, 46.25737], [25.6804, 46.27182], [25.71697, 46.27692], [25.72592, 46.27464], [25.73417, 46.26348], [25.72317, 46.25582], [25.76613, 46.21076], [25.78465, 46.19996], [25.79069, 46.19244], [25.79137, 46.17628], [25.80396, 46.17279], [25.80539, 46.16475], [25.83428, 46.1452], [25.84714, 46.12424], [25.8572, 46.11965], [25.87775, 46.12398], [25.90331, 46.12208], [25.91333, 46.13045], [25.93951, 46.12672], [25.97871, 46.13513], [25.9927, 46.1252], [26.00091, 46.13005], [26.01953, 46.12802], [26.03824, 46.15117], [26.06096, 46.16073], [26.08814, 46.15648], [26.08502, 46.15984], [26.09646, 46.16521], [26.11629, 46.16097], [26.12456, 46.17016], [26.13332, 46.17179], [26.17236, 46.16034], [26.17677, 46.17969], [26.1877, 46.179], [26.18363, 46.18493], [26.20703, 46.17912], [26.21957, 46.20603], [26.25181, 46.21014], [26.26153, 46.21561], [26.25972, 46.22303], [26.25414, 46.22316], [26.25847, 46.23156], [26.2503, 46.23545], [26.26226, 46.23928], [26.2636, 46.24645], [26.28945, 46.2446], [26.32671, 46.23], [26.34144, 46.2037], [26.33328, 46.19584], [26.33053, 46.18335], [26.34744, 46.16212], [26.3431, 46.13742], [26.37154, 46.14599], [26.38752, 46.14497], [26.38358, 46.13909], [26.38956, 46.13299], [26.3857, 46.12898], [26.39254, 46.12303], [26.38008, 46.12832], [26.36765, 46.11855], [26.36929, 46.11236], [26.38886, 46.10137], [26.4079, 46.10357], [26.40506, 46.09226], [26.43063, 46.07807], [26.42512, 46.06696], [26.44196, 46.05108], [26.43772, 46.04781], [26.43756, 46.03543], [26.44565, 46.01877], [26.43199, 46.00046], [26.43756, 45.98907], [26.39833, 45.96634], [26.38925, 45.95489], [26.39191, 45.94801], [26.38721, 45.94031], [26.3945, 45.92086], [26.38229, 45.91691], [26.38189, 45.9109], [26.37566, 45.90722], [26.37702, 45.88934], [26.38557, 45.88313], [26.38799, 45.87359], [26.37437, 45.85777], [26.37101, 45.84337], [26.37715, 45.8369], [26.37501, 45.82073], [26.39212, 45.8024], [26.38333, 45.78269], [26.38938, 45.76677], [26.38074, 45.74975], [26.38453, 45.73623], [26.37089, 45.73378], [26.36485, 45.72272], [26.35341, 45.72252], [26.35723, 45.71208], [26.34189, 45.70016], [26.33233, 45.68559], [26.33323, 45.66883], [26.3242, 45.64913], [26.32916, 45.63183], [26.3262, 45.62471], [26.31777, 45.62077], [26.31074, 45.60306], [26.30102, 45.60532], [26.28128, 45.58581], [26.25058, 45.60355], [26.24972, 45.61229], [26.2553, 45.61821], [26.2461, 45.62624], [26.21284, 45.62184], [26.20511, 45.61444], [26.18545, 45.60831], [26.1844, 45.59552], [26.17764, 45.59469], [26.17488, 45.57945], [26.18005, 45.57412], [26.17303, 45.56401], [26.1623, 45.56995], [26.16081, 45.57685], [26.15517, 45.57677], [26.15554, 45.58495], [26.14772, 45.58493], [26.1381, 45.5674], [26.12603, 45.55943], [26.12185, 45.54911], [26.10217, 45.53302], [26.09193, 45.5166], [26.08919, 45.52008], [26.09445, 45.53525], [26.1045, 45.55074], [26.09497, 45.55694], [26.09298, 45.57254], [26.07184, 45.5778], [26.06807, 45.58583], [26.05479, 45.59381], [26.05343, 45.59742], [26.06596, 45.60643], [26.05541, 45.61191], [26.0567, 45.61687], [26.01883, 45.61554], [26.01289, 45.62373], [26.02021, 45.63741], [26.00242, 45.64883], [25.99629, 45.64488], [25.99496, 45.64822], [25.96378, 45.64725], [25.95146, 45.65228], [25.97187, 45.66611], [25.96863, 45.67467], [25.97254, 45.68724], [25.94105, 45.69176], [25.92367, 45.70215], [25.91417, 45.70244], [25.91344, 45.70922], [25.90834, 45.71026], [25.86036, 45.70771], [25.8516, 45.7188], [25.8543, 45.72254], [25.84109, 45.73062], [25.83713, 45.72238], [25.8216, 45.7258], [25.82108, 45.73331], [25.82647, 45.73227], [25.82677, 45.74298], [25.83273, 45.74761]]]}}, {"id": 16, "type": "Feature", "properties": {"county": "DB"}, "geometry": {"type": "Polygon", "coordinates": [[[25.39507, 44.51815], [25.36922, 44.49735], [25.35783, 44.47962], [25.36664, 44.47418], [25.35577, 44.45934], [25.34117, 44.46461], [25.33562, 44.45461], [25.3223, 44.44662], [25.32654, 44.44492], [25.32245, 44.44087], [25.29698, 44.43029], [25.30175, 44.42335], [25.25075, 44.40336], [25.24007, 44.42247], [25.23477, 44.42425], [25.25824, 44.44127], [25.26363, 44.43533], [25.27969, 44.44446], [25.27098, 44.4482], [25.27733, 44.45338], [25.26695, 44.46751], [25.27115, 44.46969], [25.26855, 44.47199], [25.28004, 44.47485], [25.27975, 44.47868], [25.26565, 44.50712], [25.25731, 44.51143], [25.27992, 44.52804], [25.2926, 44.55145], [25.25908, 44.56852], [25.25177, 44.5628], [25.22027, 44.60178], [25.2255, 44.60523], [25.21251, 44.61573], [25.19833, 44.60874], [25.19325, 44.61977], [25.20502, 44.63286], [25.19538, 44.63664], [25.18076, 44.63216], [25.19431, 44.63953], [25.19281, 44.64319], [25.17956, 44.64929], [25.16839, 44.66178], [25.18796, 44.67045], [25.19662, 44.66614], [25.23734, 44.69494], [25.22731, 44.70325], [25.20311, 44.70715], [25.18531, 44.71575], [25.17496, 44.71472], [25.18583, 44.72276], [25.18525, 44.7274], [25.1746, 44.7307], [25.18262, 44.73785], [25.17788, 44.73966], [25.18415, 44.74491], [25.19289, 44.73412], [25.1971, 44.73641], [25.21107, 44.7643], [25.20837, 44.77349], [25.21288, 44.78212], [25.20739, 44.78515], [25.20522, 44.7963], [25.20053, 44.79603], [25.1973, 44.80584], [25.20075, 44.81009], [25.19189, 44.81938], [25.194, 44.82591], [25.18695, 44.8267], [25.19517, 44.84897], [25.20458, 44.85601], [25.1907, 44.88134], [25.1976, 44.90321], [25.17403, 44.91959], [25.1613, 44.92111], [25.16929, 44.94099], [25.16675, 44.94967], [25.17233, 44.98377], [25.17685, 44.98929], [25.19632, 44.9913], [25.2002, 45.00204], [25.19686, 45.01868], [25.18727, 45.03323], [25.17014, 45.02861], [25.17204, 45.0405], [25.1449, 45.03841], [25.14864, 45.05147], [25.12824, 45.06134], [25.1247, 45.07051], [25.14222, 45.08419], [25.15371, 45.08539], [25.15759, 45.07616], [25.16984, 45.08067], [25.18011, 45.09347], [25.17468, 45.10221], [25.17654, 45.10724], [25.16187, 45.1171], [25.14416, 45.11236], [25.16268, 45.12449], [25.14666, 45.12904], [25.15395, 45.13657], [25.14614, 45.14263], [25.15426, 45.16012], [25.15214, 45.1812], [25.14678, 45.18482], [25.15536, 45.19041], [25.14626, 45.19913], [25.1564, 45.20165], [25.13924, 45.21213], [25.16368, 45.21527], [25.17081, 45.20097], [25.18245, 45.20256], [25.18394, 45.1953], [25.17944, 45.19208], [25.19719, 45.16531], [25.20713, 45.16337], [25.21186, 45.15662], [25.2172, 45.15862], [25.21611, 45.16432], [25.25279, 45.18114], [25.25626, 45.18601], [25.24974, 45.19694], [25.25337, 45.20326], [25.24957, 45.20424], [25.25384, 45.20489], [25.24774, 45.21092], [25.26983, 45.21359], [25.29142, 45.22465], [25.29372, 45.23209], [25.28512, 45.24064], [25.28708, 45.25286], [25.28043, 45.26937], [25.30539, 45.29248], [25.30496, 45.30424], [25.31612, 45.32175], [25.30975, 45.33586], [25.32545, 45.3471], [25.32542, 45.3559], [25.31926, 45.35957], [25.32188, 45.36491], [25.31652, 45.37005], [25.32215, 45.38199], [25.36338, 45.39161], [25.40326, 45.38658], [25.40943, 45.3943], [25.40797, 45.4204], [25.41269, 45.42955], [25.42995, 45.43796], [25.45239, 45.44137], [25.45575, 45.4333], [25.47187, 45.42658], [25.46968, 45.41194], [25.48443, 45.39504], [25.48089, 45.38278], [25.47105, 45.37472], [25.47378, 45.35722], [25.46769, 45.3471], [25.47806, 45.33676], [25.47413, 45.32774], [25.48746, 45.31459], [25.50361, 45.31802], [25.53358, 45.30179], [25.53286, 45.2929], [25.5496, 45.28033], [25.55485, 45.27056], [25.53357, 45.25387], [25.53008, 45.24403], [25.52527, 45.24381], [25.52821, 45.23709], [25.51094, 45.22201], [25.53416, 45.21604], [25.54001, 45.20331], [25.53046, 45.19448], [25.5318, 45.19025], [25.55789, 45.19228], [25.56382, 45.17267], [25.59778, 45.14912], [25.59348, 45.1435], [25.60501, 45.12437], [25.61916, 45.11875], [25.62337, 45.10662], [25.6341, 45.1047], [25.63968, 45.09201], [25.65483, 45.09096], [25.67517, 45.0808], [25.68687, 45.05914], [25.7017, 45.04496], [25.6992, 45.03956], [25.70409, 45.03417], [25.6869, 45.02913], [25.68394, 45.02396], [25.68757, 45.02042], [25.67551, 45.00956], [25.68358, 44.97879], [25.67785, 44.96562], [25.68796, 44.94737], [25.70958, 44.94142], [25.76942, 44.94701], [25.77263, 44.94039], [25.7914, 44.94469], [25.80223, 44.92107], [25.81118, 44.92261], [25.81338, 44.91468], [25.82081, 44.91351], [25.82014, 44.90316], [25.82533, 44.89714], [25.8089, 44.8889], [25.81422, 44.87446], [25.80279, 44.86745], [25.80436, 44.86293], [25.79701, 44.85457], [25.80212, 44.85229], [25.77642, 44.84219], [25.77764, 44.82465], [25.84183, 44.80997], [25.84305, 44.81601], [25.86286, 44.83079], [25.87473, 44.83118], [25.87689, 44.82029], [25.88627, 44.81802], [25.88286, 44.81346], [25.88609, 44.80682], [25.90924, 44.79586], [25.90532, 44.79572], [25.90591, 44.79104], [25.91912, 44.7798], [25.91569, 44.77216], [25.92674, 44.77164], [25.92252, 44.77056], [25.92974, 44.76821], [25.92481, 44.76268], [25.93344, 44.76309], [25.94077, 44.75666], [25.93668, 44.74842], [25.92391, 44.74436], [25.92272, 44.73523], [25.91648, 44.73747], [25.90841, 44.73342], [25.91473, 44.71629], [25.92641, 44.70896], [25.92814, 44.69825], [25.93317, 44.69484], [25.95429, 44.72215], [25.96311, 44.72501], [25.96785, 44.7203], [25.95465, 44.71426], [25.95399, 44.70735], [25.97077, 44.71041], [25.97475, 44.69995], [25.99155, 44.70118], [25.98393, 44.68666], [25.9764, 44.68914], [25.95812, 44.68394], [25.9642, 44.67867], [25.96927, 44.68016], [25.97117, 44.67475], [25.98538, 44.67336], [25.97414, 44.67069], [25.98216, 44.66457], [25.97506, 44.66522], [25.9595, 44.65446], [25.94239, 44.65734], [25.93934, 44.64571], [25.9801, 44.62999], [25.98858, 44.62293], [25.99201, 44.61231], [25.9297, 44.57152], [25.87981, 44.55354], [25.89076, 44.54095], [25.875, 44.53391], [25.85359, 44.5389], [25.84646, 44.52509], [25.84465, 44.52386], [25.8321, 44.54174], [25.82614, 44.53955], [25.81022, 44.54877], [25.7893, 44.53031], [25.78526, 44.53334], [25.77866, 44.52933], [25.76407, 44.53567], [25.75732, 44.52977], [25.74634, 44.53806], [25.72885, 44.53638], [25.72208, 44.54513], [25.71304, 44.54046], [25.70812, 44.54438], [25.68185, 44.52295], [25.68382, 44.52905], [25.67629, 44.52531], [25.67415, 44.53243], [25.64612, 44.54413], [25.64978, 44.55128], [25.6468, 44.55354], [25.63554, 44.54904], [25.61678, 44.55044], [25.60108, 44.52894], [25.59344, 44.53214], [25.5893, 44.52537], [25.58215, 44.52659], [25.58165, 44.53338], [25.57491, 44.53798], [25.56432, 44.5291], [25.54199, 44.54001], [25.51555, 44.5189], [25.49571, 44.51968], [25.49861, 44.51695], [25.48456, 44.50245], [25.48039, 44.50433], [25.47986, 44.49909], [25.49947, 44.4877], [25.51214, 44.48831], [25.50246, 44.47673], [25.49832, 44.47917], [25.49116, 44.47198], [25.47095, 44.48826], [25.45376, 44.47792], [25.44167, 44.48485], [25.4503, 44.49224], [25.44467, 44.49418], [25.44272, 44.50105], [25.39507, 44.51815]]]}}, {"id": 17, "type": "Feature", "properties": {"county": "DJ"}, "geometry": {"type": "Polygon", "coordinates": [[[23.03447, 43.80277], [22.9752, 43.80852], [22.95279, 43.8132], [22.93395, 43.82355], [22.87348, 43.83504], [22.84269, 43.8638], [22.83828, 43.88669], [22.84783, 43.90917], [22.86206, 43.92389], [22.86354, 43.93287], [22.86025, 43.93377], [22.87873, 43.98156], [22.88598, 43.98757], [22.9289, 44.00124], [23.00405, 44.01111], [23.01654, 44.01862], [23.0139, 44.02056], [23.03782, 44.04467], [23.0459, 44.06375], [23.02934, 44.08595], [23.01321, 44.09368], [22.96386, 44.09853], [22.98319, 44.12416], [23.00462, 44.13966], [23.00531, 44.15806], [23.08553, 44.15681], [23.08456, 44.15151], [23.09725, 44.14624], [23.10988, 44.15014], [23.11785, 44.1895], [23.09512, 44.19922], [23.11213, 44.21737], [23.09418, 44.2227], [23.09776, 44.24044], [23.08906, 44.24295], [23.09357, 44.2619], [23.10832, 44.26254], [23.12397, 44.30128], [23.11877, 44.30305], [23.13114, 44.31628], [23.17617, 44.32447], [23.19329, 44.35265], [23.18888, 44.36738], [23.19774, 44.37263], [23.2071, 44.3676], [23.21819, 44.37565], [23.21736, 44.38664], [23.19985, 44.39205], [23.16642, 44.41214], [23.17827, 44.42422], [23.19719, 44.41377], [23.20522, 44.4361], [23.22225, 44.43608], [23.22306, 44.43909], [23.21515, 44.44016], [23.21653, 44.44379], [23.19633, 44.45199], [23.19983, 44.46801], [23.21413, 44.46699], [23.2141, 44.47038], [23.24885, 44.48031], [23.24454, 44.4968], [23.27947, 44.50153], [23.28381, 44.51603], [23.25701, 44.5202], [23.25388, 44.52989], [23.28742, 44.53835], [23.31664, 44.53997], [23.3368, 44.52366], [23.35454, 44.53385], [23.3564, 44.54079], [23.37042, 44.54442], [23.41557, 44.52697], [23.4175, 44.53248], [23.42716, 44.53262], [23.43534, 44.53993], [23.42832, 44.54255], [23.45217, 44.55261], [23.45504, 44.56956], [23.46645, 44.56901], [23.46533, 44.57398], [23.46124, 44.5731], [23.4585, 44.5744], [23.46566, 44.57859], [23.48943, 44.57872], [23.49285, 44.57091], [23.49694, 44.5712], [23.49419, 44.5793], [23.50773, 44.58332], [23.50733, 44.5925], [23.51451, 44.60147], [23.56405, 44.60748], [23.58879, 44.61511], [23.60097, 44.60535], [23.59858, 44.59981], [23.61483, 44.59003], [23.62382, 44.58854], [23.663, 44.60045], [23.69713, 44.60204], [23.70013, 44.59941], [23.69631, 44.5961], [23.71058, 44.58651], [23.71642, 44.59803], [23.71054, 44.60992], [23.71992, 44.62755], [23.71833, 44.6367], [23.70847, 44.64197], [23.71446, 44.65083], [23.70818, 44.65878], [23.72602, 44.68549], [23.71907, 44.69345], [23.72234, 44.70134], [23.71513, 44.70426], [23.71251, 44.7147], [23.7217, 44.72967], [23.7476, 44.71614], [23.78065, 44.71381], [23.7856, 44.69333], [23.78073, 44.68873], [23.78635, 44.6801], [23.79098, 44.68083], [23.7918, 44.67491], [23.78706, 44.66305], [23.78742, 44.63747], [23.81657, 44.64756], [23.82705, 44.63642], [23.84198, 44.63864], [23.85911, 44.62443], [23.87622, 44.63038], [23.89967, 44.62554], [23.8809, 44.61092], [23.89782, 44.57471], [23.91108, 44.57893], [23.92175, 44.56311], [23.92393, 44.54059], [23.93064, 44.52679], [23.90949, 44.51359], [23.89679, 44.51269], [23.90187, 44.51634], [23.89066, 44.51068], [23.90411, 44.499], [23.88308, 44.48058], [23.90893, 44.46882], [23.89122, 44.46675], [23.88588, 44.46132], [23.89767, 44.45755], [23.89424, 44.44558], [23.8823, 44.43329], [23.88206, 44.42347], [23.89049, 44.41279], [23.90141, 44.42509], [23.96826, 44.41036], [23.95796, 44.38175], [23.97769, 44.3802], [23.98419, 44.37311], [24.0151, 44.37714], [24.02883, 44.38478], [24.03169, 44.37968], [24.02418, 44.37593], [24.04921, 44.3646], [24.04583, 44.35449], [24.049, 44.35447], [24.04177, 44.34909], [24.05346, 44.34565], [24.0509, 44.34], [24.06963, 44.33276], [24.09129, 44.29918], [24.10898, 44.30076], [24.11195, 44.26681], [24.14759, 44.26346], [24.14915, 44.25256], [24.14162, 44.24868], [24.2269, 44.22992], [24.22145, 44.21676], [24.22957, 44.2147], [24.2164, 44.18019], [24.22067, 44.17951], [24.21881, 44.17101], [24.22937, 44.16996], [24.21536, 44.12192], [24.22368, 44.12043], [24.22082, 44.10997], [24.22731, 44.10968], [24.22262, 44.06927], [24.1796, 44.06846], [24.17461, 44.05023], [24.18448, 44.04899], [24.17355, 44.00629], [24.26389, 43.99871], [24.25912, 43.98814], [24.26251, 43.98732], [24.25733, 43.97501], [24.26032, 43.97422], [24.25157, 43.95721], [24.23243, 43.96138], [24.22331, 43.94125], [24.24186, 43.93674], [24.24003, 43.93177], [24.24827, 43.93026], [24.2267, 43.88519], [24.2343, 43.88329], [24.22497, 43.8634], [24.23175, 43.86171], [24.22709, 43.85226], [24.199, 43.85835], [24.19419, 43.84856], [24.20163, 43.84685], [24.19225, 43.82704], [24.19954, 43.82561], [24.19231, 43.81039], [24.17866, 43.81375], [24.17624, 43.80862], [24.15555, 43.81371], [24.13817, 43.77544], [24.12934, 43.77462], [24.11273, 43.69956], [24.08643, 43.70219], [24.06079, 43.71888], [23.96682, 43.74456], [23.92644, 43.74504], [23.86339, 43.75504], [23.81041, 43.77557], [23.76515, 43.78586], [23.75545, 43.8001], [23.70078, 43.80411], [23.62349, 43.79133], [23.59225, 43.80065], [23.58102, 43.79709], [23.54381, 43.81181], [23.50746, 43.83383], [23.41523, 43.85279], [23.37349, 43.84753], [23.2755, 43.84786], [23.21292, 43.83299], [23.13075, 43.80531], [23.05378, 43.79559], [23.04304, 43.79628], [23.03447, 43.80277]]]}}, {"id": 18, "type": "Feature", "properties": {"county": "GJ"}, "geometry": {"type": "Polygon", "coordinates": [[[23.1351, 44.6952], [23.13057, 44.68805], [23.14487, 44.68122], [23.14202, 44.67923], [23.12394, 44.68748], [23.11753, 44.68184], [23.11775, 44.68763], [23.11067, 44.68527], [23.10502, 44.69403], [23.0896, 44.695], [23.08521, 44.70164], [23.07774, 44.70128], [23.07508, 44.70812], [23.06219, 44.71205], [23.06728, 44.71556], [23.05877, 44.72192], [23.06578, 44.7238], [23.06273, 44.72911], [23.05267, 44.72538], [23.04746, 44.73397], [23.02189, 44.73563], [23.00467, 44.74497], [23.00864, 44.74623], [23.00323, 44.74777], [23.00362, 44.75746], [22.992, 44.76823], [22.99638, 44.77164], [22.99085, 44.77314], [22.99608, 44.7758], [22.99205, 44.78132], [22.96117, 44.79471], [22.94762, 44.77931], [22.94132, 44.78361], [22.93399, 44.80207], [22.94727, 44.80536], [22.94065, 44.81426], [22.90875, 44.82197], [22.88948, 44.85309], [22.89719, 44.85878], [22.89172, 44.86743], [22.89589, 44.88502], [22.88837, 44.89549], [22.8901, 44.9045], [22.88454, 44.91997], [22.87772, 44.9259], [22.86991, 44.96151], [22.89775, 44.96507], [22.88956, 44.9768], [22.89999, 44.99179], [22.88576, 44.99707], [22.86076, 44.98946], [22.84855, 44.99296], [22.85081, 44.99912], [22.82838, 45.01944], [22.82926, 45.02598], [22.81388, 45.03653], [22.78307, 45.04586], [22.76824, 45.0612], [22.73837, 45.05895], [22.73301, 45.06385], [22.73751, 45.06802], [22.72504, 45.06801], [22.73334, 45.07522], [22.72671, 45.07808], [22.70504, 45.0673], [22.68967, 45.10032], [22.68255, 45.10618], [22.6734, 45.10072], [22.65841, 45.11077], [22.65663, 45.10817], [22.65752, 45.115], [22.64968, 45.12766], [22.63968, 45.12721], [22.62836, 45.13493], [22.60293, 45.13793], [22.59432, 45.13417], [22.57887, 45.13864], [22.5588, 45.15739], [22.57453, 45.17569], [22.57558, 45.18339], [22.60075, 45.20554], [22.62561, 45.20837], [22.64636, 45.22022], [22.64994, 45.22664], [22.6446, 45.23371], [22.67316, 45.2403], [22.68649, 45.25821], [22.69236, 45.25127], [22.69969, 45.25382], [22.69992, 45.26017], [22.7352, 45.25342], [22.74405, 45.26491], [22.77429, 45.27011], [22.77716, 45.26245], [22.78481, 45.26239], [22.79649, 45.2704], [22.81447, 45.27239], [22.82395, 45.27895], [22.82388, 45.28515], [22.84943, 45.27404], [22.85784, 45.27584], [22.86436, 45.26106], [22.91646, 45.27938], [22.95564, 45.2734], [22.94234, 45.26516], [22.93748, 45.25214], [22.92222, 45.24134], [22.94261, 45.23835], [22.95162, 45.25966], [22.95022, 45.26705], [22.95601, 45.27139], [22.96375, 45.27129], [22.97507, 45.25412], [22.99616, 45.26024], [23.00762, 45.25339], [23.05591, 45.26661], [23.06645, 45.26497], [23.06791, 45.27475], [23.07718, 45.27603], [23.09332, 45.29125], [23.14515, 45.27915], [23.14114, 45.28154], [23.14873, 45.28693], [23.1569, 45.28009], [23.16362, 45.28323], [23.16471, 45.2793], [23.18482, 45.28588], [23.20729, 45.27731], [23.22462, 45.29945], [23.23432, 45.30347], [23.28888, 45.30991], [23.30996, 45.29992], [23.32682, 45.31], [23.3282, 45.32079], [23.33916, 45.33133], [23.37507, 45.33185], [23.37989, 45.33875], [23.39482, 45.33242], [23.40254, 45.33466], [23.40586, 45.3229], [23.40036, 45.31591], [23.43691, 45.30398], [23.44368, 45.29752], [23.47241, 45.30288], [23.48361, 45.3142], [23.51288, 45.32704], [23.53308, 45.32991], [23.53915, 45.34011], [23.55123, 45.33909], [23.56702, 45.34999], [23.58324, 45.35271], [23.59065, 45.35308], [23.60474, 45.3406], [23.61654, 45.33961], [23.62367, 45.33384], [23.64625, 45.3502], [23.66897, 45.34138], [23.68558, 45.32807], [23.70853, 45.33436], [23.72669, 45.32744], [23.79667, 45.35378], [23.84315, 45.33069], [23.84417, 45.3151], [23.82506, 45.30001], [23.79627, 45.26101], [23.80403, 45.24225], [23.81064, 45.23758], [23.80818, 45.22948], [23.81749, 45.20763], [23.83982, 45.19203], [23.84149, 45.18202], [23.85405, 45.16396], [23.85555, 45.15075], [23.81201, 45.12548], [23.82329, 45.11608], [23.82467, 45.10508], [23.81722, 45.10196], [23.82829, 45.09009], [23.82851, 45.07466], [23.78258, 45.06335], [23.78984, 45.0392], [23.79463, 45.03804], [23.79527, 45.0234], [23.77473, 45.01018], [23.75809, 45.00566], [23.75493, 44.99538], [23.77234, 44.94942], [23.7647, 44.9252], [23.76964, 44.90783], [23.7673, 44.90159], [23.76021, 44.89929], [23.76345, 44.88522], [23.75347, 44.87082], [23.75652, 44.86637], [23.76925, 44.87151], [23.76852, 44.86498], [23.77998, 44.86231], [23.7855, 44.84476], [23.78164, 44.83835], [23.79592, 44.8167], [23.78739, 44.80661], [23.78706, 44.79838], [23.7761, 44.79693], [23.77047, 44.78162], [23.77312, 44.76774], [23.78084, 44.75936], [23.77671, 44.75356], [23.78169, 44.74763], [23.77666, 44.73175], [23.78051, 44.71399], [23.7476, 44.71614], [23.7217, 44.72967], [23.716, 44.72501], [23.713, 44.71137], [23.71513, 44.70426], [23.72234, 44.70134], [23.71907, 44.69345], [23.72598, 44.6844], [23.70818, 44.65878], [23.71446, 44.65083], [23.70847, 44.64197], [23.71833, 44.6367], [23.71992, 44.62755], [23.71054, 44.60992], [23.71642, 44.59803], [23.71058, 44.58651], [23.69631, 44.5961], [23.70013, 44.59941], [23.69713, 44.60204], [23.663, 44.60045], [23.62382, 44.58854], [23.61483, 44.59003], [23.59858, 44.59981], [23.60097, 44.60535], [23.58879, 44.61511], [23.56405, 44.60748], [23.51451, 44.60147], [23.50733, 44.5925], [23.50773, 44.58332], [23.49419, 44.5793], [23.49694, 44.5712], [23.49285, 44.57091], [23.48943, 44.57872], [23.47113, 44.57915], [23.4585, 44.5744], [23.46533, 44.57398], [23.46607, 44.56875], [23.44818, 44.57023], [23.44248, 44.57207], [23.44451, 44.57681], [23.42411, 44.58188], [23.42501, 44.5883], [23.40313, 44.59111], [23.41274, 44.61052], [23.38489, 44.62026], [23.39343, 44.6295], [23.3722, 44.62677], [23.35675, 44.63003], [23.31966, 44.64779], [23.32131, 44.6537], [23.31578, 44.66184], [23.28851, 44.67638], [23.27455, 44.6688], [23.24792, 44.66983], [23.22753, 44.67702], [23.18554, 44.67884], [23.19272, 44.68857], [23.19074, 44.69481], [23.14572, 44.68892], [23.1351, 44.6952]]]}}, {"id": 19, "type": "Feature", "properties": {"county": "GL"}, "geometry": {"type": "Polygon", "coordinates": [[[27.66418, 45.4898], [27.65298, 45.48949], [27.65495, 45.4798], [27.64358, 45.47768], [27.64623, 45.46214], [27.62883, 45.45465], [27.62406, 45.46617], [27.61155, 45.46432], [27.61413, 45.47349], [27.60274, 45.47758], [27.60561, 45.48224], [27.57529, 45.49167], [27.57265, 45.48727], [27.55855, 45.48838], [27.54293, 45.49937], [27.53696, 45.49394], [27.52694, 45.50023], [27.54181, 45.50915], [27.52454, 45.51958], [27.52223, 45.52968], [27.52823, 45.53866], [27.52822, 45.54871], [27.50568, 45.56087], [27.50453, 45.56727], [27.51006, 45.57666], [27.53629, 45.5811], [27.51878, 45.59024], [27.51517, 45.60463], [27.49756, 45.6069], [27.51342, 45.61549], [27.51309, 45.621], [27.48838, 45.62939], [27.48874, 45.64072], [27.46483, 45.63893], [27.46377, 45.64555], [27.45233, 45.65061], [27.45656, 45.65792], [27.43995, 45.67912], [27.42455, 45.66838], [27.42106, 45.67093], [27.42619, 45.67821], [27.40362, 45.68231], [27.36238, 45.72938], [27.35397, 45.74691], [27.35565, 45.75914], [27.33857, 45.78384], [27.3423, 45.78826], [27.32759, 45.79478], [27.31966, 45.80548], [27.30326, 45.8451], [27.29007, 45.86009], [27.27915, 45.85691], [27.27543, 45.86658], [27.28158, 45.86797], [27.2792, 45.87055], [27.24865, 45.87265], [27.2524, 45.8824], [27.2828, 45.88632], [27.24193, 45.9469], [27.23201, 45.97671], [27.22705, 46.00914], [27.23517, 46.0241], [27.23313, 46.03664], [27.23691, 46.04619], [27.26853, 46.04149], [27.27553, 46.0478], [27.2778, 46.0592], [27.29027, 46.05977], [27.28184, 46.07514], [27.29639, 46.08449], [27.31959, 46.08614], [27.3227, 46.0791], [27.36831, 46.07866], [27.37175, 46.08782], [27.42443, 46.08936], [27.42979, 46.09465], [27.42203, 46.09918], [27.42268, 46.111], [27.42818, 46.11616], [27.41819, 46.13056], [27.42677, 46.13953], [27.44889, 46.12646], [27.48098, 46.12586], [27.48408, 46.13975], [27.50308, 46.13963], [27.53545, 46.09456], [27.51719, 46.08536], [27.53194, 46.06713], [27.51595, 46.05356], [27.52729, 46.04414], [27.54136, 46.02024], [27.56258, 46.00289], [27.58692, 46.00762], [27.60448, 46.01937], [27.59591, 46.0277], [27.60486, 46.03594], [27.59895, 46.04131], [27.59989, 46.05593], [27.62771, 46.06139], [27.6232, 46.06663], [27.617, 46.06484], [27.61992, 46.07103], [27.61442, 46.07335], [27.58719, 46.07184], [27.61096, 46.07679], [27.60636, 46.09134], [27.58808, 46.1114], [27.59655, 46.11294], [27.58901, 46.12053], [27.5912, 46.12402], [27.60132, 46.12242], [27.58414, 46.13552], [27.58573, 46.14054], [27.58113, 46.14461], [27.59106, 46.15017], [27.60359, 46.14447], [27.5978, 46.13926], [27.60743, 46.13053], [27.61027, 46.13626], [27.62669, 46.13431], [27.6339, 46.13838], [27.64722, 46.1299], [27.65048, 46.14035], [27.67162, 46.13281], [27.67593, 46.14139], [27.6932, 46.13217], [27.71019, 46.13859], [27.71104, 46.1292], [27.76245, 46.12813], [27.76361, 46.11534], [27.77792, 46.10979], [27.78605, 46.11245], [27.78768, 46.10514], [27.78289, 46.10549], [27.78813, 46.0949], [27.79175, 46.10094], [27.79508, 46.09794], [27.81549, 46.1048], [27.80804, 46.11162], [27.82196, 46.12024], [27.82933, 46.11135], [27.83868, 46.11569], [27.83017, 46.12718], [27.84534, 46.12637], [27.8426, 46.13285], [27.84589, 46.1335], [27.84689, 46.15777], [27.85623, 46.15768], [27.85723, 46.16311], [27.86913, 46.16131], [27.87265, 46.15802], [27.86873, 46.15711], [27.87189, 46.14557], [27.9107, 46.15384], [27.9171, 46.14864], [27.92622, 46.15248], [27.93956, 46.13512], [27.96461, 46.14145], [27.9727, 46.12211], [27.97967, 46.12391], [27.98426, 46.1105], [28.00933, 46.11534], [28.0089, 46.10494], [28.04129, 46.10645], [28.07579, 46.11754], [28.1159, 46.11255], [28.11384, 46.10782], [28.12233, 46.1043], [28.10225, 46.09843], [28.10708, 46.09548], [28.10558, 46.08952], [28.11155, 46.087], [28.10709, 46.0831], [28.10888, 46.07827], [28.09301, 46.07928], [28.08889, 46.06922], [28.10054, 46.06446], [28.08882, 46.05954], [28.09138, 46.05426], [28.10507, 46.05279], [28.10048, 46.04732], [28.10372, 46.04308], [28.09722, 46.04343], [28.09025, 46.03482], [28.08751, 46.02036], [28.09576, 46.01495], [28.08527, 46.00835], [28.10525, 45.98917], [28.09834, 45.9785], [28.10708, 45.97817], [28.10151, 45.97264], [28.1083, 45.96833], [28.10509, 45.96274], [28.11822, 45.94457], [28.11434, 45.93557], [28.12567, 45.92251], [28.1161, 45.90942], [28.11968, 45.90068], [28.11214, 45.89894], [28.11815, 45.88753], [28.11256, 45.88459], [28.12686, 45.88524], [28.13051, 45.88167], [28.12796, 45.87752], [28.13251, 45.87676], [28.12687, 45.86278], [28.10585, 45.85962], [28.11411, 45.84925], [28.10538, 45.84309], [28.11259, 45.83455], [28.10888, 45.83108], [28.11302, 45.82089], [28.10766, 45.81641], [28.1186, 45.81488], [28.12113, 45.80643], [28.12252, 45.79777], [28.11306, 45.79597], [28.11396, 45.79044], [28.12049, 45.7911], [28.13528, 45.77831], [28.1538, 45.78243], [28.1498, 45.76417], [28.14343, 45.76032], [28.15172, 45.7542], [28.1511, 45.7443], [28.16685, 45.73647], [28.16077, 45.72523], [28.16717, 45.72376], [28.16407, 45.71725], [28.17086, 45.70946], [28.16015, 45.70357], [28.16665, 45.68228], [28.17143, 45.67934], [28.16211, 45.66045], [28.16593, 45.65351], [28.15778, 45.65115], [28.17418, 45.64466], [28.15676, 45.63657], [28.14413, 45.62147], [28.13698, 45.62549], [28.13027, 45.62367], [28.12975, 45.61883], [28.12019, 45.62661], [28.11278, 45.62618], [28.08845, 45.60526], [28.121, 45.5791], [28.11728, 45.57605], [28.12112, 45.57223], [28.13073, 45.57555], [28.13434, 45.57106], [28.13854, 45.57756], [28.14553, 45.56602], [28.15667, 45.57499], [28.15502, 45.56581], [28.14817, 45.56241], [28.15881, 45.56077], [28.15543, 45.55496], [28.16533, 45.54538], [28.16206, 45.53362], [28.16629, 45.52842], [28.16544, 45.52441], [28.15694, 45.52433], [28.16674, 45.52017], [28.1623, 45.51213], [28.15439, 45.50976], [28.1639, 45.50832], [28.16225, 45.50031], [28.17228, 45.50059], [28.18561, 45.47483], [28.2108, 45.46718], [28.20298, 45.46692], [28.19382, 45.4581], [28.1922, 45.41533], [28.18202, 45.41335], [28.13079, 45.43728], [28.09826, 45.4411], [28.05419, 45.42424], [28.03898, 45.41587], [28.03055, 45.40433], [28.00584, 45.39614], [27.99334, 45.40049], [27.98413, 45.39052], [27.94669, 45.40526], [27.91681, 45.40703], [27.88909, 45.42007], [27.87403, 45.41789], [27.86555, 45.40583], [27.86867, 45.39799], [27.82188, 45.39652], [27.78636, 45.40689], [27.78302, 45.42231], [27.73963, 45.41537], [27.75019, 45.4485], [27.73279, 45.43942], [27.73808, 45.4367], [27.71812, 45.44094], [27.71678, 45.43347], [27.67327, 45.44618], [27.68339, 45.46149], [27.68747, 45.45946], [27.68857, 45.46054], [27.68147, 45.46658], [27.69232, 45.47098], [27.69498, 45.47963], [27.68899, 45.48196], [27.66017, 45.47237], [27.66418, 45.4898]]]}}, {"id": 20, "type": "Feature", "properties": {"county": "GR"}, "geometry": {"type": "Polygon", "coordinates": [[[25.78022, 43.7104], [25.71905, 43.69003], [25.67188, 43.69134], [25.67158, 43.69774], [25.68167, 43.69778], [25.67227, 43.71136], [25.67502, 43.71498], [25.68485, 43.71285], [25.67862, 43.72165], [25.66312, 43.71822], [25.66291, 43.73843], [25.65646, 43.74116], [25.66005, 43.746], [25.65105, 43.74981], [25.66773, 43.77316], [25.66656, 43.77868], [25.66014, 43.77866], [25.65996, 43.82049], [25.62983, 43.82053], [25.6297, 43.84465], [25.60691, 43.84447], [25.6069, 43.87779], [25.61499, 43.8816], [25.61464, 43.9038], [25.58436, 43.90704], [25.58482, 43.93759], [25.61806, 43.93749], [25.6222, 43.94137], [25.61176, 43.95282], [25.61782, 43.95586], [25.59135, 43.98451], [25.60389, 43.99065], [25.59345, 44.00202], [25.59985, 44.00304], [25.59398, 44.01361], [25.59884, 44.01657], [25.59874, 44.03769], [25.60723, 44.03797], [25.60672, 44.04619], [25.62985, 44.05252], [25.61527, 44.06023], [25.61542, 44.06482], [25.6253, 44.06796], [25.61796, 44.07609], [25.62887, 44.08108], [25.62473, 44.08581], [25.64591, 44.09568], [25.63749, 44.09857], [25.65458, 44.11468], [25.65891, 44.11434], [25.66201, 44.10018], [25.67678, 44.08955], [25.67966, 44.09721], [25.67241, 44.1074], [25.67723, 44.11366], [25.68602, 44.10997], [25.68603, 44.12242], [25.69808, 44.10545], [25.70886, 44.10215], [25.70438, 44.11929], [25.71376, 44.12838], [25.70938, 44.13479], [25.67901, 44.12665], [25.67683, 44.15737], [25.70174, 44.15402], [25.70302, 44.16052], [25.65535, 44.16879], [25.66613, 44.19985], [25.66424, 44.20762], [25.67953, 44.22321], [25.68403, 44.2389], [25.70551, 44.23883], [25.69603, 44.24942], [25.70316, 44.25196], [25.69971, 44.25716], [25.69271, 44.25574], [25.6899, 44.26347], [25.6677, 44.26869], [25.67163, 44.27493], [25.66576, 44.27906], [25.66986, 44.29249], [25.65548, 44.29655], [25.65056, 44.27434], [25.61863, 44.2882], [25.63155, 44.30688], [25.61671, 44.31744], [25.60366, 44.32085], [25.59471, 44.3108], [25.57109, 44.30821], [25.56892, 44.31349], [25.55752, 44.31771], [25.50985, 44.314], [25.46813, 44.32525], [25.47343, 44.34539], [25.46951, 44.34907], [25.47799, 44.35408], [25.47032, 44.36036], [25.48476, 44.37726], [25.45794, 44.37486], [25.44842, 44.37927], [25.44897, 44.38675], [25.42554, 44.39689], [25.45041, 44.41959], [25.45917, 44.42087], [25.48454, 44.45078], [25.48051, 44.452], [25.49763, 44.46548], [25.49077, 44.47166], [25.51217, 44.48768], [25.49947, 44.4877], [25.47986, 44.49909], [25.48039, 44.50433], [25.48456, 44.50245], [25.49861, 44.51695], [25.49571, 44.51968], [25.51555, 44.5189], [25.54199, 44.54001], [25.56432, 44.5291], [25.57491, 44.53798], [25.58165, 44.53338], [25.58215, 44.52659], [25.5893, 44.52537], [25.59344, 44.53214], [25.60108, 44.52894], [25.61678, 44.55044], [25.63554, 44.54904], [25.6468, 44.55354], [25.64978, 44.55128], [25.64612, 44.54413], [25.67415, 44.53243], [25.67629, 44.52531], [25.68382, 44.52905], [25.68185, 44.52295], [25.70812, 44.54438], [25.71304, 44.54046], [25.72208, 44.54513], [25.72885, 44.53638], [25.74634, 44.53806], [25.75732, 44.52977], [25.76407, 44.53567], [25.77866, 44.52933], [25.78526, 44.53334], [25.7893, 44.53031], [25.81022, 44.54877], [25.82614, 44.53955], [25.8321, 44.54174], [25.84456, 44.52385], [25.85359, 44.5389], [25.875, 44.53391], [25.89076, 44.54095], [25.92062, 44.51633], [25.89562, 44.48533], [25.91535, 44.47688], [25.89996, 44.45257], [25.87957, 44.46162], [25.87853, 44.45773], [25.87077, 44.4587], [25.86578, 44.47006], [25.87078, 44.47363], [25.86463, 44.47944], [25.85673, 44.48218], [25.84546, 44.47202], [25.84301, 44.46941], [25.85383, 44.46698], [25.85254, 44.447], [25.86499, 44.44341], [25.84819, 44.43044], [25.86963, 44.41837], [25.83121, 44.40281], [25.82442, 44.39796], [25.82541, 44.39198], [25.84962, 44.38551], [25.85727, 44.38756], [25.8572, 44.37247], [25.86883, 44.36682], [25.87004, 44.3574], [25.89005, 44.3579], [25.89208, 44.35328], [25.88597, 44.34498], [25.89689, 44.34424], [25.91077, 44.33143], [25.93268, 44.336], [25.95261, 44.3274], [25.95028, 44.31668], [25.96601, 44.31642], [25.97205, 44.32764], [25.99314, 44.31678], [25.99581, 44.30809], [26.00149, 44.30564], [25.97447, 44.26951], [25.99755, 44.29559], [26.01012, 44.30111], [26.01502, 44.29472], [26.03124, 44.29102], [26.05376, 44.27004], [26.08426, 44.26743], [26.09425, 44.25293], [26.1454, 44.2345], [26.15475, 44.24], [26.16178, 44.23597], [26.17297, 44.25039], [26.19016, 44.24149], [26.19554, 44.24852], [26.1887, 44.25121], [26.20576, 44.27011], [26.20395, 44.27329], [26.21362, 44.26287], [26.24929, 44.29479], [26.25563, 44.29121], [26.25998, 44.29499], [26.28344, 44.28133], [26.28097, 44.27865], [26.3036, 44.25585], [26.315, 44.25786], [26.34585, 44.24181], [26.36017, 44.24194], [26.36132, 44.22307], [26.40045, 44.22421], [26.40105, 44.2081], [26.4158, 44.20382], [26.41587, 44.19859], [26.39977, 44.19747], [26.39984, 44.18537], [26.41691, 44.1881], [26.42087, 44.18171], [26.41402, 44.18024], [26.41489, 44.17148], [26.42779, 44.1559], [26.42881, 44.14565], [26.41795, 44.13116], [26.41899, 44.12474], [26.38967, 44.12295], [26.35809, 44.10807], [26.37997, 44.04295], [26.30483, 44.02659], [26.28028, 44.01025], [26.19182, 43.98319], [26.14703, 43.9842], [26.11495, 43.97409], [26.04767, 43.90454], [25.99972, 43.88525], [25.93992, 43.85183], [25.91862, 43.82845], [25.91048, 43.81162], [25.88721, 43.79508], [25.88129, 43.78619], [25.88436, 43.78346], [25.85499, 43.76076], [25.81162, 43.74575], [25.78022, 43.7104]]]}}, {"id": 21, "type": "Feature", "properties": {"county": "HD"}, "geometry": {"type": "Polygon", "coordinates": [[[22.8464, 45.2749], [22.82388, 45.28515], [22.82395, 45.27895], [22.81447, 45.27239], [22.79649, 45.2704], [22.78481, 45.26239], [22.77716, 45.26245], [22.77429, 45.27011], [22.74425, 45.26499], [22.7352, 45.25342], [22.69992, 45.26017], [22.69969, 45.25382], [22.69236, 45.25127], [22.68625, 45.25796], [22.68884, 45.27454], [22.67731, 45.28261], [22.68708, 45.28852], [22.69661, 45.30313], [22.69232, 45.31997], [22.69924, 45.32865], [22.68319, 45.33159], [22.66689, 45.35216], [22.66877, 45.36136], [22.6566, 45.37134], [22.66731, 45.38214], [22.69102, 45.39182], [22.71285, 45.41579], [22.70422, 45.4328], [22.70662, 45.461], [22.69749, 45.46237], [22.68973, 45.49268], [22.67617, 45.49661], [22.67343, 45.50674], [22.66868, 45.50658], [22.67713, 45.51574], [22.65266, 45.52676], [22.648, 45.54166], [22.62722, 45.53605], [22.62782, 45.54252], [22.64105, 45.55305], [22.6416, 45.56484], [22.63659, 45.57108], [22.59308, 45.56063], [22.59547, 45.57465], [22.58297, 45.58445], [22.57211, 45.57932], [22.57095, 45.58509], [22.55755, 45.58658], [22.54813, 45.58095], [22.54442, 45.59525], [22.51238, 45.59529], [22.49437, 45.61817], [22.47434, 45.6239], [22.46136, 45.64351], [22.45346, 45.64715], [22.45756, 45.65367], [22.45388, 45.66041], [22.42648, 45.66889], [22.43168, 45.67991], [22.45072, 45.68229], [22.46858, 45.69372], [22.46503, 45.72203], [22.46978, 45.73153], [22.50628, 45.74325], [22.53944, 45.7644], [22.55146, 45.77864], [22.54711, 45.79027], [22.53425, 45.80144], [22.52452, 45.80013], [22.50025, 45.78514], [22.48044, 45.78682], [22.48078, 45.79458], [22.47013, 45.80277], [22.47837, 45.80779], [22.47627, 45.83804], [22.46832, 45.83447], [22.46011, 45.83752], [22.46215, 45.84741], [22.44818, 45.84784], [22.43575, 45.85577], [22.41061, 45.85457], [22.38609, 45.88386], [22.36864, 45.88361], [22.41043, 45.90711], [22.41161, 45.92276], [22.41898, 45.9376], [22.37768, 45.96426], [22.33954, 45.97877], [22.33601, 45.99438], [22.34696, 45.99854], [22.38384, 45.99547], [22.38901, 46.00884], [22.39584, 46.01018], [22.40479, 46.00245], [22.41627, 46.00521], [22.41377, 46.00848], [22.42282, 46.01233], [22.43666, 46.01096], [22.44031, 46.02927], [22.42805, 46.03445], [22.42765, 46.04367], [22.43532, 46.04919], [22.4289, 46.06414], [22.42948, 46.07705], [22.41768, 46.08106], [22.40516, 46.09511], [22.41149, 46.10845], [22.42015, 46.10413], [22.43154, 46.10638], [22.43141, 46.11277], [22.44543, 46.11592], [22.44804, 46.12473], [22.45716, 46.13034], [22.45724, 46.13876], [22.46717, 46.14571], [22.45311, 46.16305], [22.44862, 46.19276], [22.4368, 46.20795], [22.44646, 46.21716], [22.45562, 46.2201], [22.46261, 46.21653], [22.46143, 46.22687], [22.49491, 46.24339], [22.50101, 46.23182], [22.51303, 46.22464], [22.52341, 46.22842], [22.52847, 46.22478], [22.53291, 46.22886], [22.54574, 46.2241], [22.55231, 46.22987], [22.5555, 46.22714], [22.56259, 46.23188], [22.58377, 46.23349], [22.59091, 46.22829], [22.5872, 46.22491], [22.60774, 46.2187], [22.62466, 46.23142], [22.63447, 46.22619], [22.64904, 46.2288], [22.64722, 46.23357], [22.65689, 46.23543], [22.66172, 46.24899], [22.6544, 46.25545], [22.66048, 46.26185], [22.65933, 46.26901], [22.68036, 46.2981], [22.68264, 46.30966], [22.67787, 46.32136], [22.71375, 46.3296], [22.74872, 46.35122], [22.76179, 46.35267], [22.77704, 46.34933], [22.7866, 46.33955], [22.79944, 46.33883], [22.81203, 46.32606], [22.8518, 46.32959], [22.85528, 46.3356], [22.86896, 46.33797], [22.93312, 46.32662], [22.94316, 46.2986], [22.95822, 46.29283], [22.96507, 46.28238], [22.94751, 46.26658], [22.95493, 46.26056], [22.95594, 46.24688], [22.96738, 46.24054], [22.96743, 46.2354], [22.97534, 46.23392], [22.9819, 46.21766], [23.03945, 46.20809], [23.05051, 46.21379], [23.07024, 46.20728], [23.06944, 46.19869], [23.09554, 46.18231], [23.0901, 46.16651], [23.10376, 46.15374], [23.09902, 46.13892], [23.07775, 46.14977], [23.07638, 46.14512], [23.05523, 46.14079], [23.05941, 46.12923], [23.0679, 46.12234], [23.06185, 46.10579], [23.07531, 46.10718], [23.08947, 46.10021], [23.09072, 46.0949], [23.08371, 46.09268], [23.08718, 46.08872], [23.07974, 46.0824], [23.08936, 46.07667], [23.08732, 46.06647], [23.10266, 46.0617], [23.10098, 46.04603], [23.12936, 46.04281], [23.13475, 46.03501], [23.14094, 46.03761], [23.18444, 46.02709], [23.20477, 46.03597], [23.22356, 46.03292], [23.23631, 46.04092], [23.24168, 46.03855], [23.23487, 46.03051], [23.24042, 46.00881], [23.2353, 45.98779], [23.25234, 45.96933], [23.25158, 45.95961], [23.26509, 45.93362], [23.26955, 45.92906], [23.28621, 45.92693], [23.28311, 45.92483], [23.29337, 45.91906], [23.31262, 45.92238], [23.32292, 45.92127], [23.32818, 45.91522], [23.3377, 45.91806], [23.33725, 45.91086], [23.31907, 45.90772], [23.30335, 45.89378], [23.33166, 45.87981], [23.32385, 45.8363], [23.34382, 45.80749], [23.34337, 45.79963], [23.35292, 45.79284], [23.34771, 45.78817], [23.35322, 45.77784], [23.3736, 45.77281], [23.38097, 45.75933], [23.36792, 45.72596], [23.36017, 45.71787], [23.36598, 45.70741], [23.38214, 45.69477], [23.39499, 45.69422], [23.42265, 45.67873], [23.42209, 45.67007], [23.40856, 45.66837], [23.40179, 45.65887], [23.38672, 45.657], [23.38506, 45.65026], [23.36877, 45.64264], [23.36576, 45.63746], [23.36988, 45.62618], [23.3769, 45.62193], [23.40906, 45.63381], [23.42666, 45.62306], [23.42044, 45.61378], [23.42424, 45.60742], [23.41858, 45.59559], [23.42729, 45.58437], [23.44549, 45.58786], [23.45392, 45.57981], [23.47665, 45.58051], [23.483, 45.57363], [23.49952, 45.57975], [23.50451, 45.5712], [23.50307, 45.5637], [23.5137, 45.55365], [23.5366, 45.54981], [23.55418, 45.53063], [23.56883, 45.52461], [23.57733, 45.50754], [23.59544, 45.49234], [23.59187, 45.48621], [23.59811, 45.47799], [23.59359, 45.46183], [23.59581, 45.45302], [23.57614, 45.42784], [23.57689, 45.42342], [23.59229, 45.42103], [23.5941, 45.41529], [23.58894, 45.40994], [23.60164, 45.38268], [23.60034, 45.37694], [23.58535, 45.3697], [23.58578, 45.3573], [23.59065, 45.35308], [23.56702, 45.34999], [23.55123, 45.33909], [23.53915, 45.34011], [23.53308, 45.32991], [23.51288, 45.32704], [23.48361, 45.3142], [23.47219, 45.30281], [23.44, 45.29805], [23.437, 45.30394], [23.40036, 45.31591], [23.40586, 45.3229], [23.40254, 45.33466], [23.39482, 45.33242], [23.37989, 45.33875], [23.37507, 45.33185], [23.33916, 45.33133], [23.3282, 45.32079], [23.32682, 45.31], [23.30996, 45.29992], [23.28888, 45.30991], [23.23432, 45.30347], [23.22462, 45.29945], [23.20729, 45.27731], [23.18482, 45.28588], [23.16471, 45.2793], [23.16362, 45.28323], [23.1569, 45.28009], [23.14873, 45.28693], [23.14114, 45.28154], [23.14514, 45.28097], [23.14515, 45.27915], [23.09332, 45.29125], [23.07718, 45.27603], [23.06791, 45.27475], [23.06645, 45.26497], [23.05591, 45.26661], [23.00762, 45.25339], [22.99616, 45.26024], [22.97507, 45.25412], [22.96375, 45.27129], [22.95601, 45.27139], [22.95022, 45.26705], [22.95162, 45.25966], [22.94261, 45.23835], [22.92222, 45.24134], [22.93748, 45.25214], [22.94234, 45.26516], [22.95564, 45.2734], [22.91646, 45.27938], [22.86436, 45.26106], [22.85784, 45.27584], [22.8464, 45.2749]]]}}, {"id": 22, "type": "Feature", "properties": {"county": "HR"}, "geometry": {"type": "Polygon", "coordinates": [[[25.32755, 46.1776], [25.31969, 46.17314], [25.29359, 46.17709], [25.27269, 46.1708], [25.26625, 46.17552], [25.27344, 46.18722], [25.25863, 46.19046], [25.25825, 46.18174], [25.25142, 46.17729], [25.26614, 46.16861], [25.25692, 46.15552], [25.26078, 46.15307], [25.25698, 46.14657], [25.24311, 46.14138], [25.21844, 46.15129], [25.1897, 46.17076], [25.17666, 46.16421], [25.13756, 46.18152], [25.11272, 46.20939], [25.10631, 46.23051], [25.07578, 46.23245], [25.078, 46.24075], [25.06972, 46.24494], [25.03776, 46.24011], [25.00489, 46.24832], [24.99956, 46.24332], [24.98955, 46.24452], [24.98588, 46.23709], [24.95962, 46.24404], [24.96221, 46.24928], [24.94349, 46.24492], [24.93371, 46.24772], [24.93219, 46.25356], [24.93898, 46.25443], [24.93861, 46.25886], [24.92867, 46.2622], [24.9351, 46.26587], [24.92948, 46.26678], [24.93451, 46.27303], [24.90903, 46.28014], [24.88823, 46.29947], [24.87396, 46.30244], [24.86818, 46.29897], [24.87125, 46.30449], [24.86143, 46.31127], [24.87815, 46.3252], [24.86736, 46.32583], [24.86991, 46.3395], [24.85368, 46.34791], [24.85711, 46.35726], [24.8853, 46.36402], [24.88173, 46.37188], [24.88907, 46.37626], [24.87966, 46.37869], [24.8787, 46.38374], [24.89193, 46.38168], [24.90857, 46.39063], [24.9234, 46.38742], [24.93115, 46.37707], [24.94835, 46.37446], [24.97964, 46.38491], [24.95994, 46.40377], [24.93655, 46.40842], [24.93569, 46.42089], [24.95, 46.43381], [24.94692, 46.44329], [24.96312, 46.44703], [24.98088, 46.44405], [24.99189, 46.45895], [24.98885, 46.46546], [24.99829, 46.46545], [24.99574, 46.4631], [25.00191, 46.45729], [25.02192, 46.46902], [25.02405, 46.47381], [25.02006, 46.47512], [25.02477, 46.4796], [25.01812, 46.48129], [25.01832, 46.48784], [25.0092, 46.495], [24.98324, 46.49557], [24.99791, 46.50934], [25.00453, 46.51023], [25.02239, 46.54112], [25.06882, 46.55541], [25.07558, 46.57016], [25.10426, 46.58227], [25.15115, 46.57725], [25.15141, 46.58444], [25.17923, 46.59915], [25.1946, 46.62753], [25.21471, 46.62604], [25.2184, 46.6193], [25.21809, 46.62753], [25.23236, 46.63405], [25.22272, 46.63956], [25.23898, 46.65013], [25.23689, 46.66944], [25.2521, 46.67498], [25.28062, 46.67162], [25.29461, 46.68751], [25.28149, 46.70859], [25.25905, 46.72758], [25.26419, 46.73319], [25.2611, 46.74981], [25.28968, 46.75244], [25.31766, 46.76895], [25.3166, 46.77957], [25.31313, 46.78589], [25.28553, 46.79749], [25.27926, 46.81486], [25.28178, 46.82728], [25.28835, 46.83038], [25.28327, 46.8357], [25.2513, 46.84114], [25.27122, 46.88362], [25.26934, 46.88722], [25.27731, 46.8967], [25.26708, 46.90006], [25.2622, 46.91231], [25.26999, 46.92783], [25.27066, 46.94575], [25.28336, 46.95341], [25.28215, 46.96233], [25.28909, 46.97054], [25.28326, 46.97794], [25.28941, 46.98019], [25.28907, 46.99295], [25.26556, 47.01056], [25.27027, 47.03031], [25.23351, 47.05836], [25.23024, 47.07452], [25.24654, 47.09788], [25.27937, 47.10369], [25.29594, 47.11526], [25.29673, 47.12141], [25.28723, 47.13323], [25.29605, 47.14817], [25.29441, 47.15587], [25.30491, 47.16507], [25.32465, 47.16599], [25.35848, 47.17973], [25.3742, 47.17533], [25.42514, 47.18386], [25.4265, 47.16971], [25.45801, 47.1444], [25.4963, 47.12816], [25.50497, 47.11817], [25.517, 47.11899], [25.5303, 47.11053], [25.52738, 47.10014], [25.53564, 47.08346], [25.57442, 47.0847], [25.6016, 47.07734], [25.62163, 47.09409], [25.63022, 47.09496], [25.65215, 47.08723], [25.6616, 47.09166], [25.67707, 47.08961], [25.73437, 47.07385], [25.74133, 47.06664], [25.74396, 47.05185], [25.76929, 47.03559], [25.77333, 47.02631], [25.76967, 47.01628], [25.78977, 46.99643], [25.79229, 46.98019], [25.80148, 46.96654], [25.80812, 46.9661], [25.81878, 46.9768], [25.83875, 46.96271], [25.84249, 46.94282], [25.85415, 46.9244], [25.86199, 46.9234], [25.8421, 46.92042], [25.80372, 46.929], [25.80148, 46.91527], [25.7654, 46.88447], [25.78153, 46.86312], [25.76245, 46.84123], [25.77947, 46.83424], [25.78398, 46.84134], [25.77883, 46.84435], [25.77929, 46.85031], [25.78279, 46.8512], [25.80481, 46.84062], [25.79386, 46.83274], [25.78281, 46.83378], [25.77703, 46.82558], [25.78516, 46.81275], [25.80743, 46.80491], [25.80099, 46.80086], [25.80882, 46.7929], [25.80862, 46.78579], [25.79984, 46.76928], [25.80503, 46.76493], [25.8033, 46.74184], [25.80721, 46.73739], [25.79772, 46.72842], [25.79558, 46.71851], [25.81158, 46.69867], [25.83563, 46.68271], [25.86739, 46.64943], [25.89862, 46.64893], [25.9086, 46.65486], [25.90271, 46.66878], [25.88387, 46.68869], [25.89579, 46.70153], [25.90272, 46.70437], [25.91062, 46.70034], [25.93178, 46.70241], [25.95497, 46.69523], [25.96159, 46.69907], [25.97539, 46.69721], [25.97753, 46.68475], [25.97271, 46.67764], [25.98105, 46.68017], [25.99344, 46.67383], [26.00647, 46.65972], [26.00774, 46.6484], [26.01943, 46.63433], [26.00331, 46.63785], [26.00162, 46.62732], [25.99166, 46.62144], [25.99847, 46.60151], [26.01218, 46.59001], [26.02247, 46.58875], [26.03358, 46.57036], [26.03158, 46.56031], [26.0392, 46.55567], [26.03551, 46.54385], [26.05741, 46.52699], [26.07445, 46.52549], [26.08323, 46.51247], [26.07461, 46.48454], [26.06317, 46.48716], [26.05663, 46.49436], [26.01904, 46.49236], [26.00705, 46.48257], [26.01684, 46.47697], [26.0116, 46.46922], [26.01706, 46.4612], [26.00514, 46.45479], [26.00583, 46.44485], [25.98699, 46.43889], [26.00316, 46.4252], [25.99716, 46.42007], [26.00025, 46.4138], [25.99526, 46.40676], [26.00352, 46.40637], [26.00624, 46.4127], [26.01996, 46.40911], [26.02236, 46.41626], [26.03004, 46.41013], [26.03409, 46.41723], [26.04691, 46.41658], [26.06024, 46.41338], [26.0564, 46.40355], [26.06192, 46.4007], [26.10976, 46.40055], [26.16595, 46.38478], [26.16268, 46.38082], [26.16683, 46.36928], [26.1644, 46.34713], [26.14926, 46.32904], [26.1561, 46.31517], [26.19324, 46.31027], [26.22097, 46.31457], [26.23567, 46.33505], [26.2708, 46.34489], [26.29304, 46.33209], [26.2836, 46.32121], [26.27881, 46.29947], [26.27222, 46.29656], [26.27437, 46.28735], [26.25336, 46.27713], [26.25327, 46.26687], [26.26479, 46.2563], [26.25862, 46.25025], [26.26403, 46.24538], [26.26226, 46.23928], [26.2503, 46.23545], [26.25847, 46.23156], [26.25414, 46.22316], [26.25972, 46.22303], [26.26142, 46.21551], [26.25181, 46.21014], [26.21957, 46.20603], [26.20703, 46.17912], [26.18363, 46.18493], [26.1877, 46.179], [26.17677, 46.17969], [26.17236, 46.16034], [26.13332, 46.17179], [26.12456, 46.17016], [26.11629, 46.16097], [26.09646, 46.16521], [26.08502, 46.15984], [26.08814, 46.15648], [26.06081, 46.1607], [26.03824, 46.15117], [26.01953, 46.12802], [26.00091, 46.13005], [25.99173, 46.12525], [25.97871, 46.13513], [25.93951, 46.12672], [25.91333, 46.13045], [25.90331, 46.12208], [25.87775, 46.12398], [25.8572, 46.11965], [25.84911, 46.12326], [25.8341, 46.14536], [25.80539, 46.16475], [25.80396, 46.17279], [25.79137, 46.17628], [25.79069, 46.19244], [25.76613, 46.21076], [25.72317, 46.25582], [25.73417, 46.26348], [25.72592, 46.27464], [25.71642, 46.27698], [25.68013, 46.27173], [25.66583, 46.25771], [25.63083, 46.24429], [25.61317, 46.23936], [25.60287, 46.24165], [25.57482, 46.21288], [25.56291, 46.21814], [25.55661, 46.20781], [25.54716, 46.20958], [25.50817, 46.18819], [25.50567, 46.18534], [25.51037, 46.17776], [25.50467, 46.16597], [25.50898, 46.16164], [25.49765, 46.14842], [25.47893, 46.14565], [25.47827, 46.12411], [25.46268, 46.1044], [25.45126, 46.1041], [25.45441, 46.11999], [25.44917, 46.12502], [25.40713, 46.12387], [25.4104, 46.12897], [25.40489, 46.13269], [25.3949, 46.13005], [25.38538, 46.13627], [25.3715, 46.13665], [25.34644, 46.16577], [25.32755, 46.1776]]]}}, {"id": 23, "type": "Feature", "properties": {"county": "IF"}, "geometry": {"type": "Polygon", "coordinates": [[[26.0549, 44.26956], [26.03124, 44.29102], [26.00663, 44.30123], [25.97447, 44.26951], [26.00149, 44.30564], [25.99581, 44.30809], [25.99314, 44.31678], [25.97205, 44.32764], [25.96601, 44.31642], [25.95028, 44.31668], [25.95261, 44.3274], [25.93268, 44.336], [25.91077, 44.33143], [25.89689, 44.34424], [25.88597, 44.34498], [25.89208, 44.35328], [25.89005, 44.3579], [25.87004, 44.3574], [25.86883, 44.36682], [25.8572, 44.37247], [25.85727, 44.38756], [25.84962, 44.38551], [25.82541, 44.39198], [25.82442, 44.39796], [25.83121, 44.40281], [25.86963, 44.41837], [25.84819, 44.43044], [25.86499, 44.44341], [25.85254, 44.447], [25.85383, 44.46698], [25.84301, 44.46941], [25.84546, 44.47202], [25.85673, 44.48218], [25.86463, 44.47944], [25.87078, 44.47363], [25.86578, 44.47006], [25.87077, 44.4587], [25.87853, 44.45773], [25.87957, 44.46162], [25.89996, 44.45257], [25.91535, 44.47688], [25.89562, 44.48533], [25.92053, 44.51656], [25.87981, 44.55354], [25.9297, 44.57152], [25.99201, 44.61231], [25.98858, 44.62293], [25.9801, 44.62999], [25.93934, 44.64571], [25.94239, 44.65734], [25.9595, 44.65446], [25.97506, 44.66522], [25.98216, 44.66457], [25.97414, 44.67069], [25.98538, 44.67336], [25.97117, 44.67475], [25.96927, 44.68016], [25.9642, 44.67867], [25.95812, 44.68394], [25.9764, 44.68914], [25.98393, 44.68666], [25.99175, 44.69941], [25.97475, 44.69995], [25.9687, 44.71847], [25.97301, 44.72784], [25.95988, 44.73881], [25.96389, 44.73988], [25.96072, 44.74815], [25.96935, 44.7484], [25.96606, 44.73796], [25.97465, 44.73654], [25.9877, 44.74652], [26.00047, 44.73513], [26.01119, 44.74357], [26.0345, 44.7408], [26.04355, 44.74424], [26.04929, 44.74226], [26.0501, 44.73398], [26.05095, 44.73901], [26.06225, 44.7409], [26.06143, 44.74898], [26.07022, 44.75133], [26.0856, 44.74144], [26.09893, 44.73987], [26.0888, 44.76023], [26.10193, 44.76693], [26.11277, 44.75439], [26.12549, 44.75104], [26.14233, 44.75285], [26.13795, 44.75513], [26.13982, 44.75935], [26.14392, 44.75576], [26.15297, 44.75864], [26.17393, 44.74904], [26.18389, 44.75784], [26.19396, 44.75129], [26.21935, 44.74956], [26.24834, 44.73802], [26.25629, 44.7423], [26.25803, 44.75705], [26.27196, 44.75602], [26.27384, 44.7689], [26.30178, 44.76893], [26.34733, 44.73097], [26.37419, 44.72048], [26.36087, 44.70507], [26.37019, 44.69841], [26.3599, 44.6878], [26.34739, 44.68454], [26.34149, 44.68764], [26.32968, 44.67875], [26.35423, 44.66162], [26.36004, 44.65239], [26.35924, 44.63775], [26.36797, 44.64044], [26.37573, 44.62085], [26.39709, 44.62459], [26.40112, 44.61224], [26.37263, 44.59062], [26.38159, 44.58499], [26.36062, 44.56762], [26.36778, 44.56531], [26.36128, 44.56118], [26.35633, 44.56429], [26.3372, 44.54751], [26.34313, 44.54931], [26.36712, 44.52692], [26.39114, 44.53909], [26.41505, 44.52616], [26.41608, 44.52168], [26.4066, 44.50734], [26.39801, 44.51119], [26.36057, 44.4861], [26.37676, 44.47724], [26.37623, 44.46906], [26.38173, 44.47033], [26.38162, 44.46471], [26.39472, 44.46573], [26.39538, 44.45719], [26.42634, 44.45664], [26.43771, 44.46189], [26.45008, 44.45622], [26.45173, 44.46284], [26.45847, 44.45908], [26.45196, 44.45596], [26.45174, 44.44428], [26.44185, 44.44443], [26.44146, 44.43771], [26.40146, 44.43841], [26.40077, 44.41977], [26.38989, 44.41604], [26.3756, 44.42186], [26.35254, 44.41199], [26.3469, 44.39899], [26.34198, 44.39752], [26.33874, 44.40192], [26.32322, 44.39611], [26.33277, 44.38906], [26.32455, 44.38717], [26.32659, 44.38451], [26.32005, 44.38649], [26.31649, 44.39992], [26.30916, 44.40108], [26.30188, 44.41334], [26.28891, 44.41732], [26.26005, 44.40925], [26.28682, 44.40515], [26.2878, 44.39866], [26.29833, 44.39903], [26.29892, 44.39006], [26.31286, 44.39021], [26.3145, 44.372], [26.33116, 44.3718], [26.3142, 44.36176], [26.32292, 44.36081], [26.3059, 44.35083], [26.29526, 44.35318], [26.28621, 44.34555], [26.28035, 44.34894], [26.25251, 44.33024], [26.27585, 44.31722], [26.25416, 44.29822], [26.25998, 44.29499], [26.25563, 44.29121], [26.24929, 44.29479], [26.21362, 44.26287], [26.20395, 44.27329], [26.20576, 44.27011], [26.1887, 44.25121], [26.19554, 44.24852], [26.19016, 44.24149], [26.17297, 44.25039], [26.16178, 44.23597], [26.15475, 44.24], [26.1454, 44.2345], [26.09425, 44.25293], [26.08426, 44.26743], [26.0549, 44.26956]], [[26.02931, 44.52769], [26.02276, 44.52358], [26.02535, 44.52014], [26.00858, 44.51481], [26.00644, 44.4997], [25.98324, 44.498], [25.98784, 44.49211], [25.97603, 44.46558], [26.01314, 44.45809], [26.01473, 44.44969], [26.01981, 44.44843], [26.01233, 44.44295], [25.96667, 44.44073], [25.97632, 44.40639], [25.99552, 44.40927], [25.99715, 44.40285], [26.00337, 44.40168], [26.01087, 44.40577], [26.02848, 44.3897], [26.03942, 44.3871], [26.03304, 44.38318], [26.04575, 44.37499], [26.05609, 44.37955], [26.06895, 44.37465], [26.07695, 44.37803], [26.07532, 44.37199], [26.08859, 44.36913], [26.09551, 44.35999], [26.09912, 44.36759], [26.11366, 44.36563], [26.11237, 44.36089], [26.13038, 44.3512], [26.12743, 44.34835], [26.15195, 44.33425], [26.15647, 44.33553], [26.15613, 44.3394], [26.16679, 44.34363], [26.14284, 44.36945], [26.14992, 44.38221], [26.16193, 44.39831], [26.18092, 44.39383], [26.21213, 44.39507], [26.21409, 44.3992], [26.20842, 44.40493], [26.21787, 44.40715], [26.22557, 44.43241], [26.20903, 44.43355], [26.19766, 44.43951], [26.19408, 44.44664], [26.17521, 44.44461], [26.1768, 44.45388], [26.1694, 44.4507], [26.15628, 44.45499], [26.1849, 44.47915], [26.11064, 44.49073], [26.1044, 44.50164], [26.10873, 44.50592], [26.10293, 44.50858], [26.10448, 44.53954], [26.0777, 44.53712], [26.07302, 44.54138], [26.0686, 44.53485], [26.03352, 44.52355], [26.02931, 44.52769]]]}}, {"id": 24, "type": "Feature", "properties": {"county": "IL"}, "geometry": {"type": "Polygon", "coordinates": [[[26.60226, 44.52958], [26.61079, 44.52235], [26.59043, 44.5112], [26.59937, 44.52307], [26.5629, 44.5266], [26.52216, 44.55817], [26.51269, 44.56158], [26.50777, 44.55543], [26.49159, 44.56232], [26.49636, 44.57148], [26.47986, 44.57651], [26.46657, 44.56357], [26.45617, 44.56673], [26.4453, 44.56292], [26.43902, 44.54866], [26.46739, 44.5472], [26.42849, 44.52157], [26.41281, 44.5227], [26.41505, 44.52616], [26.39114, 44.53909], [26.36712, 44.52692], [26.34313, 44.54931], [26.33724, 44.5474], [26.35633, 44.56429], [26.36128, 44.56118], [26.36778, 44.56531], [26.36062, 44.56762], [26.38159, 44.58499], [26.37263, 44.59062], [26.40112, 44.61224], [26.39709, 44.62459], [26.37573, 44.62085], [26.36797, 44.64044], [26.35924, 44.63775], [26.36004, 44.65239], [26.35423, 44.66162], [26.32968, 44.67875], [26.34149, 44.68764], [26.34739, 44.68454], [26.3599, 44.6878], [26.37019, 44.69841], [26.36087, 44.70507], [26.37419, 44.72048], [26.34733, 44.73097], [26.30184, 44.76888], [26.31464, 44.77707], [26.32203, 44.79091], [26.32855, 44.79025], [26.32276, 44.78429], [26.33433, 44.78458], [26.33755, 44.79329], [26.34259, 44.78261], [26.3485, 44.78397], [26.34418, 44.77765], [26.36248, 44.78065], [26.35684, 44.76834], [26.36998, 44.77116], [26.36707, 44.76623], [26.37065, 44.7626], [26.38523, 44.76171], [26.45316, 44.81091], [26.49353, 44.79084], [26.50744, 44.79661], [26.53322, 44.82048], [26.52534, 44.82692], [26.60557, 44.857], [26.63095, 44.8136], [26.64483, 44.82298], [26.6787, 44.80879], [26.71398, 44.81952], [26.71875, 44.80919], [26.7766, 44.81511], [26.81021, 44.79534], [26.81685, 44.80408], [26.83043, 44.79768], [26.84646, 44.81495], [26.86581, 44.80608], [26.87839, 44.82026], [26.90776, 44.80536], [26.97334, 44.78827], [27.00797, 44.82447], [27.05624, 44.79692], [27.11093, 44.78199], [27.09792, 44.74485], [27.13408, 44.73554], [27.13734, 44.74168], [27.1792, 44.73523], [27.18746, 44.75129], [27.14818, 44.7679], [27.15564, 44.78878], [27.22358, 44.7826], [27.22156, 44.77531], [27.25762, 44.74968], [27.28862, 44.78582], [27.3096, 44.7747], [27.34112, 44.80261], [27.36591, 44.78953], [27.38196, 44.77468], [27.39159, 44.78337], [27.40776, 44.77302], [27.43679, 44.79896], [27.47801, 44.77521], [27.48394, 44.78043], [27.50334, 44.78005], [27.50313, 44.77443], [27.52683, 44.77402], [27.52156, 44.7889], [27.5283, 44.78868], [27.53321, 44.78432], [27.59161, 44.78345], [27.59101, 44.77796], [27.6484, 44.77577], [27.64907, 44.7703], [27.7219, 44.76505], [27.72284, 44.77793], [27.74424, 44.77925], [27.7437, 44.78844], [27.72544, 44.79385], [27.72829, 44.80172], [27.75049, 44.80784], [27.77559, 44.80496], [27.78855, 44.81877], [27.80024, 44.81478], [27.80585, 44.81987], [27.82649, 44.82002], [27.82053, 44.79723], [27.82674, 44.78238], [27.87124, 44.77501], [27.8808, 44.76626], [27.87143, 44.73109], [27.88034, 44.70938], [27.91144, 44.69693], [27.93123, 44.6797], [27.95823, 44.68019], [27.96916, 44.66893], [28.01912, 44.6389], [28.03177, 44.62529], [28.03261, 44.60726], [28.01374, 44.58442], [28.01655, 44.56482], [28.03462, 44.54741], [28.05324, 44.5087], [28.08748, 44.49127], [28.09827, 44.45616], [28.11049, 44.43723], [28.10469, 44.42861], [28.07281, 44.41385], [28.0694, 44.40393], [28.04325, 44.38462], [28.0254, 44.36368], [28.01741, 44.34025], [27.85508, 44.38011], [27.84259, 44.36793], [27.83475, 44.3473], [27.81337, 44.33414], [27.80329, 44.34143], [27.79965, 44.33843], [27.78912, 44.35513], [27.7719, 44.34434], [27.75643, 44.35365], [27.7486, 44.36185], [27.75636, 44.3659], [27.74562, 44.38188], [27.76988, 44.39483], [27.74802, 44.3974], [27.74655, 44.40538], [27.73363, 44.40621], [27.73169, 44.41903], [27.65431, 44.42093], [27.65942, 44.44613], [27.64852, 44.45082], [27.64944, 44.46499], [27.63859, 44.46541], [27.63912, 44.47071], [27.57022, 44.46781], [27.57198, 44.55908], [27.5464, 44.56202], [27.54566, 44.54212], [27.52527, 44.54381], [27.51853, 44.49715], [27.50239, 44.4967], [27.50243, 44.49355], [27.38849, 44.49623], [27.3901, 44.50592], [27.36975, 44.50614], [27.37019, 44.51629], [27.35219, 44.51729], [27.34562, 44.48594], [27.28746, 44.4897], [27.29031, 44.50382], [27.26783, 44.50626], [27.26296, 44.48914], [27.22789, 44.49343], [27.23134, 44.50732], [27.22431, 44.50818], [27.22554, 44.51317], [27.20578, 44.51577], [27.20191, 44.50206], [27.2105, 44.50105], [27.2062, 44.48384], [27.18708, 44.48667], [27.18845, 44.49192], [27.13988, 44.50092], [27.13552, 44.48302], [27.09156, 44.48508], [27.0917, 44.50859], [27.0035, 44.50869], [27.00361, 44.52899], [26.97175, 44.52895], [26.89272, 44.51592], [26.89754, 44.52309], [26.88138, 44.52801], [26.87552, 44.51757], [26.86189, 44.52013], [26.84413, 44.51531], [26.85024, 44.52456], [26.82992, 44.52756], [26.82338, 44.51155], [26.81064, 44.52244], [26.79631, 44.51102], [26.77014, 44.5178], [26.77311, 44.5229], [26.77929, 44.52141], [26.78696, 44.5418], [26.76034, 44.54997], [26.75419, 44.52806], [26.72272, 44.53768], [26.72598, 44.55901], [26.68063, 44.56252], [26.68267, 44.56524], [26.67332, 44.57253], [26.68383, 44.59105], [26.665, 44.59554], [26.63557, 44.54086], [26.64469, 44.53613], [26.6413, 44.53166], [26.62108, 44.54313], [26.61451, 44.53539], [26.61849, 44.52757], [26.60837, 44.5321], [26.60226, 44.52958]]]}}, {"id": 25, "type": "Feature", "properties": {"county": "IS"}, "geometry": {"type": "Polygon", "coordinates": [[[26.95991, 47.04502], [26.93304, 47.03455], [26.90254, 47.02797], [26.88864, 47.04574], [26.87637, 47.04131], [26.87152, 47.04603], [26.88526, 47.05177], [26.87814, 47.05766], [26.83386, 47.04303], [26.83245, 47.03738], [26.81961, 47.04211], [26.8161, 47.05111], [26.8207, 47.05218], [26.81228, 47.06743], [26.79618, 47.07677], [26.7948, 47.07324], [26.75959, 47.09784], [26.72543, 47.08514], [26.71111, 47.09411], [26.70787, 47.09214], [26.68282, 47.11245], [26.63666, 47.09248], [26.62242, 47.10179], [26.61303, 47.11496], [26.61582, 47.1276], [26.6226, 47.13215], [26.61172, 47.13504], [26.61369, 47.14651], [26.60003, 47.1545], [26.6091, 47.16024], [26.60589, 47.16376], [26.61069, 47.16814], [26.60405, 47.16842], [26.60221, 47.17299], [26.61589, 47.18379], [26.60931, 47.19699], [26.59054, 47.19901], [26.59878, 47.20304], [26.57417, 47.21854], [26.56583, 47.23473], [26.50781, 47.27171], [26.54629, 47.30084], [26.5629, 47.29242], [26.57422, 47.30642], [26.56354, 47.31508], [26.55052, 47.30986], [26.55023, 47.31794], [26.54128, 47.31539], [26.52129, 47.3402], [26.51089, 47.33526], [26.50198, 47.35048], [26.49699, 47.34992], [26.49771, 47.35625], [26.50193, 47.35683], [26.4988, 47.36185], [26.50886, 47.36313], [26.50257, 47.37194], [26.50679, 47.37243], [26.50511, 47.3767], [26.49471, 47.38418], [26.49299, 47.39234], [26.52746, 47.40464], [26.53293, 47.38979], [26.5709, 47.38943], [26.57057, 47.37628], [26.59935, 47.36736], [26.6096, 47.35533], [26.68125, 47.3614], [26.68406, 47.36512], [26.67989, 47.36812], [26.67213, 47.36426], [26.66322, 47.36779], [26.67737, 47.37249], [26.67664, 47.37898], [26.66921, 47.38072], [26.67014, 47.38508], [26.65753, 47.39308], [26.6503, 47.39057], [26.65121, 47.39577], [26.64398, 47.39879], [26.67952, 47.41338], [26.68885, 47.41415], [26.69006, 47.40405], [26.69598, 47.40081], [26.70341, 47.40885], [26.70135, 47.41979], [26.6804, 47.43979], [26.68028, 47.45708], [26.6872, 47.46283], [26.69509, 47.45947], [26.70059, 47.47173], [26.72685, 47.47288], [26.71537, 47.48619], [26.69756, 47.49284], [26.70427, 47.49935], [26.69863, 47.50932], [26.71635, 47.5153], [26.74963, 47.50328], [26.78791, 47.49986], [26.81828, 47.50796], [26.83771, 47.49725], [26.86609, 47.49644], [26.87914, 47.49164], [26.97737, 47.49622], [26.98337, 47.49076], [26.99054, 47.49256], [26.99912, 47.48525], [27.00138, 47.48146], [27.00839, 47.47546], [27.00679, 47.48551], [27.01659, 47.46912], [27.01001, 47.47249], [27.01203, 47.46958], [27.00526, 47.46651], [27.02263, 47.46118], [27.04209, 47.43827], [27.04982, 47.45171], [27.04916, 47.46621], [27.06473, 47.4619], [27.08225, 47.46438], [27.08141, 47.48631], [27.07254, 47.51282], [27.0915, 47.54252], [27.09716, 47.54222], [27.10004, 47.54792], [27.14435, 47.54179], [27.14966, 47.52919], [27.15907, 47.5352], [27.16889, 47.5238], [27.18007, 47.52189], [27.17958, 47.51736], [27.21722, 47.52077], [27.22324, 47.51308], [27.22951, 47.51498], [27.22467, 47.52244], [27.23735, 47.52652], [27.24217, 47.522], [27.2591, 47.52907], [27.24634, 47.54269], [27.25416, 47.55297], [27.24656, 47.55646], [27.2528, 47.55839], [27.24839, 47.5625], [27.2599, 47.56456], [27.25679, 47.56768], [27.26335, 47.57111], [27.28305, 47.56832], [27.28799, 47.57397], [27.29495, 47.56696], [27.30558, 47.57187], [27.30106, 47.57601], [27.33067, 47.57257], [27.39139, 47.58949], [27.40468, 47.58291], [27.42828, 47.58254], [27.41665, 47.57138], [27.41858, 47.56517], [27.43287, 47.56241], [27.42403, 47.55412], [27.44009, 47.54852], [27.43102, 47.54417], [27.44524, 47.53526], [27.45687, 47.53636], [27.44412, 47.53073], [27.4514, 47.52189], [27.46762, 47.52678], [27.45611, 47.51857], [27.45434, 47.50776], [27.46737, 47.49986], [27.4748, 47.4853], [27.49317, 47.48871], [27.49279, 47.48057], [27.50683, 47.47841], [27.50726, 47.48523], [27.51608, 47.49084], [27.51243, 47.48129], [27.51531, 47.47373], [27.5217, 47.4823], [27.53633, 47.47819], [27.53132, 47.48452], [27.53812, 47.48902], [27.54318, 47.47714], [27.55579, 47.47054], [27.5593, 47.46356], [27.57259, 47.46393], [27.57092, 47.45093], [27.55758, 47.44715], [27.56082, 47.43806], [27.55258, 47.43356], [27.55656, 47.42559], [27.57061, 47.42482], [27.5751, 47.40912], [27.58438, 47.40852], [27.58168, 47.39855], [27.56952, 47.39459], [27.56885, 47.37328], [27.58261, 47.37903], [27.58337, 47.37485], [27.57332, 47.3686], [27.58911, 47.36476], [27.59677, 47.37234], [27.60133, 47.36678], [27.59515, 47.34714], [27.60534, 47.34964], [27.60524, 47.33917], [27.61526, 47.33949], [27.60066, 47.32886], [27.58712, 47.33198], [27.58116, 47.32766], [27.59524, 47.3271], [27.5925, 47.3211], [27.59962, 47.31712], [27.60493, 47.32888], [27.61097, 47.32481], [27.60599, 47.317], [27.62236, 47.32585], [27.62792, 47.31011], [27.63831, 47.31151], [27.63316, 47.30295], [27.64662, 47.29957], [27.64631, 47.30688], [27.66037, 47.30423], [27.66331, 47.30827], [27.6736, 47.29931], [27.67478, 47.30978], [27.67908, 47.30948], [27.68589, 47.28441], [27.69023, 47.29168], [27.70621, 47.28958], [27.70422, 47.29988], [27.71904, 47.29355], [27.72774, 47.29544], [27.73806, 47.28494], [27.73791, 47.27555], [27.7482, 47.27669], [27.74433, 47.26486], [27.75882, 47.25704], [27.74224, 47.25688], [27.74424, 47.25144], [27.75205, 47.255], [27.75744, 47.24954], [27.75362, 47.24597], [27.74856, 47.24867], [27.74515, 47.24274], [27.75137, 47.23786], [27.75919, 47.24005], [27.75522, 47.23027], [27.77474, 47.23082], [27.76971, 47.22133], [27.78584, 47.2187], [27.77698, 47.20455], [27.79012, 47.20768], [27.7867, 47.19039], [27.80368, 47.18851], [27.79627, 47.17077], [27.81129, 47.16565], [27.80046, 47.15152], [27.7895, 47.15391], [27.78414, 47.14973], [27.79557, 47.14935], [27.79938, 47.14168], [27.78095, 47.14265], [27.82316, 47.1351], [27.83079, 47.13876], [27.83313, 47.13295], [27.84279, 47.13554], [27.85046, 47.13006], [27.84958, 47.1239], [27.84432, 47.12291], [27.83876, 47.13011], [27.8259, 47.12158], [27.83293, 47.11571], [27.85708, 47.11247], [27.85428, 47.10792], [27.8599, 47.10354], [27.86478, 47.1083], [27.87475, 47.10793], [27.8668, 47.1028], [27.88369, 47.09896], [27.87964, 47.09176], [27.894, 47.08629], [27.89766, 47.07344], [27.90609, 47.07668], [27.91654, 47.06697], [27.93162, 47.06217], [27.94076, 47.06596], [27.96035, 47.05576], [27.9446, 47.04987], [27.96407, 47.04937], [27.95796, 47.04597], [27.95965, 47.0412], [27.97273, 47.04461], [27.98426, 47.03446], [27.99246, 47.0376], [27.99504, 47.02896], [28.01968, 47.02295], [28.02639, 47.02994], [28.03528, 47.03028], [28.04307, 47.02007], [28.04801, 47.02496], [28.05321, 47.01351], [28.04131, 47.01918], [28.03261, 47.01092], [28.04001, 47.01175], [28.04346, 47.00876], [28.04009, 47.00656], [28.05092, 47.00129], [28.05428, 47.00552], [28.05472, 46.99948], [28.08182, 46.99027], [28.07815, 46.98508], [28.09614, 46.97895], [28.08466, 46.97193], [28.08567, 46.96526], [28.07833, 46.96334], [28.08449, 46.95684], [28.09351, 46.95672], [28.08967, 46.94825], [28.09819, 46.94917], [28.09677, 46.94186], [28.08788, 46.94179], [28.08816, 46.93505], [28.0813, 46.93754], [28.08434, 46.93413], [28.10347, 46.93237], [28.10591, 46.92861], [28.09615, 46.9286], [28.11272, 46.92171], [28.10396, 46.91015], [28.09384, 46.90985], [28.09526, 46.90487], [28.08702, 46.90753], [28.08301, 46.90242], [28.08887, 46.89978], [28.08559, 46.89527], [28.09331, 46.89636], [28.09641, 46.8921], [28.10347, 46.89603], [28.10887, 46.88922], [28.10952, 46.89535], [28.11277, 46.89388], [28.11241, 46.88224], [28.11876, 46.8777], [28.09821, 46.87018], [28.11184, 46.86959], [28.10719, 46.86608], [28.12314, 46.85714], [28.1173, 46.85365], [28.1265, 46.8522], [28.12346, 46.84715], [28.1168, 46.84877], [28.11287, 46.8409], [28.10771, 46.84307], [28.11471, 46.83761], [28.09142, 46.84855], [28.08386, 46.84522], [28.07031, 46.85219], [28.06311, 46.84737], [28.05258, 46.85091], [28.0219, 46.83344], [28.01496, 46.83376], [28.00843, 46.83947], [27.99023, 46.83841], [27.97957, 46.85765], [27.94201, 46.85518], [27.93659, 46.8648], [27.92823, 46.8664], [27.92145, 46.86314], [27.94044, 46.84465], [27.92815, 46.83983], [27.94116, 46.83766], [27.93528, 46.83237], [27.94383, 46.82251], [27.91941, 46.822], [27.92025, 46.81051], [27.90884, 46.80583], [27.89519, 46.80724], [27.88829, 46.81374], [27.89503, 46.81646], [27.88922, 46.83819], [27.88021, 46.84344], [27.88757, 46.83166], [27.88593, 46.82389], [27.86966, 46.83968], [27.87217, 46.8584], [27.86662, 46.85596], [27.84591, 46.86553], [27.83291, 46.86345], [27.82966, 46.85349], [27.79704, 46.86016], [27.80724, 46.87779], [27.81406, 46.88089], [27.80849, 46.89662], [27.81025, 46.9179], [27.81716, 46.92411], [27.81187, 46.93436], [27.80826, 46.92803], [27.79553, 46.92757], [27.78763, 46.94645], [27.77064, 46.94717], [27.76959, 46.93369], [27.78406, 46.9067], [27.78251, 46.89798], [27.79037, 46.88645], [27.7917, 46.87431], [27.78635, 46.87436], [27.78593, 46.8827], [27.78241, 46.87812], [27.76854, 46.87626], [27.76856, 46.8829], [27.76458, 46.88154], [27.74457, 46.90244], [27.73297, 46.92227], [27.7247, 46.91999], [27.70538, 46.94009], [27.69367, 46.93715], [27.68343, 46.95512], [27.66002, 46.97362], [27.63794, 46.97701], [27.62957, 46.98882], [27.62136, 46.99168], [27.60872, 46.97069], [27.60634, 46.95724], [27.61676, 46.95003], [27.60842, 46.95033], [27.60763, 46.94627], [27.61816, 46.93948], [27.61623, 46.92499], [27.63051, 46.92195], [27.6441, 46.89685], [27.63181, 46.89672], [27.62091, 46.88969], [27.60687, 46.89338], [27.60948, 46.88972], [27.59121, 46.87889], [27.58428, 46.87912], [27.58897, 46.88728], [27.57101, 46.88892], [27.56822, 46.8775], [27.5473, 46.91432], [27.535, 46.91109], [27.53188, 46.916], [27.51997, 46.91453], [27.52392, 46.90474], [27.52183, 46.89136], [27.53308, 46.88211], [27.51655, 46.87533], [27.48651, 46.87514], [27.48958, 46.86963], [27.47563, 46.86638], [27.47168, 46.87116], [27.46152, 46.86813], [27.46719, 46.8642], [27.45993, 46.86235], [27.45477, 46.86935], [27.42454, 46.86251], [27.41712, 46.87459], [27.40207, 46.8759], [27.40164, 46.88389], [27.39655, 46.88542], [27.40025, 46.88618], [27.39812, 46.89363], [27.37695, 46.88903], [27.37253, 46.89224], [27.36444, 46.88257], [27.35118, 46.8814], [27.34972, 46.87676], [27.33812, 46.87457], [27.33642, 46.86771], [27.32187, 46.86421], [27.29497, 46.86737], [27.28476, 46.87592], [27.27065, 46.86921], [27.25126, 46.8676], [27.24851, 46.87617], [27.22632, 46.86806], [27.22329, 46.87802], [27.21432, 46.87649], [27.19341, 46.88786], [27.20299, 46.89523], [27.1942, 46.89929], [27.19541, 46.90338], [27.17273, 46.92463], [27.12196, 46.95062], [27.13386, 46.96345], [27.14788, 46.9582], [27.16188, 46.97004], [27.17103, 46.97096], [27.16567, 46.97285], [27.17227, 46.97563], [27.17315, 46.98565], [27.18033, 46.98889], [27.18901, 46.98819], [27.19814, 46.97805], [27.20437, 46.98261], [27.21702, 46.97391], [27.22993, 46.97764], [27.23196, 46.9872], [27.24361, 46.9929], [27.2379, 46.99721], [27.23997, 47.01152], [27.2193, 47.01686], [27.20607, 47.02759], [27.1858, 47.03062], [27.17694, 47.04017], [27.18564, 47.04971], [27.18306, 47.06145], [27.15603, 47.08267], [27.09758, 47.09201], [27.0604, 47.08494], [27.06082, 47.07576], [27.05223, 47.06352], [27.04628, 47.06497], [27.03783, 47.05555], [27.0254, 47.05263], [27.03543, 47.04996], [27.03229, 47.04232], [27.03656, 47.04194], [27.02246, 47.03345], [27.00266, 47.03959], [26.98338, 47.07932], [26.97093, 47.07726], [26.97177, 47.0619], [26.95937, 47.06022], [26.95991, 47.04502]]]}}, {"id": 26, "type": "Feature", "properties": {"county": "MH"}, "geometry": {"type": "Polygon", "coordinates": [[[22.74942, 44.19785], [22.68597, 44.20799], [22.67224, 44.2192], [22.6721, 44.22882], [22.68558, 44.25588], [22.6833, 44.27103], [22.67611, 44.28094], [22.64412, 44.29273], [22.61729, 44.2933], [22.56364, 44.30552], [22.52391, 44.3393], [22.50376, 44.38046], [22.49889, 44.41125], [22.5017, 44.41726], [22.46547, 44.44308], [22.456, 44.47003], [22.4696, 44.48042], [22.51682, 44.47167], [22.54822, 44.48168], [22.56038, 44.50516], [22.5629, 44.53314], [22.5859, 44.55037], [22.62346, 44.55094], [22.69593, 44.51659], [22.76158, 44.53847], [22.76381, 44.5474], [22.75636, 44.56216], [22.70921, 44.60198], [22.68597, 44.60698], [22.67088, 44.6192], [22.61822, 44.6155], [22.57099, 44.63559], [22.56264, 44.6479], [22.47925, 44.70962], [22.4639, 44.71476], [22.42997, 44.71002], [22.38373, 44.67626], [22.36792, 44.67226], [22.33165, 44.67526], [22.30846, 44.65871], [22.29992, 44.63866], [22.27439, 44.62543], [22.26451, 44.59621], [22.23024, 44.56138], [22.19367, 44.50729], [22.18727, 44.48495], [22.17308, 44.47592], [22.14546, 44.47271], [22.12811, 44.47525], [22.07625, 44.50527], [22.06811, 44.5287], [22.03527, 44.54923], [22.02663, 44.56761], [22.02629, 44.59118], [22.01615, 44.5992], [22.02347, 44.60774], [22.062, 44.60995], [22.06376, 44.61507], [22.08226, 44.62194], [22.08439, 44.61802], [22.09228, 44.61907], [22.09597, 44.60954], [22.1174, 44.59181], [22.12861, 44.59281], [22.13302, 44.60061], [22.14751, 44.5853], [22.15607, 44.59234], [22.15465, 44.59874], [22.17629, 44.62449], [22.17283, 44.6339], [22.1774, 44.63988], [22.17116, 44.6487], [22.15348, 44.65014], [22.13867, 44.65993], [22.1492, 44.68245], [22.14689, 44.70076], [22.15354, 44.71149], [22.15612, 44.73659], [22.16353, 44.74343], [22.18554, 44.74128], [22.20416, 44.7614], [22.19506, 44.77921], [22.20715, 44.79934], [22.2068, 44.81747], [22.2434, 44.80754], [22.25196, 44.79375], [22.26809, 44.78253], [22.34164, 44.77406], [22.35812, 44.73871], [22.35884, 44.74335], [22.36543, 44.74266], [22.36818, 44.75618], [22.38147, 44.75543], [22.39164, 44.76193], [22.40145, 44.75334], [22.41871, 44.7563], [22.41744, 44.77067], [22.42441, 44.78151], [22.43045, 44.78118], [22.42373, 44.80053], [22.44648, 44.82226], [22.44445, 44.8324], [22.45975, 44.84329], [22.45753, 44.85133], [22.47083, 44.86072], [22.47632, 44.87649], [22.48654, 44.88116], [22.48876, 44.89408], [22.48219, 44.90691], [22.49103, 44.90932], [22.49621, 44.92886], [22.4888, 44.93563], [22.48661, 44.94929], [22.5164, 44.95572], [22.5117, 44.96591], [22.49216, 44.97327], [22.53663, 45.00203], [22.55896, 45.02193], [22.57081, 45.04085], [22.58577, 45.04372], [22.5943, 45.05395], [22.6013, 45.05533], [22.60379, 45.06295], [22.63776, 45.09487], [22.65561, 45.10389], [22.65526, 45.10717], [22.65841, 45.11077], [22.6734, 45.10072], [22.68596, 45.10398], [22.69893, 45.087], [22.70504, 45.0673], [22.72671, 45.07808], [22.73334, 45.07522], [22.72504, 45.06801], [22.73751, 45.06802], [22.73301, 45.06385], [22.73822, 45.05901], [22.76824, 45.0612], [22.78307, 45.04586], [22.81388, 45.03653], [22.8313, 45.02375], [22.82838, 45.01944], [22.85081, 44.99912], [22.84855, 44.99296], [22.86076, 44.98946], [22.88576, 44.99707], [22.89999, 44.99179], [22.88956, 44.9768], [22.89775, 44.96507], [22.86991, 44.96151], [22.87772, 44.9259], [22.88454, 44.91997], [22.8901, 44.9045], [22.88837, 44.89549], [22.89589, 44.88502], [22.89172, 44.86743], [22.89719, 44.85878], [22.88948, 44.85309], [22.90875, 44.82197], [22.93986, 44.81481], [22.94696, 44.80713], [22.93399, 44.80207], [22.94164, 44.78313], [22.94762, 44.77931], [22.96117, 44.79471], [22.98923, 44.78322], [22.99605, 44.77593], [22.9906, 44.7742], [22.99638, 44.77164], [22.99193, 44.76842], [22.99469, 44.76192], [23.00336, 44.75789], [23.00323, 44.74777], [23.00864, 44.74623], [23.00495, 44.74475], [23.02189, 44.73563], [23.04746, 44.73397], [23.05267, 44.72538], [23.06273, 44.72911], [23.06578, 44.7238], [23.05877, 44.72192], [23.06728, 44.71556], [23.06256, 44.71157], [23.07508, 44.70812], [23.07734, 44.70161], [23.08521, 44.70164], [23.0896, 44.695], [23.10502, 44.69403], [23.11067, 44.68527], [23.11724, 44.68794], [23.11753, 44.68184], [23.12361, 44.6875], [23.13969, 44.67876], [23.14487, 44.68122], [23.13057, 44.68805], [23.13509, 44.69527], [23.14572, 44.68892], [23.18829, 44.6952], [23.19367, 44.69213], [23.18554, 44.67884], [23.27447, 44.66879], [23.28851, 44.67638], [23.31578, 44.66184], [23.32131, 44.6537], [23.31966, 44.64779], [23.35675, 44.63003], [23.3722, 44.62677], [23.39343, 44.6295], [23.38489, 44.62026], [23.41274, 44.61052], [23.40313, 44.59111], [23.42501, 44.5883], [23.42562, 44.58088], [23.45504, 44.56956], [23.45217, 44.55261], [23.42832, 44.54255], [23.43534, 44.53993], [23.42716, 44.53262], [23.4175, 44.53248], [23.41557, 44.52697], [23.37042, 44.54442], [23.3564, 44.54079], [23.35454, 44.53385], [23.3368, 44.52366], [23.31664, 44.53997], [23.28742, 44.53835], [23.25388, 44.52989], [23.25701, 44.5202], [23.28381, 44.51603], [23.27947, 44.50153], [23.24454, 44.4968], [23.24885, 44.48031], [23.2141, 44.47038], [23.21413, 44.46699], [23.19983, 44.46801], [23.19633, 44.45199], [23.21653, 44.44379], [23.21515, 44.44016], [23.22306, 44.43909], [23.22225, 44.43608], [23.20522, 44.4361], [23.19719, 44.41377], [23.17827, 44.42422], [23.16642, 44.41214], [23.19985, 44.39205], [23.21736, 44.38664], [23.21819, 44.37565], [23.2071, 44.3676], [23.19774, 44.37263], [23.18888, 44.36738], [23.19329, 44.35265], [23.17617, 44.32447], [23.13114, 44.31628], [23.11877, 44.30305], [23.12397, 44.30128], [23.10832, 44.26254], [23.09357, 44.2619], [23.08906, 44.24295], [23.09776, 44.24044], [23.09418, 44.2227], [23.11213, 44.21737], [23.09512, 44.19922], [23.11785, 44.1895], [23.10988, 44.15014], [23.09725, 44.14624], [23.08456, 44.15151], [23.08553, 44.15681], [23.00531, 44.15806], [23.00462, 44.13966], [22.98319, 44.12416], [22.96386, 44.09853], [22.93598, 44.09976], [22.89896, 44.1147], [22.87102, 44.13313], [22.81321, 44.15382], [22.74942, 44.19785]]]}}, {"id": 27, "type": "Feature", "properties": {"county": "MM"}, "geometry": {"type": "Polygon", "coordinates": [[[23.64603, 47.39217], [23.63147, 47.39604], [23.61683, 47.39185], [23.61036, 47.38612], [23.6142, 47.3813], [23.60829, 47.37487], [23.5851, 47.37245], [23.57904, 47.36223], [23.53871, 47.36961], [23.51523, 47.36855], [23.51323, 47.36216], [23.50325, 47.3629], [23.49277, 47.36602], [23.48164, 47.37772], [23.46772, 47.37527], [23.39709, 47.39185], [23.37745, 47.38811], [23.36211, 47.40013], [23.35726, 47.41585], [23.33624, 47.41191], [23.32238, 47.41492], [23.31155, 47.42389], [23.26938, 47.42516], [23.24534, 47.43924], [23.23666, 47.4349], [23.2251, 47.43987], [23.22042, 47.43319], [23.20547, 47.44198], [23.20566, 47.44788], [23.18734, 47.45225], [23.18358, 47.45906], [23.1615, 47.44444], [23.15903, 47.43808], [23.13671, 47.44444], [23.10878, 47.44395], [23.09599, 47.43793], [23.08324, 47.44457], [23.06097, 47.44126], [23.04372, 47.43276], [23.03567, 47.41731], [23.04381, 47.41206], [23.03235, 47.41447], [23.01689, 47.43296], [22.99786, 47.4307], [22.96422, 47.43937], [22.96534, 47.45567], [22.98341, 47.46063], [22.98405, 47.46928], [22.97168, 47.46714], [22.9745, 47.4704], [22.97098, 47.47645], [22.96549, 47.47461], [22.96144, 47.47875], [22.96325, 47.48646], [22.98698, 47.48344], [22.99412, 47.49354], [23.01179, 47.49292], [23.0162, 47.48794], [23.03087, 47.48574], [23.04644, 47.48783], [23.04207, 47.50786], [23.05186, 47.52868], [23.05295, 47.55517], [23.06543, 47.57141], [23.08744, 47.5815], [23.12197, 47.61449], [23.14042, 47.6241], [23.16695, 47.59359], [23.19051, 47.58677], [23.18694, 47.58108], [23.21121, 47.57093], [23.21258, 47.56345], [23.2339, 47.55034], [23.25748, 47.55037], [23.25941, 47.57993], [23.2814, 47.57688], [23.28642, 47.58096], [23.28874, 47.60061], [23.27937, 47.61136], [23.28495, 47.6148], [23.28753, 47.63016], [23.30387, 47.62725], [23.3141, 47.63783], [23.33997, 47.64378], [23.33435, 47.65249], [23.3518, 47.66213], [23.356, 47.66766], [23.35316, 47.6721], [23.3582, 47.67405], [23.36334, 47.66541], [23.38752, 47.68433], [23.37954, 47.69], [23.36407, 47.68609], [23.36275, 47.69985], [23.34287, 47.70691], [23.34061, 47.71501], [23.32727, 47.70848], [23.30505, 47.71229], [23.29458, 47.71861], [23.29603, 47.72421], [23.29099, 47.72774], [23.27505, 47.7219], [23.25502, 47.72727], [23.24244, 47.72359], [23.24112, 47.73185], [23.2301, 47.73917], [23.23596, 47.75489], [23.22975, 47.76392], [23.23545, 47.76562], [23.22483, 47.76641], [23.24885, 47.78723], [23.26016, 47.78934], [23.26178, 47.79732], [23.28138, 47.7973], [23.30153, 47.78983], [23.30929, 47.78534], [23.30761, 47.77857], [23.31154, 47.77478], [23.34747, 47.77775], [23.35393, 47.77409], [23.39031, 47.77973], [23.39253, 47.77589], [23.40783, 47.77593], [23.41829, 47.76685], [23.43085, 47.77032], [23.45115, 47.76179], [23.4641, 47.76688], [23.47696, 47.7815], [23.50921, 47.78842], [23.51848, 47.79599], [23.53244, 47.79533], [23.5377, 47.80245], [23.56044, 47.80411], [23.56116, 47.81521], [23.57461, 47.82366], [23.57432, 47.83646], [23.58316, 47.83629], [23.59562, 47.84997], [23.60815, 47.85119], [23.6097, 47.84525], [23.63492, 47.85784], [23.63862, 47.87032], [23.62782, 47.88622], [23.61321, 47.88981], [23.61172, 47.89859], [23.58801, 47.9006], [23.58102, 47.92299], [23.57219, 47.92654], [23.56473, 47.94336], [23.55177, 47.93828], [23.54263, 47.94138], [23.53106, 47.95148], [23.50976, 47.95521], [23.49361, 47.96783], [23.50355, 47.97038], [23.50525, 47.9806], [23.52116, 47.99446], [23.52906, 48.01982], [23.54199, 48.00899], [23.56672, 48.00298], [23.58661, 48.00378], [23.59349, 48.00834], [23.63473, 48.00296], [23.64219, 47.99974], [23.64637, 47.99123], [23.66467, 47.98373], [23.70846, 47.9944], [23.7164, 47.98806], [23.72064, 47.99496], [23.77181, 47.99495], [23.81963, 47.98047], [23.81829, 47.97496], [23.834, 47.96755], [23.8326, 47.9607], [23.8427, 47.9505], [23.84395, 47.94171], [23.86413, 47.93176], [23.88368, 47.94416], [23.94198, 47.94847], [23.95459, 47.96466], [23.96718, 47.96262], [23.97594, 47.9679], [23.98268, 47.95938], [24.00905, 47.96726], [24.03185, 47.94928], [24.06219, 47.9534], [24.0986, 47.93651], [24.11139, 47.91505], [24.13951, 47.91198], [24.15073, 47.91695], [24.16136, 47.91493], [24.16508, 47.92027], [24.18142, 47.91497], [24.19668, 47.91607], [24.21743, 47.90276], [24.21854, 47.89757], [24.22546, 47.89652], [24.25553, 47.90672], [24.27962, 47.90601], [24.3249, 47.9259], [24.33474, 47.9178], [24.35348, 47.91662], [24.3816, 47.92659], [24.38034, 47.93388], [24.39391, 47.9543], [24.41721, 47.95966], [24.43588, 47.97051], [24.45067, 47.96291], [24.47175, 47.96306], [24.51237, 47.95185], [24.527, 47.96154], [24.55238, 47.95865], [24.56287, 47.9686], [24.5754, 47.96739], [24.59564, 47.95442], [24.59693, 47.94636], [24.61083, 47.95185], [24.62839, 47.94795], [24.63504, 47.92457], [24.65158, 47.91912], [24.65259, 47.91066], [24.66097, 47.90886], [24.67378, 47.89638], [24.66579, 47.87651], [24.6723, 47.86312], [24.68521, 47.85505], [24.70292, 47.85247], [24.7058, 47.84012], [24.73441, 47.84386], [24.75297, 47.82974], [24.76529, 47.83934], [24.77812, 47.8374], [24.78412, 47.82344], [24.82775, 47.82048], [24.82151, 47.80631], [24.83659, 47.7936], [24.83632, 47.77968], [24.85138, 47.77468], [24.85528, 47.76578], [24.8782, 47.75266], [24.88644, 47.73392], [24.88315, 47.72437], [24.94711, 47.72914], [24.95227, 47.70554], [24.97834, 47.69752], [25.0174, 47.67434], [25.02216, 47.6664], [25.03858, 47.66405], [25.05549, 47.65445], [25.05179, 47.64059], [25.01165, 47.63375], [24.97489, 47.61379], [24.95857, 47.61519], [24.95944, 47.59637], [24.89912, 47.60303], [24.86084, 47.59133], [24.82943, 47.59685], [24.82176, 47.59326], [24.81651, 47.57647], [24.80725, 47.56667], [24.78742, 47.57699], [24.75529, 47.57127], [24.73456, 47.5714], [24.7254, 47.57593], [24.69124, 47.55855], [24.65959, 47.55399], [24.6519, 47.55832], [24.65215, 47.56752], [24.63189, 47.57582], [24.60453, 47.56863], [24.58151, 47.57046], [24.56564, 47.56267], [24.55277, 47.57353], [24.47294, 47.58779], [24.45642, 47.59535], [24.43822, 47.59065], [24.38653, 47.60837], [24.36091, 47.57474], [24.34271, 47.56537], [24.32601, 47.56685], [24.32176, 47.57266], [24.30321, 47.57912], [24.30195, 47.55823], [24.27939, 47.54417], [24.27801, 47.52998], [24.26772, 47.51739], [24.25239, 47.51886], [24.24106, 47.50046], [24.21661, 47.50363], [24.20522, 47.49797], [24.19755, 47.50633], [24.16688, 47.50569], [24.15343, 47.50276], [24.15363, 47.49482], [24.14421, 47.49339], [24.1414, 47.48755], [24.13118, 47.491], [24.12668, 47.4994], [24.12135, 47.49468], [24.12298, 47.48638], [24.11758, 47.48295], [24.11893, 47.47824], [24.12847, 47.47945], [24.12245, 47.47473], [24.12998, 47.46561], [24.11901, 47.46109], [24.12662, 47.45828], [24.11803, 47.44727], [24.12457, 47.44391], [24.1207, 47.4421], [24.12423, 47.4378], [24.11035, 47.43346], [24.10304, 47.42156], [24.08573, 47.41757], [24.08153, 47.41255], [24.08429, 47.41093], [24.07298, 47.41019], [24.07631, 47.40276], [24.06085, 47.37768], [24.03781, 47.37407], [24.03136, 47.36155], [23.99434, 47.36506], [23.99987, 47.35977], [23.99929, 47.3581], [23.96975, 47.36568], [23.92519, 47.35236], [23.91641, 47.35689], [23.89815, 47.35442], [23.88729, 47.36565], [23.87228, 47.37088], [23.86987, 47.38021], [23.86675, 47.37026], [23.85265, 47.36814], [23.84691, 47.37244], [23.84058, 47.35465], [23.83221, 47.34766], [23.84139, 47.34002], [23.82993, 47.33837], [23.8244, 47.34481], [23.79083, 47.33663], [23.76454, 47.3372], [23.75987, 47.33529], [23.76027, 47.32593], [23.72777, 47.32097], [23.70114, 47.34116], [23.70676, 47.34537], [23.69975, 47.34739], [23.71235, 47.35222], [23.68052, 47.35513], [23.66674, 47.36648], [23.66413, 47.37544], [23.6679, 47.37984], [23.66109, 47.37949], [23.64603, 47.39217]]]}}, {"id": 28, "type": "Feature", "properties": {"county": "MS"}, "geometry": {"type": "Polygon", "coordinates": [[[24.41955, 46.26485], [24.40024, 46.2521], [24.38866, 46.25344], [24.3789, 46.24365], [24.3532, 46.25423], [24.3377, 46.24992], [24.32964, 46.25468], [24.29907, 46.25512], [24.2878, 46.28407], [24.27288, 46.27639], [24.27332, 46.26762], [24.26512, 46.26657], [24.26429, 46.25344], [24.25527, 46.25021], [24.24021, 46.2527], [24.2214, 46.26397], [24.21014, 46.26347], [24.20647, 46.26643], [24.21104, 46.27173], [24.19419, 46.28298], [24.17693, 46.28039], [24.17897, 46.27316], [24.16909, 46.26886], [24.16369, 46.27241], [24.16506, 46.27746], [24.15962, 46.27761], [24.16259, 46.27965], [24.15743, 46.28275], [24.1592, 46.29146], [24.14237, 46.30098], [24.14833, 46.30981], [24.14846, 46.3262], [24.13576, 46.33624], [24.07493, 46.33574], [24.01986, 46.36042], [24.03026, 46.36948], [24.01872, 46.36704], [23.99527, 46.37239], [23.98954, 46.38105], [23.99352, 46.3847], [24.03553, 46.40687], [24.03013, 46.41607], [24.03584, 46.43217], [24.02723, 46.44055], [24.03251, 46.44645], [24.02914, 46.45425], [24.03232, 46.45709], [24.01941, 46.45708], [24.02287, 46.44964], [23.99741, 46.42721], [23.98528, 46.43093], [24.00486, 46.44222], [23.98519, 46.44947], [23.98811, 46.45405], [23.97955, 46.45332], [23.98491, 46.45879], [23.97079, 46.4594], [23.96777, 46.47256], [23.96288, 46.47568], [23.97371, 46.48197], [23.96422, 46.49845], [23.969, 46.50498], [23.97503, 46.5046], [23.95906, 46.5154], [23.98694, 46.54226], [24.00319, 46.54118], [24.01939, 46.53129], [24.04538, 46.54506], [24.03748, 46.55728], [24.0526, 46.56182], [24.05247, 46.57498], [24.06907, 46.60603], [24.0252, 46.61549], [24.02024, 46.62787], [24.02901, 46.62981], [24.03359, 46.64511], [24.05888, 46.65105], [24.06383, 46.65648], [24.09457, 46.65716], [24.09377, 46.66151], [24.1024, 46.66162], [24.11329, 46.68298], [24.11395, 46.69405], [24.12302, 46.69739], [24.11358, 46.70857], [24.08513, 46.71376], [24.06651, 46.73345], [24.07195, 46.74292], [24.08494, 46.74627], [24.0879, 46.75358], [24.11573, 46.74246], [24.12278, 46.74444], [24.12613, 46.74647], [24.11579, 46.76538], [24.1176, 46.77378], [24.16755, 46.78121], [24.1708, 46.78631], [24.18059, 46.78724], [24.18804, 46.79345], [24.17958, 46.80471], [24.19844, 46.79974], [24.21698, 46.78787], [24.21136, 46.78355], [24.24025, 46.77456], [24.23488, 46.77289], [24.24747, 46.76871], [24.2476, 46.77291], [24.30115, 46.75315], [24.30878, 46.75825], [24.32437, 46.75414], [24.33844, 46.75784], [24.3613, 46.7465], [24.38402, 46.74716], [24.38855, 46.75133], [24.401, 46.75055], [24.40331, 46.7543], [24.39883, 46.75866], [24.40427, 46.76067], [24.40093, 46.76402], [24.41563, 46.77402], [24.43066, 46.77538], [24.43261, 46.76995], [24.45212, 46.76567], [24.47226, 46.78304], [24.46221, 46.7915], [24.46023, 46.78505], [24.44929, 46.78906], [24.46344, 46.81163], [24.45816, 46.82008], [24.46721, 46.82844], [24.48918, 46.83572], [24.49038, 46.84012], [24.50365, 46.83958], [24.50327, 46.85137], [24.50912, 46.8488], [24.52719, 46.85398], [24.53281, 46.87047], [24.53826, 46.86784], [24.53502, 46.87272], [24.53891, 46.87643], [24.53204, 46.88116], [24.54028, 46.89125], [24.53179, 46.899], [24.53244, 46.90704], [24.56044, 46.90542], [24.56894, 46.9086], [24.56494, 46.91238], [24.57013, 46.91453], [24.58454, 46.91519], [24.5853, 46.92122], [24.57866, 46.9259], [24.58547, 46.92882], [24.59523, 46.94564], [24.62289, 46.94297], [24.62918, 46.95126], [24.63868, 46.94522], [24.63846, 46.93783], [24.64485, 46.93688], [24.63996, 46.92546], [24.65338, 46.92322], [24.64635, 46.91923], [24.65572, 46.91512], [24.65202, 46.91298], [24.65772, 46.90913], [24.69369, 46.90822], [24.70908, 46.90206], [24.72495, 46.90369], [24.72839, 46.91132], [24.74558, 46.90578], [24.75455, 46.90988], [24.74362, 46.92161], [24.72172, 46.93239], [24.74101, 46.95309], [24.73318, 46.95742], [24.74015, 46.96018], [24.74499, 46.97209], [24.73971, 46.97382], [24.74256, 46.98533], [24.75289, 46.9955], [24.76295, 46.99612], [24.7742, 47.00846], [24.78489, 47.0394], [24.79466, 47.05097], [24.87022, 47.10486], [24.89735, 47.10924], [24.90545, 47.10055], [24.91442, 47.10218], [24.93173, 47.09597], [24.94083, 47.1005], [24.95271, 47.11975], [24.97811, 47.11388], [24.9859, 47.11911], [24.99877, 47.11082], [25.01351, 47.11118], [25.03226, 47.11944], [25.04241, 47.13283], [25.05098, 47.13106], [25.0634, 47.13655], [25.09441, 47.12046], [25.1249, 47.12323], [25.12953, 47.11642], [25.14406, 47.11323], [25.16439, 47.12971], [25.17308, 47.1306], [25.19987, 47.1136], [25.22639, 47.10812], [25.23337, 47.09831], [25.24672, 47.09793], [25.23064, 47.07567], [25.23113, 47.06154], [25.26964, 47.03122], [25.2655, 47.01065], [25.28907, 46.99295], [25.28963, 46.98281], [25.28326, 46.97794], [25.28911, 46.97074], [25.28215, 46.96233], [25.28336, 46.95341], [25.27066, 46.94575], [25.26999, 46.92783], [25.2622, 46.91231], [25.26708, 46.90006], [25.27731, 46.8967], [25.26934, 46.88722], [25.27122, 46.88362], [25.2513, 46.84114], [25.28327, 46.8357], [25.28835, 46.83038], [25.28178, 46.82728], [25.27926, 46.81486], [25.28553, 46.79749], [25.31313, 46.78589], [25.31847, 46.77294], [25.28954, 46.75237], [25.2611, 46.74981], [25.26419, 46.73319], [25.25905, 46.72758], [25.28149, 46.70859], [25.29487, 46.68797], [25.28062, 46.67162], [25.2521, 46.67498], [25.23689, 46.66944], [25.23898, 46.65013], [25.22272, 46.63956], [25.23236, 46.63405], [25.21809, 46.62753], [25.2184, 46.6193], [25.21471, 46.62604], [25.1946, 46.62753], [25.17923, 46.59915], [25.15141, 46.58444], [25.15115, 46.57725], [25.10426, 46.58227], [25.07558, 46.57016], [25.06882, 46.55541], [25.02239, 46.54112], [25.00453, 46.51023], [24.99791, 46.50934], [24.98324, 46.49557], [25.0092, 46.495], [25.01832, 46.48784], [25.01812, 46.48129], [25.02477, 46.4796], [25.02006, 46.47512], [25.02405, 46.47381], [25.02192, 46.46902], [25.00191, 46.45729], [24.99574, 46.4631], [24.99829, 46.46545], [24.98885, 46.46546], [24.99189, 46.45895], [24.98088, 46.44405], [24.96312, 46.44703], [24.94692, 46.44329], [24.95, 46.43381], [24.93569, 46.42089], [24.93655, 46.40842], [24.95994, 46.40377], [24.97964, 46.38491], [24.94835, 46.37446], [24.93115, 46.37707], [24.9234, 46.38742], [24.90857, 46.39063], [24.89193, 46.38168], [24.8787, 46.38374], [24.87966, 46.37869], [24.88907, 46.37626], [24.88173, 46.37188], [24.8853, 46.36402], [24.85711, 46.35726], [24.85368, 46.34791], [24.86991, 46.3395], [24.86736, 46.32583], [24.87815, 46.3252], [24.86143, 46.31127], [24.87125, 46.30449], [24.86818, 46.29897], [24.87396, 46.30244], [24.88823, 46.29947], [24.90903, 46.28014], [24.93451, 46.27303], [24.92948, 46.26678], [24.9351, 46.26587], [24.92867, 46.2622], [24.93861, 46.25886], [24.93898, 46.25443], [24.93219, 46.25356], [24.93371, 46.24772], [24.94349, 46.24492], [24.96221, 46.24928], [24.95962, 46.24404], [24.98588, 46.23709], [24.98955, 46.24452], [24.99956, 46.24332], [25.00489, 46.24832], [25.03776, 46.24011], [25.06972, 46.24494], [25.078, 46.24075], [25.07578, 46.23245], [25.10617, 46.23062], [25.11259, 46.2096], [25.13072, 46.1873], [25.13821, 46.18117], [25.15173, 46.1779], [25.16118, 46.17062], [25.17186, 46.16789], [25.17327, 46.16553], [25.16294, 46.15879], [25.14947, 46.1586], [25.13572, 46.14728], [25.12896, 46.15012], [25.12584, 46.14238], [25.07894, 46.15144], [25.04662, 46.13321], [25.01496, 46.14627], [24.99351, 46.12909], [24.97791, 46.1255], [24.95792, 46.11209], [24.94884, 46.10221], [24.94633, 46.09354], [24.9559, 46.09084], [24.94656, 46.07912], [24.91849, 46.07936], [24.89988, 46.0923], [24.90039, 46.10615], [24.86308, 46.11093], [24.80492, 46.09251], [24.77538, 46.10185], [24.7765, 46.09348], [24.76964, 46.08682], [24.73775, 46.08933], [24.72165, 46.08361], [24.71631, 46.07635], [24.69556, 46.08306], [24.69158, 46.09435], [24.67256, 46.10389], [24.67649, 46.11283], [24.67249, 46.12157], [24.67724, 46.12853], [24.66859, 46.13811], [24.67988, 46.14826], [24.68021, 46.15859], [24.67396, 46.1684], [24.68409, 46.19618], [24.67363, 46.21886], [24.65056, 46.23198], [24.65626, 46.23749], [24.66942, 46.22825], [24.67657, 46.25048], [24.6699, 46.25607], [24.67256, 46.26182], [24.66714, 46.28071], [24.64624, 46.27927], [24.6326, 46.27054], [24.63235, 46.26237], [24.62212, 46.25887], [24.62368, 46.25137], [24.60457, 46.2516], [24.59367, 46.27125], [24.57723, 46.26806], [24.56968, 46.27465], [24.56272, 46.25769], [24.53983, 46.26076], [24.53539, 46.25056], [24.51555, 46.25391], [24.49756, 46.24252], [24.49386, 46.24311], [24.49729, 46.25279], [24.48867, 46.25888], [24.46661, 46.26204], [24.464, 46.25565], [24.45958, 46.25583], [24.44923, 46.26122], [24.4352, 46.25816], [24.41955, 46.26485]]]}}, {"id": 29, "type": "Feature", "properties": {"county": "NT"}, "geometry": {"type": "Polygon", "coordinates": [[[26.52952, 46.692], [26.52231, 46.68856], [26.51635, 46.6943], [26.50634, 46.69431], [26.49397, 46.68178], [26.47226, 46.67624], [26.45434, 46.68157], [26.4412, 46.6791], [26.4354, 46.68776], [26.4105, 46.67858], [26.40901, 46.66465], [26.39049, 46.65102], [26.36945, 46.64956], [26.34507, 46.65136], [26.33072, 46.66431], [26.32004, 46.65508], [26.29351, 46.65541], [26.28435, 46.68065], [26.27193, 46.6918], [26.26187, 46.69412], [26.26574, 46.7032], [26.24342, 46.69707], [26.23323, 46.68546], [26.21837, 46.68013], [26.22245, 46.67752], [26.21522, 46.66735], [26.21624, 46.65604], [26.17923, 46.65056], [26.15909, 46.64171], [26.1401, 46.66072], [26.11467, 46.6553], [26.10075, 46.64693], [26.08137, 46.65617], [26.08146, 46.67352], [26.07321, 46.67956], [26.07074, 46.6883], [26.07577, 46.69425], [26.07167, 46.70791], [26.05284, 46.71681], [26.0261, 46.7067], [26.0128, 46.69414], [25.99934, 46.6998], [25.96159, 46.69907], [25.95497, 46.69523], [25.93178, 46.70241], [25.91062, 46.70034], [25.90272, 46.70437], [25.89101, 46.69908], [25.88387, 46.68869], [25.90271, 46.66878], [25.90803, 46.6539], [25.89862, 46.64893], [25.86616, 46.65035], [25.83563, 46.68271], [25.81158, 46.69867], [25.79533, 46.71913], [25.79772, 46.72842], [25.80721, 46.73739], [25.8033, 46.74184], [25.80503, 46.76493], [25.79984, 46.76928], [25.80862, 46.78579], [25.80882, 46.7929], [25.80099, 46.80086], [25.80743, 46.80491], [25.78516, 46.81275], [25.77703, 46.82558], [25.78281, 46.83378], [25.79386, 46.83274], [25.80481, 46.84062], [25.78279, 46.8512], [25.77929, 46.85031], [25.77883, 46.84435], [25.78398, 46.84134], [25.77947, 46.83424], [25.76245, 46.84123], [25.78153, 46.86312], [25.7654, 46.88447], [25.80148, 46.91527], [25.80372, 46.929], [25.8421, 46.92042], [25.86199, 46.9234], [25.85385, 46.92477], [25.84238, 46.94301], [25.83875, 46.96271], [25.82672, 46.97397], [25.818, 46.97662], [25.80917, 46.96672], [25.80148, 46.96654], [25.79229, 46.98019], [25.78977, 46.99643], [25.76967, 47.01628], [25.77333, 47.02631], [25.76929, 47.03559], [25.74376, 47.05208], [25.73811, 47.07117], [25.67707, 47.08961], [25.66539, 47.08852], [25.6596, 47.09461], [25.66588, 47.10794], [25.66398, 47.1194], [25.67399, 47.12159], [25.674, 47.12897], [25.69776, 47.14342], [25.69052, 47.1548], [25.70019, 47.17053], [25.72112, 47.17496], [25.71601, 47.19707], [25.72951, 47.20374], [25.72897, 47.21709], [25.73489, 47.21636], [25.7431, 47.2263], [25.75012, 47.22489], [25.75339, 47.22935], [25.78817, 47.23861], [25.81296, 47.26021], [25.80616, 47.26836], [25.80904, 47.27112], [25.80466, 47.2802], [25.78925, 47.28664], [25.77755, 47.30799], [25.76392, 47.31776], [25.77871, 47.3209], [25.81838, 47.31136], [25.83528, 47.31195], [25.85772, 47.29464], [25.87011, 47.2937], [25.88194, 47.28396], [25.88735, 47.27085], [25.9005, 47.26199], [25.92363, 47.25916], [25.9323, 47.27706], [25.96392, 47.28114], [25.97856, 47.28872], [26.0083, 47.28344], [26.02495, 47.28936], [26.05634, 47.27455], [26.12521, 47.2973], [26.13714, 47.2886], [26.17255, 47.2965], [26.18593, 47.30737], [26.24272, 47.28105], [26.26735, 47.28199], [26.28307, 47.2914], [26.27712, 47.29514], [26.35813, 47.32236], [26.36449, 47.31986], [26.37348, 47.32696], [26.36722, 47.32853], [26.37095, 47.33218], [26.38135, 47.32944], [26.40553, 47.34032], [26.43647, 47.32732], [26.44429, 47.31672], [26.48151, 47.29296], [26.4826, 47.28835], [26.50014, 47.2836], [26.52227, 47.25937], [26.56113, 47.23854], [26.57417, 47.21854], [26.59878, 47.20304], [26.59054, 47.19901], [26.60931, 47.19699], [26.61589, 47.18379], [26.60221, 47.17299], [26.60405, 47.16842], [26.61069, 47.16814], [26.60589, 47.16376], [26.6091, 47.16024], [26.60003, 47.1545], [26.61369, 47.14651], [26.61172, 47.13504], [26.6226, 47.13215], [26.61582, 47.1276], [26.6146, 47.10956], [26.63447, 47.09263], [26.68282, 47.11245], [26.70787, 47.09214], [26.71111, 47.09411], [26.72543, 47.08514], [26.75959, 47.09784], [26.7948, 47.07324], [26.79618, 47.07677], [26.81228, 47.06743], [26.8207, 47.05218], [26.8161, 47.05111], [26.81961, 47.04211], [26.83245, 47.03738], [26.83386, 47.04303], [26.87814, 47.05766], [26.88526, 47.05177], [26.87152, 47.04603], [26.87637, 47.04131], [26.88864, 47.04574], [26.90254, 47.02797], [26.95983, 47.04493], [26.95937, 47.06022], [26.97177, 47.0619], [26.97093, 47.07726], [26.98338, 47.07932], [27.00266, 47.03959], [27.02265, 47.03348], [27.03656, 47.04194], [27.03229, 47.04232], [27.03543, 47.04996], [27.02522, 47.05078], [27.02536, 47.05257], [27.03783, 47.05555], [27.04628, 47.06497], [27.05223, 47.06352], [27.06082, 47.07576], [27.0604, 47.08494], [27.09818, 47.09196], [27.15603, 47.08267], [27.18306, 47.06145], [27.18564, 47.04971], [27.17694, 47.04017], [27.18643, 47.03001], [27.20607, 47.02759], [27.2193, 47.01686], [27.24002, 47.01143], [27.2379, 46.99721], [27.24361, 46.9929], [27.23196, 46.9872], [27.2263, 46.97574], [27.21658, 46.97405], [27.20437, 46.98261], [27.19814, 46.97805], [27.18901, 46.98819], [27.18033, 46.98889], [27.17315, 46.98565], [27.17227, 46.97563], [27.16567, 46.97285], [27.17103, 46.97096], [27.16188, 46.97004], [27.14788, 46.9582], [27.13386, 46.96345], [27.12197, 46.95074], [27.17066, 46.92612], [27.19541, 46.90338], [27.1942, 46.89929], [27.20173, 46.89701], [27.19341, 46.88786], [27.2025, 46.88253], [27.18887, 46.87599], [27.18834, 46.87149], [27.19515, 46.86679], [27.19325, 46.86378], [27.20207, 46.86128], [27.20028, 46.85626], [27.21939, 46.84866], [27.20736, 46.83992], [27.22173, 46.83135], [27.22713, 46.82098], [27.21519, 46.8177], [27.21907, 46.81205], [27.21243, 46.80015], [27.21365, 46.78901], [27.22445, 46.79109], [27.23078, 46.78469], [27.2339, 46.77734], [27.22931, 46.77014], [27.20631, 46.76988], [27.18754, 46.76048], [27.18576, 46.74976], [27.16322, 46.7495], [27.16487, 46.74289], [27.15621, 46.7323], [27.15082, 46.73125], [27.15204, 46.73687], [27.14231, 46.74125], [27.14497, 46.75436], [27.12978, 46.74718], [27.11532, 46.74872], [27.09876, 46.76961], [27.07447, 46.76639], [27.06159, 46.75618], [27.0521, 46.75997], [27.0454, 46.77237], [27.02892, 46.77209], [26.97868, 46.76265], [26.96598, 46.75435], [26.94982, 46.75711], [26.93928, 46.75273], [26.94704, 46.75916], [26.94725, 46.76385], [26.94032, 46.76638], [26.94681, 46.77147], [26.93604, 46.78484], [26.92221, 46.77529], [26.91879, 46.77793], [26.92244, 46.78279], [26.90786, 46.78653], [26.91292, 46.79311], [26.89298, 46.79829], [26.90811, 46.8003], [26.90104, 46.81625], [26.91489, 46.8111], [26.91416, 46.82055], [26.90592, 46.82216], [26.90942, 46.82726], [26.88179, 46.82876], [26.88244, 46.81586], [26.87145, 46.81372], [26.86626, 46.80667], [26.84953, 46.80469], [26.84952, 46.77992], [26.8216, 46.77318], [26.83221, 46.7664], [26.8419, 46.75133], [26.8346, 46.75202], [26.83661, 46.74974], [26.82281, 46.74318], [26.8247, 46.73941], [26.81378, 46.73528], [26.8174, 46.7325], [26.79777, 46.72482], [26.79997, 46.72201], [26.78637, 46.71691], [26.77938, 46.72566], [26.75153, 46.73778], [26.7543, 46.75621], [26.73135, 46.7495], [26.74317, 46.76826], [26.73454, 46.76853], [26.73347, 46.76306], [26.70765, 46.77186], [26.70538, 46.76679], [26.67597, 46.7677], [26.67955, 46.76036], [26.67091, 46.7551], [26.67606, 46.73606], [26.66931, 46.73298], [26.66488, 46.73636], [26.64554, 46.71975], [26.64065, 46.72771], [26.63659, 46.72477], [26.64358, 46.71803], [26.63721, 46.72228], [26.62887, 46.7159], [26.6237, 46.72023], [26.60813, 46.71278], [26.58819, 46.68919], [26.58054, 46.68818], [26.58241, 46.68531], [26.57029, 46.67859], [26.54666, 46.67831], [26.52952, 46.692]]]}}, {"id": 30, "type": "Feature", "properties": {"county": "OT"}, "geometry": {"type": "Polygon", "coordinates": [[[24.18487, 43.6823], [24.11273, 43.69956], [24.12934, 43.77462], [24.13817, 43.77544], [24.15555, 43.81371], [24.17624, 43.80862], [24.17866, 43.81375], [24.19231, 43.81039], [24.19954, 43.82561], [24.19225, 43.82704], [24.20163, 43.84685], [24.19419, 43.84856], [24.199, 43.85835], [24.22709, 43.85226], [24.23175, 43.86171], [24.22497, 43.8634], [24.2343, 43.88329], [24.2267, 43.88519], [24.24827, 43.93026], [24.24003, 43.93177], [24.24186, 43.93674], [24.22331, 43.94125], [24.23243, 43.96138], [24.25157, 43.95721], [24.26032, 43.97422], [24.25733, 43.97501], [24.26251, 43.98732], [24.25912, 43.98814], [24.26389, 43.99871], [24.17355, 44.00629], [24.18448, 44.04899], [24.17461, 44.05023], [24.1796, 44.06846], [24.22262, 44.06927], [24.22731, 44.10968], [24.22082, 44.10997], [24.22368, 44.12043], [24.21536, 44.12192], [24.22937, 44.16996], [24.21881, 44.17101], [24.22067, 44.17951], [24.2164, 44.18019], [24.22957, 44.2147], [24.22145, 44.21676], [24.2269, 44.22992], [24.14162, 44.24868], [24.14915, 44.25256], [24.14759, 44.26346], [24.11195, 44.26681], [24.10898, 44.30076], [24.09129, 44.29918], [24.06963, 44.33276], [24.0509, 44.34], [24.05346, 44.34565], [24.04177, 44.34909], [24.049, 44.35447], [24.04583, 44.35449], [24.04921, 44.3646], [24.02418, 44.37593], [24.03169, 44.37968], [24.02883, 44.38478], [24.0151, 44.37714], [23.98419, 44.37311], [23.97769, 44.3802], [23.95796, 44.38175], [23.96826, 44.41036], [23.90141, 44.42509], [23.89049, 44.41279], [23.88206, 44.42347], [23.8823, 44.43329], [23.89424, 44.44558], [23.89767, 44.45755], [23.88588, 44.46132], [23.89122, 44.46675], [23.90893, 44.46882], [23.88308, 44.48058], [23.90411, 44.499], [23.89066, 44.51068], [23.90187, 44.51634], [23.89679, 44.51269], [23.91215, 44.51477], [23.93943, 44.5343], [23.95661, 44.53098], [23.99023, 44.5383], [24.02894, 44.52884], [24.02774, 44.51747], [24.04088, 44.52312], [24.04383, 44.5139], [24.03653, 44.50527], [24.05146, 44.51026], [24.06262, 44.4956], [24.05607, 44.49475], [24.06995, 44.49561], [24.07804, 44.4903], [24.08316, 44.49189], [24.08117, 44.49915], [24.092, 44.51094], [24.08673, 44.51432], [24.10807, 44.5248], [24.11609, 44.52431], [24.11747, 44.53805], [24.12958, 44.54079], [24.14511, 44.55653], [24.15555, 44.55849], [24.16248, 44.55229], [24.1721, 44.55629], [24.18505, 44.54606], [24.20664, 44.55463], [24.25893, 44.54892], [24.25316, 44.55398], [24.25921, 44.56587], [24.25958, 44.60015], [24.26551, 44.60193], [24.28199, 44.6001], [24.28761, 44.58639], [24.28333, 44.57133], [24.28784, 44.56629], [24.32491, 44.56085], [24.32473, 44.61289], [24.31607, 44.63072], [24.30124, 44.64176], [24.29882, 44.67527], [24.27975, 44.70766], [24.27623, 44.74075], [24.28256, 44.74968], [24.27463, 44.76878], [24.29637, 44.77038], [24.29875, 44.78066], [24.32316, 44.78961], [24.31874, 44.79382], [24.32042, 44.79159], [24.31589, 44.78757], [24.31575, 44.7985], [24.32187, 44.8077], [24.31883, 44.81612], [24.33178, 44.81727], [24.3244, 44.8209], [24.32821, 44.83133], [24.31869, 44.83946], [24.34196, 44.85347], [24.3332, 44.86985], [24.36798, 44.87158], [24.38326, 44.88722], [24.37992, 44.89091], [24.38841, 44.89211], [24.38541, 44.89626], [24.38898, 44.90147], [24.42199, 44.89214], [24.42609, 44.88207], [24.41808, 44.88031], [24.42314, 44.87082], [24.4165, 44.85501], [24.43813, 44.84538], [24.42151, 44.82707], [24.43297, 44.81784], [24.44688, 44.82022], [24.44534, 44.81076], [24.4802, 44.82174], [24.48297, 44.82987], [24.49463, 44.83141], [24.49486, 44.84457], [24.50948, 44.84561], [24.50544, 44.86587], [24.51523, 44.86905], [24.51352, 44.87756], [24.52278, 44.89423], [24.53496, 44.88886], [24.54074, 44.89104], [24.54493, 44.88509], [24.54247, 44.86142], [24.55208, 44.85848], [24.5508, 44.8471], [24.55649, 44.83114], [24.57172, 44.81706], [24.57708, 44.79901], [24.58858, 44.79815], [24.58226, 44.77404], [24.58783, 44.77569], [24.59379, 44.75087], [24.60698, 44.7538], [24.63136, 44.73288], [24.62965, 44.72877], [24.67472, 44.73909], [24.70744, 44.7313], [24.70523, 44.72702], [24.71594, 44.71825], [24.72576, 44.72021], [24.71835, 44.71679], [24.72164, 44.71445], [24.70658, 44.71408], [24.71055, 44.71051], [24.68568, 44.70011], [24.69287, 44.69677], [24.70499, 44.65711], [24.70107, 44.64037], [24.71671, 44.6261], [24.70873, 44.61654], [24.71055, 44.5823], [24.7234, 44.57864], [24.73655, 44.55512], [24.72862, 44.55324], [24.73063, 44.54825], [24.72505, 44.54332], [24.73895, 44.54654], [24.74263, 44.53805], [24.72916, 44.5138], [24.72741, 44.49238], [24.73475, 44.49177], [24.73401, 44.46521], [24.75916, 44.46451], [24.74987, 44.44337], [24.75434, 44.42808], [24.74402, 44.42297], [24.75327, 44.4024], [24.74467, 44.39525], [24.75623, 44.3906], [24.78638, 44.39825], [24.78777, 44.39236], [24.80756, 44.39345], [24.80637, 44.39011], [24.81449, 44.38681], [24.81824, 44.38739], [24.81833, 44.39387], [24.88166, 44.39319], [24.88656, 44.37982], [24.88256, 44.36829], [24.84697, 44.36829], [24.81705, 44.36105], [24.82952, 44.33795], [24.82832, 44.3323], [24.84743, 44.31899], [24.84378, 44.31296], [24.83102, 44.30949], [24.83569, 44.30199], [24.8242, 44.29832], [24.82137, 44.29021], [24.82919, 44.27232], [24.82447, 44.2441], [24.82022, 44.24207], [24.82808, 44.23682], [24.81778, 44.23319], [24.83718, 44.22628], [24.79358, 44.19125], [24.80533, 44.17082], [24.80534, 44.1588], [24.84418, 44.13317], [24.85409, 44.10792], [24.85103, 44.10198], [24.85936, 44.0938], [24.84389, 44.08605], [24.84255, 44.08988], [24.80061, 44.08425], [24.80319, 44.07847], [24.75887, 44.07358], [24.76052, 44.06878], [24.71092, 44.05912], [24.72209, 44.04742], [24.71171, 44.04459], [24.71927, 44.04328], [24.72019, 44.03807], [24.6284, 44.0217], [24.61311, 44.01415], [24.61584, 44.00939], [24.60854, 43.99474], [24.59406, 43.99034], [24.59806, 43.98711], [24.60707, 43.99125], [24.6072, 43.98369], [24.59604, 43.97991], [24.60909, 43.97786], [24.60737, 43.9706], [24.60187, 43.97012], [24.60228, 43.96211], [24.63222, 43.96162], [24.63433, 43.9445], [24.64714, 43.94325], [24.62759, 43.93587], [24.631, 43.92516], [24.63927, 43.92542], [24.65774, 43.89983], [24.67552, 43.89806], [24.67785, 43.88527], [24.66244, 43.88308], [24.66835, 43.86668], [24.69355, 43.87074], [24.69299, 43.85972], [24.70047, 43.86056], [24.70259, 43.85119], [24.72353, 43.83579], [24.71594, 43.82886], [24.69586, 43.83131], [24.68701, 43.82562], [24.68907, 43.82112], [24.72602, 43.82608], [24.72931, 43.8204], [24.74389, 43.82209], [24.75511, 43.8176], [24.75497, 43.81435], [24.73884, 43.8145], [24.73659, 43.8081], [24.74673, 43.79202], [24.69438, 43.78187], [24.69633, 43.77403], [24.68395, 43.77229], [24.68673, 43.75973], [24.67621, 43.75838], [24.67464, 43.75152], [24.65645, 43.7547], [24.65065, 43.74676], [24.66523, 43.74259], [24.65708, 43.72364], [24.61076, 43.7461], [24.51292, 43.76485], [24.44607, 43.74193], [24.40861, 43.7369], [24.38286, 43.71962], [24.38157, 43.71273], [24.34861, 43.69735], [24.31081, 43.70035], [24.18487, 43.6823]]]}}, {"id": 31, "type": "Feature", "properties": {"county": "PH"}, "geometry": {"type": "Polygon", "coordinates": [[[25.86879, 44.83196], [25.84305, 44.81601], [25.84183, 44.80997], [25.78086, 44.82232], [25.77428, 44.83696], [25.77642, 44.84219], [25.80212, 44.85229], [25.79701, 44.85457], [25.80436, 44.86293], [25.80279, 44.86745], [25.81422, 44.87446], [25.8089, 44.8889], [25.82533, 44.89714], [25.82014, 44.90316], [25.82081, 44.91351], [25.81338, 44.91468], [25.81118, 44.92261], [25.80223, 44.92107], [25.7914, 44.94469], [25.77263, 44.94039], [25.76942, 44.94701], [25.70958, 44.94142], [25.68796, 44.94737], [25.67785, 44.96562], [25.68358, 44.97879], [25.67551, 45.00956], [25.68757, 45.02042], [25.68394, 45.02396], [25.6869, 45.02913], [25.70409, 45.03417], [25.6992, 45.03956], [25.7017, 45.04496], [25.68687, 45.05914], [25.67517, 45.0808], [25.65483, 45.09096], [25.63968, 45.09201], [25.6341, 45.1047], [25.62337, 45.10662], [25.61916, 45.11875], [25.60501, 45.12437], [25.59348, 45.1435], [25.59778, 45.14912], [25.56382, 45.17267], [25.55789, 45.19228], [25.5318, 45.19025], [25.53046, 45.19448], [25.54001, 45.20331], [25.53416, 45.21604], [25.51094, 45.22201], [25.52821, 45.23709], [25.52527, 45.24381], [25.53008, 45.24403], [25.53357, 45.25387], [25.55485, 45.27056], [25.5496, 45.28033], [25.53286, 45.2929], [25.53358, 45.30179], [25.50361, 45.31802], [25.48746, 45.31459], [25.47413, 45.32774], [25.47806, 45.33676], [25.46769, 45.3471], [25.47378, 45.35722], [25.47105, 45.37472], [25.48089, 45.38278], [25.48443, 45.39504], [25.46968, 45.41194], [25.47187, 45.42658], [25.454, 45.43572], [25.45468, 45.44802], [25.46068, 45.45351], [25.47643, 45.45297], [25.49808, 45.46743], [25.51156, 45.4704], [25.53252, 45.45897], [25.57235, 45.46768], [25.58905, 45.46108], [25.59929, 45.46247], [25.60705, 45.47604], [25.62947, 45.48993], [25.62998, 45.49607], [25.64273, 45.49541], [25.64276, 45.49211], [25.68101, 45.50063], [25.69949, 45.4909], [25.70187, 45.48112], [25.72629, 45.4654], [25.76593, 45.46557], [25.7721, 45.47434], [25.78646, 45.48182], [25.79718, 45.47133], [25.80953, 45.4679], [25.81985, 45.45561], [25.8284, 45.43875], [25.8224, 45.43163], [25.84305, 45.42954], [25.86027, 45.42192], [25.86761, 45.42308], [25.86916, 45.43587], [25.88967, 45.44673], [25.89231, 45.45939], [25.88745, 45.46681], [25.89731, 45.47816], [25.89099, 45.48791], [25.8997, 45.49886], [25.90772, 45.50101], [25.92103, 45.52196], [25.93783, 45.51254], [25.9674, 45.50777], [25.99537, 45.51438], [26.0088, 45.50421], [26.0134, 45.49017], [26.04112, 45.47839], [26.0655, 45.4853], [26.06641, 45.50214], [26.07274, 45.50579], [26.08691, 45.49519], [26.09223, 45.48396], [26.10727, 45.47673], [26.12284, 45.47566], [26.14899, 45.45716], [26.1495, 45.42944], [26.1434, 45.41066], [26.16319, 45.40251], [26.16812, 45.39547], [26.15817, 45.3905], [26.15346, 45.3771], [26.16157, 45.36768], [26.16018, 45.363], [26.18875, 45.35591], [26.19037, 45.34726], [26.2099, 45.3278], [26.22379, 45.32572], [26.23357, 45.31474], [26.2302, 45.30607], [26.22106, 45.30522], [26.18527, 45.2787], [26.20361, 45.27375], [26.21737, 45.27772], [26.22339, 45.27372], [26.23149, 45.25636], [26.22614, 45.24437], [26.24206, 45.23742], [26.23357, 45.23405], [26.24619, 45.2232], [26.24959, 45.19928], [26.25645, 45.20126], [26.25666, 45.20873], [26.30286, 45.20207], [26.31073, 45.21081], [26.31451, 45.20873], [26.32611, 45.21694], [26.35685, 45.21425], [26.34573, 45.1962], [26.34912, 45.19229], [26.34592, 45.18688], [26.3513, 45.18649], [26.35353, 45.18073], [26.35245, 45.16491], [26.37567, 45.1583], [26.39669, 45.1784], [26.42149, 45.17518], [26.46037, 45.1981], [26.46061, 45.16615], [26.46949, 45.13829], [26.45634, 45.13614], [26.45647, 45.12892], [26.44948, 45.12611], [26.45627, 45.09193], [26.45212, 45.0877], [26.45624, 45.08163], [26.45138, 45.08331], [26.44327, 45.07561], [26.46301, 45.07002], [26.46876, 45.06336], [26.47794, 45.04745], [26.47701, 45.03408], [26.492, 45.00536], [26.49624, 45.00672], [26.50193, 44.99951], [26.5136, 45.00397], [26.51003, 45.01287], [26.52957, 45.01488], [26.53459, 45.00302], [26.54715, 44.99719], [26.55493, 44.99942], [26.56093, 44.99417], [26.57724, 44.97154], [26.57934, 44.96105], [26.59279, 44.96403], [26.59994, 44.95585], [26.53055, 44.93754], [26.53627, 44.9101], [26.55376, 44.91523], [26.58499, 44.88233], [26.59308, 44.8861], [26.60837, 44.87216], [26.6009, 44.86782], [26.60998, 44.85909], [26.52534, 44.82692], [26.53322, 44.82048], [26.50744, 44.79661], [26.49353, 44.79084], [26.45316, 44.81091], [26.39395, 44.76627], [26.37446, 44.76105], [26.36718, 44.76576], [26.37071, 44.77086], [26.35617, 44.76903], [26.36182, 44.78115], [26.34418, 44.77765], [26.3485, 44.78397], [26.34259, 44.78261], [26.33942, 44.79301], [26.33477, 44.79185], [26.33433, 44.78458], [26.32276, 44.78429], [26.32855, 44.79025], [26.32203, 44.79091], [26.31464, 44.77707], [26.30682, 44.77496], [26.30131, 44.76672], [26.27384, 44.7689], [26.27196, 44.75602], [26.25803, 44.75705], [26.25629, 44.7423], [26.24834, 44.73802], [26.21935, 44.74956], [26.19396, 44.75129], [26.18389, 44.75784], [26.17393, 44.74904], [26.15297, 44.75864], [26.14392, 44.75576], [26.13982, 44.75935], [26.13795, 44.75513], [26.14233, 44.75285], [26.12549, 44.75104], [26.11277, 44.75439], [26.10193, 44.76693], [26.0888, 44.76023], [26.09893, 44.73987], [26.0856, 44.74144], [26.07022, 44.75133], [26.06143, 44.74898], [26.06225, 44.7409], [26.05095, 44.73901], [26.0501, 44.73398], [26.04929, 44.74226], [26.04355, 44.74424], [26.0345, 44.7408], [26.01119, 44.74357], [26.00047, 44.73513], [25.9877, 44.74652], [25.97465, 44.73654], [25.96606, 44.73796], [25.96964, 44.7478], [25.96233, 44.74919], [25.96389, 44.73988], [25.95988, 44.73881], [25.97301, 44.72784], [25.9689, 44.72043], [25.97077, 44.71041], [25.95399, 44.70735], [25.95465, 44.71426], [25.96785, 44.7203], [25.96311, 44.72501], [25.95429, 44.72215], [25.93317, 44.69484], [25.92814, 44.69825], [25.92641, 44.70896], [25.91424, 44.717], [25.90841, 44.73342], [25.91648, 44.73747], [25.92272, 44.73523], [25.92391, 44.74436], [25.93668, 44.74842], [25.94077, 44.75666], [25.93344, 44.76309], [25.92481, 44.76268], [25.92974, 44.76821], [25.92252, 44.77056], [25.92674, 44.77164], [25.91569, 44.77216], [25.91912, 44.7798], [25.90591, 44.79104], [25.90532, 44.79572], [25.90913, 44.79601], [25.88609, 44.80682], [25.88286, 44.81346], [25.88627, 44.81802], [25.87702, 44.82016], [25.87473, 44.83118], [25.86879, 44.83196]]]}}, {"id": 32, "type": "Feature", "properties": {"county": "SB"}, "geometry": {"type": "Polygon", "coordinates": [[[23.98098, 45.53271], [23.96332, 45.5304], [23.92228, 45.53598], [23.87357, 45.52282], [23.85785, 45.53502], [23.81994, 45.52935], [23.80423, 45.53196], [23.79087, 45.52808], [23.77117, 45.5107], [23.74145, 45.5012], [23.72136, 45.5024], [23.66507, 45.49337], [23.65395, 45.50519], [23.65225, 45.51996], [23.64525, 45.52367], [23.64777, 45.52708], [23.63875, 45.53436], [23.6361, 45.54397], [23.61063, 45.56364], [23.61579, 45.56666], [23.61798, 45.58093], [23.62937, 45.58852], [23.64368, 45.58835], [23.65274, 45.60131], [23.63663, 45.6118], [23.63232, 45.62157], [23.63341, 45.62866], [23.64453, 45.62993], [23.64496, 45.63992], [23.62535, 45.65891], [23.59269, 45.67368], [23.5968, 45.6829], [23.61087, 45.68749], [23.5887, 45.70125], [23.59345, 45.70577], [23.5965, 45.70345], [23.59574, 45.70828], [23.60382, 45.71409], [23.60118, 45.72294], [23.60979, 45.72302], [23.61978, 45.73571], [23.61542, 45.73921], [23.62223, 45.75042], [23.63189, 45.75233], [23.64504, 45.74571], [23.65936, 45.76119], [23.67448, 45.74946], [23.65902, 45.76331], [23.6492, 45.7657], [23.63874, 45.77808], [23.62198, 45.78331], [23.62449, 45.79438], [23.61468, 45.79607], [23.61652, 45.80184], [23.62495, 45.80832], [23.64385, 45.8044], [23.67917, 45.80764], [23.68753, 45.80264], [23.68765, 45.80767], [23.69572, 45.80895], [23.69425, 45.82506], [23.69929, 45.82865], [23.71896, 45.82388], [23.71663, 45.83028], [23.72126, 45.83316], [23.73452, 45.83073], [23.73274, 45.8382], [23.72708, 45.84006], [23.72692, 45.84814], [23.73271, 45.84283], [23.74765, 45.86179], [23.77337, 45.88071], [23.7665, 45.88848], [23.74984, 45.88519], [23.74436, 45.89257], [23.73043, 45.8972], [23.72715, 45.90257], [23.73518, 45.90603], [23.73001, 45.90976], [23.73543, 45.91162], [23.73313, 45.91431], [23.74984, 45.92223], [23.75889, 45.9201], [23.7894, 45.92834], [23.79701, 45.92229], [23.80495, 45.92378], [23.80404, 45.92872], [23.81636, 45.92323], [23.82494, 45.93096], [23.82716, 45.9404], [23.83545, 45.94303], [23.83728, 45.95137], [23.85004, 45.95904], [23.86159, 45.94969], [23.87007, 45.9487], [23.87451, 45.95844], [23.86357, 45.96301], [23.86089, 45.98049], [23.85237, 45.98553], [23.85688, 46.00092], [23.85125, 46.00193], [23.85181, 46.00853], [23.84567, 46.00783], [23.89134, 46.04471], [23.91295, 46.04108], [23.92796, 46.0488], [23.93687, 46.03781], [23.95698, 46.0363], [23.96434, 46.04055], [23.96323, 46.03422], [23.96781, 46.03395], [23.9796, 46.03823], [23.98451, 46.03469], [23.97677, 46.02941], [23.99079, 46.01833], [23.98766, 46.01801], [23.98978, 46.00917], [24.00006, 45.99809], [24.00651, 46.00069], [24.00737, 46.01659], [24.02692, 46.02852], [24.01849, 46.03889], [24.03239, 46.04076], [24.02694, 46.06284], [24.04413, 46.08026], [24.04255, 46.09652], [24.05825, 46.0845], [24.07604, 46.09422], [24.06775, 46.09472], [24.08252, 46.10188], [24.09028, 46.11655], [24.11893, 46.13478], [24.15156, 46.13487], [24.19128, 46.15289], [24.21332, 46.15421], [24.21682, 46.164], [24.20954, 46.17422], [24.18761, 46.18326], [24.19877, 46.21226], [24.19041, 46.22395], [24.20981, 46.23336], [24.22877, 46.23133], [24.25165, 46.2404], [24.22938, 46.25], [24.23132, 46.25965], [24.24912, 46.25017], [24.26429, 46.25344], [24.26512, 46.26657], [24.27332, 46.26762], [24.27288, 46.27639], [24.28759, 46.28409], [24.29907, 46.25512], [24.31223, 46.25217], [24.32964, 46.25468], [24.33772, 46.24992], [24.3532, 46.25423], [24.3789, 46.24365], [24.38866, 46.25344], [24.40024, 46.2521], [24.41999, 46.26532], [24.4352, 46.25816], [24.44923, 46.26122], [24.45958, 46.25583], [24.464, 46.25565], [24.46661, 46.26204], [24.48867, 46.25888], [24.49729, 46.25279], [24.49386, 46.24311], [24.49756, 46.24252], [24.51555, 46.25391], [24.53539, 46.25056], [24.53983, 46.26076], [24.56272, 46.25769], [24.56968, 46.27465], [24.57723, 46.26806], [24.59367, 46.27125], [24.60457, 46.2516], [24.62368, 46.25137], [24.62212, 46.25887], [24.63235, 46.26237], [24.6326, 46.27054], [24.64624, 46.27927], [24.66602, 46.28105], [24.67256, 46.26182], [24.6699, 46.25607], [24.67644, 46.24972], [24.66942, 46.22825], [24.65626, 46.23749], [24.65056, 46.23198], [24.67363, 46.21886], [24.68401, 46.1965], [24.68257, 46.18327], [24.67396, 46.1684], [24.68021, 46.15859], [24.67988, 46.14826], [24.6686, 46.13764], [24.67724, 46.12853], [24.67249, 46.12157], [24.67649, 46.11283], [24.67266, 46.10355], [24.69158, 46.09435], [24.69556, 46.08306], [24.71631, 46.07635], [24.72165, 46.08361], [24.73775, 46.08933], [24.76964, 46.08682], [24.7765, 46.09348], [24.77538, 46.10185], [24.80492, 46.09251], [24.85405, 46.10977], [24.88555, 46.1098], [24.90039, 46.10615], [24.89864, 46.09552], [24.90631, 46.08606], [24.91868, 46.0793], [24.94656, 46.07912], [24.95146, 46.06991], [24.96503, 46.06391], [24.92936, 46.0446], [24.9077, 46.03806], [24.88942, 46.03967], [24.88496, 46.03269], [24.87547, 46.02985], [24.8655, 46.00966], [24.83413, 46.00626], [24.82125, 46.0101], [24.82523, 45.99601], [24.83887, 45.9865], [24.83551, 45.97781], [24.7918, 45.973], [24.76868, 45.9756], [24.77183, 45.9626], [24.74905, 45.93508], [24.72092, 45.94588], [24.70292, 45.94015], [24.69979, 45.93188], [24.70729, 45.92782], [24.71586, 45.89477], [24.75523, 45.87098], [24.77205, 45.86751], [24.77615, 45.86127], [24.76982, 45.85699], [24.77489, 45.84461], [24.77347, 45.83965], [24.75354, 45.84238], [24.7343, 45.83614], [24.71825, 45.84094], [24.72513, 45.82658], [24.71413, 45.81623], [24.68811, 45.83645], [24.68306, 45.83211], [24.68426, 45.82453], [24.66101, 45.81758], [24.65518, 45.81189], [24.65764, 45.80822], [24.64323, 45.80302], [24.64424, 45.79728], [24.63924, 45.79512], [24.64431, 45.79114], [24.6429, 45.76549], [24.65957, 45.74838], [24.68161, 45.70952], [24.67843, 45.68615], [24.67465, 45.68391], [24.68067, 45.68045], [24.68298, 45.67068], [24.67729, 45.66318], [24.67836, 45.64659], [24.66934, 45.64009], [24.67488, 45.61614], [24.68494, 45.60412], [24.67607, 45.59664], [24.66225, 45.59531], [24.65556, 45.60349], [24.6262, 45.60392], [24.62253, 45.59952], [24.59658, 45.59619], [24.5659, 45.57914], [24.55368, 45.58774], [24.52673, 45.58017], [24.51237, 45.58691], [24.4816, 45.57251], [24.47767, 45.5816], [24.46136, 45.5809], [24.44648, 45.59086], [24.4324, 45.58119], [24.38641, 45.58389], [24.33705, 45.57249], [24.3324, 45.57603], [24.33436, 45.58185], [24.3112, 45.56777], [24.28532, 45.56175], [24.27664, 45.55517], [24.26604, 45.55575], [24.26682, 45.54938], [24.25732, 45.5431], [24.2267, 45.54724], [24.22539, 45.54046], [24.20505, 45.52358], [24.18354, 45.52181], [24.17222, 45.51441], [24.15895, 45.51365], [24.15648, 45.51738], [24.14662, 45.51221], [24.12819, 45.51432], [24.11884, 45.50876], [24.11385, 45.51247], [24.07963, 45.51245], [24.03635, 45.5228], [24.02169, 45.53095], [24.01131, 45.53194], [24.00097, 45.52664], [23.98098, 45.53271]]]}}, {"id": 33, "type": "Feature", "properties": {"county": "SJ"}, "geometry": {"type": "Polygon", "coordinates": [[[22.89753, 46.97056], [22.87127, 46.97953], [22.87892, 46.98891], [22.86618, 46.98065], [22.85876, 46.98775], [22.84645, 46.9915], [22.84246, 46.98861], [22.83493, 46.9952], [22.82115, 46.9829], [22.79494, 46.97715], [22.78524, 46.98147], [22.78576, 46.98795], [22.75323, 47.00271], [22.7091, 47.01096], [22.70048, 47.01878], [22.69762, 47.03094], [22.69041, 47.03427], [22.68678, 47.05135], [22.6673, 47.05002], [22.64792, 47.05731], [22.63114, 47.05539], [22.5923, 47.06321], [22.5916, 47.06812], [22.56881, 47.08234], [22.54502, 47.08804], [22.53722, 47.09969], [22.51469, 47.10841], [22.56668, 47.12176], [22.56672, 47.1263], [22.55448, 47.12615], [22.55326, 47.13446], [22.54405, 47.13531], [22.54393, 47.14003], [22.5543, 47.1432], [22.54861, 47.14962], [22.54075, 47.14668], [22.53376, 47.14985], [22.53957, 47.16153], [22.53144, 47.16913], [22.52237, 47.16444], [22.5082, 47.16563], [22.5067, 47.1733], [22.49331, 47.18616], [22.51162, 47.19618], [22.506, 47.20896], [22.50803, 47.21475], [22.51577, 47.20698], [22.52199, 47.20818], [22.51101, 47.21957], [22.51719, 47.22604], [22.5168, 47.2327], [22.53987, 47.23386], [22.55206, 47.24826], [22.56122, 47.25181], [22.55735, 47.25406], [22.55825, 47.26118], [22.55139, 47.26064], [22.5606, 47.26466], [22.55254, 47.27241], [22.54679, 47.2693], [22.54707, 47.28088], [22.55345, 47.28152], [22.54966, 47.29158], [22.55306, 47.29278], [22.54766, 47.29824], [22.5609, 47.30712], [22.58056, 47.30119], [22.57602, 47.30819], [22.58916, 47.32292], [22.58722, 47.32722], [22.60794, 47.328], [22.61268, 47.33476], [22.62751, 47.33512], [22.6299, 47.34179], [22.63498, 47.33551], [22.62974, 47.34977], [22.64231, 47.3609], [22.64544, 47.37423], [22.66997, 47.38029], [22.67374, 47.37662], [22.72281, 47.39271], [22.73646, 47.40118], [22.73343, 47.40497], [22.74896, 47.40532], [22.76822, 47.41863], [22.80186, 47.41156], [22.81085, 47.39995], [22.83299, 47.41811], [22.84776, 47.42216], [22.85937, 47.41758], [22.86118, 47.41231], [22.86536, 47.41796], [22.91615, 47.41358], [22.91564, 47.40988], [22.92026, 47.40964], [22.91849, 47.4017], [22.92482, 47.40156], [22.92062, 47.39463], [22.93306, 47.39266], [22.93605, 47.37492], [22.95962, 47.35864], [22.9767, 47.35206], [22.98976, 47.36146], [22.99737, 47.36147], [23.00297, 47.369], [23.01779, 47.36375], [23.02036, 47.35692], [23.03758, 47.35943], [23.04643, 47.35722], [23.05159, 47.35019], [23.05979, 47.35176], [23.06256, 47.36027], [23.07384, 47.36026], [23.07899, 47.36606], [23.08714, 47.36342], [23.10406, 47.37349], [23.08979, 47.38424], [23.09587, 47.39059], [23.11912, 47.39565], [23.1201, 47.40872], [23.11241, 47.41086], [23.11828, 47.41698], [23.11595, 47.43148], [23.10591, 47.44275], [23.13875, 47.44429], [23.15903, 47.43808], [23.1615, 47.44444], [23.18358, 47.45906], [23.18734, 47.45225], [23.20566, 47.44788], [23.20547, 47.44198], [23.22042, 47.43319], [23.2251, 47.43987], [23.23666, 47.4349], [23.24534, 47.43924], [23.26938, 47.42516], [23.31155, 47.42389], [23.32238, 47.41492], [23.33624, 47.41191], [23.35726, 47.41585], [23.36211, 47.40013], [23.37745, 47.38811], [23.39709, 47.39185], [23.46772, 47.37527], [23.48164, 47.37772], [23.49277, 47.36602], [23.50325, 47.3629], [23.51323, 47.36216], [23.51523, 47.36855], [23.53871, 47.36961], [23.57904, 47.36223], [23.5851, 47.37245], [23.60829, 47.37487], [23.6142, 47.3813], [23.61036, 47.38612], [23.61683, 47.39185], [23.63147, 47.39604], [23.64536, 47.39297], [23.66109, 47.37949], [23.6679, 47.37984], [23.66413, 47.37544], [23.66674, 47.36648], [23.68052, 47.35513], [23.71235, 47.35222], [23.69975, 47.34739], [23.70676, 47.34537], [23.70114, 47.34116], [23.72768, 47.32098], [23.76027, 47.32593], [23.75987, 47.33529], [23.76454, 47.3372], [23.79083, 47.33663], [23.8244, 47.34481], [23.82993, 47.33837], [23.84139, 47.34002], [23.84163, 47.32744], [23.82808, 47.32], [23.82559, 47.30867], [23.81377, 47.3071], [23.81595, 47.29877], [23.81402, 47.29952], [23.80775, 47.29715], [23.80691, 47.29598], [23.81348, 47.29123], [23.79886, 47.28146], [23.81286, 47.26785], [23.81424, 47.25738], [23.80968, 47.25741], [23.81454, 47.25129], [23.79578, 47.25891], [23.79634, 47.26338], [23.76945, 47.27275], [23.76207, 47.28355], [23.75652, 47.27128], [23.75876, 47.26402], [23.75303, 47.26095], [23.75271, 47.24198], [23.72619, 47.24599], [23.72062, 47.25486], [23.7116, 47.24354], [23.69737, 47.24425], [23.67882, 47.23396], [23.6672, 47.2393], [23.66482, 47.23344], [23.6619, 47.23688], [23.65293, 47.23468], [23.65361, 47.22898], [23.6437, 47.22202], [23.64541, 47.21382], [23.64018, 47.21323], [23.63595, 47.20173], [23.62672, 47.19419], [23.634, 47.18964], [23.63387, 47.18263], [23.61583, 47.16986], [23.59706, 47.16456], [23.58247, 47.17755], [23.56146, 47.17893], [23.55373, 47.17719], [23.54359, 47.16572], [23.5445, 47.15861], [23.53411, 47.16106], [23.52139, 47.15549], [23.49791, 47.15494], [23.50016, 47.14104], [23.49141, 47.12952], [23.50005, 47.12805], [23.50411, 47.1173], [23.49579, 47.1133], [23.48747, 47.11946], [23.48396, 47.11055], [23.48961, 47.1098], [23.48008, 47.1083], [23.48877, 47.09675], [23.48506, 47.09083], [23.46625, 47.09015], [23.45249, 47.09587], [23.44852, 47.08804], [23.43399, 47.09304], [23.42754, 47.08961], [23.44773, 47.07563], [23.45044, 47.061], [23.47378, 47.05489], [23.47179, 47.04957], [23.47683, 47.04637], [23.47175, 47.0437], [23.48792, 47.03529], [23.48625, 47.03], [23.47088, 47.02642], [23.46747, 47.02149], [23.47407, 47.01351], [23.45794, 47.00562], [23.46345, 47.00419], [23.45874, 46.99817], [23.44566, 46.99785], [23.4412, 46.99154], [23.43275, 46.99424], [23.43159, 46.99408], [23.42771, 46.98835], [23.39841, 46.99352], [23.41174, 46.98182], [23.39955, 46.97643], [23.38497, 46.97732], [23.38804, 46.96691], [23.37244, 46.96244], [23.38867, 46.9505], [23.37027, 46.93989], [23.37187, 46.93725], [23.36375, 46.93985], [23.36008, 46.92716], [23.34456, 46.92486], [23.34523, 46.92062], [23.35503, 46.91996], [23.33909, 46.90863], [23.32375, 46.91417], [23.30922, 46.91109], [23.30458, 46.90313], [23.28208, 46.89794], [23.27633, 46.9017], [23.27803, 46.91071], [23.25891, 46.91417], [23.25448, 46.92645], [23.25873, 46.93502], [23.23755, 46.94732], [23.24257, 46.95621], [23.22831, 46.96368], [23.2341, 46.95687], [23.22878, 46.95236], [23.21723, 46.95302], [23.22123, 46.94947], [23.21616, 46.93966], [23.22958, 46.93476], [23.20255, 46.9226], [23.20655, 46.9216], [23.21099, 46.90228], [23.2226, 46.89263], [23.20032, 46.88213], [23.19867, 46.86947], [23.17617, 46.87946], [23.16279, 46.87927], [23.17555, 46.87529], [23.16037, 46.87621], [23.14937, 46.86974], [23.15118, 46.86602], [23.10476, 46.85337], [23.10425, 46.86045], [23.09043, 46.85972], [23.08338, 46.86724], [23.08333, 46.8779], [23.09229, 46.89027], [23.0649, 46.90061], [23.0653, 46.90457], [23.057, 46.89453], [23.04053, 46.88832], [23.04515, 46.88421], [23.04195, 46.88158], [23.03593, 46.88184], [23.03758, 46.88788], [23.03217, 46.88969], [23.04141, 46.89717], [23.03502, 46.89616], [23.03353, 46.90148], [23.0269, 46.8927], [23.02294, 46.8958], [23.01167, 46.88783], [23.00909, 46.89275], [23.01387, 46.90077], [23.0052, 46.90297], [23.00691, 46.90756], [22.98471, 46.9031], [22.9713, 46.91263], [22.93164, 46.91843], [22.93223, 46.92228], [22.92082, 46.92595], [22.916, 46.93467], [22.90773, 46.937], [22.90403, 46.93331], [22.89661, 46.94427], [22.89753, 46.97056]]]}}, {"id": 34, "type": "Feature", "properties": {"county": "SM"}, "geometry": {"type": "Polygon", "coordinates": [[[22.66769, 47.37969], [22.64509, 47.37388], [22.64231, 47.3609], [22.62974, 47.34977], [22.63498, 47.33551], [22.63121, 47.34194], [22.62705, 47.3349], [22.61447, 47.33407], [22.60907, 47.34287], [22.58479, 47.35804], [22.57005, 47.35713], [22.5772, 47.36635], [22.55967, 47.38018], [22.56841, 47.3834], [22.566, 47.39186], [22.55098, 47.40104], [22.53068, 47.39921], [22.53323, 47.40728], [22.52938, 47.41861], [22.51179, 47.42331], [22.50864, 47.4177], [22.50189, 47.41747], [22.5033, 47.42351], [22.49111, 47.42537], [22.47386, 47.42121], [22.45933, 47.43193], [22.43281, 47.42202], [22.42134, 47.43208], [22.40897, 47.43041], [22.40732, 47.43394], [22.38158, 47.42715], [22.35914, 47.42887], [22.34104, 47.45564], [22.34459, 47.45637], [22.34096, 47.49081], [22.32637, 47.49934], [22.28829, 47.50652], [22.29218, 47.50935], [22.28611, 47.51575], [22.29562, 47.51964], [22.28972, 47.54047], [22.28538, 47.53493], [22.25569, 47.53981], [22.26164, 47.55491], [22.25697, 47.56082], [22.26104, 47.56432], [22.23615, 47.56525], [22.22428, 47.58647], [22.21355, 47.58586], [22.20731, 47.59643], [22.2003, 47.59914], [22.18082, 47.6001], [22.18988, 47.61186], [22.20332, 47.65488], [22.21158, 47.65392], [22.22214, 47.66214], [22.22276, 47.6826], [22.23098, 47.69331], [22.25897, 47.69837], [22.26454, 47.73116], [22.28536, 47.72936], [22.31745, 47.74327], [22.32087, 47.75496], [22.31724, 47.76593], [22.33037, 47.76512], [22.35702, 47.74898], [22.41038, 47.74669], [22.4115, 47.74239], [22.43012, 47.74097], [22.42703, 47.75453], [22.44795, 47.80312], [22.48152, 47.81095], [22.53992, 47.78201], [22.54953, 47.77267], [22.61155, 47.772], [22.6155, 47.77727], [22.64666, 47.77906], [22.68023, 47.78775], [22.70142, 47.815], [22.69967, 47.81836], [22.70936, 47.82392], [22.71142, 47.83488], [22.72238, 47.83836], [22.75597, 47.8348], [22.76612, 47.84193], [22.77694, 47.84269], [22.77301, 47.8631], [22.76207, 47.86705], [22.76847, 47.8786], [22.75824, 47.88602], [22.75821, 47.89346], [22.79301, 47.89097], [22.82561, 47.90769], [22.84699, 47.90809], [22.885, 47.94471], [22.88669, 47.95148], [22.90774, 47.96009], [22.91928, 47.95688], [22.94787, 47.96707], [22.93586, 47.99866], [22.92012, 48.00687], [22.92698, 48.01917], [22.94426, 48.01657], [22.96125, 48.00746], [22.96293, 48.0116], [22.97776, 48.00991], [22.97683, 48.00681], [22.99245, 48.00456], [22.99672, 47.99597], [23.01362, 47.99047], [23.02428, 47.99173], [23.0305, 48.00043], [23.06563, 48.00779], [23.09103, 48.00537], [23.09789, 48.0158], [23.08985, 48.01948], [23.10917, 48.03533], [23.09809, 48.0442], [23.11238, 48.05445], [23.10926, 48.05806], [23.11237, 48.06182], [23.10644, 48.0659], [23.12331, 48.07742], [23.12358, 48.08179], [23.11397, 48.08623], [23.13027, 48.09567], [23.13905, 48.09472], [23.14636, 48.09977], [23.15098, 48.11262], [23.16557, 48.11529], [23.16659, 48.12002], [23.18117, 48.11728], [23.18165, 48.11195], [23.18854, 48.10871], [23.18525, 48.10351], [23.18917, 48.09774], [23.2464, 48.09192], [23.25183, 48.10078], [23.26782, 48.10013], [23.2695, 48.08515], [23.29218, 48.07312], [23.2768, 48.05764], [23.29391, 48.04439], [23.31443, 48.04468], [23.32507, 48.03609], [23.3375, 48.03639], [23.32849, 48.0261], [23.33189, 48.02057], [23.35056, 48.02026], [23.37336, 48.00985], [23.37584, 48.00358], [23.39936, 48.00122], [23.40496, 47.99184], [23.41741, 47.98665], [23.43357, 47.99051], [23.43653, 47.98304], [23.44972, 47.97622], [23.48627, 47.97154], [23.50992, 47.95513], [23.53106, 47.95148], [23.55175, 47.93828], [23.56419, 47.94371], [23.57219, 47.92654], [23.58102, 47.92299], [23.58801, 47.9006], [23.61172, 47.89859], [23.61321, 47.88981], [23.6276, 47.88644], [23.63862, 47.87032], [23.63877, 47.86235], [23.62784, 47.85329], [23.60902, 47.84514], [23.60815, 47.85119], [23.59562, 47.84997], [23.58316, 47.83629], [23.57432, 47.83646], [23.57461, 47.82366], [23.56116, 47.81521], [23.56044, 47.80411], [23.5377, 47.80245], [23.53244, 47.79533], [23.51848, 47.79599], [23.50921, 47.78842], [23.47696, 47.7815], [23.4641, 47.76688], [23.45115, 47.76179], [23.43085, 47.77032], [23.41829, 47.76685], [23.40783, 47.77593], [23.39253, 47.77589], [23.39031, 47.77973], [23.35393, 47.77409], [23.34747, 47.77775], [23.31154, 47.77478], [23.3086, 47.78613], [23.28138, 47.7973], [23.26178, 47.79732], [23.26016, 47.78934], [23.24885, 47.78723], [23.22483, 47.76641], [23.23545, 47.76562], [23.22975, 47.76392], [23.23596, 47.75489], [23.2301, 47.73917], [23.24112, 47.73185], [23.24314, 47.72314], [23.25502, 47.72727], [23.27505, 47.7219], [23.29099, 47.72774], [23.29603, 47.72421], [23.29458, 47.71861], [23.30505, 47.71229], [23.32727, 47.70848], [23.34061, 47.71501], [23.34287, 47.70691], [23.36275, 47.69985], [23.36407, 47.68609], [23.37954, 47.69], [23.38781, 47.68477], [23.36334, 47.66541], [23.3582, 47.67405], [23.35316, 47.6721], [23.356, 47.66766], [23.3518, 47.66213], [23.33435, 47.65249], [23.33997, 47.64378], [23.3141, 47.63783], [23.30387, 47.62725], [23.28753, 47.63016], [23.28495, 47.6148], [23.27937, 47.61136], [23.28874, 47.60061], [23.28642, 47.58096], [23.2814, 47.57688], [23.25941, 47.57993], [23.25748, 47.55037], [23.2339, 47.55034], [23.21258, 47.56345], [23.21121, 47.57093], [23.18694, 47.58108], [23.19051, 47.58677], [23.16695, 47.59359], [23.14042, 47.6241], [23.12197, 47.61449], [23.08744, 47.5815], [23.06543, 47.57141], [23.05295, 47.55517], [23.05186, 47.52868], [23.04207, 47.50786], [23.04644, 47.48783], [23.03087, 47.48574], [23.0162, 47.48794], [23.01179, 47.49292], [22.99412, 47.49354], [22.98698, 47.48344], [22.96325, 47.48646], [22.96148, 47.47848], [22.97098, 47.47645], [22.9745, 47.4704], [22.97168, 47.46714], [22.98405, 47.46928], [22.98341, 47.46063], [22.96534, 47.45567], [22.96422, 47.43937], [22.99786, 47.4307], [23.01689, 47.43296], [23.03236, 47.41446], [23.04484, 47.41264], [23.03567, 47.41731], [23.04372, 47.43276], [23.06099, 47.44127], [23.07916, 47.44491], [23.09599, 47.43793], [23.10611, 47.44237], [23.11106, 47.43973], [23.11828, 47.41698], [23.11241, 47.41086], [23.1201, 47.40872], [23.11912, 47.39565], [23.10831, 47.39601], [23.08988, 47.38464], [23.10407, 47.37351], [23.08714, 47.36342], [23.07647, 47.36564], [23.07454, 47.36052], [23.06256, 47.36027], [23.05984, 47.35179], [23.0516, 47.35018], [23.03862, 47.35925], [23.02036, 47.35692], [23.01779, 47.36375], [23.00294, 47.369], [22.99737, 47.36147], [22.98976, 47.36146], [22.97664, 47.35205], [22.93605, 47.37492], [22.93306, 47.39266], [22.92062, 47.39463], [22.92482, 47.40156], [22.91849, 47.4017], [22.92026, 47.40964], [22.91564, 47.40988], [22.91615, 47.41358], [22.86536, 47.41796], [22.86118, 47.41231], [22.85937, 47.41758], [22.84776, 47.42216], [22.83299, 47.41811], [22.81085, 47.39995], [22.80186, 47.41156], [22.76822, 47.41863], [22.74896, 47.40532], [22.73343, 47.40497], [22.73646, 47.40118], [22.72281, 47.39271], [22.67374, 47.37662], [22.66769, 47.37969]]]}}, {"id": 35, "type": "Feature", "properties": {"county": "SV"}, "geometry": {"type": "Polygon", "coordinates": [[[25.7649, 47.31747], [25.78315, 47.30102], [25.78925, 47.28664], [25.80466, 47.2802], [25.80904, 47.27112], [25.80616, 47.26836], [25.81296, 47.26021], [25.78817, 47.23861], [25.75339, 47.22935], [25.75012, 47.22489], [25.7431, 47.2263], [25.73489, 47.21636], [25.72897, 47.21709], [25.72951, 47.20374], [25.71601, 47.19707], [25.72112, 47.17496], [25.70019, 47.17053], [25.69052, 47.1548], [25.69776, 47.14342], [25.674, 47.12897], [25.67399, 47.12159], [25.66398, 47.1194], [25.6616, 47.09166], [25.65215, 47.08723], [25.62381, 47.09503], [25.6016, 47.07734], [25.57442, 47.0847], [25.53564, 47.08346], [25.52738, 47.10014], [25.5303, 47.11053], [25.517, 47.11899], [25.50497, 47.11817], [25.4963, 47.12816], [25.45801, 47.1444], [25.4265, 47.16971], [25.42514, 47.18386], [25.3742, 47.17533], [25.35848, 47.17973], [25.32465, 47.16599], [25.30504, 47.16514], [25.29441, 47.15587], [25.29605, 47.14817], [25.28723, 47.13323], [25.29673, 47.12141], [25.29594, 47.11526], [25.27937, 47.10369], [25.26432, 47.10368], [25.25132, 47.09778], [25.23337, 47.09831], [25.22639, 47.10812], [25.19987, 47.1136], [25.17286, 47.13063], [25.16439, 47.12971], [25.14413, 47.11323], [25.12953, 47.11642], [25.1249, 47.12323], [25.09649, 47.12006], [25.079, 47.1263], [25.0634, 47.13655], [25.06608, 47.14285], [25.05765, 47.15044], [25.06719, 47.16676], [25.05663, 47.18802], [25.05829, 47.20141], [25.04427, 47.21609], [25.07487, 47.24618], [25.0796, 47.25864], [25.05135, 47.27024], [25.02807, 47.28667], [25.04751, 47.30369], [25.07754, 47.31167], [25.07269, 47.32949], [25.0771, 47.34077], [25.06051, 47.35291], [25.06943, 47.36994], [25.06265, 47.3792], [25.03997, 47.38044], [25.03334, 47.39432], [25.00135, 47.41426], [24.98561, 47.41808], [24.98285, 47.42404], [24.99947, 47.42022], [25.01465, 47.43343], [25.02671, 47.43581], [25.05829, 47.41655], [25.05909, 47.42078], [25.05032, 47.42547], [25.05238, 47.43102], [25.07756, 47.43824], [25.0909, 47.44894], [25.08116, 47.45398], [25.0662, 47.45021], [25.06025, 47.46252], [25.04699, 47.47023], [25.04537, 47.48105], [25.06147, 47.48128], [25.07313, 47.4934], [25.0938, 47.50398], [25.09506, 47.51622], [25.0665, 47.53036], [25.05196, 47.56046], [25.00778, 47.56884], [24.99106, 47.58049], [24.99215, 47.58559], [24.96085, 47.59687], [24.95857, 47.61519], [24.97501, 47.61382], [25.01165, 47.63375], [25.05179, 47.64059], [25.05644, 47.64756], [25.05159, 47.65877], [25.02216, 47.6664], [25.0174, 47.67434], [24.97834, 47.69752], [24.95227, 47.70554], [24.94711, 47.72914], [24.98343, 47.72949], [24.99493, 47.72503], [25.00695, 47.73437], [25.04011, 47.72542], [25.05383, 47.74641], [25.06515, 47.7406], [25.11561, 47.75484], [25.11621, 47.76789], [25.1341, 47.78232], [25.14884, 47.79205], [25.16762, 47.79226], [25.17085, 47.79657], [25.16687, 47.80896], [25.17753, 47.81413], [25.18018, 47.82593], [25.20238, 47.83975], [25.20182, 47.85033], [25.22196, 47.85868], [25.22485, 47.8729], [25.2216, 47.88075], [25.23016, 47.89305], [25.2388, 47.89594], [25.26982, 47.89238], [25.31094, 47.91436], [25.59232, 47.93845], [25.62554, 47.9488], [25.65652, 47.94942], [25.71685, 47.94085], [25.73334, 47.94568], [25.73946, 47.94158], [25.77465, 47.93939], [25.81868, 47.95409], [25.82596, 47.9639], [25.83749, 47.9672], [25.86128, 47.97022], [25.89188, 47.96122], [25.90788, 47.96491], [25.91467, 47.97739], [25.95198, 47.97086], [26.06114, 47.98802], [26.11953, 47.9723], [26.11737, 47.96514], [26.1099, 47.96262], [26.13113, 47.95333], [26.12295, 47.94564], [26.12862, 47.94225], [26.12559, 47.93301], [26.14542, 47.93132], [26.1478, 47.92432], [26.16349, 47.92819], [26.16977, 47.91925], [26.18307, 47.92061], [26.18289, 47.91072], [26.1918, 47.90878], [26.1826, 47.90016], [26.18344, 47.89334], [26.19479, 47.89173], [26.19783, 47.88498], [26.20586, 47.88591], [26.20385, 47.89103], [26.213, 47.88881], [26.21583, 47.89499], [26.22505, 47.89469], [26.22842, 47.90021], [26.27278, 47.8757], [26.26408, 47.86847], [26.28168, 47.85675], [26.29022, 47.86444], [26.29386, 47.86279], [26.29482, 47.8557], [26.30342, 47.85555], [26.31101, 47.84935], [26.30276, 47.84562], [26.30659, 47.84115], [26.30075, 47.83985], [26.30069, 47.83559], [26.30572, 47.83248], [26.31227, 47.83677], [26.31092, 47.829], [26.32491, 47.83097], [26.31654, 47.82655], [26.31763, 47.81976], [26.32398, 47.81944], [26.31844, 47.81462], [26.33245, 47.80549], [26.33244, 47.79954], [26.35443, 47.79098], [26.35314, 47.78492], [26.36056, 47.78606], [26.36969, 47.774], [26.40645, 47.78397], [26.40224, 47.77032], [26.40613, 47.76778], [26.40238, 47.76629], [26.40632, 47.75396], [26.39076, 47.74508], [26.39573, 47.7423], [26.39209, 47.73829], [26.40014, 47.73302], [26.39715, 47.74136], [26.42052, 47.74829], [26.42766, 47.74059], [26.43986, 47.74298], [26.43229, 47.72633], [26.44607, 47.73358], [26.46764, 47.71593], [26.45915, 47.71383], [26.46346, 47.70692], [26.50747, 47.66345], [26.49667, 47.65872], [26.50533, 47.65952], [26.50316, 47.6549], [26.5201, 47.65165], [26.51765, 47.64757], [26.53616, 47.64863], [26.54377, 47.64401], [26.54468, 47.64072], [26.53705, 47.6379], [26.54276, 47.63175], [26.53724, 47.62828], [26.53612, 47.61942], [26.54691, 47.61794], [26.55205, 47.60883], [26.54569, 47.60578], [26.5482, 47.60018], [26.5373, 47.5985], [26.54799, 47.59122], [26.54174, 47.58259], [26.55811, 47.57908], [26.55606, 47.5754], [26.56465, 47.56475], [26.56311, 47.55618], [26.58248, 47.53904], [26.57799, 47.53536], [26.60396, 47.53252], [26.60479, 47.52055], [26.55041, 47.51172], [26.55098, 47.50421], [26.55765, 47.50402], [26.56056, 47.4956], [26.57997, 47.49784], [26.58069, 47.49236], [26.58926, 47.49039], [26.59143, 47.47003], [26.58659, 47.46297], [26.59895, 47.45972], [26.63048, 47.46911], [26.70059, 47.47173], [26.69509, 47.45947], [26.68151, 47.46153], [26.6804, 47.43979], [26.70135, 47.41979], [26.70341, 47.40885], [26.69598, 47.40081], [26.69006, 47.40405], [26.68885, 47.41415], [26.67952, 47.41338], [26.64398, 47.39879], [26.65121, 47.39577], [26.6503, 47.39057], [26.65753, 47.39308], [26.67014, 47.38508], [26.66921, 47.38072], [26.67664, 47.37898], [26.67737, 47.37249], [26.66322, 47.36779], [26.67213, 47.36426], [26.67989, 47.36812], [26.68406, 47.36512], [26.68125, 47.3614], [26.6096, 47.35533], [26.59935, 47.36736], [26.57057, 47.37628], [26.5709, 47.38943], [26.53293, 47.38979], [26.52746, 47.40464], [26.49299, 47.39234], [26.49471, 47.38418], [26.50511, 47.3767], [26.50679, 47.37243], [26.50257, 47.37194], [26.50886, 47.36313], [26.4988, 47.36185], [26.50193, 47.35683], [26.49771, 47.35625], [26.49699, 47.34992], [26.50198, 47.35048], [26.51089, 47.33526], [26.52129, 47.3402], [26.54128, 47.31539], [26.55023, 47.31794], [26.55052, 47.30986], [26.56354, 47.31508], [26.57422, 47.30642], [26.5629, 47.29242], [26.54629, 47.30084], [26.50781, 47.27171], [26.50014, 47.2836], [26.4826, 47.28835], [26.48151, 47.29296], [26.44429, 47.31672], [26.43647, 47.32732], [26.40553, 47.34032], [26.38135, 47.32944], [26.37095, 47.33218], [26.36722, 47.32853], [26.37348, 47.32696], [26.36449, 47.31986], [26.35813, 47.32236], [26.27712, 47.29514], [26.28307, 47.2914], [26.26735, 47.28199], [26.24272, 47.28105], [26.18593, 47.30737], [26.17255, 47.2965], [26.13714, 47.2886], [26.12521, 47.2973], [26.05634, 47.27455], [26.02495, 47.28936], [26.0083, 47.28344], [25.97856, 47.28872], [25.96392, 47.28114], [25.9323, 47.27706], [25.92363, 47.25916], [25.9005, 47.26199], [25.88735, 47.27085], [25.88194, 47.28396], [25.87011, 47.2937], [25.85772, 47.29464], [25.83528, 47.31195], [25.81838, 47.31136], [25.77871, 47.3209], [25.7649, 47.31747]]]}}, {"id": 36, "type": "Feature", "properties": {"county": "TL"}, "geometry": {"type": "Polygon", "coordinates": [[[28.4348, 44.6738], [28.42777, 44.65803], [28.43751, 44.65412], [28.43354, 44.6495], [28.44903, 44.64299], [28.43585, 44.62532], [28.43467, 44.61665], [28.42126, 44.61599], [28.41979, 44.62144], [28.40931, 44.62458], [28.41204, 44.62984], [28.39514, 44.63472], [28.40831, 44.64892], [28.39636, 44.63881], [28.38691, 44.63951], [28.3868, 44.65195], [28.37741, 44.65643], [28.38508, 44.67997], [28.37462, 44.68631], [28.36492, 44.68483], [28.36554, 44.6916], [28.31457, 44.69609], [28.32695, 44.70732], [28.31273, 44.71148], [28.2918, 44.70869], [28.27387, 44.69734], [28.26786, 44.69921], [28.27922, 44.71202], [28.2688, 44.71224], [28.27471, 44.71837], [28.26182, 44.72683], [28.25881, 44.74791], [28.26271, 44.7558], [28.24042, 44.75612], [28.23993, 44.76467], [28.21704, 44.76234], [28.2164, 44.75393], [28.19449, 44.75421], [28.18152, 44.76105], [28.18163, 44.78536], [28.15351, 44.8003], [28.13257, 44.80085], [28.11007, 44.7935], [28.07414, 44.80389], [28.07642, 44.81992], [28.09758, 44.84682], [28.1002, 44.86159], [28.11241, 44.87203], [28.13398, 44.88018], [28.14235, 44.89002], [28.12814, 44.90216], [28.12488, 44.92203], [28.13329, 44.94931], [28.15126, 44.97314], [28.14236, 44.9792], [28.12849, 45.01363], [28.13573, 45.02868], [28.15263, 45.03673], [28.13741, 45.06877], [28.13522, 45.10014], [28.14039, 45.10394], [28.17574, 45.10188], [28.17922, 45.10713], [28.16962, 45.12211], [28.1977, 45.13754], [28.0914, 45.19025], [28.1306, 45.2338], [28.12103, 45.24304], [28.11515, 45.25883], [28.09477, 45.24944], [28.06811, 45.25225], [28.02287, 45.26685], [27.99484, 45.28675], [27.99922, 45.30817], [28.02289, 45.35251], [28.03055, 45.40433], [28.03898, 45.41587], [28.06527, 45.43012], [28.0882, 45.43963], [28.10732, 45.44126], [28.13079, 45.43728], [28.18719, 45.41297], [28.19278, 45.41688], [28.19173, 45.45063], [28.19887, 45.4646], [28.22073, 45.46631], [28.25823, 45.45695], [28.28016, 45.44399], [28.28688, 45.4325], [28.28546, 45.39985], [28.32649, 45.34186], [28.34996, 45.31991], [28.53238, 45.26246], [28.56101, 45.2496], [28.63285, 45.24452], [28.71043, 45.224], [28.79216, 45.24281], [28.78723, 45.25359], [28.76217, 45.2656], [28.75191, 45.28456], [28.76279, 45.29107], [28.79051, 45.2919], [28.80145, 45.30086], [28.80491, 45.31129], [28.78044, 45.32322], [28.79398, 45.33365], [28.81733, 45.33607], [28.84513, 45.31808], [28.87351, 45.3162], [28.914, 45.28773], [28.94259, 45.28061], [28.95264, 45.28726], [28.95413, 45.2986], [28.94835, 45.30912], [28.96497, 45.33205], [28.98594, 45.33233], [29.04394, 45.36075], [29.05689, 45.35962], [29.08434, 45.37386], [29.10645, 45.37477], [29.16902, 45.3951], [29.18742, 45.41243], [29.21593, 45.41916], [29.24257, 45.43436], [29.28578, 45.42642], [29.29897, 45.4302], [29.32211, 45.44748], [29.3581, 45.43695], [29.38084, 45.43971], [29.39803, 45.43646], [29.43, 45.44267], [29.43922, 45.43409], [29.47466, 45.42296], [29.53826, 45.41165], [29.56412, 45.4024], [29.5932, 45.38762], [29.65113, 45.33977], [29.66807, 45.31056], [29.67779, 45.26925], [29.66399, 45.26003], [29.65976, 45.24787], [29.67077, 45.2206], [29.68203, 45.20583], [29.63777, 45.22436], [29.62854, 45.21699], [29.63672, 45.18087], [29.65027, 45.16018], [29.7153, 45.1653], [29.70014, 45.16213], [29.687, 45.15248], [29.66032, 45.10754], [29.64152, 44.99977], [29.64447, 44.99818], [29.62677, 44.92432], [29.62484, 44.8838], [29.60311, 44.8766], [29.61342, 44.85678], [29.6174, 44.87637], [29.61759, 44.86406], [29.60976, 44.84667], [29.59355, 44.82619], [29.55257, 44.79045], [29.51622, 44.77558], [29.49997, 44.77369], [29.48586, 44.77756], [29.51317, 44.77813], [29.52532, 44.78283], [29.52352, 44.78754], [29.55184, 44.79302], [29.58043, 44.81525], [29.60926, 44.84963], [29.58585, 44.83726], [29.57412, 44.83913], [29.55355, 44.82289], [29.52434, 44.82446], [29.3899, 44.80572], [29.2717, 44.7997], [29.22002, 44.79202], [29.18934, 44.78181], [29.18603, 44.78467], [29.15915, 44.78003], [29.12353, 44.77012], [29.08509, 44.74903], [28.99508, 44.67902], [28.9857, 44.67911], [28.95813, 44.69425], [28.91458, 44.69665], [28.91481, 44.68627], [28.86538, 44.66406], [28.82435, 44.63234], [28.80796, 44.63305], [28.80377, 44.63904], [28.79058, 44.63512], [28.7782, 44.64874], [28.77858, 44.65501], [28.74951, 44.65428], [28.74095, 44.64678], [28.7104, 44.65501], [28.69609, 44.65014], [28.6919, 44.65292], [28.70154, 44.6577], [28.67769, 44.6626], [28.683, 44.66882], [28.59616, 44.65835], [28.59058, 44.65418], [28.53605, 44.66251], [28.53247, 44.66112], [28.5285, 44.63592], [28.52082, 44.63418], [28.46715, 44.64824], [28.46924, 44.65701], [28.44635, 44.6647], [28.44833, 44.66866], [28.4348, 44.6738]]]}}, {"id": 37, "type": "Feature", "properties": {"county": "TM"}, "geometry": {"type": "Polygon", "coordinates": [[[21.00006, 45.34162], [20.95084, 45.37481], [20.94841, 45.38553], [20.93123, 45.38677], [20.93006, 45.39231], [20.93555, 45.39281], [20.92027, 45.41722], [20.9005, 45.41687], [20.8647, 45.43177], [20.87527, 45.43861], [20.87221, 45.44605], [20.88107, 45.44617], [20.87877, 45.45463], [20.87044, 45.45583], [20.86613, 45.46524], [20.83298, 45.47996], [20.77108, 45.47991], [20.7711, 45.48807], [20.77701, 45.49047], [20.76874, 45.50021], [20.80709, 45.51579], [20.83275, 45.53584], [20.81955, 45.55037], [20.8232, 45.55186], [20.81128, 45.56582], [20.81345, 45.56804], [20.7953, 45.58762], [20.77202, 45.58282], [20.76575, 45.6126], [20.77945, 45.62261], [20.78883, 45.64554], [20.80498, 45.65721], [20.80005, 45.6716], [20.80303, 45.682], [20.79615, 45.68704], [20.80244, 45.69985], [20.79878, 45.70218], [20.80259, 45.73779], [20.80813, 45.74841], [20.81597, 45.74926], [20.82306, 45.77508], [20.78356, 45.78587], [20.7741, 45.75451], [20.73271, 45.75581], [20.71805, 45.74966], [20.70026, 45.75068], [20.69685, 45.76051], [20.69295, 45.75982], [20.69071, 45.76629], [20.69465, 45.76692], [20.68138, 45.7973], [20.66283, 45.79415], [20.65708, 45.80803], [20.65061, 45.81163], [20.66037, 45.82915], [20.61175, 45.86391], [20.59891, 45.86165], [20.59443, 45.87164], [20.5815, 45.8694], [20.57524, 45.87874], [20.57458, 45.88397], [20.57876, 45.88496], [20.56933, 45.9101], [20.54651, 45.90591], [20.54959, 45.89991], [20.51581, 45.8921], [20.50177, 45.91065], [20.48292, 45.95342], [20.44728, 45.97022], [20.40547, 45.96524], [20.34837, 45.99957], [20.35771, 46.00584], [20.34062, 46.03626], [20.33931, 46.04141], [20.34587, 46.04742], [20.30928, 46.07209], [20.30221, 46.0866], [20.27322, 46.0983], [20.26508, 46.11011], [20.28307, 46.11773], [20.26443, 46.11798], [20.26428, 46.12633], [20.27022, 46.12719], [20.27173, 46.13279], [20.29685, 46.15222], [20.30921, 46.15645], [20.31264, 46.15016], [20.35563, 46.16966], [20.36847, 46.15291], [20.38114, 46.1579], [20.39429, 46.15259], [20.39751, 46.15737], [20.42632, 46.14519], [20.45921, 46.14287], [20.49511, 46.17086], [20.49634, 46.17797], [20.49179, 46.18074], [20.50125, 46.18997], [20.54941, 46.17691], [20.63743, 46.12653], [20.64939, 46.13531], [20.65415, 46.14878], [20.66596, 46.15115], [20.68561, 46.14522], [20.6951, 46.15867], [20.70956, 46.16203], [20.71721, 46.15899], [20.71806, 46.14941], [20.72482, 46.14604], [20.77273, 46.14454], [20.78172, 46.12564], [20.79861, 46.12083], [20.804, 46.10693], [20.83298, 46.09056], [20.85939, 46.08983], [20.8694, 46.08261], [20.88906, 46.0842], [20.91072, 46.07289], [20.91793, 46.07427], [20.9219, 46.05938], [20.94065, 46.03749], [21.04259, 46.03615], [21.06873, 46.03977], [21.07444, 46.01255], [21.08271, 46.01312], [21.08489, 45.99703], [21.1102, 45.97707], [21.11946, 45.98301], [21.12552, 45.97704], [21.17204, 45.99874], [21.2004, 45.98142], [21.242, 45.97136], [21.23618, 45.98186], [21.24799, 45.98084], [21.2386, 45.98246], [21.23827, 45.98641], [21.26211, 45.99485], [21.27374, 46.01529], [21.28461, 46.02013], [21.31467, 46.00906], [21.31799, 46.01288], [21.3262, 46.00721], [21.33636, 46.00745], [21.34612, 45.99977], [21.3495, 46.00218], [21.36065, 45.99544], [21.35101, 45.9837], [21.36573, 45.98192], [21.36314, 45.98572], [21.36809, 45.99131], [21.38882, 46.00148], [21.3909, 46.00863], [21.39652, 46.00553], [21.42133, 46.01154], [21.41667, 46.0166], [21.4496, 46.02925], [21.43369, 46.04421], [21.43526, 46.05948], [21.44918, 46.04584], [21.47718, 46.06316], [21.51443, 46.06802], [21.5363, 46.03302], [21.52443, 46.01841], [21.52423, 46.01033], [21.54753, 46.00623], [21.55207, 45.99513], [21.56057, 45.9962], [21.56058, 46.00248], [21.59184, 45.9946], [21.59102, 45.99057], [21.61799, 45.982], [21.61584, 45.97726], [21.62155, 45.97513], [21.64193, 45.97401], [21.63002, 45.94277], [21.64838, 45.94752], [21.66199, 45.93542], [21.6676, 45.92627], [21.66297, 45.91467], [21.66772, 45.90623], [21.69242, 45.91634], [21.70308, 45.94399], [21.71409, 45.9548], [21.71392, 45.96121], [21.72466, 45.96843], [21.72158, 45.97579], [21.73665, 45.99], [21.76257, 45.95645], [21.77538, 45.94865], [21.7686, 45.93934], [21.76971, 45.91689], [21.80532, 45.92114], [21.79943, 45.92528], [21.80109, 45.94395], [21.81871, 45.94911], [21.81102, 45.9574], [21.81972, 45.96783], [21.85136, 45.9472], [21.86569, 45.94865], [21.87243, 45.95867], [21.8935, 45.95245], [21.91621, 45.96307], [21.92533, 45.98484], [21.95565, 45.98715], [21.96747, 45.99435], [21.9872, 45.98846], [21.98788, 45.97756], [21.99838, 45.96794], [22.03973, 45.96846], [22.04797, 45.96152], [22.06992, 45.95913], [22.09279, 45.94572], [22.12414, 45.93774], [22.12838, 45.93333], [22.12563, 45.92686], [22.13544, 45.92275], [22.14301, 45.92567], [22.15459, 45.92091], [22.17274, 45.92855], [22.18138, 45.92343], [22.2008, 45.92259], [22.20456, 45.91619], [22.2178, 45.91265], [22.22612, 45.90191], [22.24686, 45.90357], [22.24544, 45.9252], [22.25992, 45.93421], [22.2967, 45.93078], [22.31025, 45.93627], [22.30804, 45.94481], [22.31569, 45.96412], [22.31138, 45.96665], [22.34509, 45.97419], [22.37413, 45.96604], [22.41898, 45.9376], [22.41161, 45.92276], [22.41043, 45.90711], [22.36864, 45.88361], [22.38609, 45.88386], [22.41061, 45.85457], [22.43575, 45.85577], [22.44818, 45.84784], [22.46215, 45.84741], [22.46011, 45.83752], [22.46832, 45.83447], [22.47627, 45.83804], [22.47837, 45.80779], [22.47013, 45.80277], [22.48078, 45.79458], [22.48044, 45.78682], [22.50025, 45.78514], [22.52452, 45.80013], [22.53425, 45.80144], [22.54711, 45.79027], [22.55146, 45.77864], [22.53944, 45.7644], [22.50628, 45.74325], [22.46978, 45.73153], [22.46503, 45.72203], [22.46858, 45.69372], [22.45072, 45.68229], [22.43168, 45.67991], [22.41936, 45.66373], [22.40077, 45.66878], [22.38934, 45.66249], [22.35805, 45.66735], [22.31753, 45.66065], [22.29765, 45.63646], [22.29099, 45.60532], [22.2701, 45.58484], [22.25284, 45.58749], [22.2367, 45.6043], [22.20774, 45.60567], [22.18881, 45.61783], [22.17328, 45.6044], [22.16229, 45.60771], [22.15011, 45.59844], [22.1481, 45.61602], [22.1346, 45.59411], [22.12286, 45.59593], [22.1149, 45.59087], [22.1056, 45.59525], [22.07404, 45.57194], [22.04526, 45.59152], [22.03664, 45.58711], [22.04917, 45.57398], [22.04418, 45.5718], [22.04953, 45.56144], [22.0449, 45.56074], [22.04558, 45.55203], [22.05743, 45.55211], [22.06646, 45.53552], [22.07612, 45.53172], [22.06489, 45.52873], [22.06625, 45.52107], [22.06008, 45.5201], [22.06573, 45.5147], [22.06428, 45.50863], [22.0433, 45.50535], [22.04282, 45.49829], [22.03053, 45.49742], [22.00867, 45.51028], [22.00708, 45.50414], [21.99265, 45.50909], [21.99085, 45.50308], [21.97486, 45.51244], [21.9453, 45.50566], [21.94018, 45.53142], [21.92053, 45.5528], [21.93509, 45.55649], [21.92352, 45.56688], [21.8717, 45.56136], [21.87572, 45.53568], [21.83912, 45.53623], [21.83136, 45.52857], [21.81703, 45.52714], [21.74728, 45.54463], [21.74491, 45.55217], [21.72897, 45.55593], [21.72412, 45.56279], [21.70486, 45.56144], [21.69851, 45.56751], [21.70207, 45.57373], [21.69377, 45.5731], [21.67439, 45.58584], [21.64791, 45.58017], [21.62835, 45.56823], [21.59988, 45.57107], [21.59775, 45.55661], [21.57776, 45.54435], [21.57249, 45.53467], [21.58523, 45.5304], [21.57104, 45.52137], [21.58239, 45.5142], [21.57899, 45.5092], [21.58443, 45.50934], [21.57262, 45.50005], [21.56618, 45.49644], [21.55913, 45.50012], [21.55188, 45.4934], [21.55656, 45.49014], [21.51155, 45.49359], [21.4587, 45.47677], [21.46421, 45.44288], [21.46996, 45.44157], [21.46925, 45.43574], [21.47559, 45.43121], [21.485, 45.43468], [21.48874, 45.41862], [21.44053, 45.4071], [21.44509, 45.39038], [21.4886, 45.35314], [21.49242, 45.35533], [21.49713, 45.35085], [21.49393, 45.34288], [21.52588, 45.33153], [21.54279, 45.29972], [21.53131, 45.29137], [21.5561, 45.27243], [21.53432, 45.26394], [21.5306, 45.24847], [21.52126, 45.2449], [21.52712, 45.23182], [21.51136, 45.21761], [21.50426, 45.21735], [21.50403, 45.2128], [21.50991, 45.21217], [21.50752, 45.20368], [21.51474, 45.2021], [21.49735, 45.19576], [21.48363, 45.19713], [21.47919, 45.19303], [21.4388, 45.2028], [21.43115, 45.21285], [21.4033, 45.22928], [21.39536, 45.21879], [21.36973, 45.22605], [21.36012, 45.22207], [21.33944, 45.23584], [21.29233, 45.24227], [21.2752, 45.22944], [21.25122, 45.24307], [21.22341, 45.25298], [21.21858, 45.25055], [21.2025, 45.26519], [21.20855, 45.27508], [21.1911, 45.28721], [21.17971, 45.31172], [21.18332, 45.32094], [21.1753, 45.32525], [21.16612, 45.31959], [21.16162, 45.32514], [21.14957, 45.31591], [21.15419, 45.31238], [21.14451, 45.30479], [21.09659, 45.29586], [21.08099, 45.3178], [21.0612, 45.31588], [21.06345, 45.33194], [21.01654, 45.32461], [21.00989, 45.34127], [21.00006, 45.34162]]]}}, {"id": 38, "type": "Feature", "properties": {"county": "TR"}, "geometry": {"type": "Polygon", "coordinates": [[[24.95936, 43.72981], [24.93601, 43.72505], [24.93295, 43.71595], [24.88257, 43.70723], [24.85583, 43.70677], [24.83059, 43.71325], [24.79846, 43.70926], [24.77256, 43.69456], [24.74076, 43.68522], [24.71289, 43.6906], [24.67772, 43.70879], [24.65708, 43.72364], [24.66521, 43.74267], [24.65065, 43.74676], [24.65645, 43.7547], [24.67464, 43.75152], [24.67621, 43.75838], [24.68673, 43.75973], [24.68395, 43.77229], [24.69633, 43.77403], [24.69438, 43.78187], [24.74673, 43.79202], [24.73659, 43.8081], [24.73884, 43.8145], [24.75497, 43.81435], [24.75511, 43.8176], [24.74389, 43.82209], [24.72931, 43.8204], [24.72602, 43.82608], [24.68907, 43.82112], [24.68701, 43.82562], [24.69586, 43.83131], [24.71594, 43.82886], [24.72353, 43.83579], [24.70259, 43.85119], [24.70047, 43.86056], [24.69299, 43.85972], [24.69355, 43.87074], [24.66835, 43.86668], [24.66244, 43.88308], [24.67785, 43.88527], [24.67552, 43.89806], [24.65774, 43.89983], [24.63927, 43.92542], [24.631, 43.92516], [24.62759, 43.93587], [24.64714, 43.94325], [24.63433, 43.9445], [24.63222, 43.96162], [24.60228, 43.96211], [24.60187, 43.97012], [24.60737, 43.9706], [24.60909, 43.97786], [24.59604, 43.97991], [24.6072, 43.98369], [24.60707, 43.99125], [24.59372, 43.98952], [24.60854, 43.99474], [24.61584, 44.00939], [24.61311, 44.01415], [24.6284, 44.0217], [24.72019, 44.03807], [24.71927, 44.04328], [24.71171, 44.04459], [24.72209, 44.04742], [24.71092, 44.05912], [24.76052, 44.06878], [24.75887, 44.07358], [24.80319, 44.07847], [24.80061, 44.08425], [24.84255, 44.08988], [24.84389, 44.08605], [24.85936, 44.0938], [24.85103, 44.10198], [24.85409, 44.10792], [24.84418, 44.13317], [24.80534, 44.1588], [24.80533, 44.17082], [24.79358, 44.19125], [24.83718, 44.22628], [24.81778, 44.23319], [24.82808, 44.23682], [24.82022, 44.24207], [24.82447, 44.2441], [24.82919, 44.27232], [24.82137, 44.29021], [24.8242, 44.29832], [24.83569, 44.30199], [24.83102, 44.30949], [24.84378, 44.31296], [24.84743, 44.31899], [24.82832, 44.3323], [24.82952, 44.33795], [24.8171, 44.36114], [24.84697, 44.36829], [24.88256, 44.36829], [24.88404, 44.38264], [24.96138, 44.37688], [24.97662, 44.38285], [25.01054, 44.41084], [25.04627, 44.39731], [25.05464, 44.4091], [25.06513, 44.39732], [25.09192, 44.41326], [25.0915, 44.41178], [25.10329, 44.40987], [25.08617, 44.4171], [25.10673, 44.42005], [25.1112, 44.41588], [25.20295, 44.45645], [25.24007, 44.42247], [25.25075, 44.40336], [25.30207, 44.42355], [25.29698, 44.43029], [25.32245, 44.44087], [25.32654, 44.44492], [25.3223, 44.44662], [25.33562, 44.45461], [25.34117, 44.46461], [25.35577, 44.45934], [25.36664, 44.47418], [25.35783, 44.47962], [25.36912, 44.49722], [25.39507, 44.51815], [25.44272, 44.50105], [25.44467, 44.49418], [25.4503, 44.49224], [25.44167, 44.48485], [25.45376, 44.47792], [25.47095, 44.48826], [25.47881, 44.48471], [25.49763, 44.46548], [25.48051, 44.452], [25.48454, 44.45078], [25.45917, 44.42087], [25.45041, 44.41959], [25.42554, 44.39689], [25.44897, 44.38675], [25.44842, 44.37927], [25.45794, 44.37486], [25.48476, 44.37726], [25.47032, 44.36036], [25.47799, 44.35408], [25.46951, 44.34907], [25.47343, 44.34539], [25.46813, 44.32525], [25.50985, 44.314], [25.55752, 44.31771], [25.56892, 44.31349], [25.57109, 44.30821], [25.59471, 44.3108], [25.60366, 44.32085], [25.61671, 44.31744], [25.63155, 44.30688], [25.61863, 44.2882], [25.65056, 44.27434], [25.65548, 44.29655], [25.66986, 44.29249], [25.66576, 44.27906], [25.67163, 44.27493], [25.6677, 44.26869], [25.6899, 44.26347], [25.69271, 44.25574], [25.69971, 44.25716], [25.70316, 44.25196], [25.69603, 44.24942], [25.70551, 44.23883], [25.68403, 44.2389], [25.67953, 44.22321], [25.66424, 44.20762], [25.66613, 44.19985], [25.65535, 44.16879], [25.70302, 44.16052], [25.70174, 44.15402], [25.67683, 44.15737], [25.67901, 44.12665], [25.70938, 44.13479], [25.71376, 44.12838], [25.70438, 44.11929], [25.70886, 44.10215], [25.69808, 44.10545], [25.68603, 44.12242], [25.68602, 44.10997], [25.67723, 44.11366], [25.67241, 44.1074], [25.67966, 44.09721], [25.67807, 44.08957], [25.66201, 44.10018], [25.65711, 44.11506], [25.63749, 44.09857], [25.64591, 44.09568], [25.62473, 44.08581], [25.62887, 44.08108], [25.61796, 44.07609], [25.6253, 44.06796], [25.61455, 44.06289], [25.62985, 44.05252], [25.60672, 44.04619], [25.60723, 44.03797], [25.59874, 44.03769], [25.59884, 44.01657], [25.59398, 44.01361], [25.59985, 44.00304], [25.59345, 44.00202], [25.60389, 43.99065], [25.59135, 43.98451], [25.61782, 43.95586], [25.61176, 43.95282], [25.6222, 43.94137], [25.61806, 43.93749], [25.58482, 43.93759], [25.58439, 43.90672], [25.61464, 43.9038], [25.61499, 43.8816], [25.6069, 43.87779], [25.60691, 43.84447], [25.6297, 43.84465], [25.62983, 43.82053], [25.65996, 43.82049], [25.66014, 43.77866], [25.66656, 43.77868], [25.66773, 43.77316], [25.65105, 43.74981], [25.66005, 43.746], [25.65646, 43.74116], [25.66291, 43.73843], [25.66312, 43.71822], [25.67862, 43.72165], [25.68485, 43.71285], [25.67502, 43.71498], [25.67227, 43.71136], [25.68167, 43.69778], [25.67158, 43.69774], [25.67188, 43.69134], [25.56334, 43.64485], [25.50833, 43.64685], [25.47668, 43.64045], [25.451, 43.6284], [25.39015, 43.61902], [25.34563, 43.6289], [25.32247, 43.64383], [25.28771, 43.65589], [25.2679, 43.67417], [25.24851, 43.68378], [25.16726, 43.69977], [25.11126, 43.68387], [25.05833, 43.69106], [25.01553, 43.71379], [25.00774, 43.7246], [24.95936, 43.72981]]]}}, {"id": 39, "type": "Feature", "properties": {"county": "VL"}, "geometry": {"type": "Polygon", "coordinates": [[[24.02784, 44.52944], [23.99015, 44.5383], [23.95661, 44.53098], [23.93973, 44.53436], [23.92846, 44.52824], [23.92175, 44.56311], [23.91108, 44.57893], [23.89782, 44.57471], [23.8809, 44.61092], [23.89967, 44.62554], [23.87622, 44.63038], [23.85911, 44.62443], [23.84198, 44.63864], [23.82705, 44.63642], [23.81657, 44.64756], [23.79753, 44.63912], [23.7874, 44.63751], [23.78706, 44.66305], [23.7918, 44.67491], [23.79098, 44.68083], [23.78635, 44.6801], [23.78073, 44.68873], [23.7856, 44.69333], [23.77713, 44.72292], [23.78169, 44.74763], [23.77672, 44.7537], [23.78084, 44.75936], [23.77312, 44.76774], [23.77047, 44.78162], [23.7761, 44.79693], [23.78706, 44.79838], [23.78739, 44.80661], [23.79592, 44.8167], [23.78164, 44.83835], [23.7855, 44.84476], [23.77998, 44.86231], [23.76852, 44.86498], [23.76925, 44.87151], [23.75652, 44.86637], [23.75347, 44.87082], [23.76345, 44.88522], [23.76021, 44.89929], [23.7673, 44.90159], [23.76964, 44.90783], [23.7647, 44.9252], [23.77234, 44.94942], [23.75493, 44.99538], [23.75809, 45.00566], [23.77473, 45.01018], [23.79527, 45.0234], [23.79463, 45.03804], [23.78984, 45.0392], [23.78258, 45.06335], [23.82851, 45.07466], [23.82829, 45.09009], [23.81722, 45.10196], [23.82467, 45.10508], [23.82329, 45.11608], [23.81201, 45.12548], [23.85555, 45.15075], [23.85405, 45.16396], [23.84149, 45.18202], [23.83982, 45.19203], [23.81749, 45.20763], [23.80818, 45.22948], [23.81064, 45.23758], [23.80403, 45.24225], [23.79627, 45.26101], [23.82506, 45.30001], [23.84417, 45.3151], [23.84339, 45.33041], [23.79667, 45.35378], [23.72669, 45.32744], [23.70853, 45.33436], [23.68558, 45.32807], [23.66897, 45.34138], [23.64625, 45.3502], [23.626, 45.33388], [23.60474, 45.3406], [23.58576, 45.35738], [23.58558, 45.37011], [23.60034, 45.37694], [23.60168, 45.38244], [23.58891, 45.41005], [23.59406, 45.41709], [23.59028, 45.42234], [23.57612, 45.42443], [23.59581, 45.45302], [23.5955, 45.47091], [23.61723, 45.46583], [23.6269, 45.47093], [23.62977, 45.45863], [23.65371, 45.45731], [23.67891, 45.46482], [23.68922, 45.4833], [23.70362, 45.49678], [23.72136, 45.5024], [23.74145, 45.5012], [23.77117, 45.5107], [23.79087, 45.52808], [23.80423, 45.53196], [23.81994, 45.52935], [23.85785, 45.53502], [23.87357, 45.52282], [23.92228, 45.53598], [23.96332, 45.5304], [23.98607, 45.5328], [24.00097, 45.52664], [24.01131, 45.53194], [24.08031, 45.5123], [24.11385, 45.51247], [24.11884, 45.50876], [24.12819, 45.51432], [24.14662, 45.51221], [24.15648, 45.51738], [24.15895, 45.51365], [24.17222, 45.51441], [24.18354, 45.52181], [24.20505, 45.52358], [24.22539, 45.54046], [24.2267, 45.54724], [24.25732, 45.5431], [24.26682, 45.54938], [24.26604, 45.55575], [24.27664, 45.55517], [24.28532, 45.56175], [24.3112, 45.56777], [24.33436, 45.58185], [24.3324, 45.57603], [24.33705, 45.57249], [24.38641, 45.58389], [24.4324, 45.58119], [24.44648, 45.59086], [24.46136, 45.5809], [24.47767, 45.5816], [24.4816, 45.57251], [24.5133, 45.58672], [24.53106, 45.57063], [24.5317, 45.5537], [24.54053, 45.5357], [24.5119, 45.51752], [24.52787, 45.49679], [24.52462, 45.47467], [24.51037, 45.46304], [24.48619, 45.46292], [24.48104, 45.45556], [24.48321, 45.41617], [24.49052, 45.40903], [24.49127, 45.39884], [24.49592, 45.39853], [24.50536, 45.38407], [24.50435, 45.37935], [24.49396, 45.37862], [24.50727, 45.35249], [24.46632, 45.36363], [24.47279, 45.35768], [24.46948, 45.34788], [24.47259, 45.32948], [24.48609, 45.33114], [24.49223, 45.3155], [24.48589, 45.31251], [24.49091, 45.309], [24.48115, 45.30254], [24.48014, 45.29603], [24.48821, 45.29644], [24.49195, 45.27775], [24.47586, 45.26723], [24.48371, 45.26494], [24.48396, 45.25669], [24.4796, 45.25686], [24.4776, 45.24538], [24.47097, 45.24012], [24.47431, 45.23796], [24.46677, 45.23174], [24.47585, 45.20905], [24.48446, 45.21275], [24.50096, 45.20475], [24.48751, 45.19597], [24.49911, 45.18845], [24.51349, 45.18888], [24.52195, 45.17991], [24.51042, 45.17499], [24.51288, 45.16582], [24.49793, 45.16564], [24.51969, 45.13476], [24.51245, 45.10828], [24.4978, 45.11501], [24.49263, 45.11097], [24.4965, 45.10661], [24.4875, 45.1053], [24.49216, 45.09881], [24.49831, 45.10037], [24.49744, 45.09127], [24.50643, 45.09261], [24.50715, 45.08497], [24.49127, 45.07708], [24.48136, 45.06094], [24.51201, 45.05502], [24.52047, 45.04898], [24.51736, 45.0393], [24.48276, 45.01431], [24.50904, 44.99778], [24.481, 44.9758], [24.47639, 44.96714], [24.47923, 44.96365], [24.46869, 44.94827], [24.47088, 44.94532], [24.48341, 44.95075], [24.48233, 44.95418], [24.49976, 44.94543], [24.46918, 44.92449], [24.47055, 44.92034], [24.46365, 44.91337], [24.46354, 44.90417], [24.48007, 44.89913], [24.46325, 44.87467], [24.47233, 44.87435], [24.46274, 44.8618], [24.43813, 44.84538], [24.41655, 44.85497], [24.42314, 44.87082], [24.41806, 44.88025], [24.42609, 44.88207], [24.42381, 44.89062], [24.40146, 44.89615], [24.39668, 44.90014], [24.38895, 44.90146], [24.38541, 44.89626], [24.38841, 44.89211], [24.37992, 44.89091], [24.38326, 44.88722], [24.36798, 44.87158], [24.3332, 44.86985], [24.34196, 44.85347], [24.31869, 44.83946], [24.32821, 44.83133], [24.3244, 44.8209], [24.33178, 44.81727], [24.31883, 44.81612], [24.32187, 44.8077], [24.31575, 44.7985], [24.31589, 44.78757], [24.31874, 44.79382], [24.32316, 44.78961], [24.29875, 44.78066], [24.29637, 44.77038], [24.27463, 44.76878], [24.28256, 44.74968], [24.27623, 44.74075], [24.27975, 44.70766], [24.29882, 44.67527], [24.30124, 44.64176], [24.31607, 44.63072], [24.32473, 44.61289], [24.32493, 44.56087], [24.28784, 44.56629], [24.28333, 44.57133], [24.28761, 44.58639], [24.28199, 44.6001], [24.26454, 44.60182], [24.25958, 44.60015], [24.25921, 44.56587], [24.25316, 44.55398], [24.25893, 44.54892], [24.20664, 44.55463], [24.18505, 44.54606], [24.1721, 44.55629], [24.16248, 44.55229], [24.15555, 44.55849], [24.14511, 44.55653], [24.12958, 44.54079], [24.11747, 44.53805], [24.11609, 44.52431], [24.10807, 44.5248], [24.08673, 44.51432], [24.092, 44.51094], [24.08117, 44.49915], [24.08316, 44.49189], [24.07776, 44.49024], [24.06995, 44.49561], [24.05607, 44.49475], [24.06262, 44.4956], [24.05146, 44.51026], [24.03653, 44.50527], [24.04383, 44.5139], [24.04067, 44.52323], [24.02816, 44.51736], [24.02784, 44.52944]]]}}, {"id": 40, "type": "Feature", "properties": {"county": "VN"}, "geometry": {"type": "Polygon", "coordinates": [[[26.80421, 45.54788], [26.79215, 45.55226], [26.78221, 45.54777], [26.74325, 45.55063], [26.7391, 45.55687], [26.74685, 45.56252], [26.74339, 45.56647], [26.71898, 45.57185], [26.68117, 45.60885], [26.64778, 45.60904], [26.61528, 45.62804], [26.59355, 45.62035], [26.57968, 45.63331], [26.55169, 45.62928], [26.54148, 45.64178], [26.52993, 45.64093], [26.50807, 45.66712], [26.49283, 45.6769], [26.4872, 45.68752], [26.48949, 45.69373], [26.483, 45.70115], [26.46718, 45.70457], [26.46681, 45.71932], [26.44303, 45.73116], [26.43574, 45.73967], [26.44339, 45.75157], [26.44077, 45.77663], [26.42675, 45.78845], [26.40989, 45.79024], [26.38451, 45.80623], [26.37494, 45.82091], [26.37715, 45.8369], [26.37101, 45.84337], [26.37437, 45.85777], [26.38799, 45.87359], [26.38557, 45.88313], [26.37702, 45.88934], [26.37567, 45.90732], [26.38189, 45.9109], [26.38229, 45.91691], [26.3945, 45.92086], [26.38721, 45.94031], [26.39127, 45.95792], [26.39833, 45.96634], [26.43783, 45.98949], [26.43199, 46.00046], [26.44565, 46.01877], [26.44043, 46.02313], [26.44, 46.03888], [26.46036, 46.03514], [26.47723, 46.03995], [26.48003, 46.04479], [26.49172, 46.04522], [26.51565, 46.02692], [26.53574, 46.0279], [26.54005, 46.0233], [26.5727, 46.01683], [26.58205, 46.02523], [26.58608, 46.04043], [26.60144, 46.04739], [26.60814, 46.04478], [26.6341, 46.05751], [26.6447, 46.07514], [26.65337, 46.07934], [26.6812, 46.07924], [26.70461, 46.09388], [26.71775, 46.08904], [26.73365, 46.0954], [26.74022, 46.08741], [26.76211, 46.08655], [26.78028, 46.09404], [26.78798, 46.07863], [26.80119, 46.07581], [26.8071, 46.06578], [26.82487, 46.07232], [26.84497, 46.07142], [26.84809, 46.0787], [26.87014, 46.08514], [26.93265, 46.06456], [26.94019, 46.07803], [26.9527, 46.08621], [26.9507, 46.09785], [26.94566, 46.09982], [26.96121, 46.10872], [26.98358, 46.11326], [27.07318, 46.08768], [27.07945, 46.08823], [27.08451, 46.09529], [27.10564, 46.0887], [27.10519, 46.10502], [27.08609, 46.11146], [27.12297, 46.10409], [27.13192, 46.11708], [27.13613, 46.11448], [27.13856, 46.11829], [27.13324, 46.1206], [27.14011, 46.13419], [27.12726, 46.13778], [27.12362, 46.14748], [27.17017, 46.1696], [27.16464, 46.17467], [27.16944, 46.17385], [27.17324, 46.18128], [27.18584, 46.17192], [27.19042, 46.18667], [27.19818, 46.1856], [27.20068, 46.1793], [27.22168, 46.19136], [27.22619, 46.18685], [27.23553, 46.1896], [27.23937, 46.17833], [27.24578, 46.17788], [27.26989, 46.18322], [27.26273, 46.20042], [27.30662, 46.20618], [27.31796, 46.20277], [27.31929, 46.19191], [27.31419, 46.18379], [27.33037, 46.17944], [27.3339, 46.16848], [27.3504, 46.1689], [27.34701, 46.15701], [27.35003, 46.15272], [27.37463, 46.15743], [27.37514, 46.16365], [27.38096, 46.16508], [27.37591, 46.17818], [27.37887, 46.18976], [27.39388, 46.19427], [27.41998, 46.1938], [27.41565, 46.18926], [27.44803, 46.18421], [27.45917, 46.15743], [27.46624, 46.15716], [27.46451, 46.1619], [27.46735, 46.15793], [27.47588, 46.16064], [27.47886, 46.1676], [27.49294, 46.16247], [27.48467, 46.14538], [27.50236, 46.14333], [27.50308, 46.13963], [27.48408, 46.13975], [27.48098, 46.12586], [27.44889, 46.12646], [27.42677, 46.13953], [27.41873, 46.13145], [27.42818, 46.11616], [27.42268, 46.111], [27.42203, 46.09918], [27.42979, 46.09465], [27.4243, 46.0893], [27.37175, 46.08782], [27.36831, 46.07866], [27.3227, 46.0791], [27.31959, 46.08614], [27.28514, 46.07934], [27.28359, 46.06722], [27.2875, 46.06743], [27.29027, 46.05977], [27.2778, 46.0592], [27.27553, 46.0478], [27.26853, 46.04149], [27.23691, 46.04619], [27.23313, 46.03664], [27.23517, 46.0241], [27.22705, 46.00914], [27.24148, 45.94787], [27.2828, 45.88632], [27.2524, 45.8824], [27.24865, 45.87265], [27.2792, 45.87055], [27.28158, 45.86797], [27.27543, 45.86658], [27.27915, 45.85691], [27.29007, 45.86009], [27.30326, 45.8451], [27.31966, 45.80548], [27.32759, 45.79478], [27.3423, 45.78826], [27.33857, 45.78384], [27.35565, 45.75914], [27.35397, 45.74691], [27.36238, 45.72938], [27.40362, 45.68231], [27.42619, 45.67821], [27.42106, 45.67093], [27.42455, 45.66838], [27.43995, 45.67912], [27.45656, 45.65792], [27.45233, 45.65061], [27.46377, 45.64555], [27.46483, 45.63893], [27.48874, 45.64072], [27.48838, 45.62939], [27.51309, 45.621], [27.51342, 45.61549], [27.49756, 45.6069], [27.51517, 45.60463], [27.51878, 45.59024], [27.53629, 45.5811], [27.51006, 45.57666], [27.50425, 45.56316], [27.52831, 45.54855], [27.52223, 45.52968], [27.52454, 45.51958], [27.54181, 45.50915], [27.52689, 45.50031], [27.53696, 45.49394], [27.54293, 45.49937], [27.55855, 45.48838], [27.43277, 45.40967], [27.43521, 45.40688], [27.42944, 45.4056], [27.43476, 45.39471], [27.40146, 45.37702], [27.39444, 45.38332], [27.37302, 45.37363], [27.33662, 45.37133], [27.33958, 45.38351], [27.27003, 45.39021], [27.26462, 45.4205], [27.27354, 45.42816], [27.28026, 45.42683], [27.27698, 45.43224], [27.28113, 45.43354], [27.27955, 45.45435], [27.25673, 45.44942], [27.24103, 45.42992], [27.23801, 45.43296], [27.22343, 45.42758], [27.20429, 45.45284], [27.1944, 45.45337], [27.17399, 45.43164], [27.17483, 45.42765], [27.14794, 45.41639], [27.14343, 45.41037], [27.11484, 45.4093], [27.12006, 45.42081], [27.10408, 45.42604], [27.1127, 45.43475], [27.10665, 45.43852], [27.12042, 45.44769], [27.14295, 45.45133], [27.15828, 45.46521], [27.14023, 45.47283], [27.13622, 45.46559], [27.12725, 45.46627], [27.10928, 45.47489], [27.10908, 45.46882], [27.10367, 45.47059], [27.10031, 45.45833], [27.08994, 45.4459], [27.04566, 45.45252], [27.01821, 45.47813], [27.00223, 45.48487], [26.97508, 45.53194], [26.98585, 45.53773], [26.96414, 45.53368], [26.94829, 45.52187], [26.94054, 45.52549], [26.93854, 45.53202], [26.92624, 45.53536], [26.90608, 45.53284], [26.90336, 45.53865], [26.90019, 45.52343], [26.89016, 45.51681], [26.85305, 45.52536], [26.83393, 45.51783], [26.81762, 45.52876], [26.80421, 45.54788]]]}}, {"id": 41, "type": "Feature", "properties": {"county": "VS"}, "geometry": {"type": "Polygon", "coordinates": [[[27.588, 46.07113], [27.61442, 46.07335], [27.61992, 46.07103], [27.617, 46.06484], [27.6232, 46.06663], [27.62771, 46.06139], [27.59989, 46.05593], [27.59895, 46.04131], [27.60486, 46.03594], [27.59591, 46.0277], [27.60448, 46.01937], [27.58692, 46.00762], [27.56258, 46.00289], [27.54136, 46.02024], [27.52729, 46.04414], [27.51595, 46.05356], [27.53194, 46.06713], [27.51719, 46.08536], [27.53545, 46.09456], [27.52883, 46.10833], [27.50457, 46.13403], [27.50242, 46.1433], [27.48467, 46.14538], [27.49285, 46.15922], [27.50616, 46.15544], [27.50631, 46.16407], [27.50047, 46.16491], [27.50511, 46.19245], [27.5087, 46.19317], [27.50415, 46.20387], [27.51015, 46.21001], [27.50644, 46.21943], [27.47892, 46.22068], [27.47392, 46.2365], [27.47111, 46.26984], [27.46627, 46.27897], [27.48281, 46.28199], [27.46361, 46.29621], [27.46685, 46.30221], [27.46001, 46.3081], [27.4571, 46.32032], [27.47397, 46.32301], [27.47583, 46.31794], [27.48007, 46.31873], [27.47587, 46.32651], [27.48284, 46.32709], [27.47112, 46.33617], [27.45897, 46.36009], [27.46625, 46.36249], [27.46442, 46.37142], [27.45953, 46.37906], [27.45201, 46.3788], [27.44924, 46.4001], [27.44178, 46.41018], [27.43277, 46.41254], [27.42951, 46.42473], [27.41995, 46.43136], [27.42426, 46.43444], [27.41823, 46.43526], [27.41108, 46.4574], [27.41542, 46.46205], [27.39896, 46.46964], [27.38208, 46.50038], [27.38366, 46.51799], [27.37731, 46.51577], [27.37298, 46.51935], [27.37984, 46.52409], [27.37424, 46.52261], [27.36813, 46.53314], [27.36031, 46.53608], [27.35259, 46.55083], [27.33608, 46.5651], [27.32926, 46.58357], [27.31919, 46.59541], [27.31093, 46.59528], [27.30805, 46.60209], [27.27638, 46.62528], [27.3161, 46.65213], [27.31449, 46.65526], [27.32043, 46.6585], [27.29298, 46.6769], [27.32657, 46.69797], [27.31193, 46.70057], [27.28888, 46.716], [27.23935, 46.73535], [27.23281, 46.74463], [27.23502, 46.74948], [27.23108, 46.75051], [27.22834, 46.7446], [27.22642, 46.75181], [27.21031, 46.76057], [27.20624, 46.76986], [27.22929, 46.77012], [27.23351, 46.77571], [27.22447, 46.79108], [27.21333, 46.78973], [27.21255, 46.80256], [27.21907, 46.81205], [27.21519, 46.8177], [27.22713, 46.82098], [27.22173, 46.83135], [27.20736, 46.83992], [27.21939, 46.84866], [27.20028, 46.85626], [27.20207, 46.86128], [27.19325, 46.86378], [27.18887, 46.87599], [27.20242, 46.88242], [27.21432, 46.87649], [27.22329, 46.87802], [27.22632, 46.86806], [27.24851, 46.87617], [27.25126, 46.8676], [27.27065, 46.86921], [27.28476, 46.87592], [27.29497, 46.86737], [27.30786, 46.86866], [27.31119, 46.86305], [27.33642, 46.86771], [27.3386, 46.87491], [27.36444, 46.88257], [27.37253, 46.89224], [27.37695, 46.88903], [27.39812, 46.89363], [27.40025, 46.88618], [27.39655, 46.88542], [27.40164, 46.88389], [27.40207, 46.8759], [27.41712, 46.87459], [27.42454, 46.86251], [27.45477, 46.86935], [27.45993, 46.86235], [27.46719, 46.8642], [27.46152, 46.86813], [27.47168, 46.87116], [27.47563, 46.86638], [27.48958, 46.86963], [27.48651, 46.87514], [27.51655, 46.87533], [27.53308, 46.88211], [27.52183, 46.89136], [27.52392, 46.90474], [27.51997, 46.91453], [27.53188, 46.916], [27.535, 46.91109], [27.5473, 46.91432], [27.56822, 46.8775], [27.57101, 46.88892], [27.58897, 46.88728], [27.58428, 46.87912], [27.59121, 46.87889], [27.60948, 46.88972], [27.60687, 46.89338], [27.62091, 46.88969], [27.63181, 46.89672], [27.6441, 46.89685], [27.63051, 46.92195], [27.61623, 46.92499], [27.61816, 46.93948], [27.60763, 46.94627], [27.60842, 46.95033], [27.61676, 46.95003], [27.60634, 46.95724], [27.60872, 46.97069], [27.62136, 46.99168], [27.62957, 46.98882], [27.63794, 46.97701], [27.66002, 46.97362], [27.68343, 46.95512], [27.69367, 46.93715], [27.70538, 46.94009], [27.7247, 46.91999], [27.73297, 46.92227], [27.74457, 46.90244], [27.76458, 46.88154], [27.76856, 46.8829], [27.76854, 46.87626], [27.78241, 46.87812], [27.78593, 46.8827], [27.78635, 46.87436], [27.7917, 46.87431], [27.79037, 46.88645], [27.78251, 46.89798], [27.78406, 46.9067], [27.76959, 46.93369], [27.77064, 46.94717], [27.78763, 46.94645], [27.79553, 46.92757], [27.80826, 46.92803], [27.81187, 46.93436], [27.81716, 46.92411], [27.81025, 46.9179], [27.80849, 46.89662], [27.81406, 46.88089], [27.80724, 46.87779], [27.79704, 46.86016], [27.82966, 46.85349], [27.83291, 46.86345], [27.84591, 46.86553], [27.86662, 46.85596], [27.87217, 46.8584], [27.86966, 46.83968], [27.88593, 46.82389], [27.88757, 46.83166], [27.88021, 46.84344], [27.88922, 46.83819], [27.89503, 46.81646], [27.88829, 46.81374], [27.89519, 46.80724], [27.90884, 46.80583], [27.92025, 46.81051], [27.91941, 46.822], [27.94383, 46.82251], [27.93528, 46.83237], [27.94116, 46.83766], [27.92815, 46.83983], [27.94044, 46.84465], [27.92145, 46.86314], [27.92823, 46.8664], [27.93659, 46.8648], [27.94201, 46.85518], [27.97957, 46.85765], [27.99023, 46.83841], [28.00843, 46.83947], [28.01468, 46.8338], [28.0219, 46.83344], [28.05258, 46.85091], [28.06311, 46.84737], [28.07031, 46.85219], [28.08386, 46.84522], [28.09142, 46.84855], [28.11471, 46.83761], [28.11404, 46.82225], [28.11908, 46.81866], [28.1253, 46.82293], [28.12346, 46.81384], [28.13043, 46.81303], [28.12865, 46.80651], [28.15293, 46.79948], [28.14892, 46.79378], [28.1607, 46.78437], [28.16109, 46.79113], [28.16477, 46.79137], [28.16563, 46.78376], [28.17622, 46.77848], [28.16047, 46.77732], [28.1726, 46.77557], [28.16761, 46.76987], [28.17756, 46.77083], [28.17741, 46.7589], [28.18516, 46.75967], [28.17314, 46.7505], [28.18325, 46.74645], [28.18346, 46.74281], [28.17801, 46.74286], [28.18354, 46.73433], [28.19429, 46.7345], [28.19511, 46.72979], [28.18686, 46.72355], [28.20201, 46.72157], [28.20135, 46.71607], [28.20897, 46.7127], [28.21008, 46.70433], [28.20215, 46.70013], [28.21477, 46.69455], [28.20793, 46.68599], [28.21404, 46.68301], [28.22009, 46.69051], [28.22387, 46.67584], [28.23079, 46.67366], [28.23025, 46.68167], [28.2364, 46.67901], [28.23757, 46.65125], [28.24602, 46.64562], [28.23822, 46.6443], [28.24466, 46.63768], [28.2391, 46.62988], [28.24785, 46.62805], [28.25234, 46.61248], [28.24427, 46.6072], [28.25019, 46.60403], [28.23828, 46.59686], [28.23906, 46.589], [28.23118, 46.58519], [28.24122, 46.58109], [28.2229, 46.57982], [28.22786, 46.56855], [28.22544, 46.56385], [28.23302, 46.56341], [28.2357, 46.55187], [28.22669, 46.55367], [28.21544, 46.53759], [28.22719, 46.53621], [28.22547, 46.5301], [28.2301, 46.531], [28.22998, 46.5267], [28.22472, 46.52037], [28.21449, 46.52222], [28.22285, 46.51132], [28.21511, 46.51252], [28.20916, 46.50533], [28.21507, 46.50291], [28.21154, 46.49887], [28.22117, 46.50322], [28.22339, 46.49537], [28.23093, 46.49487], [28.22829, 46.48941], [28.23205, 46.48411], [28.22516, 46.47943], [28.23532, 46.47581], [28.24249, 46.47914], [28.24645, 46.47567], [28.24482, 46.46928], [28.25215, 46.46751], [28.24549, 46.46369], [28.25813, 46.46228], [28.24006, 46.45201], [28.24209, 46.44749], [28.2571, 46.44738], [28.261, 46.43764], [28.25501, 46.43314], [28.25855, 46.42676], [28.25028, 46.41579], [28.23009, 46.41444], [28.2311, 46.40763], [28.23877, 46.40677], [28.22493, 46.39942], [28.23842, 46.40064], [28.24289, 46.39496], [28.23466, 46.38998], [28.21776, 46.39599], [28.21596, 46.39175], [28.22366, 46.38862], [28.21781, 46.38327], [28.2219, 46.38182], [28.21424, 46.3816], [28.20887, 46.37281], [28.20094, 46.37439], [28.19765, 46.37062], [28.20738, 46.36927], [28.20626, 46.36465], [28.19909, 46.36508], [28.20084, 46.35924], [28.20833, 46.35914], [28.19932, 46.35655], [28.19263, 46.35956], [28.19501, 46.34941], [28.18305, 46.35272], [28.18828, 46.34486], [28.19429, 46.3427], [28.19427, 46.34731], [28.19975, 46.34348], [28.19524, 46.33908], [28.19721, 46.33417], [28.18846, 46.33738], [28.18414, 46.33291], [28.19227, 46.3302], [28.18647, 46.32681], [28.19279, 46.32316], [28.19717, 46.32829], [28.20171, 46.3203], [28.20895, 46.32066], [28.20372, 46.31195], [28.1954, 46.30314], [28.17832, 46.29994], [28.18708, 46.29345], [28.1793, 46.29056], [28.18059, 46.28554], [28.17302, 46.2902], [28.17704, 46.29478], [28.17278, 46.29806], [28.16919, 46.28253], [28.16287, 46.2819], [28.16486, 46.28634], [28.14962, 46.29222], [28.15258, 46.27901], [28.14425, 46.2786], [28.14732, 46.28612], [28.13963, 46.28477], [28.1361, 46.26445], [28.12645, 46.262], [28.13025, 46.25643], [28.14171, 46.25745], [28.14654, 46.25195], [28.13841, 46.24783], [28.13376, 46.25105], [28.12274, 46.24165], [28.11885, 46.24296], [28.11917, 46.23874], [28.11414, 46.24602], [28.10996, 46.24289], [28.11172, 46.2316], [28.1064, 46.22156], [28.11198, 46.21972], [28.10787, 46.21461], [28.11486, 46.21111], [28.10978, 46.2048], [28.11419, 46.20196], [28.11684, 46.21144], [28.12348, 46.21087], [28.12571, 46.20374], [28.11803, 46.19224], [28.1345, 46.1955], [28.14117, 46.19205], [28.14138, 46.18545], [28.13115, 46.18329], [28.14411, 46.17928], [28.12805, 46.17775], [28.14281, 46.16431], [28.12435, 46.15169], [28.12919, 46.14424], [28.12516, 46.13719], [28.13435, 46.13043], [28.12435, 46.12577], [28.12427, 46.11162], [28.11384, 46.10782], [28.1159, 46.11255], [28.10429, 46.11681], [28.07579, 46.11754], [28.04129, 46.10645], [28.0089, 46.10494], [28.00933, 46.11534], [27.98426, 46.1105], [27.97967, 46.12391], [27.9727, 46.12211], [27.96461, 46.14145], [27.93956, 46.13512], [27.92622, 46.15248], [27.9171, 46.14864], [27.9107, 46.15384], [27.87189, 46.14557], [27.86873, 46.15711], [27.87265, 46.15802], [27.85723, 46.16311], [27.85623, 46.15768], [27.84689, 46.15777], [27.84589, 46.1335], [27.8426, 46.13285], [27.84534, 46.12637], [27.83017, 46.12718], [27.83868, 46.11569], [27.82933, 46.11135], [27.82196, 46.12024], [27.80804, 46.11162], [27.81549, 46.1048], [27.79508, 46.09794], [27.79175, 46.10094], [27.78813, 46.0949], [27.78289, 46.10549], [27.78768, 46.10514], [27.78605, 46.11245], [27.77792, 46.10979], [27.76361, 46.11534], [27.76245, 46.12813], [27.71104, 46.1292], [27.71019, 46.13859], [27.6932, 46.13217], [27.67593, 46.14139], [27.67162, 46.13281], [27.65048, 46.14035], [27.64722, 46.1299], [27.6339, 46.13838], [27.62669, 46.13431], [27.61027, 46.13626], [27.60743, 46.13053], [27.5978, 46.13926], [27.60359, 46.14447], [27.59112, 46.15018], [27.58113, 46.14461], [27.58573, 46.14054], [27.58414, 46.13552], [27.60132, 46.12242], [27.5912, 46.12402], [27.58901, 46.12053], [27.59655, 46.11294], [27.58808, 46.1114], [27.60636, 46.09134], [27.61096, 46.07679], [27.588, 46.07113]]]}}]}